# OBJ Exporter v1.2 by Jaden Seungwoo Oh at CLO Virtual Fashion Inc.
mtllib pants.mtl
v 0.001879 0.740845 0.048326
v 0.002629 0.722311 0.054326
v 0.007624 0.703807 0.058637
v -0.003278 0.688412 0.054545
v 0.009283 0.675022 0.048106
v 0.012726 0.655821 0.046393
v 0.014876 0.636457 0.043890
v 0.015886 0.617038 0.040909
v 0.018229 0.597748 0.036933
v 0.020071 0.578282 0.032887
v 0.022337 0.558822 0.028666
v 0.024436 0.539229 0.024809
v 0.026799 0.519602 0.021180
v 0.029013 0.499910 0.017818
v 0.030872 0.480167 0.014662
v 0.032530 0.460446 0.011336
v 0.034574 0.440862 0.007573
v 0.036766 0.421335 0.003683
v 0.038832 0.401787 -0.000064
v 0.040672 0.382227 -0.003718
v 0.042209 0.362598 -0.007018
v 0.043126 0.342862 -0.009667
v 0.043625 0.323062 -0.011829
v 0.044037 0.303246 -0.013804
v 0.044400 0.283433 -0.015697
v 0.045048 0.263634 -0.017625
v 0.045620 0.243837 -0.019491
v 0.046551 0.224058 -0.021319
v 0.048147 0.204325 -0.023069
v 0.050190 0.184646 -0.024808
v 0.052912 0.165061 -0.026536
v 0.055933 0.145550 -0.028336
v 0.058913 0.126056 -0.030154
v 0.062957 0.123886 -0.012238
v 0.068135 0.122232 0.005516
v 0.078522 0.122340 0.021085
v 0.096254 0.122189 0.026854
v 0.112514 0.120462 0.017702
v 0.122211 0.121261 0.001851
v 0.130864 0.122672 -0.014534
v 0.139078 0.124294 -0.031054
v 0.147157 0.126059 -0.047589
v 0.148214 0.145874 -0.045908
v 0.149218 0.165706 -0.044174
v 0.150328 0.185536 -0.042333
v 0.151378 0.205389 -0.040514
v 0.152409 0.225255 -0.038718
v 0.153388 0.245146 -0.036978
v 0.154311 0.265050 -0.035232
v 0.155233 0.284968 -0.033508
v 0.156051 0.304900 -0.031818
v 0.156846 0.324834 -0.030065
v 0.157789 0.344771 -0.028319
v 0.159001 0.364683 -0.026397
v 0.159071 0.384555 -0.023938
v 0.159752 0.404342 -0.020815
v 0.160851 0.424077 -0.017408
v 0.162283 0.443787 -0.013951
v 0.163964 0.463480 -0.010481
v 0.165909 0.483140 -0.006952
v 0.167908 0.502773 -0.003294
v 0.169983 0.522363 0.000488
v 0.170118 0.542048 0.004271
v 0.169315 0.561714 0.007926
v 0.167673 0.581360 0.011281
v 0.166467 0.601093 0.014223
v 0.166249 0.620930 0.016531
v 0.168231 0.640761 0.017798
v 0.171253 0.660458 0.019048
v 0.176885 0.679512 0.020929
v 0.181909 0.698729 0.022759
v 0.186831 0.717933 0.024748
v 0.189446 0.737621 0.026208
v 0.188246 0.757450 0.027087
v 0.191984 0.776928 0.027921
v 0.194407 0.796600 0.028119
v 0.197026 0.816213 0.027604
v 0.198488 0.835860 0.026270
v 0.198238 0.855509 0.024483
v 0.196498 0.874951 0.022200
v 0.193251 0.894071 0.019889
v 0.190730 0.913167 0.017731
v 0.188676 0.932376 0.015504
v 0.186453 0.951576 0.013300
v 0.184085 0.970726 0.011236
v 0.183480 0.967043 0.034702
v 0.177985 0.964858 0.057149
v 0.168099 0.962672 0.078244
v 0.153128 0.959636 0.096013
v 0.135300 0.956112 0.111052
v 0.115508 0.951838 0.124150
v 0.095089 0.947322 0.135297
v 0.074079 0.942918 0.145159
v 0.052035 0.938823 0.153600
v 0.029419 0.935370 0.159665
v 0.005193 0.932644 0.161889
v 0.005623 0.914295 0.156621
v 0.005911 0.896113 0.150233
v 0.006061 0.878516 0.142031
v 0.006326 0.860365 0.134705
v 0.006635 0.841060 0.132005
v 0.006908 0.821524 0.130656
v 0.007116 0.801983 0.128400
v 0.007321 0.782587 0.124290
v 0.007386 0.764120 0.116451
v 0.003689 0.751439 0.101999
v -0.005071 0.743971 0.086353
v -0.001982 0.742130 0.067456
v 0.058860 0.134921 -0.019761
v 0.073277 0.168091 0.007078
v 0.112227 0.857532 0.128939
v 0.018468 0.923863 0.158211
v 0.063903 0.893200 0.133788
v 0.136836 0.167301 0.002155
v 0.144098 0.135281 -0.037903
v 0.177209 0.918008 0.073930
v 0.186205 0.958907 0.024928
v 0.070946 0.144750 0.014526
v 0.060473 0.139454 -0.000990
v 0.126276 0.906720 0.115397
v 0.062507 0.918045 0.141275
v 0.131944 0.143586 -0.001974
v 0.137712 0.140407 -0.020271
v 0.107907 0.157772 0.020067
v 0.174270 0.941730 0.070649
v 0.071189 0.131473 0.014500
v 0.088155 0.139022 0.021548
v 0.124469 0.931283 0.115469
v 0.062755 0.930927 0.146233
v 0.041087 0.921404 0.150997
v 0.083877 0.928509 0.135464
v 0.128849 0.130954 -0.004469
v 0.122172 0.136679 0.013350
v 0.173879 0.954413 0.069072
v 0.160646 0.945097 0.088313
v 0.124890 0.944325 0.116932
v 0.105318 0.933713 0.126291
v 0.142974 0.941528 0.104455
v 0.096242 0.906908 0.124996
v 0.095139 0.920705 0.128301
v 0.077422 0.909716 0.132218
v 0.111481 0.917656 0.119738
v 0.062904 0.905841 0.136762
v 0.035501 0.894595 0.143384
v 0.025454 0.908286 0.151451
v 0.021138 0.896070 0.148300
v 0.107786 0.388096 0.053758
v 0.107247 0.552004 0.083184
v 0.108162 0.268977 0.034862
v 0.110557 0.695938 0.120390
v 0.001689 0.734099 0.058555
v 0.024806 0.711770 0.094041
v 0.055578 0.191868 0.003569
v 0.060701 0.834825 0.132230
v 0.154632 0.783977 0.108772
v 0.144170 0.173561 -0.021038
v 0.142617 0.211315 0.002127
v 0.188132 0.919312 0.045435
v 0.185554 0.939416 0.037851
v 0.182601 0.950666 0.050366
v 0.175301 0.858274 0.085485
v 0.059163 0.156415 0.005916
v 0.056539 0.174079 0.004749
v 0.055263 0.153858 -0.011788
v 0.051209 0.182114 -0.008646
v 0.049764 0.197388 -0.009455
v 0.052410 0.168180 -0.012506
v 0.143788 0.154572 -0.030476
v 0.146031 0.167158 -0.031881
v 0.139102 0.157185 -0.012913
v 0.085719 0.156083 0.014277
v 0.073678 0.156362 0.011154
v 0.096584 0.149853 0.020154
v 0.110329 0.142367 0.022044
v 0.106092 0.130175 0.023576
v 0.128442 0.154170 0.012604
v 0.118491 0.151281 0.019486
v 0.164539 0.927659 0.086055
v 0.140341 0.922038 0.105849
v 0.032036 0.871020 0.135082
v 0.068280 0.368082 0.035634
v 0.135330 0.350037 0.022680
v 0.142268 0.409849 0.026175
v 0.088387 0.466952 0.067918
v 0.054977 0.546432 0.070948
v 0.142989 0.508133 0.054401
v 0.154505 0.568111 0.059673
v 0.067954 0.269673 0.019685
v 0.142475 0.271053 0.007194
v 0.163861 0.709389 0.085863
v 0.054656 0.650249 0.102187
v 0.011647 0.729024 0.099214
v 0.006092 0.722123 0.079255
v 0.019097 0.686842 0.075732
v 0.032683 0.833132 0.131640
v 0.048944 0.795390 0.130873
v 0.180870 0.786043 0.070975
v 0.147564 0.193744 -0.023847
v 0.149276 0.232745 -0.013235
v 0.189067 0.921523 0.028507
v 0.190630 0.901509 0.039884
v 0.187617 0.940975 0.023016
v 0.181806 0.929669 0.056994
v 0.180103 0.940222 0.058260
v 0.190518 0.862594 0.055098
v 0.174509 0.929600 0.074420
v 0.126997 0.919418 0.113298
v 0.157484 0.893534 0.100766
v 0.152881 0.932184 0.097272
v 0.016906 0.870248 0.136905
v 0.024735 0.882910 0.141597
v 0.025727 0.851856 0.132283
v 0.059258 0.408116 0.035128
v 0.052867 0.370166 0.015225
v 0.064144 0.329321 0.022904
v 0.150163 0.352214 -0.001820
v 0.151004 0.391820 0.003865
v 0.154732 0.431105 0.010971
v 0.053886 0.467169 0.046156
v 0.036175 0.547076 0.049966
v 0.041359 0.586323 0.071429
v 0.161018 0.509738 0.027909
v 0.165996 0.549142 0.035329
v 0.170297 0.588851 0.042125
v 0.052789 0.271531 0.002391
v 0.063960 0.230541 0.012830
v 0.055224 0.213343 0.003687
v 0.151595 0.272937 -0.013938
v 0.144698 0.311291 0.005718
v 0.161985 0.648653 0.075134
v 0.172673 0.689419 0.056012
v 0.177453 0.728671 0.058786
v 0.028625 0.646117 0.076497
v 0.006805 0.740861 0.093256
v -0.000293 0.731281 0.086971
v 0.029239 0.747945 0.111685
v 0.017056 0.745679 0.103192
v 0.018479 0.756577 0.112217
v 0.039465 0.769857 0.125051
v 0.022758 0.769075 0.121744
v 0.032624 0.759492 0.118749
v 0.075988 0.732262 0.127643
v 0.052608 0.743182 0.123474
v 0.041723 0.749068 0.117918
v 0.035626 0.724746 0.113932
v 0.029919 0.786585 0.127612
v 0.007404 0.716068 0.066275
v 0.004320 0.700211 0.075926
v 0.010835 0.684804 0.061299
v 0.020011 0.665067 0.067309
v 0.012225 0.694360 0.069599
v 0.020063 0.701259 0.082344
v 0.017157 0.676875 0.067961
v 0.017600 0.832090 0.131453
v 0.025941 0.813533 0.130533
v 0.189377 0.786513 0.049006
v 0.188373 0.824099 0.064734
v 0.147319 0.182445 -0.030084
v 0.149794 0.194862 -0.035313
v 0.149436 0.213596 -0.022636
v 0.142131 0.186456 -0.004920
v 0.151797 0.234134 -0.027431
v 0.191636 0.903019 0.026102
v 0.183758 0.902302 0.063286
v 0.192539 0.883017 0.040263
v 0.195626 0.864423 0.037700
v 0.193603 0.842979 0.047414
v 0.164305 0.909851 0.090205
v 0.154143 0.917932 0.098250
v 0.173278 0.893723 0.083656
v 0.173408 0.906330 0.080447
v 0.046665 0.848661 0.131688
v 0.046563 0.409729 0.018238
v 0.045767 0.371442 0.003307
v 0.051029 0.350981 0.007622
v 0.054821 0.310908 0.007916
v 0.155495 0.353606 -0.016172
v 0.153329 0.372937 -0.006741
v 0.152775 0.332694 -0.010600
v 0.156630 0.393222 -0.010713
v 0.155786 0.412141 0.000172
v 0.159702 0.432581 -0.003817
v 0.159080 0.452111 0.007290
v 0.040481 0.468504 0.029609
v 0.049082 0.506912 0.052027
v 0.028610 0.548138 0.036736
v 0.034956 0.527944 0.039560
v 0.029577 0.567035 0.048189
v 0.027842 0.606011 0.062027
v 0.167006 0.511068 0.012099
v 0.166557 0.530014 0.023846
v 0.161428 0.488773 0.015940
v 0.168949 0.523372 0.013075
v 0.165614 0.498395 0.008647
v 0.171836 0.550366 0.019504
v 0.171176 0.569517 0.030938
v 0.171034 0.538191 0.015988
v 0.172654 0.562831 0.020021
v 0.172212 0.590204 0.025371
v 0.172336 0.611445 0.036661
v 0.172229 0.577967 0.022259
v 0.172252 0.598818 0.035081
v 0.047178 0.272721 -0.009012
v 0.050960 0.252024 -0.002093
v 0.051155 0.291635 0.001201
v 0.048973 0.212997 -0.010450
v 0.154266 0.274166 -0.026386
v 0.152955 0.293196 -0.015392
v 0.151947 0.253311 -0.018750
v 0.171934 0.649309 0.046962
v 0.174688 0.689692 0.037220
v 0.176993 0.709026 0.048108
v 0.172935 0.670482 0.045357
v 0.174858 0.697066 0.047189
v 0.173529 0.682384 0.046182
v 0.172722 0.676609 0.033419
v 0.183507 0.728224 0.040871
v 0.184709 0.752292 0.051731
v 0.179180 0.721011 0.049140
v 0.182310 0.738559 0.050754
v 0.187324 0.744912 0.039075
v 0.020012 0.645793 0.059665
v 0.026280 0.626950 0.065704
v 0.023277 0.653782 0.069137
v 0.016807 0.657166 0.058124
v 0.020241 0.633004 0.055705
v 0.024912 0.638487 0.067231
v 0.043787 0.782496 0.128625
v 0.087136 0.774638 0.134272
v 0.066444 0.782208 0.131951
v 0.017626 0.793284 0.127489
v 0.019567 0.779999 0.124676
v -0.002423 0.698475 0.063942
v 0.034469 0.801316 0.129916
v 0.051199 0.815743 0.132076
v 0.191808 0.786724 0.036194
v 0.192280 0.806032 0.045298
v 0.147165 0.218825 -0.009473
v 0.145977 0.202852 -0.010918
v 0.141266 0.173881 -0.008334
v 0.144817 0.184577 -0.016409
v 0.186900 0.907556 0.049871
v 0.182984 0.915184 0.060490
v 0.187839 0.889700 0.055229
v 0.188991 0.876210 0.054936
v 0.181320 0.879066 0.074920
v 0.196846 0.845295 0.033922
v 0.186062 0.844227 0.068427
v 0.194388 0.825482 0.043368
v 0.192039 0.831464 0.053873
v 0.166021 0.874056 0.097283
v 0.046702 0.835738 0.131876
v 0.078708 0.862911 0.129945
v 0.038341 0.859332 0.132444
v 0.058330 0.864402 0.131137
v 0.063621 0.850119 0.131351
v 0.070606 0.877933 0.130183
v 0.098799 0.881980 0.126111
v 0.083400 0.892167 0.128143
v 0.085180 0.875419 0.128390
v 0.096623 0.863857 0.129419
v 0.087072 0.840354 0.132605
v 0.073254 0.841468 0.132148
v 0.098502 0.850482 0.131488
v 0.123919 0.812034 0.130040
v 0.115254 0.833929 0.131761
v 0.040659 0.410841 0.007867
v 0.047787 0.390300 0.013340
v 0.049935 0.435893 0.032128
v 0.045399 0.352100 -0.002662
v 0.051187 0.331305 0.004479
v 0.060973 0.354903 0.023641
v 0.047726 0.312194 -0.003946
v 0.142886 0.372164 0.015566
v 0.157215 0.373909 -0.018368
v 0.156245 0.334094 -0.022228
v 0.143283 0.334113 0.009374
v 0.153561 0.313146 -0.014147
v 0.150083 0.416640 0.014480
v 0.147699 0.402089 0.014455
v 0.137587 0.389198 0.027760
v 0.159178 0.413377 -0.011765
v 0.161973 0.452796 -0.004857
v 0.132935 0.455982 0.050769
v 0.034456 0.469569 0.019248
v 0.037830 0.488399 0.031562
v 0.028921 0.528873 0.029025
v 0.046875 0.530530 0.057788
v 0.024113 0.567948 0.037132
v 0.042432 0.562353 0.065148
v 0.026553 0.586687 0.051249
v 0.021647 0.606676 0.048560
v 0.154773 0.529552 0.046887
v 0.161584 0.471113 0.007486
v 0.164999 0.573301 0.047063
v 0.160925 0.557869 0.048446
v 0.145972 0.546193 0.062069
v 0.158677 0.543534 0.046302
v 0.161990 0.534078 0.036398
v 0.152686 0.555683 0.057595
v 0.170165 0.610442 0.023432
v 0.171861 0.629879 0.032662
v 0.171431 0.645063 0.032217
v 0.051385 0.232068 -0.002424
v 0.059703 0.258462 0.010566
v 0.058145 0.243729 0.008307
v 0.076495 0.247540 0.023980
v 0.066393 0.249108 0.016308
v 0.060212 0.282703 0.012280
v 0.083469 0.299561 0.036700
v 0.072967 0.287205 0.026169
v 0.155088 0.294324 -0.026741
v 0.147562 0.284099 -0.002241
v 0.148278 0.299236 -0.002489
v 0.135849 0.291908 0.017051
v 0.143379 0.291901 0.006796
v 0.153440 0.254475 -0.030188
v 0.147306 0.259837 -0.004146
v 0.129972 0.239725 0.020183
v 0.147917 0.245676 -0.007030
v 0.140287 0.249295 0.008839
v 0.142117 0.230460 0.004937
v 0.172380 0.711438 0.067757
v 0.180526 0.708882 0.033840
v 0.169050 0.670144 0.068555
v 0.188406 0.767158 0.042625
v 0.183632 0.769490 0.061184
v 0.049161 0.617797 0.089186
v 0.068836 0.759297 0.130460
v 0.071943 0.804887 0.133786
v 0.076494 0.823449 0.133779
v 0.064952 0.815385 0.133140
v 0.098240 0.811022 0.135767
v 0.084286 0.812841 0.134699
v 0.095065 0.826843 0.134412
v 0.038474 0.821246 0.131527
v 0.187799 0.798468 0.060606
v 0.190158 0.812489 0.057510
v 0.178379 0.806955 0.079962
v 0.181900 0.798547 0.071883
v 0.182088 0.891845 0.073150
v 0.184065 0.864766 0.070898
v 0.190630 0.850248 0.056627
v 0.174073 0.871194 0.086156
v 0.166315 0.886767 0.094655
v 0.140583 0.870737 0.117512
v 0.059054 0.383932 0.028296
v 0.053704 0.398296 0.024899
v 0.041972 0.429675 0.018057
v 0.051542 0.420393 0.029045
v 0.048294 0.453539 0.035607
v 0.039565 0.454542 0.023281
v 0.039825 0.442283 0.019194
v 0.057567 0.322997 0.013074
v 0.068181 0.308085 0.024393
v 0.057064 0.339681 0.015041
v 0.060280 0.367664 0.025498
v 0.078677 0.343461 0.040894
v 0.148862 0.365091 0.004413
v 0.149411 0.378526 0.005926
v 0.141940 0.358596 0.014254
v 0.144695 0.387612 0.015623
v 0.149022 0.339541 -0.000654
v 0.147963 0.324246 0.000132
v 0.126064 0.404620 0.045773
v 0.129596 0.369053 0.033648
v 0.147632 0.448165 0.030289
v 0.144334 0.429041 0.028894
v 0.045941 0.478564 0.039911
v 0.058869 0.486899 0.056947
v 0.045680 0.493749 0.044028
v 0.037545 0.509330 0.037391
v 0.042300 0.518674 0.047535
v 0.044186 0.544015 0.061440
v 0.039058 0.535088 0.049334
v 0.035644 0.558713 0.054753
v 0.065961 0.573789 0.085035
v 0.036018 0.575210 0.060698
v 0.021728 0.587509 0.040446
v 0.032656 0.593290 0.063259
v 0.041399 0.604044 0.077232
v 0.057747 0.593676 0.086158
v 0.036516 0.619888 0.077262
v 0.046826 0.594215 0.080275
v 0.043612 0.636518 0.088904
v 0.033244 0.633289 0.077548
v 0.163696 0.482783 0.005145
v 0.172084 0.660056 0.034090
v 0.056628 0.224922 0.005539
v 0.048829 0.242197 -0.008223
v 0.085981 0.270046 0.033220
v 0.123418 0.319495 0.033579
v 0.130426 0.218239 0.018433
v 0.168138 0.693771 0.074290
v 0.170946 0.661191 0.056391
v 0.169406 0.646997 0.061787
v 0.160731 0.615066 0.067751
v 0.163829 0.632256 0.068490
v 0.170397 0.621993 0.053119
v 0.171556 0.636194 0.052140
v 0.187544 0.774990 0.051351
v 0.168318 0.759946 0.089594
v 0.073967 0.771563 0.132733
v 0.062695 0.794547 0.132403
v 0.082217 0.791302 0.134784
v 0.102863 0.838673 0.133688
v 0.176895 0.828067 0.083326
v 0.153387 0.878397 0.107183
v 0.154618 0.844084 0.110801
v 0.155217 0.861466 0.107921
v 0.166412 0.853349 0.100500
v 0.166478 0.833374 0.100027
v 0.052853 0.381350 0.018701
v 0.076444 0.391260 0.048707
v 0.061108 0.298142 0.014719
v 0.074079 0.298729 0.029265
v 0.070388 0.353716 0.034686
v 0.065940 0.342373 0.027726
v 0.079030 0.321951 0.037181
v 0.073231 0.333490 0.034290
v 0.134911 0.401477 0.034871
v 0.136608 0.376515 0.026030
v 0.153947 0.444071 0.017753
v 0.155143 0.462862 0.022510
v 0.158119 0.476199 0.020362
v 0.145363 0.476403 0.042557
v 0.147231 0.462645 0.035631
v 0.152172 0.473771 0.031618
v 0.153462 0.493521 0.036402
v 0.136706 0.439730 0.042308
v 0.106252 0.432517 0.062027
v 0.133440 0.421286 0.041865
v 0.123219 0.440221 0.056444
v 0.119268 0.420329 0.054744
v 0.129212 0.431579 0.048684
v 0.031431 0.509074 0.026346
v 0.055726 0.562662 0.075964
v 0.052464 0.577938 0.077991
v 0.059032 0.632743 0.098744
v 0.071554 0.612895 0.097878
v 0.096207 0.654154 0.111836
v 0.061241 0.620106 0.095798
v 0.057159 0.607196 0.090051
v 0.074997 0.646928 0.108461
v 0.063739 0.643526 0.103740
v 0.040297 0.654476 0.090607
v 0.053775 0.690277 0.110665
v 0.034999 0.692088 0.096847
v 0.025990 0.691096 0.086845
v 0.033132 0.672734 0.089373
v 0.050454 0.670205 0.103155
v 0.029552 0.659817 0.082398
v 0.048404 0.658965 0.099102
v 0.076090 0.275116 0.027376
v 0.096338 0.250559 0.032666
v 0.097394 0.285326 0.038925
v 0.133002 0.332001 0.024333
v 0.134818 0.314451 0.020496
v 0.141170 0.321754 0.012087
v 0.125178 0.300957 0.029898
v 0.138804 0.304029 0.014432
v 0.138580 0.219860 0.009644
v 0.126672 0.188552 0.020091
v 0.128962 0.171205 0.017529
v 0.136690 0.181271 0.008620
v 0.139434 0.196563 0.006489
v 0.109200 0.178159 0.013831
v 0.120694 0.179408 0.015960
v 0.091066 0.173834 0.010264
v 0.096945 0.162963 0.014867
v 0.090472 0.207884 0.022731
v 0.075112 0.189204 0.013801
v 0.095470 0.190201 0.018443
v 0.064129 0.183630 0.009373
v 0.079548 0.178369 0.009782
v 0.111091 0.192124 0.021370
v 0.084303 0.197154 0.018563
v 0.072289 0.212890 0.016650
v 0.122292 0.204314 0.022251
v 0.133711 0.205547 0.014927
v 0.108497 0.223833 0.027898
v 0.106558 0.207305 0.025083
v 0.118866 0.216682 0.024444
v 0.172192 0.699257 0.064110
v 0.140827 0.676392 0.100307
v 0.170456 0.682984 0.066809
v 0.167668 0.603578 0.054144
v 0.152327 0.591619 0.068760
v 0.159445 0.582462 0.058438
v 0.159762 0.601829 0.064672
v 0.165538 0.591467 0.053282
v 0.175941 0.769770 0.076969
v 0.170275 0.786481 0.091527
v 0.175252 0.747406 0.071926
v 0.170365 0.773359 0.088468
v 0.159714 0.768900 0.101683
v 0.173599 0.757666 0.078773
v 0.163006 0.780995 0.100347
v 0.124671 0.751073 0.126423
v 0.149870 0.734574 0.105893
v 0.142988 0.764432 0.117973
v 0.157589 0.750541 0.100855
v 0.151200 0.771398 0.110707
v 0.146283 0.749325 0.112325
v 0.137368 0.752060 0.121919
v 0.164457 0.732118 0.089229
v 0.158347 0.738328 0.097900
v 0.181526 0.819282 0.075737
v 0.183619 0.832123 0.072420
v 0.177338 0.843689 0.082729
v 0.148132 0.817251 0.116523
v 0.168059 0.812761 0.097248
v 0.162547 0.797292 0.101748
v 0.156981 0.809213 0.107862
v 0.158025 0.823188 0.107183
v 0.171369 0.800476 0.090930
v 0.068659 0.382433 0.039561
v 0.065980 0.396573 0.040374
v 0.070190 0.319748 0.028540
v 0.102381 0.331643 0.045928
v 0.120034 0.339125 0.038708
v 0.128792 0.342315 0.030215
v 0.159390 0.497171 0.025833
v 0.153211 0.508886 0.041987
v 0.143247 0.491815 0.049606
v 0.113512 0.494165 0.071325
v 0.129863 0.476805 0.058428
v 0.130545 0.496882 0.063187
v 0.108223 0.455267 0.065893
v 0.097829 0.409814 0.058970
v 0.074935 0.416503 0.052798
v 0.072943 0.403985 0.048918
v 0.086147 0.400713 0.055618
v 0.062074 0.426975 0.043621
v 0.091080 0.384329 0.054330
v 0.098599 0.396950 0.056684
v 0.112704 0.404685 0.054970
v 0.080360 0.372252 0.047592
v 0.080508 0.357656 0.044817
v 0.094092 0.347013 0.048635
v 0.065587 0.414706 0.044206
v 0.077554 0.442966 0.059823
v 0.108666 0.345086 0.046254
v 0.120735 0.356214 0.040917
v 0.103853 0.366637 0.050863
v 0.090649 0.364173 0.050720
v 0.072005 0.430801 0.053720
v 0.088583 0.426373 0.061178
v 0.061567 0.446880 0.048727
v 0.129223 0.356623 0.031562
v 0.101268 0.378080 0.053352
v 0.110491 0.357028 0.047425
v 0.118537 0.371854 0.045604
v 0.086094 0.414335 0.058210
v 0.100087 0.421821 0.061069
v 0.093049 0.441688 0.064350
v 0.057263 0.437889 0.041645
v 0.127389 0.384295 0.039671
v 0.085353 0.453450 0.065147
v 0.069641 0.465642 0.059361
v 0.079845 0.592148 0.093501
v 0.075404 0.629729 0.103938
v 0.088267 0.639726 0.108519
v 0.128477 0.631112 0.096718
v 0.110136 0.639237 0.105429
v 0.146879 0.626612 0.083166
v 0.156102 0.624848 0.074786
v 0.078885 0.677078 0.117027
v 0.044046 0.682382 0.101128
v 0.096730 0.263175 0.034883
v 0.084335 0.256798 0.030203
v 0.116450 0.251115 0.030100
v 0.083952 0.285637 0.034808
v 0.104648 0.307595 0.041651
v 0.115405 0.285982 0.034657
v 0.127921 0.270351 0.024404
v 0.126864 0.287486 0.026804
v 0.113956 0.299084 0.037027
v 0.118636 0.274542 0.031391
v 0.131050 0.255491 0.020076
v 0.084309 0.227954 0.024698
v 0.063439 0.202573 0.010428
v 0.155356 0.689668 0.090844
v 0.163352 0.679741 0.080622
v 0.160801 0.663957 0.080090
v 0.152446 0.673544 0.090041
v 0.140713 0.652340 0.094039
v 0.144116 0.665014 0.094806
v 0.152380 0.653222 0.085364
v 0.145832 0.640522 0.087430
v 0.180454 0.756597 0.063801
v 0.154973 0.719574 0.097445
v 0.134789 0.711487 0.115425
v 0.130012 0.731118 0.121922
v 0.140922 0.736770 0.115670
v 0.153766 0.704296 0.095466
v 0.145306 0.711426 0.105272
v 0.141876 0.723271 0.111696
v 0.137354 0.693777 0.108017
v 0.145664 0.688859 0.099368
v 0.125688 0.697841 0.117052
v 0.117356 0.671984 0.112750
v 0.129296 0.661646 0.104596
v 0.117820 0.685606 0.116279
v 0.098754 0.678231 0.118279
v 0.129956 0.680192 0.109542
v 0.114363 0.655468 0.109149
v 0.128272 0.646300 0.100858
v 0.168899 0.721748 0.078705
v 0.171042 0.735555 0.077709
v 0.167881 0.745806 0.087144
v 0.185009 0.810334 0.068879
v 0.170639 0.844382 0.093857
v 0.174673 0.816055 0.086690
v 0.170461 0.824465 0.093784
v 0.087567 0.331885 0.044181
v 0.092466 0.317133 0.043396
v 0.114218 0.326831 0.040736
v 0.137065 0.468828 0.049873
v 0.125220 0.526192 0.072444
v 0.122839 0.486076 0.065607
v 0.106525 0.475278 0.069944
v 0.135023 0.487459 0.056963
v 0.112457 0.443656 0.062426
v 0.122173 0.462670 0.061484
v 0.119815 0.392473 0.048249
v 0.076459 0.483619 0.066888
v 0.060486 0.473982 0.055266
v 0.061529 0.459126 0.052102
v 0.067911 0.586551 0.089144
v 0.095899 0.617992 0.100840
v 0.087897 0.627062 0.104457
v 0.063207 0.678240 0.112387
v 0.068589 0.662298 0.110812
v 0.083056 0.660040 0.113731
v 0.106578 0.239078 0.030342
v 0.092844 0.237518 0.029741
v 0.118968 0.233367 0.026508
v 0.095740 0.298117 0.040928
v 0.135664 0.278304 0.016452
v 0.073757 0.235042 0.020539
v 0.082232 0.216548 0.022015
v 0.095404 0.220054 0.026553
v 0.162800 0.697002 0.084786
v 0.155463 0.637786 0.078801
v 0.103415 0.730670 0.129577
v 0.117762 0.714809 0.122750
v 0.104146 0.666483 0.114141
v 0.132170 0.512957 0.065668
v 0.142775 0.525497 0.059203
v 0.116854 0.511084 0.073244
v 0.149291 0.518475 0.050198
v 0.148802 0.535589 0.056046
v 0.103378 0.529136 0.079359
v 0.113810 0.522942 0.076316
v 0.116872 0.539248 0.078751
v 0.132597 0.541991 0.072097
v 0.135281 0.530821 0.067445
v 0.100471 0.464628 0.068137
v 0.118372 0.474177 0.065571
v 0.077923 0.471885 0.065263
v 0.092024 0.482511 0.071425
v 0.084553 0.509084 0.074842
v 0.100697 0.512627 0.076852
v 0.084302 0.494797 0.071960
v 0.098981 0.495476 0.074044
v 0.066663 0.503490 0.066453
v 0.113133 0.622580 0.100213
v 0.109368 0.593505 0.092876
v 0.106667 0.608194 0.097100
v 0.091620 0.603024 0.096771
v 0.129515 0.607314 0.089701
v 0.084054 0.612185 0.099913
v 0.119068 0.612156 0.095420
v 0.117362 0.736784 0.126647
v 0.097684 0.709689 0.126743
v 0.067617 0.491501 0.064151
v 0.068132 0.526755 0.073599
v 0.057125 0.499564 0.058707
v 0.108183 0.706967 0.123503
v 0.088251 0.722368 0.128010
v 0.067341 0.709504 0.121091
v 0.075768 0.719510 0.125217
v 0.068863 0.693665 0.117738
v 0.081914 0.704208 0.123188
v 0.093095 0.693089 0.122329
v 0.072618 0.514255 0.071953
v 0.056511 0.532622 0.068259
v 0.080390 0.689881 0.119982
v 0.046075 0.907886 0.144271
v 0.050216 0.896456 0.138943
v 0.050686 0.879907 0.134021
v 0.007579 0.712104 0.093331
v 0.002299 0.710911 0.081292
v 0.024105 0.733010 0.108548
v 0.019841 0.719747 0.104423
v 0.143659 0.903070 0.107181
v 0.140301 0.887099 0.113577
v 0.120581 0.877261 0.123043
v 0.107476 0.872787 0.127270
v 0.126499 0.864360 0.123932
v 0.139993 0.851586 0.121751
v 0.125681 0.891822 0.118271
v 0.110387 0.898343 0.121569
v 0.112117 0.886236 0.123257
v 0.141651 0.833158 0.122048
v 0.151403 0.831458 0.113458
v 0.129727 0.839635 0.126991
v 0.123745 0.850991 0.126896
v 0.129399 0.825588 0.127473
v 0.056124 0.769347 0.128388
v 0.051725 0.756883 0.124024
v 0.067250 0.744073 0.128077
v 0.090305 0.751499 0.132533
v 0.106419 0.747827 0.131546
v 0.089753 0.736919 0.130387
v 0.113883 0.774665 0.132417
v 0.102059 0.762861 0.134735
v 0.115568 0.760561 0.130459
v 0.129831 0.771160 0.126603
v 0.101672 0.788727 0.135970
v 0.127165 0.791760 0.128619
v 0.144267 0.797729 0.119579
v 0.100137 0.775605 0.135645
v 0.093932 0.798433 0.135623
v 0.114654 0.788077 0.132822
v 0.137579 0.809172 0.125280
v 0.138652 0.784007 0.124238
v 0.111951 0.819212 0.133754
v 0.045055 0.708139 0.108480
v 0.044692 0.696018 0.104973
v 0.055738 0.703426 0.114831
v 0.054811 0.723490 0.119053
v 0.034674 0.714920 0.103784
v 0.045482 0.719389 0.112251
v 0.045762 0.732094 0.119524
v 0.090833 0.570379 0.088169
v 0.075061 0.553366 0.082275
v 0.066394 0.561707 0.082310
v 0.146796 0.607762 0.078148
v 0.139214 0.615822 0.085884
v 0.131925 0.571943 0.079763
v 0.141775 0.561360 0.069974
v 0.137401 0.590841 0.081041
v 0.146113 0.576903 0.070498
v 0.129032 0.556465 0.077537
v 0.138014 0.602410 0.083485
v 0.124097 0.592509 0.088621
v 0.085537 0.526860 0.078258
v 0.092740 0.542313 0.081967
v 0.076245 0.538640 0.078930
v 0.065374 0.545145 0.078500
v 0.093775 0.556616 0.084887
v 0.056850 0.516551 0.063488
v 0.110934 0.802768 0.134810
v 0.079415 0.578311 0.089068
v 0.094438 0.586147 0.092013
v 0.112110 0.572786 0.087299
v 0.117646 0.561074 0.083248
v 0.123294 0.579603 0.085783
v -0.000350 0.722385 0.055051
v -0.006199 0.703667 0.054979
v -0.008166 0.684871 0.051030
v -0.001195 0.667500 0.045562
v -0.004703 0.648545 0.041424
v -0.009023 0.629616 0.036929
v -0.012848 0.610451 0.032318
v -0.016589 0.591097 0.028011
v -0.019547 0.571499 0.023960
v -0.022031 0.551777 0.020076
v -0.024173 0.531997 0.016339
v -0.026909 0.512320 0.012574
v -0.030014 0.492798 0.008489
v -0.033219 0.473302 0.004630
v -0.035044 0.453673 0.000883
v -0.036140 0.433977 -0.002708
v -0.037904 0.414403 -0.006594
v -0.039450 0.394777 -0.010225
v -0.040464 0.375076 -0.013425
v -0.040829 0.355284 -0.015932
v -0.040520 0.335436 -0.017760
v -0.040152 0.315578 -0.019334
v -0.040054 0.295716 -0.020792
v -0.040495 0.275863 -0.022214
v -0.041833 0.256047 -0.023517
v -0.043695 0.236274 -0.024723
v -0.046127 0.216568 -0.025859
v -0.048960 0.196926 -0.026958
v -0.051877 0.177314 -0.028081
v -0.054983 0.157749 -0.029217
v -0.058139 0.138209 -0.030345
v -0.061224 0.118681 -0.031477
v -0.064383 0.117029 -0.013321
v -0.067852 0.115558 0.004861
v -0.074862 0.115129 0.022211
v -0.087211 0.116083 0.036342
v -0.106128 0.117443 0.035898
v -0.119727 0.116290 0.023161
v -0.129544 0.114012 0.007251
v -0.132408 0.113744 -0.011176
v -0.134071 0.114356 -0.029726
v -0.139299 0.133579 -0.029596
v -0.144157 0.152916 -0.029410
v -0.147413 0.172598 -0.028967
v -0.149104 0.192469 -0.028071
v -0.150397 0.212372 -0.027081
v -0.151762 0.232281 -0.026054
v -0.153149 0.252193 -0.024983
v -0.154354 0.272121 -0.023898
v -0.155345 0.292068 -0.022807
v -0.156245 0.312018 -0.021601
v -0.157064 0.331973 -0.020374
v -0.158012 0.351903 -0.018809
v -0.158721 0.371789 -0.016633
v -0.159434 0.391622 -0.013907
v -0.160123 0.411354 -0.010433
v -0.159864 0.431101 -0.006991
v -0.158454 0.450816 -0.003665
v -0.156736 0.470537 -0.000614
v -0.155638 0.490320 0.002216
v -0.156540 0.510111 0.004994
v -0.161353 0.529116 0.009009
v -0.167009 0.547661 0.014032
v -0.172177 0.566395 0.018916
v -0.176790 0.585427 0.023220
v -0.181405 0.604386 0.027737
v -0.181541 0.624188 0.030543
v -0.179969 0.643972 0.032729
v -0.178560 0.663760 0.034574
v -0.177375 0.683570 0.035904
v -0.177951 0.703425 0.036519
v -0.185493 0.721743 0.038027
v -0.189944 0.741060 0.039183
v -0.188978 0.760846 0.039334
v -0.191390 0.780471 0.039699
v -0.193744 0.800066 0.039190
v -0.195526 0.819656 0.037917
v -0.196187 0.839243 0.036054
v -0.196420 0.858851 0.034197
v -0.195117 0.878309 0.032144
v -0.192740 0.897630 0.029906
v -0.190121 0.916824 0.027364
v -0.187691 0.935997 0.024385
v -0.186753 0.955385 0.021778
v -0.183158 0.953115 0.044515
v -0.174308 0.951051 0.065734
v -0.161309 0.949072 0.084739
v -0.144710 0.946796 0.100505
v -0.126094 0.944515 0.114032
v -0.105828 0.941900 0.125473
v -0.084796 0.939336 0.136048
v -0.063689 0.936801 0.145488
v -0.041687 0.934537 0.153966
v -0.019029 0.932986 0.159934
v -0.136546 0.123703 -0.020082
v -0.121698 0.160410 0.008112
v -0.122451 0.834458 0.126687
v -0.185665 0.944280 0.035184
v -0.169913 0.903757 0.081965
v -0.062826 0.161773 0.017386
v -0.060982 0.127898 -0.021377
v -0.052570 0.887336 0.135196
v -0.007662 0.922651 0.158358
v -0.120176 0.135985 0.008430
v -0.135798 0.130435 -0.001894
v -0.095416 0.152600 0.034348
v -0.116500 0.889851 0.118789
v -0.168471 0.927991 0.078767
v -0.066560 0.137520 0.015705
v -0.062141 0.133107 -0.002702
v -0.051659 0.912551 0.142160
v -0.123848 0.124311 0.013385
v -0.107849 0.131509 0.022791
v -0.114125 0.917568 0.117245
v -0.168496 0.940823 0.077216
v -0.153147 0.931647 0.094888
v -0.068953 0.124497 0.014563
v -0.078543 0.132315 0.030080
v -0.051940 0.925689 0.146631
v -0.073004 0.921346 0.136055
v -0.030339 0.916997 0.151827
v -0.114630 0.932003 0.118752
v -0.134083 0.930008 0.107882
v -0.094554 0.922316 0.126806
v -0.144206 0.903553 0.104289
v -0.094580 0.933427 0.129687
v -0.143505 0.918717 0.102215
v -0.159145 0.912535 0.092939
v -0.129064 0.909789 0.111908
v -0.131742 0.895652 0.113294
v -0.135981 0.864138 0.117710
v -0.129783 0.879304 0.117017
v -0.114623 0.903681 0.117734
v -0.084525 0.892323 0.127193
v -0.101023 0.894684 0.122531
v -0.091037 0.907040 0.125659
v -0.155298 0.880518 0.101633
v -0.144517 0.889347 0.106738
v -0.158917 0.896047 0.096379
v -0.100431 0.859906 0.127971
v -0.095416 0.877200 0.125479
v -0.143096 0.875689 0.110740
v -0.117826 0.866253 0.122879
v -0.067473 0.861176 0.130642
v -0.124667 0.851048 0.123443
v -0.076049 0.876701 0.129076
v -0.107681 0.844266 0.129700
v -0.084187 0.863553 0.128818
v -0.079539 0.837813 0.131519
v -0.077584 0.851229 0.130401
v -0.092329 0.846633 0.130228
v -0.059719 0.874237 0.131773
v -0.030867 0.852521 0.132592
v -0.036400 0.872554 0.135234
v -0.068625 0.889371 0.131361
v -0.058951 0.900664 0.136264
v -0.075070 0.903544 0.131000
v -0.099214 0.377722 0.055098
v -0.101243 0.537999 0.086609
v -0.099096 0.259431 0.034963
v -0.103128 0.700371 0.121897
v -0.014063 0.702527 0.095383
v -0.000951 0.733812 0.058806
v -0.142260 0.181208 -0.000902
v -0.170293 0.826061 0.091798
v -0.184535 0.904795 0.056019
v -0.185076 0.925375 0.048758
v -0.178783 0.936653 0.060169
v -0.054114 0.165739 -0.005592
v -0.056082 0.204579 0.013108
v -0.129840 0.147681 -0.002064
v -0.134562 0.165086 -0.003771
v -0.142944 0.142623 -0.013906
v -0.146799 0.171398 -0.012747
v -0.148344 0.186558 -0.013949
v -0.145671 0.157041 -0.015472
v -0.057890 0.146956 -0.014371
v -0.055065 0.159385 -0.016546
v -0.058848 0.150088 0.003805
v -0.109691 0.148840 0.016485
v -0.101084 0.143247 0.025740
v -0.091536 0.137778 0.036964
v -0.095972 0.125606 0.037789
v -0.074026 0.150221 0.027146
v -0.065857 0.149721 0.017763
v -0.034300 0.898385 0.144064
v -0.179975 0.865103 0.073252
v -0.050270 0.789815 0.130191
v -0.018572 0.830172 0.131436
v -0.010857 0.849769 0.132798
v -0.017607 0.866439 0.135687
v -0.022584 0.842388 0.132056
v -0.050166 0.831298 0.131771
v -0.034286 0.832251 0.131633
v -0.059849 0.845778 0.131342
v -0.040708 0.810518 0.131066
v -0.006936 0.837559 0.131808
v -0.019997 0.884474 0.142165
v -0.044129 0.844524 0.131768
v -0.137022 0.378707 0.026137
v -0.067497 0.339598 0.031333
v -0.061414 0.399604 0.035052
v -0.118977 0.456621 0.063521
v -0.146953 0.536246 0.061323
v -0.061793 0.498251 0.060934
v -0.051485 0.559229 0.069849
v -0.132867 0.616642 0.095713
v -0.060927 0.281173 0.017678
v -0.131552 0.299362 0.023973
v -0.136268 0.239998 0.016617
v -0.156233 0.734435 0.098052
v 0.002877 0.696714 0.076904
v -0.008213 0.718022 0.076412
v -0.022176 0.737363 0.113185
v -0.046136 0.643766 0.092402
v -0.186765 0.828512 0.065069
v -0.189848 0.906541 0.040295
v -0.188643 0.886506 0.051115
v -0.188108 0.925898 0.034350
v -0.179076 0.915701 0.067286
v -0.049619 0.185495 -0.009699
v -0.044644 0.224274 -0.000779
v -0.038635 0.908996 0.146244
v -0.037213 0.885827 0.138534
v -0.013823 0.904070 0.151562
v -0.008907 0.892437 0.147917
v -0.011856 0.811157 0.129900
v -0.003413 0.869043 0.137441
v -0.070254 0.811437 0.132532
v -0.098946 0.817791 0.133733
v -0.094241 0.831951 0.132455
v -0.108874 0.828871 0.131409
v -0.083442 0.820276 0.132951
v -0.150653 0.380173 0.005579
v -0.139998 0.339771 0.015411
v -0.145048 0.418393 0.027062
v -0.052031 0.342625 0.007374
v -0.051443 0.382069 0.013266
v -0.048346 0.421300 0.020500
v -0.150547 0.476775 0.042524
v -0.152714 0.538061 0.034098
v -0.149910 0.577363 0.053164
v -0.041978 0.500019 0.036840
v -0.037753 0.539683 0.045983
v -0.032604 0.579667 0.054011
v -0.156088 0.656925 0.073782
v -0.046410 0.263643 0.001784
v -0.049623 0.303082 0.003841
v -0.147300 0.300526 0.001643
v -0.147272 0.260660 0.000801
v -0.146886 0.220880 -0.000728
v -0.145131 0.200973 -0.000749
v -0.176838 0.733040 0.070038
v -0.007485 0.694004 0.064993
v -0.009020 0.707264 0.067741
v 0.001946 0.675613 0.068141
v -0.006691 0.732652 0.077576
v 0.004102 0.723498 0.100522
v -0.002296 0.724354 0.087893
v 0.003910 0.708786 0.090178
v -0.005647 0.712917 0.100651
v -0.009778 0.727672 0.108176
v -0.002066 0.695973 0.090372
v 0.002665 0.737406 0.109731
v 0.002046 0.736630 0.095610
v -0.029207 0.716788 0.105636
v -0.016922 0.718154 0.103661
v -0.023257 0.767301 0.123206
v -0.022776 0.640115 0.066479
v -0.192694 0.829161 0.049483
v -0.189697 0.809007 0.058315
v -0.190106 0.848593 0.055423
v -0.192205 0.887536 0.037997
v -0.179880 0.887748 0.073757
v -0.168285 0.885436 0.088665
v -0.174173 0.874641 0.081782
v -0.166518 0.850832 0.096580
v -0.172061 0.861182 0.086267
v -0.152575 0.860108 0.106242
v -0.178458 0.843622 0.077964
v -0.164598 0.869960 0.096007
v -0.147511 0.833540 0.113024
v -0.137138 0.841428 0.121342
v -0.148080 0.847305 0.111976
v -0.052209 0.174248 -0.015432
v -0.050165 0.186561 -0.021318
v -0.045910 0.205062 -0.009413
v -0.054975 0.179534 0.009519
v -0.043432 0.225356 -0.015037
v -0.041497 0.244458 -0.005962
v -0.006836 0.823347 0.130909
v -0.026363 0.817105 0.130939
v -0.026146 0.792463 0.128466
v -0.055651 0.804223 0.131540
v -0.056974 0.818516 0.131830
v -0.065787 0.830509 0.131869
v -0.155960 0.381078 -0.006827
v -0.153258 0.360564 -0.000497
v -0.154126 0.400128 0.004683
v -0.155968 0.438742 0.017861
v -0.044917 0.344204 -0.006092
v -0.048370 0.363364 0.002992
v -0.047351 0.323715 -0.000765
v -0.044473 0.383675 -0.000681
v -0.046421 0.402480 0.009899
v -0.041240 0.422832 0.006623
v -0.042681 0.442268 0.017712
v -0.156568 0.478738 0.020915
v -0.156696 0.538982 0.019711
v -0.153472 0.518585 0.024670
v -0.156559 0.558278 0.029983
v -0.155745 0.617295 0.056809
v -0.033982 0.501383 0.022469
v -0.035334 0.520848 0.033701
v -0.040054 0.479302 0.025982
v -0.031780 0.513607 0.023991
v -0.035141 0.488923 0.019403
v -0.029081 0.540750 0.030991
v -0.030799 0.560063 0.042761
v -0.029419 0.528989 0.026981
v -0.032270 0.548340 0.040270
v -0.023967 0.580273 0.038840
v -0.025084 0.602020 0.051105
v -0.029023 0.571750 0.045086
v -0.026912 0.589396 0.048401
v -0.176977 0.653696 0.057480
v -0.040016 0.264920 -0.011703
v -0.043508 0.284087 -0.003192
v -0.042052 0.304606 -0.009017
v -0.153501 0.301335 -0.011664
v -0.150649 0.280992 -0.005351
v -0.150723 0.320856 -0.003379
v -0.152565 0.261430 -0.013255
v -0.149958 0.241118 -0.006934
v -0.150383 0.221653 -0.015337
v -0.149250 0.207166 -0.013419
v -0.131181 0.211649 0.022337
v -0.181861 0.732511 0.052563
v -0.180474 0.709499 0.060718
v -0.182011 0.755713 0.062227
v -0.180206 0.722953 0.061305
v -0.185577 0.745987 0.052061
v -0.000927 0.676769 0.055288
v -0.004182 0.656254 0.062470
v -0.070144 0.737013 0.126380
v -0.044595 0.681821 0.101270
v -0.006372 0.770677 0.121942
v -0.009889 0.786150 0.126196
v -0.013295 0.753307 0.117758
v -0.013760 0.798339 0.128524
v -0.022676 0.780115 0.126137
v -0.009417 0.741084 0.113541
v 0.001276 0.750384 0.116564
v -0.009446 0.637431 0.054212
v -0.012716 0.646926 0.063258
v -0.024688 0.668992 0.081763
v -0.015647 0.659500 0.072723
v -0.016499 0.685170 0.087102
v -0.021990 0.621839 0.056035
v -0.031205 0.694500 0.096566
v -0.002748 0.682974 0.081773
v -0.011109 0.672041 0.078722
v -0.012287 0.625795 0.048805
v -0.030126 0.680742 0.090048
v -0.192910 0.809811 0.045841
v -0.189147 0.790287 0.055909
v -0.187161 0.771935 0.055601
v -0.173267 0.793644 0.086089
v -0.186597 0.759990 0.051566
v -0.182249 0.797121 0.070504
v -0.176827 0.773391 0.076225
v -0.177363 0.812632 0.080413
v -0.177850 0.786233 0.076773
v -0.181536 0.767740 0.065996
v -0.194193 0.848733 0.042632
v -0.190047 0.867723 0.051186
v -0.179464 0.901133 0.071095
v -0.185035 0.893114 0.061062
v -0.185372 0.878063 0.065265
v -0.170627 0.839855 0.090741
v -0.160274 0.831947 0.102562
v -0.155338 0.802985 0.106846
v -0.151561 0.818315 0.110303
v -0.162601 0.815281 0.100688
v -0.166620 0.801876 0.096326
v -0.126457 0.797937 0.126727
v -0.116651 0.812836 0.129828
v -0.142114 0.804715 0.119136
v -0.184580 0.853757 0.067634
v -0.185440 0.840798 0.066739
v -0.178541 0.829066 0.078365
v -0.047744 0.210885 0.003383
v -0.049020 0.194971 0.002733
v -0.055893 0.166702 0.007286
v -0.051785 0.176710 -0.001574
v -0.041850 0.245521 -0.017724
v -0.038895 0.797556 0.129972
v -0.156772 0.361389 -0.011735
v -0.151984 0.340835 -0.003351
v -0.143563 0.366195 0.014221
v -0.144910 0.352257 0.008789
v -0.125914 0.355946 0.029741
v -0.135780 0.355552 0.019353
v -0.158768 0.400909 -0.006098
v -0.145021 0.392589 0.018218
v -0.131086 0.400741 0.038703
v -0.148581 0.407003 0.017298
v -0.140253 0.402467 0.027855
v -0.155086 0.422004 0.013873
v -0.158471 0.431779 0.006325
v -0.060189 0.362105 0.024528
v -0.043294 0.364467 -0.008095
v -0.059439 0.324300 0.017750
v -0.042096 0.324829 -0.011694
v -0.053127 0.406709 0.023752
v -0.055489 0.392113 0.023592
v -0.065970 0.378816 0.036506
v -0.041309 0.403770 -0.001405
v -0.037642 0.442897 0.006303
v -0.072744 0.445381 0.058690
v -0.156334 0.479767 0.008404
v -0.157913 0.459110 0.015362
v -0.155588 0.519507 0.012859
v -0.154346 0.498744 0.020865
v -0.151251 0.520744 0.046119
v -0.164638 0.557618 0.021039
v -0.150103 0.553573 0.049616
v -0.161769 0.577455 0.032895
v -0.171758 0.615027 0.043703
v -0.049769 0.519457 0.054544
v -0.039329 0.461276 0.018433
v -0.039409 0.564338 0.058163
v -0.043470 0.548633 0.059271
v -0.062680 0.535666 0.071490
v -0.046799 0.534148 0.056504
v -0.054146 0.545776 0.067712
v -0.024605 0.560878 0.030507
v -0.018312 0.600013 0.038971
v -0.017267 0.612615 0.045816
v -0.181504 0.653607 0.043814
v -0.180752 0.673558 0.053331
v -0.052179 0.288859 0.008055
v -0.052236 0.274580 0.008624
v -0.074719 0.251693 0.015188
v -0.061499 0.260266 0.008831
v -0.071341 0.267676 0.020913
v -0.059099 0.238362 0.006860
v -0.058136 0.221818 0.012245
v -0.084301 0.258784 0.026995
v -0.064758 0.248696 0.009202
v -0.093335 0.208924 0.020540
v -0.092564 0.234215 0.023389
v -0.074278 0.211345 0.015814
v -0.075206 0.230950 0.015096
v -0.085864 0.246222 0.021410
v -0.040423 0.285172 -0.014731
v -0.153950 0.281668 -0.016813
v -0.137589 0.277835 0.014820
v -0.155010 0.321567 -0.014545
v -0.140727 0.315766 0.014429
v -0.152037 0.241801 -0.018771
v -0.144315 0.234318 0.005327
v -0.139536 0.221417 0.013217
v -0.143200 0.248458 0.007266
v -0.140311 0.206715 0.011852
v -0.132571 0.259252 0.020201
v -0.126442 0.184192 0.022747
v -0.133257 0.197147 0.020918
v -0.136392 0.185910 0.011780
v -0.112167 0.199316 0.017619
v -0.129029 0.172601 0.013385
v -0.112590 0.167791 0.027551
v -0.115046 0.159772 0.018495
v -0.179099 0.713079 0.047127
v -0.181254 0.693421 0.051115
v -0.003239 0.657417 0.050244
v -0.046495 0.731669 0.117894
v -0.037970 0.622402 0.077344
v -0.025793 0.705705 0.099513
v -0.048862 0.704369 0.110377
v -0.184687 0.815544 0.068599
v -0.183596 0.781320 0.065221
v -0.157880 0.843371 0.104849
v -0.134010 0.820432 0.123719
v -0.146310 0.331033 0.005786
v -0.157953 0.412967 0.003282
v -0.054479 0.355409 0.013252
v -0.053847 0.368841 0.014657
v -0.060863 0.348522 0.023221
v -0.058465 0.377672 0.024637
v -0.053073 0.330048 0.008426
v -0.086428 0.303675 0.041467
v -0.087782 0.280524 0.036188
v -0.089703 0.268109 0.033785
v -0.073487 0.282228 0.028218
v -0.064852 0.302777 0.023321
v -0.057401 0.299252 0.013452
v -0.079797 0.292416 0.035847
v -0.065917 0.290606 0.023433
v -0.053585 0.315492 0.008772
v -0.079131 0.393937 0.053216
v -0.073229 0.358225 0.042634
v -0.056732 0.438023 0.039288
v -0.059664 0.418818 0.037851
v -0.157933 0.460151 0.003784
v -0.158826 0.447320 0.008865
v -0.148877 0.453523 0.036345
v -0.154108 0.489405 0.033686
v -0.144522 0.498791 0.056101
v -0.153425 0.506329 0.036521
v -0.150068 0.489925 0.046756
v -0.150450 0.508113 0.049435
v -0.140514 0.517295 0.065867
v -0.150510 0.534881 0.047600
v -0.152127 0.525749 0.035016
v -0.152097 0.550079 0.037698
v -0.151935 0.566409 0.042354
v -0.180239 0.613941 0.035448
v -0.167124 0.596167 0.038056
v -0.168490 0.634127 0.054738
v -0.180507 0.638696 0.046935
v -0.042992 0.513221 0.043139
v -0.041481 0.526579 0.046073
v -0.051621 0.504598 0.051868
v -0.036640 0.472820 0.016191
v -0.179926 0.673614 0.041458
v -0.169820 0.670023 0.068678
v -0.173813 0.692104 0.071938
v -0.178840 0.697592 0.062655
v -0.047212 0.236389 0.002397
v -0.081941 0.182669 0.018089
v -0.076867 0.167791 0.026607
v -0.065539 0.176713 0.020812
v -0.061805 0.190936 0.016890
v -0.094786 0.171975 0.025543
v -0.083760 0.157887 0.031431
v -0.099267 0.186883 0.016950
v -0.101557 0.163196 0.031583
v -0.087523 0.196345 0.014044
v -0.099758 0.199272 0.016152
v -0.112835 0.185672 0.020072
v -0.105613 0.176476 0.022717
v -0.084585 0.221335 0.022504
v -0.068766 0.221535 0.016796
v -0.144429 0.287079 0.006090
v -0.140168 0.298060 0.013243
v -0.145100 0.273449 0.004493
v -0.146610 0.312339 0.004369
v -0.118728 0.326182 0.033621
v -0.117437 0.244005 0.031322
v -0.118154 0.277747 0.033155
v -0.103007 0.275825 0.037939
v -0.099363 0.292393 0.040380
v -0.105365 0.312137 0.041167
v -0.111427 0.218408 0.027449
v -0.097826 0.221700 0.026981
v -0.105608 0.234135 0.031604
v -0.096859 0.245711 0.030975
v -0.033639 0.728949 0.112265
v -0.043454 0.717978 0.112368
v -0.062810 0.717299 0.120780
v -0.031151 0.611228 0.065181
v -0.053762 0.592481 0.082530
v -0.046510 0.577613 0.071331
v -0.043035 0.605252 0.077024
v -0.058883 0.620630 0.093920
v -0.035445 0.594369 0.064414
v -0.054296 0.607155 0.087370
v -0.047604 0.618714 0.086117
v -0.095042 0.596888 0.099154
v -0.073280 0.597381 0.093529
v -0.038946 0.583044 0.064101
v -0.028552 0.627368 0.068068
v -0.034627 0.640061 0.079391
v -0.028759 0.654229 0.078497
v -0.040611 0.663671 0.092400
v -0.042396 0.694707 0.103460
v -0.071837 0.319232 0.033803
v -0.069057 0.390974 0.043468
v -0.066426 0.366063 0.035015
v -0.049598 0.434187 0.027220
v -0.048558 0.453047 0.032208
v -0.044905 0.466735 0.030619
v -0.052720 0.481753 0.046946
v -0.059656 0.455382 0.048261
v -0.048972 0.493809 0.045351
v -0.067869 0.429205 0.050964
v -0.101555 0.422239 0.063463
v -0.071180 0.410714 0.050221
v -0.083520 0.429621 0.062563
v -0.087457 0.409713 0.060236
v -0.076361 0.421009 0.056084
v -0.154490 0.466579 0.030178
v -0.154919 0.450573 0.024587
v -0.147597 0.523834 0.058047
v -0.111380 0.493774 0.075328
v -0.127925 0.537594 0.080915
v -0.155932 0.587678 0.043732
v -0.149450 0.597541 0.062670
v -0.157055 0.603045 0.048828
v -0.165295 0.622521 0.051653
v -0.152298 0.635682 0.069211
v -0.164328 0.647325 0.063479
v -0.179055 0.625760 0.043576
v -0.177499 0.665346 0.060591
v -0.177309 0.680215 0.065083
v -0.169262 0.714377 0.081295
v -0.051133 0.250161 0.004330
v -0.073549 0.197641 0.013275
v -0.129764 0.315622 0.027065
v -0.119039 0.304452 0.034380
v -0.132057 0.331438 0.026518
v -0.131354 0.344622 0.025404
v -0.122738 0.291073 0.031463
v -0.129069 0.280599 0.025253
v -0.108438 0.300482 0.039075
v -0.128361 0.247384 0.024430
v -0.096203 0.339485 0.048973
v -0.118800 0.208265 0.024387
v -0.105608 0.208680 0.022327
v -0.126328 0.228410 0.026023
v -0.058966 0.730106 0.122622
v -0.086968 0.718850 0.126190
v -0.074343 0.687670 0.116872
v -0.083543 0.620521 0.103159
v -0.084310 0.566379 0.089796
v -0.069455 0.554043 0.080344
v -0.038189 0.651848 0.086875
v -0.064890 0.315175 0.024403
v -0.065776 0.328062 0.027527
v -0.073858 0.305198 0.033871
v -0.063758 0.442947 0.049368
v -0.073993 0.473030 0.065533
v -0.094873 0.451571 0.069497
v -0.109164 0.400048 0.055618
v -0.129418 0.500985 0.069685
v -0.138032 0.531075 0.071732
v -0.124705 0.518628 0.077363
v -0.141428 0.560098 0.074896
v -0.141249 0.545458 0.071913
v -0.146837 0.554244 0.063164
v -0.146883 0.569134 0.064834
v -0.145993 0.615526 0.077180
v -0.139568 0.645298 0.094254
v -0.089530 0.321918 0.045893
v -0.104558 0.328221 0.040998
v -0.113980 0.345762 0.042164
v -0.074460 0.723926 0.124823
v -0.063606 0.700466 0.117185
v -0.075870 0.708781 0.121872
v -0.089378 0.704284 0.123941
v -0.058297 0.684619 0.111415
v -0.072099 0.655593 0.108550
v -0.068960 0.671996 0.111680
v -0.098476 0.669966 0.116084
v -0.054935 0.661003 0.104160
v -0.083151 0.666033 0.114525
v -0.087664 0.680662 0.118731
v -0.096907 0.643251 0.110112
v -0.102315 0.684912 0.119021
v -0.085490 0.651881 0.111580
v -0.140532 0.692514 0.103599
v -0.082705 0.636339 0.107030
v -0.122876 0.692137 0.116284
v -0.070731 0.628267 0.100934
v -0.057790 0.635808 0.098047
v -0.069219 0.642107 0.104127
v -0.047243 0.655097 0.096675
v -0.047745 0.669989 0.100608
v -0.083786 0.606102 0.099554
v -0.070537 0.611977 0.096392
v -0.084093 0.583708 0.094055
v -0.066509 0.575971 0.084152
v -0.072673 0.585404 0.089965
v -0.085925 0.548222 0.085947
v -0.082295 0.525260 0.079689
v -0.074786 0.540006 0.079597
v -0.088826 0.535693 0.083986
v -0.069275 0.460121 0.058987
v -0.060064 0.469915 0.052422
v -0.082267 0.460108 0.067205
v -0.052621 0.465096 0.041824
v -0.094500 0.478244 0.074646
v -0.093934 0.464902 0.072052
v -0.110686 0.471195 0.070687
v -0.106630 0.458288 0.069040
v -0.109857 0.439645 0.064352
v -0.106189 0.482461 0.074199
v -0.132537 0.477258 0.060166
v -0.120782 0.482858 0.068965
v -0.122611 0.469541 0.064538
v -0.084634 0.443177 0.065395
v -0.094208 0.395017 0.058964
v -0.100777 0.409138 0.060855
v -0.138823 0.505586 0.064483
v -0.117888 0.506289 0.076292
v -0.096903 0.509235 0.080809
v -0.095596 0.493724 0.077807
v -0.097718 0.523836 0.083628
v -0.077709 0.504198 0.073636
v -0.112880 0.527798 0.082943
v -0.150865 0.622722 0.067884
v -0.148139 0.645930 0.081104
v -0.145345 0.630640 0.081927
v -0.080808 0.314748 0.041079
v -0.077390 0.332049 0.041880
v -0.074094 0.344988 0.041437
v -0.101760 0.358305 0.051723
v -0.123112 0.338969 0.034598
v -0.155728 0.683391 0.085496
v -0.126778 0.730464 0.120836
v -0.131268 0.667786 0.107307
v -0.116082 0.673562 0.115033
v -0.127417 0.679799 0.112582
v -0.117298 0.651285 0.111414
v -0.109066 0.661887 0.113973
v -0.121462 0.662839 0.112006
v -0.072824 0.565443 0.084904
v -0.056274 0.570415 0.076652
v -0.064157 0.483077 0.059467
v -0.075568 0.488681 0.069422
v -0.131537 0.437507 0.048412
v -0.135723 0.490589 0.062369
v -0.096485 0.435333 0.066088
v -0.064194 0.516606 0.067413
v -0.085208 0.513045 0.078533
v -0.108718 0.515286 0.080413
v -0.137287 0.630635 0.094211
v -0.120278 0.630384 0.106514
v -0.086933 0.352711 0.049097
v -0.083345 0.370209 0.051397
v -0.074434 0.379200 0.046911
v -0.086699 0.382838 0.054924
v -0.117604 0.372225 0.043374
v -0.165753 0.682007 0.075842
v -0.157725 0.670777 0.077991
v -0.145637 0.663313 0.090594
v -0.133620 0.710693 0.113987
v -0.130707 0.652477 0.104670
v -0.122169 0.443479 0.057939
v -0.119325 0.424245 0.055523
v -0.056552 0.526642 0.063611
v -0.070558 0.525833 0.074220
v -0.113700 0.608911 0.102587
v -0.098052 0.613276 0.103457
v -0.096217 0.628208 0.106691
v -0.107752 0.635183 0.108514
v -0.108770 0.621566 0.105618
v -0.116505 0.359035 0.039416
v -0.107628 0.369410 0.050596
v -0.141225 0.676757 0.099040
v -0.132881 0.698032 0.112029
v -0.118019 0.708561 0.120274
v -0.104140 0.717945 0.125179
v -0.116625 0.721977 0.122876
v -0.101452 0.753373 0.131419
v -0.112121 0.739420 0.126478
v -0.096824 0.732830 0.129497
v -0.130060 0.766066 0.123974
v -0.127092 0.748338 0.123255
v -0.139984 0.784036 0.120308
v -0.158647 0.775857 0.102173
v -0.159186 0.790277 0.102478
v -0.150156 0.782559 0.110704
v -0.116010 0.759139 0.127876
v -0.099034 0.784019 0.134348
v -0.116482 0.778001 0.129286
v -0.147042 0.754344 0.110276
v -0.147389 0.794506 0.113881
v -0.103588 0.801221 0.134544
v -0.085926 0.803609 0.133725
v -0.070192 0.791229 0.132404
v -0.103836 0.768995 0.132759
v -0.076297 0.764599 0.131203
v -0.089158 0.772413 0.133143
v -0.076358 0.778621 0.132253
v -0.128949 0.778808 0.125311
v -0.139524 0.739991 0.115353
v -0.137584 0.755828 0.119520
v -0.144610 0.768636 0.114584
v -0.148974 0.741664 0.106491
v -0.144683 0.723423 0.106890
v -0.156339 0.715972 0.094307
v -0.144614 0.707774 0.103202
v -0.151464 0.696722 0.093642
v -0.162950 0.696875 0.082860
v -0.135517 0.723239 0.115260
v -0.129684 0.638896 0.102246
v -0.132303 0.419384 0.042303
v -0.141071 0.431328 0.036537
v -0.140998 0.444152 0.041617
v -0.138017 0.461156 0.050672
v -0.149811 0.430730 0.026200
v -0.122558 0.618037 0.103007
v -0.131214 0.585654 0.090739
v -0.140743 0.576861 0.079149
v -0.142263 0.595739 0.079890
v -0.146556 0.583977 0.067692
v -0.133717 0.601170 0.092040
v -0.120802 0.595223 0.098237
v -0.109807 0.571254 0.094364
v -0.108038 0.597138 0.100203
v -0.118943 0.581594 0.095249
v -0.127435 0.564788 0.088196
v -0.146290 0.604122 0.072598
v -0.095673 0.574842 0.093990
v -0.105337 0.583925 0.097378
v -0.101602 0.555621 0.090591
v -0.115147 0.558724 0.090209
v -0.125992 0.550968 0.085452
v -0.115023 0.541838 0.086053
v -0.085114 0.746182 0.130068
v -0.083806 0.733060 0.127839
v -0.071789 0.751151 0.128772
v -0.051574 0.765638 0.127146
v -0.053452 0.747577 0.124050
v -0.037314 0.773012 0.126527
v -0.037576 0.755845 0.122467
v -0.036456 0.742089 0.117931
v -0.089262 0.758952 0.131950
v -0.113723 0.791809 0.130832
v -0.085847 0.789501 0.133587
v -0.141749 0.473553 0.051429
v -0.147087 0.464686 0.042777
v -0.142733 0.485047 0.054254
v -0.110415 0.877728 0.122717
v -0.171697 0.752156 0.081684
v -0.160613 0.752932 0.096885
v -0.155126 0.762878 0.103650
v -0.168672 0.767040 0.090179
v -0.168749 0.781261 0.092798
v -0.177170 0.746550 0.070419
v -0.168045 0.735233 0.085145
v -0.172204 0.725596 0.078076
v -0.163810 0.723905 0.088517
v -0.119733 0.260884 0.031361
v -0.110146 0.253608 0.034474
v -0.109473 0.265707 0.035849
v -0.127452 0.268597 0.025972
v -0.112514 0.385204 0.051028
v -0.120659 0.396435 0.047578
v -0.118983 0.410063 0.052433
v -0.127623 0.384931 0.038129
v -0.135981 0.390825 0.030532
v -0.127641 0.370046 0.032950
v -0.060529 0.777882 0.130071
v -0.049063 0.860429 0.132241
v -0.060146 0.117488 -0.050157
v -0.062328 0.116865 -0.068770
v -0.068186 0.116666 -0.086572
v -0.079537 0.116772 -0.101487
v -0.097259 0.116654 -0.107520
v -0.114647 0.115704 -0.100625
v -0.125088 0.114659 -0.085098
v -0.130185 0.114137 -0.067064
v -0.132827 0.114061 -0.048484
v -0.185145 0.955355 -0.001711
v -0.179328 0.954810 -0.024474
v -0.169284 0.953814 -0.045835
v -0.156161 0.952920 -0.065237
v -0.139989 0.951864 -0.081714
v -0.121573 0.950999 -0.095626
v -0.101309 0.950421 -0.105941
v -0.079314 0.950186 -0.112451
v -0.056582 0.950083 -0.115540
v -0.033604 0.950051 -0.115728
v -0.010418 0.951392 -0.115032
v -0.009381 0.932892 -0.119259
v -0.008550 0.914074 -0.121958
v -0.007693 0.894959 -0.122411
v -0.006783 0.875819 -0.119962
v -0.005840 0.857033 -0.114768
v -0.004944 0.839379 -0.105992
v -0.004077 0.823188 -0.094279
v -0.003312 0.808390 -0.080443
v -0.002702 0.794474 -0.065489
v -0.002064 0.780001 -0.049122
v -0.001292 0.765975 -0.033612
v 0.000316 0.752883 -0.017639
v 0.001680 0.741118 -0.001091
v 0.000613 0.727747 0.013756
v 0.000276 0.728274 0.033196
v -0.061692 0.168217 -0.079579
v -0.058693 0.128863 -0.041342
v -0.120680 0.848000 -0.101324
v -0.023744 0.939810 -0.117883
v -0.075177 0.894933 -0.121148
v -0.136266 0.124234 -0.039509
v -0.123823 0.183219 -0.091423
v -0.180672 0.897653 -0.036512
v -0.187751 0.943760 0.008870
v -0.062942 0.141576 -0.078776
v -0.089045 0.155193 -0.104277
v -0.136997 0.898925 -0.090952
v -0.072408 0.923955 -0.119723
v -0.122429 0.148455 -0.092482
v -0.176980 0.926780 -0.035701
v -0.063764 0.127363 -0.078291
v -0.072907 0.134518 -0.094738
v -0.058668 0.134805 -0.060431
v -0.134384 0.926192 -0.090312
v -0.070019 0.938733 -0.117138
v -0.047713 0.933706 -0.119424
v -0.095106 0.931353 -0.112816
v -0.121644 0.130502 -0.093048
v -0.175967 0.942135 -0.035679
v -0.163960 0.933176 -0.057019
v -0.184958 0.935257 -0.014224
v -0.132766 0.940608 -0.089798
v -0.115533 0.934021 -0.102920
v -0.149167 0.933911 -0.075090
v -0.092056 0.943265 -0.111851
v -0.132916 0.138374 -0.072317
v -0.135384 0.129957 -0.056576
v -0.105665 0.140570 -0.104425
v -0.163767 0.945386 -0.055656
v -0.184377 0.947463 -0.013862
v -0.149173 0.945471 -0.073790
v -0.127488 0.138949 -0.084519
v -0.129802 0.125016 -0.076420
v -0.140325 0.154832 -0.054482
v -0.116339 0.139927 -0.098642
v -0.106886 0.126578 -0.104999
v -0.136998 0.142990 -0.060226
v -0.139385 0.139870 -0.044539
v -0.142294 0.152110 -0.042073
v -0.096172 0.458562 -0.082672
v -0.096864 0.613396 -0.060064
v -0.096915 0.296884 -0.097960
v -0.002375 0.706156 0.013341
v -0.000107 0.717196 0.034185
v -0.000001 0.728670 0.046167
v -0.054081 0.210231 -0.068576
v -0.054034 0.169132 -0.053762
v -0.063378 0.840808 -0.114315
v -0.145856 0.737465 -0.065732
v -0.040983 0.900039 -0.123280
v -0.142276 0.205081 -0.064560
v -0.191578 0.902911 -0.004115
v -0.184718 0.825212 -0.036866
v -0.071120 0.154906 -0.092200
v -0.055843 0.148857 -0.046837
v -0.031584 0.919870 -0.121448
v -0.093837 0.909363 -0.115950
v -0.168679 0.911165 -0.054008
v -0.189269 0.923540 0.004715
v -0.118791 0.911765 -0.103407
v -0.149444 0.913170 -0.077452
v -0.108843 0.161319 -0.102432
v -0.087801 0.136987 -0.104976
v -0.079345 0.146480 -0.099501
v -0.088079 0.124663 -0.105606
v -0.042669 0.449959 -0.056370
v -0.132520 0.389622 -0.083803
v -0.152898 0.446694 -0.064989
v -0.033094 0.618612 -0.037911
v -0.128671 0.540503 -0.046466
v -0.159421 0.615669 -0.036596
v -0.051594 0.290930 -0.072201
v -0.138435 0.266807 -0.076852
v -0.142263 0.327362 -0.076184
v -0.005157 0.721978 -0.020820
v -0.001372 0.720710 0.004848
v -0.002968 0.698788 0.034755
v -0.006603 0.669319 0.003069
v 0.000314 0.719154 0.026035
v -0.002604 0.712380 0.047941
v -0.047475 0.228455 -0.050067
v -0.053250 0.168153 -0.039259
v -0.051157 0.188390 -0.045959
v -0.038809 0.862799 -0.118479
v -0.035497 0.828130 -0.102853
v -0.183193 0.733822 -0.019824
v -0.069231 0.756968 -0.079558
v -0.022563 0.902667 -0.122756
v -0.030123 0.882474 -0.121559
v -0.145269 0.183922 -0.051242
v -0.144670 0.168200 -0.045705
v -0.148410 0.203465 -0.045234
v -0.192688 0.905562 0.014302
v -0.195861 0.884587 0.008296
v -0.185707 0.916286 -0.018842
v -0.196837 0.827908 -0.000235
v -0.063133 0.154876 -0.081294
v -0.057329 0.159144 -0.066458
v -0.068404 0.143831 -0.089026
v -0.057405 0.137495 -0.049116
v -0.034316 0.930755 -0.119851
v -0.017252 0.922328 -0.121015
v -0.054218 0.914186 -0.122548
v -0.087595 0.921465 -0.116981
v -0.076739 0.909459 -0.120025
v -0.107384 0.878342 -0.109682
v -0.170134 0.923413 -0.049234
v -0.189474 0.925554 0.018553
v -0.187552 0.934368 -0.000319
v -0.122839 0.923287 -0.099344
v -0.108261 0.922528 -0.108042
v -0.144760 0.923869 -0.080936
v -0.137818 0.912691 -0.089194
v -0.160067 0.885708 -0.069567
v -0.157416 0.922942 -0.067591
v -0.101036 0.152090 -0.105340
v -0.122468 0.165882 -0.092648
v -0.132242 0.157229 -0.077949
v -0.036784 0.447204 -0.029991
v -0.046796 0.391455 -0.068462
v -0.032758 0.506676 -0.045926
v -0.157824 0.385242 -0.053463
v -0.155586 0.443819 -0.034358
v -0.014561 0.630322 -0.003789
v -0.019176 0.588539 -0.013105
v -0.166487 0.541440 -0.026131
v -0.160100 0.596146 -0.002990
v -0.165551 0.635520 -0.002732
v -0.041519 0.287999 -0.046963
v -0.042331 0.329462 -0.058289
v -0.151535 0.264071 -0.051450
v -0.153133 0.304589 -0.053774
v -0.156979 0.344512 -0.051407
v -0.012629 0.742848 -0.036665
v -0.003916 0.736636 -0.014892
v -0.004083 0.724226 -0.008265
v -0.005365 0.734295 -0.028141
v 0.000490 0.730823 0.007970
v -0.000541 0.715131 0.021382
v -0.006142 0.695446 0.046976
v -0.006432 0.681123 0.030731
v -0.000009 0.718662 0.040876
v -0.045795 0.227259 -0.035737
v -0.044459 0.247666 -0.042422
v -0.050609 0.187565 -0.034076
v -0.055644 0.186697 -0.068041
v -0.056249 0.172925 -0.066865
v -0.048682 0.208023 -0.043602
v -0.020752 0.865030 -0.117972
v -0.028055 0.845825 -0.111892
v -0.018286 0.830132 -0.101471
v -0.025223 0.811991 -0.089157
v -0.016683 0.820148 -0.093732
v -0.188634 0.732355 0.009989
v -0.033664 0.770728 -0.073158
v -0.056982 0.878487 -0.122385
v -0.015936 0.884422 -0.121437
v -0.147737 0.183021 -0.037828
v -0.149673 0.202748 -0.033635
v -0.150278 0.223365 -0.043848
v -0.145056 0.196240 -0.055428
v -0.136981 0.184865 -0.073146
v -0.130974 0.173157 -0.081679
v -0.140090 0.170687 -0.062727
v -0.137396 0.158705 -0.066342
v -0.197711 0.866941 0.015262
v -0.190587 0.862527 -0.025426
v -0.196565 0.870132 -0.006358
v -0.194899 0.887087 0.022395
v -0.179637 0.912397 -0.034797
v -0.187060 0.901563 -0.020893
v -0.188638 0.882210 -0.024887
v -0.189263 0.914643 -0.005270
v -0.200246 0.828820 0.019927
v -0.199015 0.847960 0.017233
v -0.194487 0.790506 0.002895
v -0.057090 0.147807 -0.059840
v -0.058507 0.899826 -0.124091
v -0.058012 0.924991 -0.121305
v -0.094950 0.891774 -0.115970
v -0.083203 0.870830 -0.117585
v -0.113395 0.895041 -0.107330
v -0.093888 0.878968 -0.115838
v -0.107179 0.906509 -0.109772
v -0.128618 0.879914 -0.097566
v -0.124722 0.900262 -0.099672
v -0.118072 0.883990 -0.105024
v -0.150617 0.897395 -0.078151
v -0.145752 0.880092 -0.084401
v -0.162120 0.900213 -0.064717
v -0.172862 0.888142 -0.052902
v -0.137226 0.887204 -0.091469
v -0.138265 0.859993 -0.090851
v -0.173628 0.900255 -0.049055
v -0.172007 0.854002 -0.057896
v -0.181655 0.883652 -0.039798
v -0.175560 0.870526 -0.051922
v -0.138075 0.872204 -0.091615
v -0.158542 0.865313 -0.072993
v -0.182834 0.856563 -0.041892
v -0.168060 0.865505 -0.062381
v -0.155199 0.876385 -0.075715
v -0.185037 0.869921 -0.038097
v -0.179443 0.840196 -0.047151
v -0.191243 0.841955 -0.027223
v -0.150248 0.821057 -0.074241
v -0.169443 0.820711 -0.056922
v -0.176736 0.827706 -0.048336
v -0.036202 0.445353 -0.013783
v -0.035513 0.425105 -0.025719
v -0.028682 0.465218 -0.016880
v -0.036436 0.437221 -0.023470
v -0.036082 0.457758 -0.010730
v -0.036215 0.387765 -0.040307
v -0.024470 0.503826 -0.016499
v -0.161231 0.383198 -0.033141
v -0.158593 0.442284 -0.018287
v -0.154616 0.464218 -0.022914
v -0.159543 0.421884 -0.030079
v -0.155821 0.452044 -0.024835
v -0.160059 0.429784 -0.019705
v -0.010808 0.624472 0.016420
v -0.016711 0.584438 0.007630
v -0.020794 0.546378 -0.023050
v -0.175540 0.537718 -0.005403
v -0.167974 0.501593 -0.031827
v -0.176273 0.596226 0.009422
v -0.171300 0.634839 0.016563
v -0.176253 0.674129 -0.002637
v -0.039867 0.286659 -0.032371
v -0.039023 0.307186 -0.038559
v -0.037090 0.347512 -0.040558
v -0.153788 0.262905 -0.036207
v -0.154627 0.283769 -0.042769
v -0.151544 0.244170 -0.044937
v -0.156519 0.303056 -0.036657
v -0.157036 0.323743 -0.044130
v -0.155129 0.295502 -0.045903
v -0.147778 0.285007 -0.065430
v -0.156274 0.311815 -0.044896
v -0.159540 0.342934 -0.034035
v -0.160830 0.363029 -0.035273
v -0.158152 0.335651 -0.043368
v -0.159103 0.352541 -0.042043
v -0.158044 0.367030 -0.052981
v -0.160149 0.373705 -0.041999
v -0.147146 0.375051 -0.072422
v -0.154224 0.375661 -0.061534
v -0.004241 0.752235 -0.030978
v -0.013421 0.760443 -0.053531
v -0.006582 0.677408 0.042544
v -0.002912 0.662473 0.025799
v -0.004245 0.693532 0.021949
v -0.005257 0.681040 0.013273
v -0.003900 0.669375 0.015164
v -0.007522 0.694894 -0.017735
v -0.004868 0.684392 -0.003815
v -0.006215 0.700495 -0.001856
v -0.004545 0.713911 -0.005810
v -0.010211 0.710452 -0.020349
v -0.005118 0.692799 0.009271
v -0.001837 0.716255 0.005285
v -0.043379 0.706107 -0.062648
v -0.025543 0.704534 -0.038743
v -0.011782 0.701831 -0.031969
v -0.013045 0.721899 -0.043681
v -0.015082 0.725268 -0.030500
v -0.043345 0.246693 -0.030609
v -0.057228 0.253108 -0.077869
v -0.042206 0.267384 -0.040099
v -0.053205 0.181597 -0.056561
v -0.051464 0.199916 -0.056831
v -0.049929 0.215533 -0.055888
v -0.045194 0.839464 -0.111534
v -0.051713 0.852389 -0.116570
v -0.070726 0.857232 -0.117417
v -0.053700 0.865513 -0.119995
v -0.093334 0.839331 -0.109233
v -0.068718 0.869895 -0.120154
v -0.089059 0.855083 -0.114025
v -0.078654 0.844640 -0.113066
v -0.104811 0.850210 -0.108164
v -0.114844 0.863322 -0.105455
v -0.126556 0.858808 -0.098684
v -0.014210 0.847408 -0.111170
v -0.018749 0.797822 -0.076704
v -0.189516 0.731634 0.026073
v -0.191554 0.752734 0.018856
v -0.185529 0.711353 0.017042
v -0.044237 0.886827 -0.122662
v -0.146884 0.214409 -0.054601
v -0.136366 0.234186 -0.078318
v -0.141577 0.221278 -0.068926
v -0.145954 0.238808 -0.062391
v -0.126179 0.210831 -0.089419
v -0.135932 0.210021 -0.077632
v -0.132013 0.222050 -0.083586
v -0.130634 0.196048 -0.084074
v -0.100837 0.250689 -0.100194
v -0.120182 0.239237 -0.094211
v -0.137636 0.197561 -0.073626
v -0.192277 0.872377 -0.018670
v -0.193434 0.884487 -0.008684
v -0.197879 0.856712 0.002901
v -0.198055 0.842003 0.002994
v -0.195382 0.849687 -0.012544
v -0.194621 0.835611 -0.013409
v -0.195808 0.790378 0.022680
v -0.157105 0.842630 -0.073515
v -0.167957 0.836342 -0.060915
v -0.159348 0.829843 -0.069505
v -0.035120 0.425060 -0.012703
v -0.035410 0.406132 -0.024390
v -0.024694 0.482810 -0.008219
v -0.037816 0.386122 -0.024335
v -0.036901 0.367761 -0.035180
v -0.021735 0.502381 -0.000554
v -0.020036 0.524647 -0.005682
v -0.021239 0.515098 0.001934
v -0.160152 0.382204 -0.021418
v -0.156236 0.461465 -0.010347
v -0.154674 0.482146 -0.015427
v -0.159350 0.402604 -0.040271
v -0.010689 0.621507 0.028148
v -0.014610 0.604578 0.012486
v -0.010344 0.647197 0.010446
v -0.017265 0.582313 0.019493
v -0.017627 0.563894 0.004247
v -0.169972 0.537545 0.006061
v -0.178482 0.557061 0.001420
v -0.170077 0.518265 -0.006467
v -0.181512 0.595262 0.019839
v -0.165328 0.615372 0.006968
v -0.177926 0.634367 0.026226
v -0.171472 0.654709 0.018223
v -0.039249 0.306178 -0.026641
v -0.043990 0.305438 -0.058869
v -0.037821 0.327016 -0.035701
v -0.038770 0.346206 -0.026616
v -0.155345 0.282538 -0.030527
v -0.151425 0.234018 -0.038109
v -0.152195 0.329519 -0.060944
v -0.148245 0.314154 -0.067071
v -0.153244 0.317679 -0.055918
v -0.127919 0.300499 -0.088738
v -0.148020 0.299572 -0.066308
v -0.139279 0.306515 -0.078501
v -0.137595 0.288792 -0.079437
v -0.141675 0.278412 -0.073887
v -0.147017 0.267846 -0.064972
v -0.143164 0.252942 -0.069870
v -0.149090 0.251493 -0.057207
v -0.157857 0.322628 -0.030411
v -0.151447 0.277516 -0.054467
v -0.160104 0.362245 -0.023540
v -0.149528 0.354890 -0.067878
v -0.147502 0.340259 -0.070513
v -0.121909 0.355637 -0.091336
v -0.134546 0.342966 -0.084176
v -0.137305 0.361574 -0.081856
v -0.109644 0.326186 -0.094860
v -0.142658 0.350576 -0.077912
v -0.136587 0.375927 -0.082584
v -0.120075 0.338883 -0.091497
v -0.127709 0.320550 -0.088659
v -0.133819 0.330542 -0.084638
v -0.007660 0.768683 -0.045420
v -0.001777 0.659264 0.037516
v -0.048964 0.244847 -0.061639
v -0.052602 0.228424 -0.068593
v -0.077464 0.221007 -0.095983
v -0.054458 0.240903 -0.073093
v -0.063330 0.228205 -0.084779
v -0.057820 0.219723 -0.076625
v -0.046801 0.271949 -0.061351
v -0.015238 0.807411 -0.082988
v -0.044455 0.794102 -0.083657
v -0.190846 0.751191 0.031519
v -0.192890 0.771066 0.023397
v -0.190926 0.767482 0.000504
v -0.192756 0.764042 0.012782
v -0.183677 0.712378 0.029600
v -0.185042 0.715162 -0.005964
v -0.177490 0.694027 0.019691
v -0.149592 0.233531 -0.051449
v -0.198261 0.809542 0.021486
v -0.162787 0.853449 -0.068966
v -0.138813 0.838502 -0.088094
v -0.029230 0.472197 -0.006569
v -0.041435 0.364468 -0.062723
v -0.038780 0.365874 -0.022589
v -0.018344 0.543232 0.001995
v -0.163759 0.478653 -0.037221
v -0.159916 0.390571 -0.042381
v -0.161874 0.397033 -0.027138
v -0.152659 0.422435 -0.055923
v -0.014503 0.602053 0.024019
v -0.016329 0.597182 -0.000861
v -0.020834 0.610723 -0.019461
v -0.016361 0.613841 -0.001519
v -0.010007 0.634554 0.007667
v -0.007049 0.647688 0.025888
v -0.018813 0.562293 0.015990
v -0.016594 0.575853 -0.005123
v -0.017927 0.560331 -0.012956
v -0.017526 0.553959 -0.002846
v -0.173491 0.556734 0.011915
v -0.179960 0.576998 0.004670
v -0.173734 0.551311 -0.014040
v -0.145510 0.570031 -0.028056
v -0.155200 0.555841 -0.018636
v -0.162212 0.519487 0.001984
v -0.172074 0.527900 -0.019261
v -0.160463 0.522210 -0.040023
v -0.170854 0.512735 -0.021065
v -0.164465 0.497399 -0.014713
v -0.166538 0.529308 -0.030698
v -0.165223 0.488885 -0.026608
v -0.160338 0.617373 -0.014583
v -0.166267 0.602835 0.005873
v -0.176654 0.610149 0.015067
v -0.165972 0.627978 0.007342
v -0.176950 0.654164 0.028375
v -0.167848 0.645569 0.007529
v -0.171135 0.660511 0.003511
v -0.173606 0.674540 0.017668
v -0.040725 0.300161 -0.048333
v -0.044973 0.291529 -0.059994
v -0.059234 0.319192 -0.081030
v -0.039795 0.316942 -0.050116
v -0.038236 0.335332 -0.046675
v -0.041565 0.347094 -0.059535
v -0.052089 0.337718 -0.074736
v -0.049290 0.353673 -0.072395
v -0.082315 0.354291 -0.092724
v -0.053339 0.373651 -0.077956
v -0.064048 0.349883 -0.085409
v -0.100618 0.344886 -0.094999
v -0.156232 0.355461 -0.057314
v -0.115571 0.310440 -0.094200
v -0.099526 0.313234 -0.096742
v -0.113760 0.293055 -0.095653
v -0.076798 0.308302 -0.092513
v -0.100944 0.273956 -0.098919
v -0.088874 0.306481 -0.095776
v -0.103593 0.286226 -0.098157
v -0.137062 0.318000 -0.081603
v -0.046441 0.240139 -0.051143
v -0.089444 0.189484 -0.102762
v -0.077622 0.245803 -0.094736
v -0.042931 0.275662 -0.049847
v -0.045002 0.259210 -0.052740
v -0.049881 0.258650 -0.066567
v -0.056852 0.272926 -0.078424
v -0.031541 0.800363 -0.083549
v -0.028831 0.785667 -0.076658
v -0.017993 0.775545 -0.064388
v -0.195524 0.780504 0.013130
v -0.189138 0.748698 0.000723
v -0.183865 0.758283 -0.020881
v -0.186820 0.734566 -0.005002
v -0.187967 0.758181 -0.008380
v -0.185879 0.745449 -0.012998
v -0.186971 0.719451 0.006621
v -0.183473 0.699205 0.003049
v -0.178226 0.685627 0.007113
v -0.198480 0.819072 0.011035
v -0.194457 0.809176 -0.006196
v -0.197438 0.799789 0.012193
v -0.146994 0.849602 -0.083494
v -0.114380 0.818537 -0.092665
v -0.037134 0.374252 -0.050111
v -0.036930 0.359471 -0.049343
v -0.041848 0.379008 -0.063073
v -0.039520 0.392099 -0.054643
v -0.042820 0.420767 -0.061341
v -0.042998 0.405216 -0.061547
v -0.037846 0.414020 -0.043374
v -0.036653 0.400569 -0.043803
v -0.019462 0.531596 0.004971
v -0.017930 0.537452 -0.011907
v -0.024478 0.524384 -0.031539
v -0.156415 0.476203 -0.027041
v -0.160817 0.410316 -0.024018
v -0.157463 0.416405 -0.043829
v -0.155884 0.431466 -0.043758
v -0.152352 0.445310 -0.049520
v -0.159409 0.464541 -0.053755
v -0.153781 0.459405 -0.039337
v -0.150437 0.435328 -0.058574
v -0.129354 0.424999 -0.082810
v -0.145535 0.424242 -0.073222
v -0.138286 0.440920 -0.076297
v -0.136788 0.407922 -0.079405
v -0.148195 0.436279 -0.070790
v -0.114891 0.443654 -0.081100
v -0.126151 0.437336 -0.080485
v -0.153708 0.403165 -0.058979
v -0.149781 0.389732 -0.066949
v -0.146362 0.402481 -0.070918
v -0.142915 0.386046 -0.077235
v -0.149599 0.414338 -0.066033
v -0.009466 0.634748 0.024463
v -0.169596 0.586141 0.001048
v -0.155262 0.577717 -0.011444
v -0.170588 0.568613 -0.009153
v -0.159075 0.566114 -0.012760
v -0.140540 0.550288 -0.032859
v -0.157040 0.500992 -0.004599
v -0.167526 0.637150 -0.027007
v -0.173436 0.658126 -0.019098
v -0.155241 0.598161 -0.024197
v -0.174186 0.622375 0.019622
v -0.173874 0.664667 0.023877
v -0.175280 0.683749 0.024507
v -0.051537 0.307217 -0.073105
v -0.063078 0.298487 -0.084707
v -0.048931 0.322132 -0.070039
v -0.066058 0.310467 -0.086683
v -0.059821 0.285765 -0.081463
v -0.076706 0.271749 -0.093636
v -0.087572 0.283470 -0.097079
v -0.075469 0.292477 -0.092403
v -0.063630 0.333993 -0.084795
v -0.069286 0.368555 -0.088733
v -0.056876 0.360830 -0.081474
v -0.101638 0.369399 -0.095259
v -0.119343 0.377805 -0.092350
v -0.127417 0.367515 -0.088865
v -0.125227 0.275881 -0.090697
v -0.128577 0.287832 -0.088178
v -0.094753 0.172341 -0.104956
v -0.110453 0.178495 -0.101248
v -0.075961 0.174890 -0.096110
v -0.113117 0.198734 -0.099474
v -0.084087 0.166487 -0.101140
v -0.072985 0.233287 -0.092667
v -0.065186 0.244447 -0.086838
v -0.070418 0.258348 -0.090132
v -0.061578 0.262979 -0.083379
v -0.050712 0.279081 -0.070211
v -0.013779 0.787912 -0.067724
v -0.185675 0.788546 -0.027000
v -0.123882 0.831817 -0.095959
v -0.108991 0.835971 -0.103040
v -0.133249 0.817513 -0.084580
v -0.039759 0.433844 -0.045674
v -0.035736 0.414678 -0.031794
v -0.144293 0.494904 -0.056729
v -0.145999 0.558277 -0.025795
v -0.143183 0.530499 -0.036946
v -0.151754 0.543081 -0.026020
v -0.155486 0.534131 -0.034723
v -0.163496 0.623986 -0.026157
v -0.157495 0.604563 -0.012796
v -0.159142 0.610299 -0.025185
v -0.141424 0.590850 -0.055245
v -0.150208 0.583902 -0.024244
v -0.150967 0.591520 -0.040201
v -0.155924 0.603038 -0.036114
v -0.143431 0.575307 -0.045724
v -0.114851 0.566269 -0.068340
v -0.141954 0.562618 -0.039702
v -0.131545 0.562844 -0.057243
v -0.135332 0.577288 -0.057970
v -0.115864 0.595109 -0.063987
v -0.128978 0.589165 -0.062845
v -0.117160 0.580767 -0.066737
v -0.075189 0.577457 -0.060722
v -0.096618 0.575514 -0.062131
v -0.155045 0.590531 -0.013679
v -0.069141 0.281464 -0.089399
v -0.083042 0.332812 -0.093367
v -0.095599 0.326840 -0.095778
v -0.084453 0.319329 -0.094393
v -0.095375 0.357409 -0.094800
v -0.085088 0.370412 -0.093601
v -0.074049 0.404609 -0.087934
v -0.056414 0.412350 -0.076870
v -0.075513 0.386211 -0.090657
v -0.100470 0.398015 -0.093044
v -0.060474 0.393353 -0.081326
v -0.085912 0.396476 -0.091215
v -0.094385 0.383425 -0.094118
v -0.108182 0.386347 -0.093143
v -0.052563 0.400784 -0.074426
v -0.053119 0.385375 -0.076611
v -0.064131 0.380617 -0.084811
v -0.114104 0.365951 -0.093017
v -0.127422 0.256542 -0.089063
v -0.070095 0.198112 -0.090663
v -0.066618 0.213139 -0.087762
v -0.060185 0.201825 -0.079709
v -0.068654 0.166910 -0.089839
v -0.109287 0.220628 -0.099536
v -0.103141 0.189993 -0.102996
v -0.095603 0.207644 -0.102849
v -0.191045 0.795016 -0.012944
v -0.189840 0.810135 -0.025109
v -0.188379 0.777899 -0.013190
v -0.193287 0.821254 -0.016233
v -0.177884 0.807195 -0.042291
v -0.191849 0.779569 -0.001500
v -0.182390 0.772895 -0.027045
v -0.167002 0.753288 -0.047300
v -0.176354 0.759855 -0.035325
v -0.168325 0.782361 -0.048337
v -0.177410 0.782135 -0.037025
v -0.174209 0.794018 -0.043750
v -0.174663 0.740565 -0.035473
v -0.181016 0.745982 -0.025190
v -0.169698 0.767872 -0.045624
v -0.146211 0.768628 -0.065618
v -0.158835 0.763169 -0.057055
v -0.156862 0.778988 -0.059161
v -0.148885 0.753094 -0.064675
v -0.109043 0.752801 -0.073722
v -0.157907 0.743127 -0.056366
v -0.128708 0.757270 -0.067952
v -0.137554 0.793534 -0.071847
v -0.145118 0.782820 -0.066201
v -0.157804 0.801721 -0.062743
v -0.127511 0.776451 -0.072386
v -0.168855 0.803852 -0.053350
v -0.162247 0.790682 -0.056760
v -0.141175 0.826946 -0.082797
v -0.040787 0.422811 -0.049889
v -0.040357 0.435668 -0.060597
v -0.032542 0.447636 -0.044845
v -0.040198 0.477090 -0.040058
v -0.037627 0.462526 -0.046747
v -0.027675 0.468431 -0.033334
v -0.029308 0.455771 -0.034629
v -0.030280 0.486818 -0.025658
v -0.037191 0.425255 -0.037824
v -0.157565 0.482787 -0.054015
v -0.163830 0.491925 -0.043158
v -0.160179 0.506974 -0.044039
v -0.155278 0.497020 -0.050631
v -0.133664 0.468303 -0.065828
v -0.141602 0.455659 -0.070548
v -0.148540 0.467646 -0.063595
v -0.124843 0.455691 -0.073739
v -0.141401 0.480295 -0.060084
v -0.113093 0.477116 -0.078150
v -0.128135 0.484140 -0.071210
v -0.110286 0.457494 -0.077356
v -0.121437 0.468609 -0.071828
v -0.098798 0.516924 -0.073100
v -0.112233 0.498305 -0.067380
v -0.116848 0.489065 -0.074824
v -0.136551 0.540121 -0.037548
v -0.128176 0.513185 -0.055465
v -0.146578 0.516819 -0.052268
v -0.149976 0.524699 -0.044166
v -0.135040 0.522020 -0.045806
v -0.139841 0.507523 -0.061410
v -0.128097 0.501146 -0.071550
v -0.135788 0.493096 -0.066015
v -0.118474 0.547754 -0.062293
v -0.135262 0.553008 -0.047839
v -0.088718 0.593805 -0.058228
v -0.088492 0.343783 -0.094063
v -0.074796 0.343173 -0.090325
v -0.071601 0.323279 -0.089805
v -0.075970 0.435198 -0.082046
v -0.059004 0.441948 -0.069452
v -0.119508 0.404033 -0.089274
v -0.114550 0.264325 -0.096620
v -0.113494 0.277569 -0.096504
v -0.130177 0.243494 -0.086121
v -0.077292 0.188412 -0.096823
v -0.081688 0.202772 -0.099282
v -0.116490 0.210610 -0.097312
v -0.121844 0.224764 -0.093587
v -0.106143 0.235954 -0.100100
v -0.090486 0.238580 -0.100650
v -0.191773 0.829545 -0.026759
v -0.184141 0.800707 -0.032168
v -0.121775 0.734004 -0.065456
v -0.142030 0.808162 -0.074474
v -0.120677 0.801311 -0.081862
v -0.134593 0.767765 -0.068361
v -0.117548 0.765216 -0.073511
v -0.109514 0.783178 -0.080816
v -0.034091 0.491984 -0.040356
v -0.026841 0.503552 -0.031918
v -0.022509 0.491382 -0.016258
v -0.023730 0.476666 -0.021090
v -0.080687 0.543729 -0.063471
v -0.122318 0.558825 -0.063641
v -0.116355 0.529142 -0.056498
v -0.101807 0.589535 -0.063952
v -0.105116 0.602055 -0.058134
v -0.133148 0.629392 -0.056467
v -0.115827 0.619042 -0.056320
v -0.134138 0.609299 -0.060310
v -0.149677 0.610353 -0.051041
v -0.154835 0.632535 -0.050238
v -0.162556 0.630216 -0.038652
v -0.142363 0.619777 -0.056848
v -0.148629 0.598623 -0.049248
v -0.155606 0.620716 -0.046993
v -0.059907 0.615760 -0.063670
v -0.086490 0.582412 -0.062481
v -0.069829 0.419933 -0.082258
v -0.092032 0.419081 -0.088578
v -0.064059 0.431327 -0.076841
v -0.050653 0.429021 -0.070457
v -0.080987 0.424186 -0.085502
v -0.074341 0.457524 -0.076228
v -0.058636 0.473270 -0.059995
v -0.049046 0.470697 -0.049528
v -0.045823 0.489144 -0.057248
v -0.120921 0.390905 -0.090578
v -0.127210 0.412962 -0.084942
v -0.110913 0.422076 -0.087622
v -0.113920 0.250836 -0.097142
v -0.091910 0.222925 -0.101817
v -0.119766 0.747047 -0.068153
v -0.133457 0.744101 -0.065946
v -0.122681 0.811943 -0.086334
v -0.125124 0.789374 -0.076386
v -0.097527 0.801954 -0.089077
v -0.099980 0.550888 -0.070072
v -0.084484 0.561429 -0.058955
v -0.089477 0.552072 -0.064449
v -0.126981 0.529359 -0.050791
v -0.120233 0.539754 -0.054328
v -0.113093 0.514118 -0.063828
v -0.107173 0.507998 -0.072856
v -0.098167 0.675423 -0.068572
v -0.127781 0.618661 -0.056875
v -0.120691 0.607393 -0.060930
v -0.067342 0.597096 -0.056249
v -0.070255 0.445108 -0.075380
v -0.056684 0.456854 -0.061999
v -0.064933 0.465041 -0.069301
v -0.081018 0.489132 -0.063150
v -0.095214 0.499240 -0.063719
v -0.068576 0.481168 -0.070584
v -0.096768 0.481997 -0.070552
v -0.063818 0.493453 -0.057254
v -0.099830 0.472087 -0.080212
v -0.083048 0.474145 -0.077151
v -0.056586 0.485278 -0.063722
v -0.050987 0.505857 -0.050808
v -0.084713 0.462411 -0.080502
v -0.085712 0.447130 -0.083684
v -0.100364 0.444373 -0.084458
v -0.090846 0.434109 -0.086156
v -0.040961 0.499653 -0.052380
v -0.072475 0.518107 -0.063793
v -0.064755 0.508160 -0.055800
v -0.079460 0.504530 -0.060020
v -0.085640 0.514650 -0.068040
v -0.088607 0.531513 -0.073302
v -0.075723 0.531241 -0.067662
v -0.046646 0.543881 -0.051432
v -0.053194 0.525415 -0.057921
v -0.102802 0.530556 -0.065320
v -0.064640 0.554214 -0.056239
v -0.031513 0.573021 -0.042594
v -0.042420 0.518887 -0.048183
v -0.030481 0.519253 -0.042473
v -0.032498 0.537485 -0.041317
v -0.076343 0.552906 -0.057592
v -0.023776 0.562529 -0.029822
v -0.020972 0.574822 -0.020568
v -0.040866 0.531933 -0.050534
v -0.035185 0.555320 -0.043027
v -0.024782 0.537092 -0.031098
v -0.049260 0.560975 -0.051650
v -0.061139 0.569901 -0.057785
v -0.063346 0.583649 -0.056142
v -0.040252 0.597417 -0.052633
v -0.046007 0.579020 -0.052534
v -0.053781 0.593819 -0.053923
v -0.050020 0.606263 -0.058917
v -0.047645 0.623725 -0.050487
v -0.035245 0.585374 -0.047612
v -0.031099 0.599435 -0.035276
v -0.024586 0.588028 -0.027355
v -0.103051 0.411300 -0.090899
v -0.108500 0.796108 -0.083881
v -0.111813 0.554518 -0.069482
v -0.101863 0.563289 -0.064665
v -0.111758 0.648696 -0.065802
v -0.077080 0.589401 -0.057654
v -0.079875 0.609048 -0.059082
v -0.068067 0.608126 -0.060672
v -0.108621 0.541712 -0.068709
v -0.060952 0.538977 -0.055361
v -0.042156 0.610463 -0.046214
v -0.069119 0.652121 -0.060401
v -0.083256 0.633081 -0.069419
v -0.085747 0.621055 -0.063109
v -0.101939 0.632076 -0.062066
v -0.072250 0.623197 -0.067349
v -0.069606 0.637814 -0.065127
v -0.053519 0.641491 -0.054026
v -0.027238 0.610073 -0.030401
v -0.117636 0.635683 -0.057091
v -0.095928 0.644789 -0.070295
v -0.102218 0.660139 -0.071316
v -0.081274 0.647924 -0.068331
v -0.081772 0.666384 -0.063146
v -0.056919 0.629174 -0.060266
v -0.045620 0.674742 -0.051035
v -0.089469 0.658254 -0.069123
v -0.076159 0.699909 -0.066630
v -0.052869 0.659361 -0.057059
v -0.063486 0.677371 -0.062455
v -0.054174 0.671055 -0.058364
v -0.083816 0.684233 -0.062774
v -0.107292 0.705690 -0.064508
v -0.071403 0.687695 -0.065136
v -0.059634 0.699799 -0.059818
v -0.075220 0.676103 -0.062509
v -0.098645 0.691454 -0.064625
v -0.066560 0.726426 -0.073995
v -0.045868 0.692037 -0.052684
v -0.091103 0.705663 -0.064109
v -0.067098 0.713267 -0.064605
v -0.031276 0.698782 -0.052736
v -0.057095 0.687314 -0.057437
v -0.099536 0.726844 -0.069774
v -0.107973 0.738697 -0.070359
v -0.087991 0.745284 -0.077815
v -0.052667 0.718303 -0.069360
v -0.099227 0.715369 -0.064477
v -0.114406 0.719976 -0.064394
v -0.082686 0.721431 -0.067381
v -0.051054 0.744039 -0.064585
v -0.087765 0.732082 -0.074329
v -0.054737 0.732104 -0.070140
v -0.065681 0.741789 -0.076835
v -0.093935 0.766610 -0.081425
v -0.097190 0.754654 -0.078259
v -0.106668 0.770150 -0.079045
v -0.091608 0.784563 -0.085657
v -0.070459 0.800673 -0.088804
v -0.077262 0.773125 -0.083373
v -0.084239 0.796712 -0.087595
v -0.073682 0.787353 -0.083342
v -0.059199 0.791173 -0.083901
v -0.048629 0.778458 -0.077994
v -0.063804 0.777071 -0.077325
v -0.049235 0.762155 -0.068727
v -0.059171 0.753332 -0.070903
v -0.083056 0.757773 -0.080369
v -0.034567 0.722084 -0.049968
v -0.045243 0.726401 -0.059799
v -0.034100 0.709597 -0.047202
v -0.019824 0.739932 -0.055602
v -0.035187 0.737194 -0.055006
v -0.031181 0.753400 -0.064564
v -0.024058 0.764156 -0.066282
v -0.043133 0.752840 -0.063571
v -0.012431 0.747998 -0.049078
v -0.012260 0.734505 -0.045993
v -0.023014 0.727845 -0.051169
v -0.019720 0.751891 -0.059610
v -0.009868 0.756997 -0.041260
v -0.099749 0.865475 -0.112110
v -0.012474 0.654165 -0.016270
v -0.032196 0.651062 -0.037877
v -0.018477 0.676597 -0.035804
v -0.022291 0.690771 -0.032250
v -0.025218 0.686516 -0.045722
v -0.032863 0.673712 -0.041497
v -0.037370 0.684069 -0.047295
v -0.025507 0.663606 -0.032052
v -0.039548 0.661219 -0.046891
v -0.040784 0.646878 -0.049088
v -0.032299 0.634823 -0.041079
v -0.014837 0.672912 -0.014942
v -0.022646 0.640047 -0.024437
v -0.024847 0.624695 -0.025944
v -0.018947 0.630512 -0.016116
v -0.041591 0.634553 -0.049568
v -0.018078 0.619387 -0.012075
v -0.012703 0.662362 -0.006251
v -0.014430 0.664775 -0.024847
v -0.015485 0.685421 -0.021226
v -0.022101 0.652960 -0.025065
v -0.046350 0.812549 -0.093927
v -0.056576 0.803690 -0.089828
v -0.069488 0.820421 -0.102637
v -0.084585 0.812196 -0.096091
v -0.080370 0.830584 -0.107388
v -0.056470 0.828934 -0.106960
v -0.099924 0.814483 -0.096379
v -0.097531 0.826623 -0.103625
v -0.034988 0.818045 -0.095404
v -0.047063 0.822648 -0.101053
v -0.021393 0.517782 -0.019233
v -0.169077 0.644695 -0.013972
v -0.174161 0.692072 -0.033880
v -0.143589 0.696382 -0.060658
v -0.127509 0.704808 -0.069756
v -0.181420 0.698470 -0.016547
v -0.180730 0.687341 -0.007189
v -0.155833 0.718006 -0.054111
v -0.125272 0.676360 -0.068040
v -0.153961 0.730354 -0.058351
v -0.140879 0.718876 -0.067084
v -0.165628 0.729815 -0.045776
v -0.127604 0.721800 -0.067712
v -0.111827 0.684438 -0.070451
v -0.117116 0.663002 -0.068045
v -0.141254 0.658125 -0.052477
v -0.129999 0.664667 -0.060118
v -0.127946 0.648696 -0.055987
v -0.143894 0.677719 -0.054058
v -0.168759 0.710433 -0.040606
v -0.125135 0.690538 -0.070366
v -0.109723 0.672079 -0.071160
v -0.180717 0.715500 -0.024119
v -0.176843 0.727312 -0.030875
v -0.178112 0.703193 -0.027991
v -0.139364 0.706500 -0.066022
v -0.135952 0.684573 -0.063261
v -0.165297 0.665835 -0.042912
v -0.163656 0.647565 -0.043774
v -0.170183 0.656150 -0.033333
v -0.175074 0.674036 -0.028709
v -0.177930 0.676899 -0.015710
v -0.154933 0.657618 -0.048566
v -0.147713 0.645115 -0.051463
v -0.168500 0.679899 -0.040036
v -0.156959 0.676263 -0.048079
v -0.160005 0.694861 -0.047144
v -0.159671 0.707340 -0.048898
v -0.178641 0.687385 -0.022945
v -0.136659 0.640653 -0.053718
v -0.150090 0.688915 -0.052871
v -0.086695 0.259304 -0.098480
v -0.062890 0.184728 -0.083163
v -0.160058 0.814837 -0.065403
v -0.010429 0.644470 -0.004330
v 0.058344 0.125583 -0.048870
v 0.062420 0.125752 -0.067163
v 0.070135 0.126276 -0.084223
v 0.082652 0.127038 -0.098150
v 0.099589 0.127758 -0.106130
v 0.118286 0.128217 -0.107287
v 0.135334 0.128087 -0.099533
v 0.146627 0.127427 -0.084595
v 0.149673 0.126570 -0.066125
v 0.180381 0.971859 -0.013115
v 0.172415 0.971839 -0.035649
v 0.159317 0.971531 -0.055933
v 0.142939 0.970384 -0.073935
v 0.124329 0.967599 -0.088680
v 0.103721 0.964339 -0.099952
v 0.081680 0.961402 -0.107501
v 0.058858 0.958607 -0.111779
v 0.035856 0.955439 -0.113036
v 0.012815 0.952917 -0.114221
v 0.149893 0.136626 -0.056326
v 0.125971 0.196232 -0.100326
v 0.149725 0.863918 -0.082003
v 0.183794 0.959873 -0.002244
v 0.171441 0.915158 -0.048093
v 0.056860 0.156204 -0.058548
v 0.056639 0.136608 -0.039670
v 0.055121 0.152334 -0.042963
v 0.057601 0.140366 -0.055359
v 0.059278 0.903252 -0.123024
v 0.004144 0.941521 -0.117136
v 0.141308 0.163675 -0.090727
v 0.108169 0.163951 -0.105590
v 0.123786 0.912947 -0.099304
v 0.168560 0.944230 -0.047276
v 0.064265 0.145555 -0.076033
v 0.053951 0.931738 -0.119172
v 0.141629 0.144548 -0.091819
v 0.149599 0.144197 -0.074160
v 0.108531 0.144787 -0.106766
v 0.119908 0.940700 -0.098250
v 0.167097 0.959498 -0.046711
v 0.177776 0.955026 -0.025518
v 0.153272 0.951154 -0.067899
v 0.065076 0.133513 -0.076009
v 0.075075 0.143142 -0.091479
v 0.050577 0.946112 -0.115806
v 0.076644 0.941969 -0.114399
v 0.029171 0.935941 -0.118317
v 0.117297 0.955167 -0.096799
v 0.136533 0.952681 -0.084240
v 0.099200 0.945245 -0.107535
v 0.152742 0.963360 -0.065961
v 0.072511 0.191764 -0.089178
v 0.072541 0.953172 -0.112105
v 0.026348 0.947148 -0.115571
v 0.095055 0.956271 -0.106146
v 0.070393 0.167083 -0.086849
v 0.069622 0.153743 -0.085258
v 0.061680 0.162403 -0.073339
v 0.053116 0.187557 -0.056156
v 0.062391 0.181270 -0.076762
v 0.056217 0.172349 -0.061495
v 0.052453 0.173940 -0.043151
v 0.053386 0.163124 -0.038268
v 0.050274 0.189809 -0.040294
v 0.049351 0.219752 -0.053196
v 0.050302 0.203142 -0.050592
v 0.048402 0.203099 -0.036863
v 0.059391 0.208497 -0.074279
v 0.054833 0.199690 -0.063798
v 0.088341 0.384105 -0.092576
v 0.090221 0.538204 -0.058177
v 0.101432 0.717020 -0.070771
v 0.008970 0.698373 -0.005851
v 0.001724 0.712571 0.032890
v 0.000408 0.728922 0.044831
v 0.147014 0.218731 -0.076634
v 0.186362 0.861683 -0.033965
v 0.082220 0.810172 -0.094866
v 0.184688 0.919512 -0.015981
v 0.024768 0.903969 -0.122290
v 0.150784 0.177753 -0.068829
v 0.126708 0.154524 -0.102706
v 0.127100 0.139695 -0.103848
v 0.146364 0.153723 -0.083134
v 0.147710 0.167279 -0.078299
v 0.141567 0.185722 -0.088865
v 0.151659 0.161008 -0.061642
v 0.158317 0.928887 -0.065190
v 0.090053 0.153782 -0.101940
v 0.079060 0.158881 -0.094549
v 0.090443 0.138920 -0.102548
v 0.076865 0.920023 -0.118685
v 0.012253 0.922944 -0.120527
v 0.104924 0.924635 -0.108899
v 0.069990 0.179672 -0.086653
v 0.045325 0.235883 -0.039463
v 0.063102 0.195459 -0.079009
v 0.142197 0.381065 -0.077818
v 0.067847 0.304000 -0.086506
v 0.044057 0.359926 -0.064140
v 0.046510 0.441699 -0.065555
v 0.142239 0.534969 -0.050829
v 0.031713 0.517088 -0.040516
v 0.042898 0.611966 -0.045740
v 0.039192 0.742250 -0.073965
v 0.164294 0.771327 -0.048951
v 0.160074 0.692776 -0.039256
v 0.008200 0.671750 0.016588
v -0.002304 0.722802 -0.019870
v 0.003576 0.710806 0.048774
v 0.000962 0.718157 0.026021
v 0.003282 0.719113 0.004633
v 0.003382 0.700780 0.039121
v 0.152470 0.237282 -0.060688
v 0.152737 0.216876 -0.057259
v 0.191919 0.882309 -0.011309
v 0.195099 0.845050 -0.005601
v 0.039190 0.814057 -0.092369
v 0.187888 0.921701 0.002112
v 0.190171 0.901905 -0.004082
v 0.184176 0.939772 -0.009615
v 0.006363 0.904385 -0.122349
v 0.015723 0.884466 -0.121156
v 0.037762 0.918887 -0.121071
v 0.055241 0.917436 -0.121484
v 0.042144 0.904893 -0.122468
v 0.024011 0.915697 -0.121406
v 0.151749 0.176466 -0.054051
v 0.125357 0.175421 -0.102159
v 0.136638 0.154319 -0.096268
v 0.115271 0.154475 -0.105748
v 0.140011 0.205543 -0.089755
v 0.150841 0.148159 -0.061965
v 0.160314 0.941251 -0.060508
v 0.139688 0.929835 -0.085381
v 0.101438 0.154176 -0.105243
v 0.069545 0.931260 -0.118292
v 0.096630 0.888044 -0.114454
v 0.015196 0.933786 -0.118807
v 0.107953 0.936131 -0.105241
v 0.119878 0.926579 -0.100676
v 0.089199 0.931086 -0.114115
v 0.046486 0.219649 -0.037061
v 0.045199 0.234609 -0.027350
v 0.043445 0.255435 -0.035715
v 0.157744 0.377795 -0.052801
v 0.136760 0.320869 -0.084513
v 0.141285 0.440963 -0.068674
v 0.043422 0.297856 -0.054337
v 0.036905 0.355722 -0.035681
v 0.034689 0.416526 -0.036917
v 0.151132 0.533938 -0.020525
v 0.161605 0.591891 -0.043008
v 0.019300 0.512492 -0.010860
v 0.018815 0.578216 -0.016422
v 0.023277 0.756232 -0.055119
v 0.188286 0.769306 -0.014091
v 0.186068 0.709726 -0.015086
v 0.176889 0.650281 -0.027280
v 0.005462 0.666375 0.033627
v -0.001812 0.684294 0.034507
v 0.010473 0.647580 0.020697
v 0.003112 0.676914 0.026732
v 0.000373 0.693825 0.013773
v 0.010633 0.654129 0.032595
v 0.004451 0.736489 -0.016123
v 0.005263 0.741977 -0.038847
v 0.006474 0.723944 -0.010302
v -0.001239 0.711605 -0.002137
v -0.002211 0.734659 -0.028369
v 0.001324 0.717585 0.040565
v 0.002090 0.728278 0.004728
v 0.005079 0.696269 0.051498
v 0.001923 0.710424 0.021936
v 0.003408 0.713662 0.007537
v 0.003005 0.701340 0.024238
v 0.153677 0.256804 -0.054082
v 0.153474 0.236025 -0.047113
v 0.152534 0.215838 -0.045618
v 0.152495 0.196920 -0.058599
v 0.150857 0.225797 -0.066484
v 0.194580 0.883687 0.006574
v 0.196075 0.864242 0.000803
v 0.197913 0.845432 0.011598
v 0.196677 0.824710 0.005649
v 0.016706 0.815449 -0.089831
v 0.037494 0.848939 -0.112620
v 0.183143 0.898627 -0.030392
v 0.192283 0.903264 0.010020
v 0.177302 0.932955 -0.030731
v 0.182844 0.951108 -0.012530
v 0.186607 0.941260 0.005232
v 0.011611 0.866796 -0.117774
v 0.037298 0.870970 -0.119346
v 0.048523 0.886814 -0.121953
v 0.023248 0.873819 -0.119453
v 0.026283 0.859429 -0.116132
v 0.016740 0.842526 -0.108456
v 0.072914 0.885286 -0.120377
v 0.009171 0.853639 -0.113294
v 0.061271 0.891326 -0.122832
v 0.059211 0.869755 -0.120211
v 0.001492 0.885446 -0.121327
v 0.105598 0.186723 -0.104465
v 0.086460 0.180155 -0.099431
v 0.132167 0.185304 -0.097588
v 0.103922 0.254968 -0.100292
v 0.132630 0.940505 -0.089231
v 0.105708 0.905408 -0.110202
v 0.158751 0.375930 -0.037199
v 0.157107 0.356466 -0.046977
v 0.158348 0.397045 -0.041854
v 0.153489 0.317873 -0.059423
v 0.153487 0.478773 -0.047958
v 0.158367 0.437457 -0.044053
v 0.040973 0.295256 -0.033258
v 0.039073 0.353922 -0.020079
v 0.036455 0.375261 -0.024729
v 0.038510 0.334301 -0.030262
v 0.033516 0.413524 -0.016114
v 0.035441 0.455713 -0.027874
v 0.165540 0.534153 -0.010895
v 0.162976 0.513248 -0.023277
v 0.154445 0.555467 -0.010130
v 0.160786 0.525565 -0.019689
v 0.163892 0.546830 -0.006455
v 0.159329 0.592308 -0.013387
v 0.022615 0.510830 0.006176
v 0.017134 0.534245 0.001357
v 0.025431 0.489548 -0.006886
v 0.018849 0.521238 -0.000581
v 0.025906 0.497605 0.004582
v 0.015648 0.572729 0.008337
v 0.006331 0.763560 -0.051416
v 0.190921 0.768107 0.007826
v 0.187836 0.708546 0.005762
v 0.182104 0.669130 -0.005504
v 0.172103 0.630187 -0.008454
v -0.001587 0.680196 0.046867
v 0.007566 0.629757 0.027496
v 0.008201 0.683971 0.003710
v 0.035161 0.675663 -0.042753
v 0.006719 0.681742 -0.027902
v 0.013865 0.684600 -0.013223
v 0.003147 0.659941 -0.005943
v 0.010425 0.669405 0.001430
v 0.009157 0.655880 0.007820
v 0.013164 0.638682 0.003757
v 0.003429 0.644379 0.010067
v 0.004053 0.674089 -0.013279
v -0.001384 0.751709 -0.031959
v 0.001836 0.701848 0.003112
v 0.154068 0.255681 -0.042341
v 0.154467 0.276664 -0.051621
v 0.148212 0.193717 -0.075047
v 0.150344 0.206775 -0.069055
v 0.192688 0.859606 -0.016356
v 0.188796 0.873485 -0.024246
v 0.187119 0.886679 -0.024814
v 0.197016 0.864839 0.014698
v 0.199163 0.825986 0.018657
v 0.196381 0.806704 0.011738
v 0.187412 0.806446 -0.026836
v 0.192881 0.811548 -0.008206
v 0.004077 0.815872 -0.088299
v 0.026450 0.788988 -0.074731
v 0.186159 0.906434 -0.018444
v 0.179543 0.914590 -0.032118
v 0.182423 0.930653 -0.018167
v 0.170119 0.929709 -0.046625
v 0.175611 0.944845 -0.033719
v 0.031562 0.890257 -0.121833
v 0.033641 0.830866 -0.102892
v 0.012318 0.828688 -0.099380
v 0.080001 0.902240 -0.119445
v 0.091886 0.912761 -0.116050
v 0.047618 0.859661 -0.117322
v 0.079426 0.841546 -0.110186
v 0.058188 0.843158 -0.112376
v 0.118413 0.186220 -0.103327
v 0.098639 0.174332 -0.103804
v 0.119712 0.227403 -0.100287
v 0.138168 0.258864 -0.087519
v 0.145317 0.240761 -0.079941
v 0.158251 0.355482 -0.034645
v 0.156743 0.336580 -0.046185
v 0.149470 0.362239 -0.067147
v 0.159254 0.395248 -0.029644
v 0.151022 0.396497 -0.063109
v 0.159311 0.416172 -0.036014
v 0.156508 0.316158 -0.043610
v 0.155097 0.297042 -0.050472
v 0.163090 0.475908 -0.028359
v 0.160926 0.435457 -0.028257
v 0.161869 0.455421 -0.032928
v 0.042483 0.293990 -0.021343
v 0.043115 0.276221 -0.045968
v 0.039279 0.373165 -0.012693
v 0.035868 0.393791 -0.018062
v 0.037245 0.375138 -0.047866
v 0.041133 0.333701 -0.018010
v 0.040109 0.340385 -0.052398
v 0.040172 0.315685 -0.041859
v 0.035726 0.412174 -0.004468
v 0.031285 0.432983 -0.011031
v 0.168693 0.513886 -0.010702
v 0.166375 0.495070 -0.020970
v 0.165633 0.483448 -0.018948
v 0.153742 0.498505 -0.037444
v 0.162082 0.502419 -0.029263
v 0.157008 0.572063 -0.001519
v 0.160804 0.560488 -0.000812
v 0.153848 0.572400 -0.024663
v 0.158401 0.587223 0.000852
v 0.152712 0.567750 -0.012931
v 0.021401 0.530262 0.014149
v 0.017119 0.551101 0.011287
v 0.030894 0.472186 -0.002803
v 0.028573 0.483164 0.002936
v 0.026905 0.475065 -0.023527
v 0.030156 0.452628 -0.007272
v 0.026929 0.478537 -0.011863
v 0.017216 0.570017 0.022120
v 0.014859 0.592097 0.016443
v 0.011501 0.750922 -0.048931
v 0.190905 0.767485 0.020242
v 0.189634 0.748286 0.009482
v 0.186613 0.708205 0.017612
v 0.184788 0.688685 0.005392
v 0.178811 0.669246 0.009412
v 0.175539 0.649749 0.000380
v 0.166244 0.631322 0.005611
v 0.163174 0.611414 -0.002872
v 0.012552 0.639999 0.031424
v 0.194270 0.787213 0.010687
v 0.189940 0.790627 -0.011340
v 0.190990 0.831326 -0.026296
v 0.190318 0.847278 -0.025809
v 0.011866 0.799341 -0.076696
v 0.026951 0.803758 -0.083669
v 0.018982 0.773515 -0.063791
v 0.009719 0.785848 -0.067043
v 0.029410 0.840530 -0.108298
v 0.028351 0.820740 -0.095323
v 0.093895 0.900232 -0.116172
v 0.084561 0.864279 -0.115018
v 0.064913 0.822969 -0.102523
v 0.044925 0.838133 -0.108546
v 0.127570 0.212769 -0.098217
v 0.105576 0.209614 -0.103314
v 0.136579 0.228195 -0.091397
v 0.116114 0.215681 -0.101529
v 0.149113 0.269371 -0.071613
v 0.150169 0.251098 -0.068652
v 0.146010 0.258804 -0.077705
v 0.150656 0.376985 -0.066098
v 0.155972 0.365471 -0.056406
v 0.153400 0.346215 -0.060686
v 0.153821 0.332067 -0.059174
v 0.146954 0.325458 -0.072506
v 0.136588 0.346612 -0.082914
v 0.145885 0.349375 -0.072436
v 0.139827 0.333560 -0.080720
v 0.148644 0.337481 -0.069250
v 0.156868 0.390596 -0.053316
v 0.129419 0.411753 -0.083531
v 0.155481 0.410139 -0.052407
v 0.145221 0.415154 -0.069789
v 0.157095 0.423592 -0.047485
v 0.151355 0.433421 -0.058694
v 0.151501 0.420366 -0.059127
v 0.144068 0.428214 -0.068784
v 0.155849 0.295518 -0.038828
v 0.146173 0.297989 -0.075063
v 0.144727 0.312069 -0.076713
v 0.152876 0.456537 -0.053818
v 0.154136 0.444384 -0.052936
v 0.159287 0.467473 -0.040806
v 0.163743 0.464395 -0.023331
v 0.042678 0.270401 -0.031491
v 0.041716 0.282645 -0.035109
v 0.055142 0.252022 -0.071607
v 0.034452 0.404136 -0.028639
v 0.038815 0.397811 -0.050842
v 0.036357 0.368781 -0.036437
v 0.037953 0.343355 -0.039822
v 0.041366 0.303168 -0.043153
v 0.040327 0.309643 -0.027497
v 0.039256 0.329614 -0.043347
v 0.046922 0.320202 -0.065213
v 0.033730 0.431656 0.000133
v 0.032279 0.425481 -0.024506
v 0.033097 0.440988 -0.023909
v 0.041289 0.442028 -0.044258
v 0.036860 0.430698 -0.036914
v 0.044036 0.421726 -0.057094
v 0.160688 0.486237 -0.037384
v 0.120971 0.499602 -0.065447
v 0.143757 0.517027 -0.032271
v 0.015434 0.559702 -0.007449
v 0.020870 0.496243 -0.027632
v 0.032059 0.464527 -0.015429
v 0.016142 0.589202 0.028814
v 0.014169 0.611863 0.021115
v 0.015259 0.588987 -0.002214
v 0.015151 0.576600 -0.004116
v 0.014395 0.606798 0.002920
v 0.020806 0.605973 -0.027173
v 0.017563 0.593445 -0.017358
v 0.017834 0.607126 -0.012156
v 0.016004 0.623591 -0.005545
v 0.013598 0.619649 0.008398
v 0.189884 0.757325 -0.003624
v 0.188167 0.733725 -0.009992
v 0.189509 0.744392 -0.002794
v 0.189699 0.728664 0.008720
v 0.181508 0.688886 0.016445
v 0.183870 0.687779 -0.016359
v 0.186356 0.698478 -0.005474
v 0.177117 0.643566 -0.013771
v 0.180544 0.657727 -0.014954
v 0.177346 0.672049 -0.031136
v 0.170477 0.650715 0.011433
v 0.162836 0.611494 0.009311
v 0.159852 0.600193 0.002900
v 0.169445 0.610240 -0.026867
v 0.174002 0.629981 -0.029280
v 0.180786 0.783599 -0.032539
v 0.190137 0.802385 -0.015210
v 0.193303 0.798825 0.000051
v 0.190973 0.779741 -0.001215
v 0.193950 0.830528 -0.009946
v 0.190671 0.818178 -0.020969
v 0.048034 0.770048 -0.068864
v 0.006380 0.775532 -0.057907
v 0.070738 0.854183 -0.115667
v 0.073588 0.872230 -0.118842
v 0.067473 0.834325 -0.108916
v 0.091377 0.197978 -0.100791
v 0.082195 0.191192 -0.096525
v 0.079009 0.230198 -0.093662
v 0.088891 0.216060 -0.099656
v 0.072293 0.211799 -0.089333
v 0.097684 0.234998 -0.101227
v 0.081776 0.205564 -0.095970
v 0.100602 0.221976 -0.102188
v 0.127413 0.244879 -0.095962
v 0.144213 0.229009 -0.082197
v 0.141306 0.217549 -0.087427
v 0.152806 0.267703 -0.059936
v 0.138320 0.364047 -0.080700
v 0.109071 0.359515 -0.093621
v 0.123412 0.377750 -0.091163
v 0.125480 0.357496 -0.089792
v 0.133582 0.374730 -0.084610
v 0.114486 0.332614 -0.094457
v 0.128160 0.336186 -0.089630
v 0.116077 0.346953 -0.093131
v 0.140213 0.399023 -0.077478
v 0.126355 0.394858 -0.087802
v 0.107685 0.389214 -0.092618
v 0.152008 0.303797 -0.063080
v 0.151945 0.287361 -0.063873
v 0.137536 0.281067 -0.086512
v 0.145849 0.284081 -0.075853
v 0.049373 0.238709 -0.058368
v 0.042719 0.311785 -0.054891
v 0.038855 0.472435 -0.053901
v 0.045003 0.434673 -0.054694
v 0.135749 0.492010 -0.049988
v 0.141870 0.533435 -0.034317
v 0.149305 0.554790 -0.039962
v 0.148188 0.557557 -0.024419
v 0.150039 0.546535 -0.018349
v 0.144648 0.546220 -0.030945
v 0.015915 0.561224 0.004697
v 0.031518 0.554233 -0.040710
v 0.016282 0.547347 -0.001961
v 0.020371 0.545520 -0.023488
v 0.018167 0.529263 -0.016338
v 0.016396 0.540806 -0.012557
v 0.025412 0.531343 -0.032206
v 0.026095 0.543853 -0.035091
v 0.021834 0.516002 -0.026938
v 0.015490 0.608807 0.032809
v 0.011223 0.630509 0.014653
v 0.188118 0.719923 -0.003945
v 0.184479 0.681681 -0.005426
v 0.177282 0.699914 -0.030714
v 0.181970 0.674043 -0.018218
v 0.169413 0.617130 -0.014123
v 0.164915 0.604360 -0.015806
v 0.164704 0.594014 -0.027808
v 0.158083 0.584321 -0.023326
v 0.156231 0.618507 -0.047844
v 0.186805 0.792837 -0.024515
v 0.033453 0.767229 -0.062256
v 0.037120 0.779953 -0.070189
v 0.060762 0.793602 -0.082317
v 0.051189 0.784303 -0.074413
v 0.043812 0.798538 -0.082613
v 0.043708 0.753773 -0.063068
v 0.056711 0.809527 -0.091391
v 0.069407 0.813241 -0.094957
v 0.084328 0.250084 -0.096463
v 0.112201 0.241413 -0.100729
v 0.137839 0.246136 -0.088752
v 0.121583 0.264068 -0.097449
v 0.108787 0.374426 -0.094164
v 0.086711 0.430925 -0.087232
v 0.131647 0.301065 -0.089822
v 0.047509 0.230837 -0.049794
v 0.045502 0.247828 -0.047826
v 0.059857 0.230727 -0.076168
v 0.039037 0.454898 -0.055902
v 0.036018 0.455023 -0.042010
v 0.147848 0.490144 -0.045910
v 0.139352 0.503938 -0.040202
v 0.136382 0.519044 -0.047727
v 0.127084 0.525022 -0.072383
v 0.136337 0.525556 -0.060805
v 0.132038 0.510148 -0.060456
v 0.127864 0.499920 -0.055152
v 0.021260 0.563075 -0.024083
v 0.034628 0.584303 -0.040568
v 0.025259 0.586727 -0.028444
v 0.027571 0.573490 -0.032931
v 0.179041 0.686027 -0.029451
v 0.159868 0.731898 -0.044906
v 0.183907 0.699026 -0.020703
v 0.167811 0.619176 -0.038324
v 0.165594 0.605210 -0.039641
v 0.145057 0.654499 -0.042550
v 0.095181 0.246710 -0.100234
v 0.086686 0.238393 -0.097929
v 0.087355 0.281523 -0.096769
v 0.131928 0.269994 -0.091467
v 0.117762 0.285729 -0.097235
v 0.092757 0.407876 -0.090406
v 0.139111 0.293111 -0.083943
v 0.122018 0.315994 -0.093965
v 0.117570 0.301241 -0.096181
v 0.101257 0.293301 -0.097834
v 0.084032 0.299898 -0.094895
v 0.082407 0.332223 -0.093046
v 0.097186 0.344358 -0.094606
v 0.099892 0.315669 -0.096294
v 0.078627 0.315708 -0.092241
v 0.110948 0.320880 -0.095578
v 0.105825 0.304844 -0.097281
v 0.061014 0.324935 -0.082008
v 0.089212 0.321879 -0.094689
v 0.067894 0.316158 -0.086712
v 0.054477 0.220388 -0.067028
v 0.054535 0.239762 -0.069579
v 0.067809 0.246319 -0.085902
v 0.068390 0.224977 -0.085870
v 0.177028 0.723475 -0.031506
v 0.164556 0.658259 -0.039099
v 0.090989 0.265299 -0.098438
v 0.071414 0.268290 -0.088307
v 0.103639 0.276545 -0.098784
v 0.080079 0.261477 -0.093950
v 0.129006 0.288736 -0.092084
v 0.095885 0.395256 -0.092443
v 0.073289 0.359228 -0.089954
v 0.055532 0.309621 -0.075800
v 0.056149 0.284086 -0.075599
v 0.059098 0.296928 -0.078954
v 0.070301 0.286237 -0.087934
v 0.049726 0.294868 -0.067506
v 0.047716 0.278988 -0.061927
v 0.054298 0.268268 -0.072099
v 0.046550 0.262901 -0.056006
v 0.062056 0.273790 -0.081075
v 0.043690 0.264143 -0.044285
v 0.050556 0.340710 -0.071604
v 0.100492 0.330522 -0.095457
v 0.181112 0.711974 -0.026905
v 0.164813 0.711042 -0.038816
v 0.166889 0.723562 -0.038943
v 0.175008 0.660299 -0.033372
v 0.168406 0.641816 -0.039640
v 0.151871 0.673913 -0.041157
v 0.062748 0.259024 -0.081566
v 0.109614 0.265835 -0.099292
v 0.090993 0.361432 -0.094181
v 0.081031 0.371425 -0.092865
v 0.057059 0.379829 -0.079784
v 0.067475 0.372069 -0.086848
v 0.056773 0.357215 -0.079778
v 0.082442 0.347503 -0.092780
v 0.068478 0.339646 -0.086711
v 0.071709 0.327831 -0.088636
v 0.058366 0.336864 -0.080260
v 0.049233 0.251295 -0.060406
v 0.044834 0.333010 -0.062312
v 0.044172 0.347169 -0.062589
v 0.165437 0.679017 -0.036748
v 0.153694 0.662344 -0.040445
v 0.116863 0.675953 -0.068422
v 0.095598 0.373768 -0.094993
v 0.050921 0.368520 -0.073464
v 0.045087 0.385156 -0.064916
v 0.065409 0.351158 -0.085425
v 0.041853 0.324150 -0.054074
v 0.137296 0.692588 -0.055818
v 0.148935 0.705210 -0.047331
v 0.147176 0.690897 -0.045553
v 0.132259 0.720463 -0.067598
v 0.154910 0.718313 -0.045647
v 0.143937 0.716432 -0.057474
v 0.134339 0.705319 -0.064184
v 0.125173 0.691056 -0.067315
v 0.117495 0.708903 -0.070177
v 0.097725 0.691638 -0.068423
v 0.104470 0.703869 -0.070125
v 0.111234 0.688524 -0.067897
v 0.048720 0.404566 -0.066557
v 0.042252 0.372794 -0.060392
v 0.039825 0.385694 -0.053593
v 0.036189 0.388677 -0.036818
v 0.132111 0.670362 -0.052348
v 0.141309 0.678869 -0.047349
v 0.127590 0.679721 -0.060752
v 0.053311 0.392743 -0.073989
v 0.067384 0.413464 -0.082811
v 0.057869 0.405443 -0.076933
v 0.053543 0.424306 -0.073726
v 0.071613 0.393913 -0.086673
v 0.042301 0.408939 -0.055939
v 0.049059 0.416374 -0.066315
v 0.067193 0.443903 -0.078748
v 0.056293 0.461536 -0.068573
v 0.047411 0.453988 -0.065117
v 0.078648 0.406336 -0.088202
v 0.078619 0.419954 -0.086742
v 0.067042 0.428770 -0.081373
v 0.056114 0.437531 -0.074494
v 0.153819 0.896558 -0.074529
v 0.149144 0.937969 -0.074189
v 0.026402 0.714458 -0.038917
v 0.015331 0.727223 -0.028735
v 0.027674 0.737524 -0.044077
v 0.019301 0.696677 -0.030204
v 0.038078 0.738299 -0.057404
v 0.032377 0.716619 -0.060329
v 0.031735 0.724507 -0.050857
v 0.031966 0.747662 -0.051526
v 0.030876 0.730226 -0.066833
v 0.010940 0.713259 -0.017110
v 0.018553 0.714609 -0.028069
v 0.013850 0.701440 -0.019167
v 0.023496 0.726564 -0.038412
v 0.016511 0.737284 -0.037477
v 0.023029 0.696042 -0.045386
v 0.010895 0.692382 -0.038267
v 0.016610 0.706718 -0.045561
v 0.021408 0.681243 -0.035463
v 0.016955 0.662627 -0.023318
v 0.014213 0.673258 -0.028739
v 0.027341 0.668310 -0.032479
v 0.040327 0.644451 -0.050402
v 0.027690 0.645162 -0.030886
v 0.037053 0.658799 -0.042547
v 0.018638 0.640447 -0.014527
v 0.065337 0.671561 -0.063111
v 0.013089 0.650267 -0.006073
v 0.021650 0.651132 -0.021607
v 0.024644 0.625574 -0.025738
v 0.047681 0.669226 -0.055448
v 0.019717 0.618879 -0.016020
v 0.021424 0.717729 -0.053657
v 0.031335 0.632667 -0.040473
v 0.043380 0.628123 -0.051069
v 0.067283 0.643860 -0.058007
v 0.052859 0.639448 -0.055927
v 0.050714 0.654488 -0.057737
v 0.065364 0.618340 -0.057323
v 0.056683 0.627192 -0.052961
v 0.050764 0.697938 -0.053205
v 0.064552 0.657269 -0.061597
v 0.091602 0.664560 -0.063394
v 0.077282 0.664438 -0.063473
v 0.100781 0.677062 -0.065639
v 0.080669 0.682834 -0.066865
v 0.064333 0.690185 -0.062932
v 0.055718 0.679779 -0.059567
v 0.071964 0.721499 -0.060459
v 0.051682 0.729942 -0.059947
v 0.081307 0.704254 -0.067834
v 0.064474 0.706245 -0.058692
v 0.086124 0.693687 -0.068311
v 0.050969 0.714325 -0.054420
v 0.060014 0.721715 -0.058571
v 0.045245 0.684279 -0.049942
v 0.034202 0.689274 -0.043419
v 0.081864 0.765780 -0.071887
v 0.063455 0.768297 -0.086330
v 0.053755 0.773488 -0.080360
v 0.049611 0.756194 -0.081410
v 0.066307 0.754989 -0.074699
v 0.080828 0.743686 -0.063468
v 0.076131 0.754881 -0.066912
v 0.086244 0.719777 -0.067204
v 0.080960 0.730725 -0.063353
v 0.066644 0.736343 -0.060296
v 0.055590 0.742977 -0.069195
v 0.037944 0.360203 -0.050184
v 0.163606 0.823924 -0.062987
v 0.176880 0.842822 -0.050009
v 0.183642 0.849360 -0.039332
v 0.119419 0.863707 -0.102986
v 0.120795 0.887071 -0.102773
v 0.109126 0.892945 -0.108895
v 0.083254 0.826128 -0.102751
v 0.106632 0.840468 -0.104028
v 0.092657 0.836425 -0.107066
v 0.096079 0.852258 -0.110686
v 0.104190 0.818939 -0.095732
v 0.102520 0.868430 -0.110341
v 0.109833 0.853580 -0.105316
v 0.091644 0.818546 -0.097846
v 0.091653 0.875718 -0.115646
v 0.114069 0.875759 -0.106172
v 0.048747 0.824795 -0.101084
v 0.020504 0.499253 -0.014222
v 0.177680 0.759280 -0.033136
v 0.186090 0.749949 -0.019867
v 0.184787 0.761878 -0.023354
v 0.183121 0.735511 -0.024198
v 0.185675 0.723103 -0.018620
v 0.027698 0.482685 -0.040892
v 0.024459 0.484866 -0.029312
v 0.035007 0.499120 -0.038763
v 0.025906 0.505967 -0.033441
v 0.064333 0.510589 -0.059129
v 0.046912 0.508969 -0.050305
v 0.030899 0.468561 -0.042529
v 0.047254 0.535765 -0.051671
v 0.034732 0.534741 -0.043354
v 0.059132 0.486899 -0.052861
v 0.030164 0.465864 -0.031029
v 0.054343 0.522008 -0.054643
v 0.041784 0.523278 -0.048134
v 0.068502 0.538355 -0.056122
v 0.047206 0.494223 -0.046661
v 0.047370 0.481511 -0.050166
v 0.056170 0.474013 -0.060017
v 0.093629 0.482343 -0.073915
v 0.075368 0.480829 -0.064272
v 0.057138 0.500377 -0.053929
v 0.072731 0.496144 -0.058221
v 0.088734 0.514524 -0.066840
v 0.077052 0.508012 -0.063576
v 0.075045 0.523131 -0.057093
v 0.090489 0.497244 -0.065690
v 0.087872 0.525324 -0.059489
v 0.107588 0.531118 -0.066547
v 0.109877 0.507890 -0.074934
v 0.103330 0.494126 -0.073010
v 0.116571 0.495752 -0.078888
v 0.120629 0.466270 -0.069602
v 0.116356 0.482956 -0.067645
v 0.108092 0.481175 -0.082074
v 0.097837 0.506674 -0.070718
v 0.131902 0.477066 -0.060036
v 0.093482 0.458231 -0.086900
v 0.138869 0.460268 -0.066654
v 0.096042 0.472605 -0.084589
v 0.106793 0.467802 -0.075302
v 0.078526 0.466880 -0.077685
v 0.055235 0.563066 -0.053718
v 0.121278 0.574639 -0.051259
v 0.113929 0.520761 -0.072358
v 0.145172 0.471378 -0.058287
v 0.145601 0.451191 -0.062653
v 0.083329 0.476311 -0.072014
v 0.079757 0.452167 -0.082637
v 0.090668 0.444421 -0.087219
v 0.078068 0.439674 -0.083928
v 0.115238 0.445368 -0.082309
v 0.114428 0.457271 -0.076899
v 0.067705 0.469851 -0.068962
v 0.068153 0.457621 -0.075884
v 0.056641 0.547848 -0.054040
v 0.042472 0.549574 -0.049547
v 0.080005 0.560798 -0.056600
v 0.069579 0.551858 -0.056304
v 0.126762 0.551381 -0.064544
v 0.138266 0.540721 -0.065026
v 0.145706 0.559922 -0.058840
v 0.129435 0.449439 -0.075152
v 0.127606 0.430790 -0.080811
v 0.121040 0.537908 -0.068484
v 0.108040 0.548827 -0.056189
v 0.147153 0.548005 -0.052256
v 0.131294 0.566237 -0.060069
v 0.118313 0.560160 -0.054827
v 0.099475 0.566929 -0.056772
v 0.141730 0.587391 -0.054899
v 0.143541 0.573909 -0.058874
v 0.110421 0.419722 -0.087447
v 0.108458 0.404629 -0.090664
v 0.102563 0.433610 -0.086677
v 0.096548 0.421093 -0.088035
v 0.135660 0.421652 -0.076908
v 0.102350 0.538293 -0.058575
v 0.093518 0.552954 -0.057044
v 0.081687 0.547613 -0.056867
v 0.080650 0.593667 -0.057844
v 0.122101 0.420842 -0.085034
v 0.085731 0.577251 -0.056593
v 0.068925 0.573564 -0.055637
v 0.105112 0.592425 -0.055614
v 0.049982 0.583824 -0.056214
v 0.098962 0.580392 -0.056769
v 0.039575 0.569921 -0.048857
v 0.032359 0.565866 -0.039976
v 0.045111 0.595946 -0.047158
v 0.032471 0.600251 -0.037165
v 0.055492 0.606566 -0.052883
v 0.068094 0.603120 -0.063596
v 0.065842 0.588347 -0.058811
v 0.055837 0.595473 -0.058762
v 0.157119 0.572564 -0.044035
v 0.161261 0.581716 -0.035515
v 0.153539 0.565432 -0.034963
v 0.152752 0.562002 -0.048930
v 0.154281 0.583358 -0.051560
v 0.160345 0.911188 -0.064998
v 0.172095 0.892798 -0.053137
v 0.180834 0.879954 -0.041473
v 0.173749 0.864279 -0.055081
v 0.146021 0.912843 -0.080877
v 0.163047 0.898517 -0.063196
v 0.163184 0.879119 -0.067355
v 0.179011 0.891999 -0.040968
v 0.149193 0.924538 -0.075984
v 0.137311 0.896294 -0.090727
v 0.135384 0.917678 -0.090390
v 0.172876 0.879032 -0.054921
v 0.180163 0.868142 -0.044328
v 0.163089 0.849934 -0.068366
v 0.149649 0.881147 -0.081167
v 0.134905 0.873332 -0.093510
v 0.139419 0.884260 -0.089925
v 0.125190 0.899616 -0.099338
v 0.161657 0.864834 -0.070651
v 0.171752 0.852449 -0.058365
v 0.167742 0.837490 -0.060600
v 0.138950 0.833186 -0.085664
v 0.126104 0.843796 -0.097295
v 0.133216 0.857688 -0.094391
v 0.150104 0.846490 -0.081527
v 0.157273 0.835146 -0.072525
v 0.138337 0.845827 -0.089834
v 0.122226 0.825600 -0.092571
v 0.111160 0.829685 -0.098609
v 0.136877 0.795770 -0.072641
v 0.133592 0.814056 -0.080192
v 0.148858 0.819376 -0.072342
v 0.158524 0.799040 -0.060819
v 0.142640 0.807801 -0.073351
v 0.157236 0.812049 -0.064388
v 0.109146 0.796362 -0.079735
v 0.114929 0.810938 -0.086951
v 0.123859 0.801635 -0.077432
v 0.028648 0.616313 -0.039109
v 0.036924 0.705572 -0.049496
v 0.025965 0.706666 -0.053930
v 0.112263 0.643735 -0.060241
v 0.093227 0.620411 -0.062665
v 0.082996 0.608308 -0.062331
v 0.078107 0.622489 -0.066239
v 0.097824 0.606338 -0.058241
v 0.071332 0.630972 -0.058410
v 0.090891 0.642232 -0.068475
v 0.114733 0.621936 -0.055339
v 0.113768 0.605971 -0.054064
v 0.133823 0.613901 -0.046207
v 0.121090 0.591439 -0.050475
v 0.125523 0.603790 -0.048644
v 0.130527 0.583450 -0.050561
v 0.079992 0.786468 -0.091414
v 0.118000 0.755767 -0.070667
v 0.178675 0.821596 -0.042059
v 0.169855 0.809627 -0.051722
v 0.178451 0.806403 -0.039362
v 0.169497 0.790410 -0.047342
v 0.183082 0.834221 -0.038983
v 0.158993 0.783345 -0.057397
v 0.144972 0.759608 -0.066219
v 0.148746 0.788420 -0.067137
v 0.154238 0.769261 -0.059295
v 0.132122 0.774778 -0.071219
v 0.158099 0.751406 -0.050786
v 0.119117 0.785444 -0.072205
v 0.144669 0.737503 -0.061259
v 0.117678 0.770653 -0.069920
v 0.099978 0.761705 -0.067182
v 0.100512 0.780039 -0.072691
v 0.093112 0.770295 -0.070364
v 0.086467 0.777311 -0.081716
v 0.075813 0.768612 -0.082452
v 0.095022 0.791360 -0.086431
v 0.096547 0.804867 -0.093791
v 0.085221 0.798213 -0.094376
v 0.177307 0.794011 -0.038412
v 0.172514 0.778939 -0.041686
v 0.145439 0.774730 -0.067811
v 0.131720 0.760491 -0.071123
v 0.129686 0.741642 -0.070629
v 0.140714 0.747467 -0.067276
v 0.135759 0.732148 -0.067675
v 0.109421 0.736525 -0.070810
v 0.095184 0.732233 -0.067870
v 0.099569 0.746748 -0.067646
v 0.118045 0.724285 -0.071252
v 0.167910 0.758944 -0.043353
v 0.172248 0.742792 -0.037648
v 0.153689 0.739371 -0.052564
v 0.150341 0.726942 -0.053303
v 0.124468 0.510531 -0.074621
v 0.151077 0.602073 -0.051791
v 0.138127 0.598810 -0.048615
v 0.145643 0.612217 -0.048259
v 0.119059 0.660523 -0.060273
v 0.106260 0.662874 -0.069187
v 0.096139 0.654258 -0.068831
v 0.130582 0.653872 -0.050664
v 0.137154 0.634824 -0.044803
v 0.152524 0.640161 -0.042957
v 0.161844 0.630591 -0.044305
v 0.148092 0.627945 -0.044693
v 0.127170 0.625746 -0.049601
v 0.101193 0.633435 -0.062726
v 0.081208 0.650227 -0.060630
v 0.065876 0.782424 -0.089175
v 0.071914 0.800079 -0.089539
v 0.124496 0.640122 -0.052551
vn 0.084113 -0.777812 0.622843
vn -0.972117 -0.130613 0.194751
vn -0.965445 0.212652 -0.150649
vn -0.838947 -0.373142 0.396148
vn -0.791657 -0.395153 0.465977
vn -0.931018 -0.202596 0.303580
vn -0.940450 -0.087172 0.328565
vn -0.906805 -0.163620 0.388501
vn -0.914398 -0.164516 0.369879
vn -0.900185 -0.180960 0.396131
vn -0.902777 -0.188296 0.386702
vn -0.898065 -0.172110 0.404792
vn -0.897358 -0.182242 0.401916
vn -0.914710 -0.169839 0.366689
vn -0.952446 -0.148405 0.266126
vn -0.960634 -0.116166 0.252365
vn -0.933530 -0.154925 0.323295
vn -0.910034 -0.171271 0.377497
vn -0.926145 -0.166201 0.338574
vn -0.928551 -0.135528 0.345579
vn -0.932006 -0.108426 0.345845
vn -0.925094 -0.079560 0.371309
vn -0.934103 -0.055367 0.352684
vn -0.942321 -0.049648 0.331008
vn -0.965128 -0.049351 0.257086
vn -0.975447 -0.058268 0.212389
vn -0.978782 -0.044557 0.200002
vn -0.984864 -0.063916 0.161116
vn -0.994647 -0.092140 0.046765
vn -0.993152 -0.116829 -0.000783
vn -0.989121 -0.146970 -0.006337
vn -0.986786 -0.157021 0.039965
vn -0.978104 -0.181184 0.102401
vn -0.941317 -0.275546 0.194927
vn -0.878364 -0.265148 0.397710
vn -0.503427 0.087855 0.859560
vn -0.007003 0.131365 0.991309
vn 0.666988 -0.250404 0.701730
vn 0.833432 -0.328050 0.444719
vn 0.883418 -0.237673 0.403837
vn 0.895045 -0.181681 0.407293
vn 0.951816 -0.111876 0.285535
vn 0.967259 -0.070100 0.243918
vn 0.972128 -0.081127 0.219965
vn 0.983555 -0.065817 0.168190
vn 0.990834 -0.065626 0.118077
vn 0.992480 -0.063008 0.104946
vn 0.996286 -0.054300 0.066828
vn 0.998915 -0.042996 0.017869
vn 0.998566 -0.049285 0.020917
vn 0.995610 -0.039489 0.084856
vn 0.997215 -0.044710 0.059700
vn 0.995974 -0.055095 0.070718
vn 0.993039 -0.042948 0.109681
vn 0.993755 -0.036053 0.105600
vn 0.996745 -0.056825 0.057189
vn 0.997469 -0.068289 0.019779
vn 0.996149 -0.087082 0.010196
vn 0.992196 -0.101616 0.072265
vn 0.989803 -0.116469 0.082013
vn 0.992658 -0.113535 0.041722
vn 0.997178 -0.036475 -0.065618
vn 0.963594 0.077214 -0.255976
vn 0.868361 0.152868 -0.471784
vn 0.854657 0.117221 -0.505788
vn 0.874931 0.076592 -0.478152
vn 0.953037 -0.030447 -0.301320
vn 0.984038 -0.103962 -0.144433
vn 0.976029 -0.190352 0.105518
vn 0.909191 -0.270861 0.316238
vn 0.909369 -0.256563 0.327449
vn 0.951546 -0.188494 0.242962
vn 0.989592 -0.057582 0.131880
vn 0.993720 -0.066713 0.089836
vn 0.983984 -0.147935 0.099454
vn 0.986883 -0.120664 0.107246
vn 0.983364 -0.105610 0.147792
vn 0.992432 -0.008109 0.122530
vn 0.997130 0.052403 0.054647
vn 0.988613 0.136918 0.062431
vn 0.987718 0.145928 0.055835
vn 0.990976 0.133487 -0.012165
vn 0.993997 0.098052 -0.048540
vn 0.991697 0.105645 -0.073315
vn 0.985789 0.154133 -0.066807
vn 0.967524 0.180809 0.176653
vn 0.925303 0.150403 0.348127
vn 0.821787 0.044952 0.568019
vn 0.696026 0.001225 0.718016
vn 0.596903 -0.050948 0.800694
vn 0.518405 -0.158510 0.840316
vn 0.462608 -0.232797 0.855453
vn 0.421539 -0.283794 0.861258
vn 0.334050 -0.319949 0.886591
vn 0.231365 -0.307031 0.923148
vn 0.017739 -0.255301 0.966699
vn 0.028789 -0.316350 0.948206
vn 0.035681 -0.356504 0.933612
vn 0.020460 -0.414025 0.910036
vn 0.031273 -0.230300 0.972617
vn 0.011832 -0.095938 0.995317
vn -0.004949 -0.086231 0.996263
vn 0.002748 -0.149315 0.988786
vn 0.019359 -0.281571 0.959345
vn 0.125409 -0.474795 0.871115
vn 0.535484 -0.657312 0.530281
vn 0.798271 -0.593444 -0.102900
vn -0.644255 -0.764808 -0.002274
vn -0.965431 -0.224366 0.132673
vn -0.203788 0.054919 0.977473
vn 0.174546 0.160534 0.971474
vn 0.180776 -0.299335 0.936867
vn 0.267376 -0.166659 0.949071
vn 0.901733 -0.208775 0.378538
vn 0.918657 -0.130650 0.372828
vn 0.835507 0.123791 0.535354
vn 0.989170 0.112849 0.093856
vn -0.520787 0.090430 0.848883
vn -0.910734 -0.226109 0.345598
vn 0.391528 0.130246 0.910902
vn 0.365512 -0.315730 0.875623
vn 0.893656 -0.261907 0.364395
vn 0.912087 -0.204097 0.355587
vn -0.086383 0.208070 0.974292
vn 0.839315 0.117026 0.530900
vn -0.694943 -0.036820 0.718121
vn -0.243171 0.223580 0.943864
vn 0.489701 -0.090915 0.867137
vn 0.375445 -0.325605 0.867769
vn 0.305500 -0.325284 0.894908
vn 0.410753 -0.274728 0.869371
vn 0.875676 -0.283954 0.390591
vn 0.745961 -0.251430 0.616705
vn 0.870164 0.073880 0.487192
vn 0.751748 0.049296 0.657606
vn 0.530274 -0.116173 0.839829
vn 0.463676 -0.187923 0.865846
vn 0.601363 -0.021046 0.798699
vn 0.320629 -0.074321 0.944285
vn 0.394615 -0.211456 0.894184
vn 0.340921 -0.208760 0.916620
vn 0.388408 -0.054821 0.919855
vn 0.345718 -0.262596 0.900845
vn 0.279119 -0.321627 0.904792
vn 0.224873 -0.315829 0.921783
vn 0.170401 -0.378315 0.909858
vn 0.291369 -0.177168 0.940062
vn 0.110034 -0.199833 0.973632
vn 0.222434 -0.141165 0.964674
vn 0.195350 -0.221232 0.955455
vn -0.964735 -0.262671 0.017065
vn -0.470137 -0.541302 0.697111
vn -0.811399 -0.028933 0.583776
vn -0.037072 0.039210 0.998543
vn 0.697302 -0.059817 0.714277
vn 0.960731 -0.153969 0.230846
vn 0.904030 -0.064605 0.422559
vn 0.967875 0.123891 0.218791
vn 0.975880 0.111012 0.187975
vn 0.955154 0.095717 0.280213
vn 0.852634 0.034797 0.521348
vn -0.767542 -0.060550 0.638132
vn -0.729009 -0.097756 0.677487
vn -0.972850 -0.193661 0.126720
vn -0.971055 -0.089443 0.221477
vn -0.969356 -0.058915 0.238493
vn -0.977673 -0.147970 0.149197
vn 0.940971 -0.131978 0.311699
vn 0.959907 -0.123084 0.251852
vn 0.939054 -0.197118 0.281643
vn -0.252198 0.321223 0.912804
vn -0.281196 0.317095 0.905748
vn -0.149929 0.237617 0.959718
vn 0.229166 0.016579 0.973246
vn 0.256909 0.052339 0.965017
vn 0.802468 -0.235041 0.548453
vn 0.393191 -0.093311 0.914710
vn 0.735357 0.129311 0.665228
vn 0.503572 0.063680 0.861603
vn 0.146515 -0.256910 0.955265
vn -0.722583 -0.154948 0.673695
vn 0.809681 -0.059152 0.583881
vn 0.834801 -0.152515 0.529005
vn -0.177878 -0.168592 0.969503
vn -0.608118 -0.212474 0.764884
vn 0.708306 -0.187282 0.680609
vn 0.733747 -0.200071 0.649297
vn -0.677699 -0.068671 0.732126
vn 0.846648 -0.041023 0.530570
vn 0.831284 -0.109645 0.544927
vn -0.530453 -0.213441 0.820404
vn -0.664910 -0.024938 0.746507
vn -0.967192 -0.246293 -0.062280
vn -0.795979 -0.246698 0.552773
vn -0.008803 -0.028728 0.999548
vn -0.101139 -0.075481 0.992005
vn 0.902901 -0.110460 0.415413
vn 0.974929 -0.113898 0.191155
vn 0.963650 -0.069035 0.258094
vn 0.988215 0.115467 0.100490
vn 0.972953 0.135764 0.186894
vn 0.992831 0.091630 0.076754
vn 0.926552 0.169440 0.335845
vn 0.938385 0.082442 0.335613
vn 0.941550 0.080743 0.327054
vn 0.851679 0.163458 0.497921
vn 0.429885 0.028981 0.902418
vn 0.613592 0.211932 0.760651
vn 0.635970 0.075410 0.768020
vn 0.104938 -0.309685 0.945031
vn 0.184227 -0.385389 0.904177
vn 0.042510 -0.110178 0.993002
vn -0.777550 -0.174082 0.604244
vn -0.837185 -0.137447 0.529367
vn -0.779879 -0.113657 0.615525
vn 0.915991 -0.071893 0.394705
vn 0.918162 -0.109948 0.380644
vn 0.908082 -0.156334 0.388519
vn -0.750481 -0.182359 0.635235
vn -0.839573 -0.233803 0.490359
vn -0.711758 -0.263407 0.651166
vn 0.893125 -0.184061 0.410425
vn 0.911227 -0.166405 0.376794
vn 0.960311 -0.101602 0.259768
vn -0.818247 -0.035531 0.573767
vn -0.634026 -0.086667 0.768440
vn -0.805593 -0.020382 0.592118
vn 0.947134 -0.044422 0.317747
vn 0.886678 -0.029438 0.461449
vn 0.793055 -0.143969 0.591892
vn 0.983609 -0.088795 0.156935
vn 0.928140 -0.133463 0.347482
vn -0.755119 -0.202373 0.623571
vn -0.603676 -0.282801 0.745385
vn -0.916388 -0.291905 0.273906
vn -0.445222 -0.203322 0.872031
vn -0.532873 -0.279822 0.798590
vn -0.263201 -0.576565 0.773497
vn -0.196291 -0.284283 0.938431
vn -0.172082 -0.398014 0.901095
vn -0.281591 -0.411271 0.866927
vn -0.209591 -0.174624 0.962070
vn -0.333881 -0.138346 0.932408
vn -0.430310 -0.131581 0.893039
vn -0.389276 -0.259626 0.883775
vn -0.124638 -0.190365 0.973769
vn -0.991905 0.106393 -0.069316
vn -0.434892 -0.730156 0.527011
vn -0.679975 -0.478577 0.555516
vn -0.863178 -0.165955 0.476847
vn -0.522892 -0.597633 0.607798
vn -0.450595 -0.607716 0.653946
vn -0.835820 -0.263353 0.481716
vn -0.006046 -0.051992 0.998629
vn -0.038549 -0.087658 0.995404
vn 0.953668 -0.126995 0.272743
vn 0.906018 -0.011804 0.423074
vn 0.971469 -0.117649 0.205927
vn 0.980450 -0.094075 0.172824
vn 0.982574 -0.084897 0.165348
vn 0.946740 -0.127670 0.295607
vn 0.988474 -0.073322 0.132452
vn 0.989677 0.119898 0.078515
vn 0.914212 0.169642 0.368019
vn 0.975625 0.125326 0.180137
vn 0.970590 0.078486 0.227584
vn 0.967798 0.013690 0.251355
vn 0.686618 0.148929 0.711601
vn 0.611566 0.106926 0.783935
vn 0.767148 0.133211 0.627486
vn 0.831270 0.143772 0.536954
vn 0.018468 0.000089 0.999829
vn -0.824402 -0.185462 0.534757
vn -0.875006 -0.136940 0.464341
vn -0.851238 -0.109979 0.513126
vn -0.817565 -0.056447 0.573063
vn 0.952335 -0.049846 0.300953
vn 0.941610 -0.070117 0.329324
vn 0.940355 -0.032030 0.338683
vn 0.954849 -0.099902 0.279793
vn 0.928611 -0.141302 0.343096
vn 0.966960 -0.114127 0.227955
vn 0.945938 -0.129227 0.297493
vn -0.809233 -0.174427 0.560996
vn -0.755730 -0.191591 0.626231
vn -0.863705 -0.210836 0.457779
vn -0.847273 -0.190180 0.495944
vn -0.851241 -0.210324 0.480783
vn -0.819722 -0.191699 0.539730
vn 0.958768 -0.162845 0.232905
vn 0.915831 -0.186401 0.355681
vn 0.939575 -0.156571 0.304441
vn 0.952842 -0.176957 0.246534
vn 0.959921 -0.159576 0.230406
vn 0.997783 -0.046291 0.047816
vn 0.942218 -0.132894 0.307514
vn 0.979258 -0.120230 0.163094
vn 0.999587 -0.023243 -0.016888
vn 0.980921 0.042551 -0.189690
vn 0.997471 -0.027717 0.065453
vn 0.998208 0.021990 -0.055651
vn 0.996383 -0.010989 0.084259
vn -0.924831 -0.038809 0.378392
vn -0.900627 -0.046626 0.432084
vn -0.868767 -0.040623 0.493553
vn -0.963080 -0.035423 0.266876
vn 0.988421 -0.046956 0.144289
vn 0.960009 -0.042940 0.276657
vn 0.973753 -0.055363 0.220771
vn 0.997598 -0.030360 0.062253
vn 0.951516 -0.219183 0.215816
vn 0.959167 -0.167363 0.228010
vn 0.995151 -0.050165 0.084609
vn 0.972184 -0.164735 0.166492
vn 0.992566 -0.086781 0.085332
vn 0.987230 -0.141723 0.072738
vn 0.932046 -0.202745 0.300308
vn 0.944269 -0.127436 0.303508
vn 0.941641 -0.191847 0.276600
vn 0.921552 -0.178891 0.344586
vn 0.975344 -0.097631 0.197921
vn -0.902287 -0.160343 0.400210
vn -0.849605 -0.165711 0.500711
vn -0.870455 -0.162833 0.464537
vn -0.898679 -0.176761 0.401412
vn -0.895762 -0.148500 0.418996
vn -0.859085 -0.173525 0.481521
vn -0.144014 -0.149876 0.978160
vn -0.093004 -0.067236 0.993393
vn -0.158847 -0.090507 0.983146
vn -0.077513 -0.162376 0.983680
vn -0.129235 -0.297348 0.945982
vn -0.999653 0.004448 0.025979
vn -0.080202 -0.089364 0.992765
vn -0.064441 -0.023432 0.997646
vn 0.977492 -0.113210 0.178023
vn 0.973221 -0.103607 0.205200
vn 0.953770 -0.067374 0.292889
vn 0.959927 -0.109383 0.258020
vn 0.949434 -0.161499 0.269244
vn 0.965875 -0.134921 0.221090
vn 0.966014 0.099779 0.238454
vn 0.919491 0.100653 0.380008
vn 0.952883 0.088110 0.290261
vn 0.943159 0.094871 0.318513
vn 0.888850 0.051425 0.455304
vn 0.977060 0.008137 0.212807
vn 0.896235 0.008680 0.443495
vn 0.974366 -0.048407 0.219699
vn 0.945398 0.000756 0.325918
vn 0.706746 0.116758 0.697766
vn -0.025962 0.003408 0.999657
vn 0.030007 0.087401 0.995721
vn 0.086030 -0.108865 0.990327
vn 0.084204 -0.034117 0.995864
vn 0.018972 0.054574 0.998329
vn 0.160800 -0.051491 0.985643
vn 0.140896 0.140180 0.980050
vn 0.238028 -0.023282 0.970979
vn 0.103899 0.078914 0.991452
vn 0.059311 0.151300 0.986707
vn -0.032669 0.110496 0.993339
vn -0.020942 0.090523 0.995674
vn 0.024262 0.156182 0.987430
vn 0.332436 0.017208 0.942969
vn 0.220198 0.085750 0.971679
vn -0.878486 -0.180879 0.442205
vn -0.863162 -0.169765 0.475532
vn -0.787902 -0.195229 0.584035
vn -0.890521 -0.104117 0.442867
vn -0.871578 -0.072424 0.484878
vn -0.802383 -0.123585 0.583874
vn -0.890705 -0.043860 0.452460
vn 0.843352 -0.102851 0.527427
vn 0.958639 -0.059168 0.278407
vn 0.974286 -0.042447 0.221282
vn 0.846995 -0.047199 0.529502
vn 0.959244 -0.038642 0.279925
vn 0.875233 -0.160558 0.456276
vn 0.876850 -0.144944 0.458394
vn 0.823840 -0.149327 0.546798
vn 0.973157 -0.106470 0.204033
vn 0.977012 -0.106517 0.184668
vn 0.722255 -0.171642 0.669990
vn -0.881800 -0.152862 0.446163
vn -0.853211 -0.156704 0.497468
vn -0.866408 -0.187120 0.462951
vn -0.727418 -0.262695 0.633920
vn -0.891299 -0.195516 0.409096
vn -0.685587 -0.189893 0.702788
vn -0.863544 -0.199086 0.463310
vn -0.894666 -0.165434 0.414975
vn 0.823543 -0.195501 0.532500
vn 0.961791 -0.126607 0.242755
vn 0.855557 -0.192290 0.480673
vn 0.842720 -0.181463 0.506847
vn 0.684751 -0.195566 0.702048
vn 0.798180 -0.200641 0.568024
vn 0.872842 -0.197907 0.446072
vn 0.723500 -0.207074 0.658534
vn 0.960200 0.052118 -0.274407
vn 0.992761 0.001918 -0.120095
vn 0.995929 -0.035231 -0.082967
vn -0.918374 -0.013747 0.395474
vn -0.761461 -0.027982 0.647606
vn -0.789856 -0.028583 0.612625
vn -0.515808 -0.118655 0.848448
vn -0.645046 -0.066592 0.761236
vn -0.756031 -0.053232 0.652367
vn -0.472202 -0.138104 0.870605
vn -0.695052 -0.084367 0.713992
vn 0.988654 -0.035377 0.145983
vn 0.918312 -0.045573 0.393225
vn 0.916700 -0.032341 0.398266
vn 0.769047 -0.048377 0.637359
vn 0.849690 -0.035303 0.526100
vn 0.993247 -0.061709 0.098244
vn 0.920846 -0.040654 0.387801
vn 0.675747 -0.046395 0.735672
vn 0.925331 -0.037750 0.377277
vn 0.835067 -0.040331 0.548668
vn 0.878907 -0.034499 0.475744
vn 0.936338 -0.110871 0.333134
vn 0.928440 -0.238088 0.285156
vn 0.925968 -0.087906 0.367227
vn 0.978856 -0.112713 0.170695
vn 0.927108 -0.110312 0.358193
vn -0.582454 -0.233041 0.778742
vn -0.223750 -0.133618 0.965444
vn -0.101595 -0.004928 0.994814
vn -0.051431 0.066411 0.996466
vn -0.088309 -0.000922 0.996093
vn 0.026463 0.046963 0.998546
vn -0.071395 0.029086 0.997024
vn 0.013147 0.077966 0.996869
vn -0.045858 -0.040436 0.998129
vn 0.931263 -0.128222 0.341041
vn 0.955204 -0.075275 0.286216
vn 0.860538 -0.067896 0.504841
vn 0.875735 -0.092393 0.473868
vn 0.883428 0.123636 0.451963
vn 0.891230 0.047714 0.451035
vn 0.942663 0.037473 0.331636
vn 0.826743 0.073479 0.557760
vn 0.732258 0.152807 0.663662
vn 0.462417 0.183036 0.867564
vn -0.781222 -0.160896 0.603163
vn -0.800871 -0.166023 0.575363
vn -0.853100 -0.185587 0.487624
vn -0.780641 -0.190448 0.595255
vn -0.772232 -0.185182 0.607755
vn -0.848291 -0.184006 0.496533
vn -0.849588 -0.183714 0.494417
vn -0.799574 -0.089455 0.593868
vn -0.768087 -0.087494 0.634340
vn -0.820389 -0.099659 0.563054
vn -0.797640 -0.151008 0.583924
vn -0.579393 -0.139641 0.802997
vn 0.893614 -0.100327 0.437479
vn 0.901749 -0.073877 0.425900
vn 0.837657 -0.092420 0.538321
vn 0.860834 -0.111283 0.496570
vn 0.905034 -0.039654 0.423486
vn 0.901340 -0.038228 0.431421
vn 0.662324 -0.162026 0.731488
vn 0.762477 -0.134622 0.632855
vn 0.809322 -0.175487 0.560537
vn 0.831850 -0.171852 0.527723
vn -0.762076 -0.178159 0.622494
vn -0.695348 -0.185853 0.694226
vn -0.765978 -0.180538 0.616996
vn -0.820467 -0.174443 0.544430
vn -0.775403 -0.217001 0.593010
vn -0.729322 -0.243954 0.639200
vn -0.820712 -0.229537 0.523206
vn -0.822849 -0.215058 0.525994
vn -0.398558 -0.224971 0.889123
vn -0.764709 -0.210308 0.609091
vn -0.901331 -0.173046 0.397062
vn -0.772802 -0.224866 0.593475
vn -0.694492 -0.222591 0.684203
vn -0.433195 -0.264021 0.861763
vn -0.733974 -0.198571 0.649501
vn -0.588789 -0.234415 0.773549
vn -0.647990 -0.202326 0.734285
vn -0.757429 -0.200424 0.621395
vn 0.957979 -0.148933 0.245142
vn 0.998294 -0.041726 -0.040832
vn -0.712870 -0.057542 0.698932
vn -0.931961 -0.043241 0.359971
vn -0.374484 -0.153861 0.914379
vn 0.616573 -0.093399 0.781738
vn 0.585643 -0.057079 0.808557
vn 0.905617 -0.083905 0.415714
vn 0.985904 -0.033446 0.163937
vn 0.934928 -0.084729 0.344573
vn 0.771912 -0.173503 0.611595
vn 0.835793 -0.143243 0.530029
vn 0.953274 -0.080985 0.291051
vn 0.985277 -0.045204 0.164879
vn 0.954528 -0.098268 0.281458
vn 0.822782 -0.105777 0.558428
vn -0.151419 -0.082736 0.985001
vn -0.126748 -0.056650 0.990316
vn -0.100561 -0.030675 0.994458
vn 0.111693 0.126229 0.985693
vn 0.852882 -0.007003 0.522057
vn 0.593470 0.150083 0.790739
vn 0.640362 0.046173 0.766684
vn 0.613371 0.118814 0.780807
vn 0.745414 0.062787 0.663638
vn 0.722530 -0.033706 0.690517
vn -0.829115 -0.164142 0.534439
vn -0.545924 -0.171150 0.820168
vn -0.762412 -0.073830 0.642866
vn -0.675637 -0.121359 0.727177
vn -0.716269 -0.132812 0.685069
vn -0.758372 -0.115043 0.641590
vn -0.572772 -0.128740 0.809542
vn -0.673727 -0.127801 0.727845
vn 0.780806 -0.155203 0.605189
vn 0.811019 -0.129175 0.570580
vn 0.883613 -0.169524 0.436451
vn 0.896923 -0.155177 0.414065
vn 0.916986 -0.148643 0.370193
vn 0.770736 -0.183740 0.610086
vn 0.789945 -0.193323 0.581904
vn 0.852029 -0.168670 0.495577
vn 0.842220 -0.172259 0.510874
vn 0.759950 -0.158780 0.630289
vn 0.214176 -0.177738 0.960488
vn 0.754909 -0.157565 0.636620
vn 0.569753 -0.174291 0.803121
vn 0.498277 -0.175637 0.849042
vn 0.690116 -0.169243 0.703632
vn -0.871654 -0.166743 0.460887
vn -0.565812 -0.207956 0.797879
vn -0.583052 -0.242967 0.775253
vn -0.456363 -0.250376 0.853841
vn -0.295785 -0.267604 0.917006
vn 0.068327 -0.264733 0.961898
vn -0.378453 -0.263226 0.887404
vn -0.478229 -0.255932 0.840116
vn -0.180085 -0.257594 0.949323
vn -0.326778 -0.260325 0.908541
vn -0.664284 -0.207868 0.717996
vn -0.496996 -0.201957 0.843924
vn -0.632021 -0.230842 0.739771
vn -0.758846 -0.228008 0.610054
vn -0.725920 -0.199716 0.658144
vn -0.541059 -0.212672 0.813650
vn -0.787586 -0.162621 0.594358
vn -0.575459 -0.169439 0.800086
vn -0.602044 -0.127061 0.788289
vn -0.033895 -0.154924 0.987345
vn 0.013867 -0.147689 0.988937
vn 0.777458 -0.054154 0.626599
vn 0.766871 -0.061588 0.638840
vn 0.838251 -0.030098 0.544453
vn 0.677917 -0.080994 0.730663
vn 0.797532 -0.051047 0.601114
vn 0.785734 -0.029576 0.617857
vn 0.469305 -0.114920 0.875526
vn 0.495367 -0.071264 0.865756
vn 0.867243 -0.107949 0.486041
vn 0.871160 -0.087299 0.483177
vn -0.185552 -0.084609 0.978985
vn -0.126595 -0.052425 0.990568
vn -0.196636 -0.040372 0.979645
vn -0.258050 0.308560 0.915533
vn -0.192929 -0.241669 0.950986
vn -0.266928 -0.254374 0.929539
vn -0.146775 -0.360837 0.921007
vn -0.338103 -0.163539 0.926791
vn -0.155048 -0.330987 0.930810
vn -0.032742 -0.315538 0.948348
vn -0.326859 -0.210230 0.921394
vn -0.527468 -0.115689 0.841661
vn 0.308618 -0.094249 0.946505
vn 0.715952 -0.047170 0.696554
vn 0.078853 -0.160111 0.983944
vn -0.016895 -0.218356 0.975723
vn 0.308936 -0.119161 0.943589
vn 0.967295 -0.101834 0.232314
vn 0.602576 -0.209805 0.769990
vn 0.963063 -0.072690 0.259279
vn 0.918155 -0.113795 0.379528
vn 0.659695 -0.207089 0.722438
vn 0.745145 -0.211874 0.632351
vn 0.727730 -0.204380 0.654704
vn 0.835783 -0.191800 0.514471
vn 0.889734 -0.109118 0.443245
vn 0.848036 -0.076113 0.524444
vn 0.908841 -0.147659 0.390135
vn 0.846810 -0.105954 0.521236
vn 0.747829 -0.108260 0.655005
vn 0.893636 -0.118920 0.432750
vn 0.757727 -0.090993 0.646196
vn 0.313995 -0.116367 0.942266
vn 0.712162 -0.137036 0.688510
vn 0.627752 -0.089006 0.773308
vn 0.737094 -0.117234 0.665544
vn 0.704838 -0.095088 0.702967
vn 0.712874 -0.114299 0.691915
vn 0.522100 -0.104322 0.846480
vn 0.814866 -0.119248 0.567251
vn 0.747542 -0.125960 0.652162
vn 0.854360 -0.026433 0.519009
vn 0.875320 0.009102 0.483458
vn 0.854123 0.010629 0.519962
vn 0.667114 -0.008268 0.744910
vn 0.764681 -0.027071 0.643840
vn 0.729516 -0.045772 0.682430
vn 0.694019 -0.028777 0.719382
vn 0.702343 -0.023006 0.711467
vn 0.839037 -0.060235 0.540730
vn -0.701532 -0.172922 0.691340
vn -0.737401 -0.169002 0.653971
vn -0.735617 -0.111667 0.668131
vn 0.107465 -0.154526 0.982127
vn 0.630477 -0.101416 0.769554
vn 0.745170 -0.088471 0.660980
vn 0.908293 -0.168411 0.382939
vn 0.821237 -0.184149 0.540055
vn 0.744705 -0.181784 0.642159
vn 0.297917 -0.165372 0.940158
vn 0.599671 -0.181494 0.779393
vn 0.563976 -0.180756 0.805766
vn 0.172145 -0.179565 0.968567
vn 0.016275 -0.178969 0.983720
vn -0.553766 -0.157028 0.817732
vn -0.571813 -0.166815 0.803245
vn -0.316038 -0.168494 0.933665
vn -0.712941 -0.185982 0.676111
vn -0.215134 -0.162114 0.963035
vn 0.053119 -0.163346 0.985138
vn 0.362523 -0.164639 0.917317
vn -0.545157 -0.162616 0.822411
vn -0.548166 -0.163416 0.820250
vn -0.119548 -0.161220 0.979651
vn -0.718005 -0.158654 0.677715
vn -0.471993 -0.177588 0.863531
vn 0.364128 -0.131393 0.922034
vn 0.642081 -0.129804 0.755568
vn 0.194067 -0.147522 0.969833
vn -0.203086 -0.170625 0.964180
vn -0.577374 -0.181560 0.796037
vn -0.263716 -0.168206 0.949821
vn -0.665740 -0.184330 0.723058
vn 0.780611 -0.096362 0.617544
vn 0.168787 -0.173373 0.970285
vn 0.340391 -0.154227 0.927549
vn 0.530932 -0.150810 0.833887
vn -0.304306 -0.176811 0.936021
vn 0.141099 -0.170412 0.975218
vn -0.055062 -0.165055 0.984746
vn -0.718785 -0.193584 0.667738
vn 0.734509 -0.154034 0.660885
vn -0.232652 -0.172898 0.957068
vn -0.503391 -0.170127 0.847144
vn -0.108344 -0.287622 0.951596
vn -0.235856 -0.270201 0.933468
vn 0.003449 -0.267353 0.963592
vn 0.449156 -0.223042 0.865166
vn 0.203640 -0.273924 0.939945
vn 0.589674 -0.199188 0.782693
vn 0.667720 -0.192073 0.719206
vn -0.160440 -0.220823 0.962027
vn -0.608137 -0.204862 0.766942
vn -0.050209 -0.183332 0.981768
vn -0.458093 -0.147169 0.876637
vn 0.375299 -0.118807 0.919258
vn -0.472519 -0.141312 0.869917
vn 0.279507 -0.153418 0.947807
vn 0.399229 -0.111621 0.910031
vn 0.669887 -0.075671 0.738597
vn 0.665356 -0.069048 0.743327
vn 0.368971 -0.124384 0.921080
vn 0.494945 -0.095593 0.863650
vn 0.697747 -0.048535 0.714698
vn -0.376611 -0.155572 0.913215
vn -0.495690 -0.075646 0.865199
vn 0.685085 -0.153356 0.712137
vn 0.805511 -0.121375 0.580018
vn 0.750787 -0.149204 0.643472
vn 0.657023 -0.166492 0.735256
vn 0.570491 -0.208302 0.794449
vn 0.594788 -0.198474 0.778996
vn 0.638550 -0.182028 0.747743
vn 0.573949 -0.202480 0.793464
vn 0.903206 -0.150475 0.401966
vn 0.719405 -0.144436 0.679407
vn 0.522632 -0.188375 0.831487
vn 0.418514 -0.166066 0.892899
vn 0.650144 -0.160955 0.742567
vn 0.694723 -0.150622 0.703330
vn 0.681178 -0.177282 0.710329
vn 0.663704 -0.158658 0.730975
vn 0.610445 -0.212998 0.762882
vn 0.655823 -0.175671 0.734191
vn 0.386516 -0.217917 0.896168
vn 0.294943 -0.250954 0.921971
vn 0.487906 -0.235863 0.840426
vn 0.267235 -0.250070 0.930618
vn 0.088631 -0.247810 0.964746
vn 0.483106 -0.242721 0.841246
vn 0.272447 -0.266038 0.924660
vn 0.445508 -0.242715 0.861750
vn 0.907596 -0.103917 0.406782
vn 0.905649 -0.127427 0.404429
vn 0.842522 -0.120871 0.524926
vn 0.885417 -0.082393 0.457436
vn 0.851020 0.002129 0.525128
vn 0.851606 -0.027060 0.523483
vn 0.810238 -0.020461 0.585744
vn -0.377213 -0.153345 0.913343
vn -0.235290 -0.148358 0.960536
vn 0.444995 -0.152029 0.882534
vn 0.702585 -0.189737 0.685839
vn 0.433456 -0.187475 0.881459
vn 0.470126 -0.180768 0.863889
vn 0.191119 -0.172813 0.966235
vn 0.669873 -0.189642 0.717849
vn 0.288771 -0.184084 0.939534
vn 0.538580 -0.161644 0.826924
vn 0.559364 -0.155733 0.814161
vn -0.401937 -0.191802 0.895354
vn -0.610074 -0.187427 0.769858
vn -0.651144 -0.198605 0.732508
vn -0.340794 -0.261340 0.903084
vn 0.094547 -0.279441 0.955497
vn 0.041991 -0.293660 0.954987
vn -0.368766 -0.212590 0.904885
vn -0.357959 -0.215046 0.908637
vn -0.063888 -0.258826 0.963809
vn 0.111501 -0.147532 0.982752
vn -0.230647 -0.181195 0.956018
vn 0.395407 -0.109369 0.911972
vn -0.083677 -0.172426 0.981462
vn 0.770996 -0.047819 0.635042
vn -0.524573 -0.109373 0.844311
vn -0.365442 -0.168193 0.915513
vn -0.170889 -0.195084 0.965784
vn 0.779626 -0.123132 0.614021
vn 0.665883 -0.186814 0.722288
vn 0.147047 -0.160292 0.976055
vn 0.289702 -0.183921 0.939279
vn 0.131199 -0.260235 0.956590
vn 0.570776 -0.187765 0.799349
vn 0.684462 -0.188168 0.704347
vn 0.362287 -0.180559 0.914410
vn 0.745849 -0.198219 0.635940
vn 0.721994 -0.191590 0.664844
vn 0.072469 -0.180344 0.980930
vn 0.251258 -0.182986 0.950466
vn 0.306074 -0.199028 0.930971
vn 0.525802 -0.197513 0.827358
vn 0.613773 -0.191305 0.765954
vn -0.014868 -0.203959 0.978866
vn 0.420245 -0.163070 0.892638
vn -0.402480 -0.161934 0.900992
vn -0.145492 -0.179391 0.972960
vn -0.211994 -0.187510 0.959114
vn 0.063667 -0.167847 0.983755
vn -0.290606 -0.179058 0.939940
vn 0.010402 -0.164748 0.986281
vn -0.443346 -0.207372 0.872033
vn 0.221701 -0.256735 0.940710
vn 0.163401 -0.246752 0.955203
vn 0.128065 -0.266283 0.955349
vn 0.047960 -0.276083 0.959936
vn 0.452045 -0.225293 0.863075
vn -0.063569 -0.288857 0.955260
vn 0.301190 -0.246469 0.921161
vn 0.279985 -0.151335 0.948001
vn 0.016332 -0.207253 0.978151
vn -0.482638 -0.194170 0.854025
vn -0.379416 -0.265400 0.886345
vn -0.660722 -0.204766 0.722161
vn 0.216549 -0.227263 0.949451
vn -0.110080 -0.168435 0.979547
vn -0.300610 -0.199136 0.932727
vn -0.245050 -0.177102 0.953197
vn -0.310200 -0.212173 0.926692
vn -0.178965 -0.207444 0.961737
vn 0.012459 -0.241916 0.970217
vn -0.373564 -0.220534 0.901008
vn -0.599773 -0.254715 0.758546
vn -0.216654 -0.203093 0.954890
vn 0.330578 -0.310030 0.891403
vn 0.313255 -0.264278 0.912156
vn 0.199822 -0.224589 0.953746
vn -0.593598 -0.509166 0.623210
vn -0.974546 0.179140 0.134795
vn -0.537401 -0.035636 0.842573
vn -0.396464 -0.479810 0.782687
vn 0.504777 0.178605 0.844571
vn 0.441880 0.219896 0.869706
vn 0.300298 0.204335 0.931702
vn 0.171517 0.183314 0.967976
vn 0.287033 0.180642 0.940734
vn 0.489445 0.127539 0.862657
vn 0.343081 0.195569 0.918721
vn 0.255103 0.100366 0.961691
vn 0.213526 0.198415 0.956576
vn 0.542487 0.032825 0.839422
vn 0.668052 -0.009287 0.744056
vn 0.332315 0.081176 0.939669
vn 0.257151 0.149489 0.954739
vn 0.341537 0.044599 0.938810
vn -0.214637 -0.167996 0.962137
vn -0.314074 -0.202016 0.927657
vn -0.239705 -0.163172 0.957035
vn -0.097866 -0.130931 0.986549
vn 0.164484 -0.144561 0.975729
vn -0.048866 -0.140456 0.988880
vn 0.293955 -0.061109 0.953864
vn 0.085504 -0.109655 0.990285
vn 0.301691 -0.105118 0.947593
vn 0.382940 -0.076944 0.920563
vn 0.035605 -0.025903 0.999030
vn 0.367892 -0.029775 0.929392
vn 0.636510 -0.027678 0.770771
vn 0.103168 -0.045857 0.993606
vn -0.026181 0.009273 0.999614
vn 0.271112 -0.051651 0.961161
vn 0.476158 -0.011392 0.879286
vn 0.577246 -0.053186 0.814836
vn 0.203935 0.072523 0.976295
vn -0.552197 -0.236785 0.799382
vn -0.585479 -0.193521 0.787251
vn -0.470479 -0.212481 0.856447
vn -0.327766 -0.224393 0.917724
vn -0.453904 -0.475859 0.753346
vn -0.421474 -0.380575 0.823117
vn -0.349795 -0.223663 0.909736
vn -0.049829 -0.236978 0.970236
vn -0.137359 -0.213988 0.967131
vn -0.269245 -0.218265 0.938012
vn 0.630946 -0.207650 0.747522
vn 0.546696 -0.203173 0.812308
vn 0.501656 -0.211920 0.838708
vn 0.625090 -0.200313 0.754412
vn 0.556770 -0.206047 0.804706
vn 0.645001 -0.200933 0.737292
vn 0.454144 -0.205271 0.866958
vn 0.521352 -0.208003 0.827603
vn 0.373179 -0.229442 0.898940
vn -0.148254 -0.191072 0.970316
vn -0.053887 -0.197045 0.978912
vn -0.177460 -0.230156 0.956836
vn -0.425707 -0.235582 0.873656
vn -0.004379 -0.215052 0.976593
vn -0.627503 -0.228744 0.744255
vn 0.218286 0.000804 0.975884
vn -0.132204 -0.269681 0.953831
vn 0.025064 -0.259084 0.965530
vn 0.121749 -0.229276 0.965717
vn 0.304031 -0.215147 0.928050
vn 0.348988 -0.217367 0.911569
vn 0.959224 -0.188820 0.210324
vn 0.971142 -0.168164 0.169126
vn 0.972846 0.192485 -0.128531
vn 0.981835 0.122112 -0.145217
vn 0.970709 -0.239394 0.020373
vn 0.975866 -0.216211 0.030633
vn 0.944913 -0.258320 0.201022
vn 0.940002 -0.218641 0.261902
vn 0.927907 -0.185354 0.323469
vn 0.925465 -0.175617 0.335669
vn 0.912194 -0.166155 0.374559
vn 0.879603 -0.205069 0.429238
vn 0.876836 -0.236705 0.418485
vn 0.935972 -0.214685 0.279048
vn 0.990589 -0.082994 0.108836
vn 0.980317 -0.086753 0.177346
vn 0.957102 -0.133158 0.257343
vn 0.962405 -0.111812 0.247536
vn 0.959310 -0.068993 0.273797
vn 0.957000 -0.034079 0.288080
vn 0.973698 -0.001461 0.227836
vn 0.985812 0.002406 0.167837
vn 0.995514 -0.010734 0.094007
vn 0.997944 -0.050359 -0.039644
vn 0.992809 -0.072836 -0.095004
vn 0.987317 -0.100801 -0.122658
vn 0.986066 -0.129960 -0.103846
vn 0.986821 -0.140896 -0.079576
vn 0.987464 -0.157548 -0.009689
vn 0.985982 -0.163100 0.035175
vn 0.984926 -0.158839 0.068490
vn 0.979190 -0.172818 0.106403
vn 0.964527 -0.219980 0.145931
vn 0.940646 -0.231541 0.248141
vn 0.817143 -0.153110 0.555730
vn 0.460055 -0.050211 0.886469
vn -0.500588 0.382015 0.776837
vn -0.675727 0.419774 0.605957
vn -0.908896 -0.062779 0.412271
vn -0.949203 -0.287327 0.128282
vn -0.959727 -0.280834 -0.007468
vn -0.964586 -0.255967 -0.063678
vn -0.975771 -0.197277 -0.094624
vn -0.992009 -0.119045 -0.041799
vn -0.997499 -0.070297 0.007305
vn -0.997874 -0.064669 0.008109
vn -0.997482 -0.070916 -0.000959
vn -0.997610 -0.068794 0.006413
vn -0.995818 -0.061928 0.067164
vn -0.992828 -0.046752 0.110028
vn -0.988748 -0.057637 0.138041
vn -0.975300 -0.053529 0.214301
vn -0.966971 -0.079268 0.242248
vn -0.961290 -0.056051 0.269775
vn -0.975664 -0.075885 0.205721
vn -0.994614 -0.010777 0.103090
vn -0.998469 0.022342 0.050602
vn -0.994002 0.095517 -0.053264
vn -0.993954 0.074412 -0.080738
vn -0.999773 -0.006685 0.020256
vn -0.960213 -0.147188 0.237333
vn -0.719194 -0.342857 0.604325
vn -0.652424 -0.354090 0.670047
vn -0.766809 -0.302376 0.566192
vn -0.768191 -0.330678 0.548210
vn -0.944082 -0.179470 0.276586
vn -0.982341 0.059747 -0.177304
vn -0.977175 0.061170 -0.203438
vn -0.953969 0.053882 -0.295026
vn -0.983160 -0.005718 -0.182660
vn -0.986104 -0.165510 0.014293
vn -0.921954 -0.281283 0.266234
vn -0.959459 -0.124438 0.252891
vn -0.976370 -0.054744 0.209059
vn -0.975196 -0.120178 0.185876
vn -0.974340 -0.096071 0.203548
vn -0.971247 -0.048103 0.233166
vn -0.975571 0.019484 0.218819
vn -0.978412 0.059416 0.197938
vn -0.975590 0.104357 0.193221
vn -0.982372 0.138874 0.125139
vn -0.985486 0.141127 0.094347
vn -0.994259 0.093515 0.051999
vn -0.993639 0.096551 0.057956
vn -0.953432 0.077528 0.291473
vn -0.870913 0.126830 0.474789
vn -0.733325 0.103570 0.671943
vn -0.612362 0.032939 0.789891
vn -0.528375 -0.081148 0.845124
vn -0.476649 -0.161364 0.864157
vn -0.423945 -0.252705 0.869719
vn -0.392572 -0.292254 0.872052
vn -0.316732 -0.302875 0.898859
vn -0.189939 -0.290595 0.937805
vn -0.946443 -0.312861 0.079771
vn -0.715845 -0.262491 0.647042
vn -0.298390 0.094635 0.949741
vn -0.970634 0.107140 0.215385
vn -0.762606 0.146269 0.630109
vn 0.740978 -0.084641 0.666173
vn 0.973817 -0.194095 0.118352
vn -0.238906 -0.213821 0.947209
vn -0.128208 -0.292916 0.947503
vn -0.661832 0.186291 0.726136
vn -0.869886 -0.006985 0.493204
vn -0.355141 0.057525 0.933041
vn -0.276386 0.150226 0.949233
vn -0.782204 0.132965 0.608669
vn 0.862297 -0.183818 0.471864
vn 0.956372 -0.224126 0.187405
vn -0.361241 -0.268684 0.892924
vn -0.688959 0.343483 0.638244
vn -0.646007 0.375100 0.664812
vn -0.394988 -0.034767 0.918028
vn -0.801839 0.082938 0.591756
vn -0.655650 0.079865 0.750829
vn 0.890721 -0.182865 0.416145
vn 0.660574 -0.062259 0.748175
vn -0.359920 -0.306685 0.881137
vn -0.380176 -0.246019 0.891595
vn -0.259776 -0.308649 0.915015
vn -0.463894 -0.139680 0.874810
vn -0.513243 -0.006233 0.858220
vn -0.410590 -0.172774 0.895302
vn -0.518948 0.155380 0.840565
vn -0.431609 -0.221425 0.874462
vn -0.535319 0.087486 0.840107
vn -0.659092 0.136088 0.739647
vn -0.433997 0.103870 0.894907
vn -0.401045 0.153628 0.903084
vn -0.449909 0.164102 0.877868
vn -0.358128 0.180385 0.916081
vn -0.315001 0.076599 0.945995
vn -0.258160 -0.008956 0.966061
vn -0.263390 0.075323 0.961744
vn -0.349643 -0.084662 0.933050
vn -0.599925 0.134889 0.788603
vn -0.512217 0.164385 0.842978
vn -0.636908 0.145738 0.757040
vn -0.142911 0.165206 0.975850
vn -0.178014 0.107399 0.978150
vn -0.530743 0.164087 0.831497
vn -0.258305 0.172646 0.950511
vn -0.096768 0.017493 0.995153
vn -0.284799 0.157953 0.945484
vn -0.176329 0.013715 0.984236
vn -0.192489 0.153956 0.969147
vn -0.100756 0.102584 0.989608
vn -0.001739 0.083430 0.996512
vn -0.049073 0.074691 0.995999
vn -0.046706 0.126563 0.990858
vn -0.161641 -0.083625 0.983300
vn -0.050198 -0.121999 0.991260
vn -0.143098 -0.199274 0.969440
vn -0.254325 -0.105088 0.961392
vn -0.323916 -0.224729 0.919008
vn -0.327359 -0.153619 0.932329
vn -0.104797 -0.175901 0.978814
vn 0.035429 -0.211968 0.976634
vn 0.232900 -0.206414 0.950342
vn -0.163485 -0.186084 0.968837
vn 0.163212 -0.444644 0.880712
vn 0.955495 -0.096084 0.278920
vn -0.838266 -0.275058 0.470800
vn -0.801459 -0.005136 0.598028
vn -0.931293 0.125641 0.341917
vn -0.942882 0.135603 0.304279
vn -0.901912 0.123762 0.413810
vn 0.970932 -0.224714 0.082431
vn 0.420339 -0.011834 0.907290
vn -0.691372 0.023478 0.722117
vn -0.708425 -0.321034 0.628547
vn -0.948420 -0.167569 0.269109
vn -0.904022 -0.188774 0.383548
vn -0.979376 -0.080815 0.185180
vn -0.898315 -0.140363 0.416327
vn 0.976311 -0.198559 0.085966
vn 0.978543 -0.202331 0.038936
vn 0.943231 -0.227801 0.241708
vn -0.700564 -0.097502 0.706897
vn -0.734024 0.039873 0.677952
vn 0.087651 0.076608 0.993201
vn -0.262538 0.219037 0.939732
vn 0.607698 0.000127 0.794168
vn 0.826478 -0.164561 0.538381
vn -0.257185 -0.319085 0.912162
vn -0.868018 0.030091 0.495619
vn 0.104829 -0.096553 0.989792
vn 0.007953 -0.049882 0.998723
vn -0.019357 -0.155512 0.987644
vn -0.077910 -0.246999 0.965879
vn -0.010427 -0.055740 0.998391
vn 0.008433 -0.003038 0.999960
vn 0.007320 -0.029857 0.999527
vn -0.032085 0.022079 0.999241
vn 0.033874 -0.038548 0.998682
vn 0.003068 -0.068159 0.997670
vn -0.143346 -0.362183 0.921019
vn -0.020892 -0.027750 0.999397
vn -0.771515 -0.179219 0.610447
vn 0.789685 -0.108248 0.603887
vn 0.812353 -0.143436 0.565251
vn -0.493386 -0.205762 0.845123
vn -0.914535 -0.061136 0.399860
vn 0.659495 -0.172176 0.731725
vn 0.630585 -0.226076 0.742464
vn -0.726832 -0.137628 0.672885
vn 0.663955 -0.174676 0.727085
vn -0.713564 -0.048644 0.698899
vn -0.752891 0.007522 0.658103
vn -0.706581 -0.127991 0.695961
vn 0.952221 0.122104 -0.279938
vn 0.984822 0.091596 -0.147432
vn 0.135509 -0.374336 0.917339
vn 0.649626 -0.221473 0.727280
vn -0.901163 0.016317 0.433172
vn -0.962776 0.120396 0.242007
vn -0.958495 0.084703 0.272237
vn -0.978609 0.133365 0.156644
vn -0.864590 0.145021 0.481095
vn 0.981523 -0.190529 0.017651
vn 0.918002 -0.067428 0.390801
vn -0.308400 -0.300832 0.902435
vn -0.224707 -0.298799 0.927484
vn -0.165357 -0.324216 0.931419
vn -0.135905 -0.398541 0.907026
vn 0.023228 -0.105449 0.994153
vn -0.048766 -0.309394 0.949683
vn 0.059106 0.009619 0.998205
vn -0.076585 0.065320 0.994921
vn -0.028278 0.115763 0.992874
vn -0.208049 0.082619 0.974623
vn 0.039349 0.053768 0.997778
vn -0.862559 -0.100589 0.495856
vn -0.802710 0.021032 0.595999
vn -0.771371 -0.226878 0.594569
vn 0.876050 -0.049328 0.479691
vn 0.880423 -0.123727 0.457763
vn 0.862376 -0.171553 0.476317
vn -0.892188 -0.119372 0.435604
vn -0.976714 -0.022338 0.213377
vn -0.944290 -0.113629 0.308876
vn 0.844786 -0.189084 0.500584
vn 0.831333 -0.223496 0.508857
vn 0.825326 -0.209273 0.524444
vn -0.699281 -0.269627 0.662048
vn 0.752645 -0.043907 0.656960
vn 0.823340 0.039883 0.566145
vn -0.883581 -0.024434 0.467641
vn -0.877248 -0.016972 0.479737
vn -0.936181 -0.051577 0.347713
vn -0.923132 -0.110236 0.368342
vn -0.917645 -0.014291 0.397143
vn 0.904453 0.255060 -0.341920
vn 0.995893 -0.005862 -0.090347
vn 0.984372 -0.146124 0.098280
vn 0.993246 -0.112326 0.029080
vn 0.900723 -0.230342 0.368296
vn 0.877487 0.116484 -0.465239
vn 0.999210 0.024678 -0.031146
vn 0.310847 -0.436270 0.844419
vn 0.175704 -0.418507 0.891055
vn 0.505738 -0.455360 0.732718
vn 0.778857 -0.272745 0.564793
vn 0.936755 0.047655 -0.346725
vn 0.335307 -0.353748 0.873173
vn 0.128584 -0.429067 0.894073
vn 0.136139 -0.247480 0.959281
vn 0.626891 -0.358310 0.691825
vn -0.951264 0.005757 0.308325
vn -0.928164 -0.040866 0.369920
vn -0.934505 0.046510 0.352898
vn -0.960464 0.096784 0.261040
vn -0.836293 0.081043 0.542260
vn -0.746017 0.128494 0.653412
vn -0.820827 0.032825 0.570232
vn -0.727146 0.064966 0.683402
vn -0.841342 0.061299 0.537016
vn -0.595550 0.117570 0.794668
vn -0.845223 0.041992 0.532762
vn -0.716442 0.104425 0.689787
vn -0.622661 0.014774 0.782353
vn -0.462704 0.096661 0.881227
vn -0.604436 0.112848 0.788620
vn 0.980435 -0.196643 -0.008866
vn 0.982947 -0.172970 -0.062420
vn 0.989134 -0.146729 0.009176
vn 0.823648 -0.094542 0.559165
vn 0.992585 -0.115904 -0.036613
vn 0.945391 -0.039574 0.323526
vn 0.015435 -0.071017 0.997356
vn 0.036247 -0.076498 0.996411
vn 0.069846 -0.130238 0.989020
vn 0.068367 -0.037627 0.996950
vn 0.037082 -0.004482 0.999302
vn 0.018878 0.034678 0.999220
vn -0.935060 -0.081862 0.344908
vn -0.882192 -0.080310 0.463991
vn -0.883599 -0.163412 0.438806
vn -0.928180 -0.119544 0.352408
vn 0.906554 -0.014601 0.421837
vn 0.892811 -0.075625 0.444038
vn 0.867672 0.024390 0.496538
vn 0.912136 -0.113973 0.393723
vn 0.886119 -0.151443 0.438016
vn 0.909525 -0.160515 0.383406
vn 0.880311 -0.171350 0.442370
vn -0.989122 0.040995 0.141270
vn -0.880759 -0.202594 0.428040
vn -0.990991 -0.021529 0.132191
vn -0.814441 -0.253144 0.522114
vn -0.812193 -0.222675 0.539221
vn 0.884515 -0.205566 0.418778
vn 0.842397 -0.209413 0.496502
vn 0.854867 -0.169477 0.490388
vn 0.876609 -0.209651 0.433132
vn 0.904040 -0.176103 0.389487
vn 0.883142 -0.185954 0.430675
vn 0.848119 -0.206060 0.488091
vn 0.869333 -0.200911 0.451547
vn 0.856591 -0.204208 0.473868
vn 0.879653 -0.218361 0.422528
vn 0.812755 -0.255960 0.523368
vn 0.852173 -0.210557 0.479028
vn 0.837134 -0.224494 0.498808
vn -0.705347 -0.256982 0.660640
vn 0.986514 -0.010826 0.163321
vn 0.881173 0.031517 0.471743
vn 0.936042 0.035445 0.350098
vn -0.944945 -0.033883 0.325470
vn -0.920637 -0.022452 0.389773
vn -0.910784 -0.041951 0.410747
vn -0.972599 -0.043856 0.228317
vn -0.948622 -0.040395 0.313823
vn -0.987528 -0.065219 0.143297
vn -0.985684 -0.060423 0.157402
vn -0.551513 -0.030440 0.833611
vn -0.933118 -0.159591 0.322215
vn -0.958748 -0.016493 0.283779
vn -0.903747 -0.084142 0.419715
vn -0.974685 -0.028082 0.221813
vn -0.928585 -0.109469 0.354607
vn 0.973411 0.138909 -0.182139
vn 0.835162 -0.380514 0.397131
vn 0.189686 -0.154632 0.969592
vn 0.568142 -0.244469 0.785780
vn 0.131866 -0.256769 0.957435
vn 0.066861 -0.204371 0.976607
vn 0.114935 -0.294935 0.948580
vn 0.039240 -0.130328 0.990694
vn 0.108184 -0.204712 0.972826
vn 0.095180 -0.364833 0.926196
vn 0.476320 -0.300628 0.826282
vn 0.833994 -0.371570 0.407910
vn 0.540942 -0.446075 0.713021
vn 0.454554 -0.373561 0.808599
vn 0.477038 -0.436894 0.762600
vn 0.257494 -0.448204 0.856043
vn 0.724913 -0.321328 0.609303
vn 0.391392 -0.371173 0.842047
vn 0.634690 -0.443268 0.632994
vn 0.462005 -0.481957 0.744492
vn 0.852103 -0.357098 0.382625
vn 0.499127 -0.323778 0.803766
vn -0.968340 -0.054803 0.243544
vn -0.946677 -0.090338 0.309259
vn -0.949833 -0.121572 0.288162
vn -0.831493 -0.039054 0.554161
vn -0.947442 -0.097105 0.304835
vn -0.875121 -0.067607 0.479158
vn -0.878673 -0.093481 0.468183
vn -0.838913 -0.019199 0.543927
vn -0.875922 -0.079457 0.475864
vn -0.892609 -0.110643 0.437045
vn -0.953821 0.043058 0.297272
vn -0.940461 0.065066 0.333615
vn -0.839521 0.153948 0.521062
vn -0.930010 0.133237 0.342533
vn -0.908611 0.015846 0.417342
vn -0.810281 0.019857 0.585705
vn -0.693082 0.017737 0.720641
vn -0.676771 -0.023882 0.735807
vn -0.639380 0.026754 0.768426
vn -0.738920 -0.005709 0.673769
vn -0.771252 -0.031346 0.635758
vn -0.378008 -0.006727 0.925778
vn -0.295743 0.037244 0.954541
vn -0.571207 0.006988 0.820776
vn -0.888733 0.081865 0.451056
vn -0.894065 0.023866 0.447301
vn -0.850530 0.013128 0.525763
vn 0.855007 -0.023725 0.518073
vn 0.908196 -0.126753 0.398890
vn 0.897985 -0.166318 0.407383
vn 0.967185 -0.201609 0.154618
vn 0.993244 -0.081074 -0.083032
vn 0.072844 -0.102444 0.992068
vn -0.954147 -0.070133 0.291007
vn -0.915798 -0.071227 0.395273
vn -0.790746 -0.135825 0.596886
vn -0.800702 -0.078890 0.593845
vn -0.705045 -0.038003 0.708143
vn -0.733924 -0.125115 0.667609
vn -0.949848 -0.132534 0.283239
vn -0.831115 -0.156724 0.533559
vn -0.712898 -0.172063 0.679831
vn -0.832295 -0.210331 0.512879
vn -0.780006 -0.177594 0.600042
vn -0.872052 -0.192985 0.449758
vn -0.977240 -0.065919 0.201636
vn 0.855255 -0.094542 0.509510
vn 0.923120 -0.063170 0.379287
vn 0.828010 -0.063376 0.557120
vn 0.936802 0.029761 0.348591
vn 0.850217 -0.155874 0.502826
vn 0.853165 -0.141264 0.502150
vn 0.811502 -0.130424 0.569609
vn 0.921577 -0.142494 0.361098
vn 0.932204 -0.139901 0.333801
vn 0.598425 -0.163028 0.784417
vn -0.996481 0.083729 -0.003769
vn -0.992344 0.019373 0.121972
vn -0.954575 -0.111666 0.276254
vn -0.996470 0.035661 0.075996
vn -0.979359 0.031835 0.199607
vn -0.655045 -0.328466 0.680460
vn -0.976053 -0.016138 0.216932
vn -0.685800 -0.312752 0.657164
vn -0.573630 -0.362143 0.734712
vn 0.728543 -0.223194 0.647619
vn 0.913293 -0.149639 0.378820
vn 0.782375 -0.205214 0.588028
vn 0.773857 -0.217686 0.594776
vn 0.552278 -0.212986 0.805994
vn 0.731195 -0.250783 0.634399
vn 0.611098 -0.232635 0.756598
vn 0.889319 -0.197886 0.412253
vn 0.867603 -0.263125 0.421936
vn 0.804743 -0.334793 0.490206
vn -0.998437 -0.013862 0.054138
vn -0.989076 -0.025416 0.145199
vn 0.767598 0.028842 0.640282
vn 0.679217 -0.118922 0.724238
vn 0.556785 -0.218921 0.801289
vn 0.521461 -0.238128 0.819374
vn 0.585097 -0.324099 0.743385
vn 0.368708 0.151353 0.917140
vn 0.526597 0.174179 0.832080
vn 0.547241 -0.322358 0.772407
vn 0.433827 -0.027655 0.900572
vn 0.209295 -0.381282 0.900455
vn 0.486847 -0.041018 0.872523
vn 0.185687 -0.246547 0.951175
vn 0.424672 0.132401 0.895614
vn 0.549797 -0.204269 0.809936
vn 0.988154 0.023405 0.151670
vn -0.976862 -0.037798 0.210503
vn -0.782227 -0.041656 0.621599
vn -0.951384 -0.037515 0.305714
vn -0.806005 -0.037440 0.590724
vn -0.990890 -0.063997 0.118496
vn -0.871015 -0.001940 0.491252
vn -0.790014 0.005404 0.613066
vn -0.838588 0.009605 0.544681
vn -0.861694 -0.073866 0.502023
vn -0.756733 -0.004406 0.653710
vn -0.314189 -0.035699 0.948689
vn -0.378712 -0.139870 0.914885
vn -0.828611 -0.234675 0.508263
vn 0.163499 -0.102013 0.981255
vn -0.713168 -0.456583 0.531905
vn -0.384320 -0.081825 0.919567
vn -0.640073 -0.503504 0.580337
vn -0.993769 -0.094635 0.058886
vn -0.999430 0.011357 -0.031779
vn 0.974167 -0.213623 0.073236
vn 0.328567 -0.260463 0.907856
vn 0.720016 -0.219385 0.658367
vn 0.338382 -0.377910 0.861790
vn 0.439242 -0.261520 0.859461
vn -0.865387 -0.029287 0.500247
vn -0.885050 -0.094143 0.455877
vn -0.661742 0.039836 0.748673
vn -0.466585 0.029275 0.883992
vn -0.856523 -0.021977 0.515641
vn -0.948981 -0.122886 0.290403
vn 0.870593 -0.077102 0.485926
vn 0.872054 -0.099668 0.479153
vn 0.834007 -0.083861 0.545343
vn 0.850616 -0.112375 0.513638
vn 0.856220 -0.024798 0.516016
vn 0.135718 -0.191373 0.972089
vn 0.307966 -0.210073 0.927915
vn 0.429847 -0.258380 0.865142
vn 0.564120 -0.254972 0.785339
vn 0.783004 -0.045717 0.620334
vn 0.770550 -0.000635 0.637379
vn 0.455534 -0.210283 0.865026
vn 0.703222 -0.104042 0.703317
vn 0.812248 -0.017278 0.583057
vn 0.513795 -0.153750 0.844024
vn 0.678352 -0.132814 0.722633
vn 0.794395 -0.171475 0.582694
vn 0.807581 -0.164689 0.566295
vn -0.996687 0.080077 -0.014261
vn -0.993113 -0.000698 0.117158
vn -0.790776 -0.207472 0.575873
vn -0.981078 -0.000442 0.193612
vn -0.754325 -0.155575 0.637801
vn -0.989657 0.021223 0.141876
vn -0.900620 -0.089518 0.425288
vn -0.888465 -0.090559 0.449922
vn -0.699749 -0.184485 0.690157
vn -0.979983 0.000969 0.199078
vn -0.988286 0.000616 0.152610
vn -0.963863 -0.064103 0.258572
vn -0.919649 -0.131174 0.370189
vn -0.785179 -0.297046 0.543376
vn -0.629289 -0.355367 0.691165
vn -0.585987 -0.328313 0.740830
vn -0.925896 -0.138439 0.351499
vn 0.806637 -0.204652 0.554485
vn 0.805706 -0.222652 0.548875
vn 0.742731 -0.190596 0.641891
vn 0.914973 -0.155075 0.372528
vn -0.982327 0.044757 -0.181744
vn -0.587795 -0.275864 0.760524
vn -0.758281 -0.130321 0.638769
vn -0.916592 -0.040277 0.397791
vn 0.614901 0.085332 0.783974
vn 0.010762 0.402580 0.915321
vn 0.295244 0.290461 0.910200
vn 0.479481 0.120793 0.869199
vn 0.364922 0.155989 0.917878
vn 0.061055 0.494641 0.866950
vn 0.240302 0.267353 0.933155
vn 0.100324 0.310213 0.945358
vn -0.400949 0.034543 0.915449
vn 0.114087 -0.054673 0.991965
vn 0.122388 -0.254947 0.959178
vn 0.168166 0.298112 0.939600
vn 0.044277 0.479278 0.876546
vn 0.346404 -0.046484 0.936933
vn 0.295022 0.057967 0.953730
vn -0.845365 -0.028447 0.533431
vn -0.808412 -0.054262 0.586110
vn -0.823889 -0.027364 0.566091
vn -0.880072 -0.044990 0.472705
vn -0.486058 -0.045947 0.872718
vn -0.363664 -0.109308 0.925095
vn -0.429400 -0.042036 0.902136
vn -0.018495 -0.130676 0.991253
vn -0.092638 -0.128313 0.987398
vn -0.308121 -0.067072 0.948980
vn -0.043096 -0.262234 0.964041
vn 0.263859 -0.220013 0.939134
vn 0.072404 -0.192003 0.978720
vn 0.431526 -0.250802 0.866535
vn 0.267590 -0.353089 0.896506
vn 0.379165 -0.282369 0.881193
vn 0.333903 -0.231491 0.913740
vn 0.781892 -0.234071 0.577802
vn 0.571770 -0.249993 0.781398
vn 0.688367 -0.223472 0.690080
vn 0.695692 -0.245234 0.675184
vn 0.432930 -0.258397 0.863598
vn 0.767633 -0.239738 0.594361
vn 0.494014 -0.258005 0.830292
vn 0.612563 -0.235817 0.754425
vn 0.126127 -0.232043 0.964494
vn 0.387352 -0.247439 0.888106
vn 0.747239 -0.208126 0.631125
vn 0.757650 -0.239647 0.607071
vn 0.709476 -0.229439 0.666334
vn 0.606799 -0.307545 0.732947
vn 0.625472 -0.243798 0.741180
vn 0.498985 -0.281156 0.819735
vn 0.730897 -0.107965 0.673895
vn 0.740348 -0.140019 0.657480
vn 0.811215 -0.101871 0.575805
vn 0.838897 -0.177778 0.514439
vn 0.833015 -0.174451 0.525026
vn 0.851574 -0.152711 0.501499
vn 0.785410 -0.161016 0.597666
vn 0.749335 -0.175207 0.638592
vn 0.793238 -0.181499 0.581232
vn 0.696503 -0.159905 0.699510
vn -0.188420 -0.200760 0.961350
vn 0.683577 -0.152272 0.713817
vn 0.374742 -0.180038 0.909480
vn 0.315754 -0.167074 0.934016
vn 0.554587 -0.169808 0.814615
vn -0.932171 -0.077181 0.353695
vn -0.917108 -0.122710 0.379281
vn -0.885273 -0.073743 0.459189
vn -0.262304 -0.208641 0.942160
vn -0.453378 -0.219195 0.863946
vn -0.812698 -0.233256 0.533960
vn -0.912871 -0.143238 0.382294
vn -0.705360 -0.289068 0.647230
vn -0.569714 -0.355715 0.740873
vn -0.733041 -0.265018 0.626431
vn -0.577200 -0.303363 0.758163
vn -0.736843 -0.282632 0.614151
vn -0.871096 -0.149378 0.467844
vn -0.860896 -0.110450 0.496647
vn -0.790593 -0.101383 0.603891
vn 0.507548 -0.016847 0.861459
vn -0.006328 0.124417 0.992210
vn -0.640274 -0.041382 0.767031
vn -0.524729 -0.012027 0.851185
vn -0.704059 -0.032890 0.709379
vn -0.740287 0.079686 0.667552
vn -0.491970 -0.069649 0.867822
vn -0.711714 -0.057214 0.700136
vn -0.259503 -0.104824 0.960036
vn -0.627061 -0.007809 0.778931
vn -0.025054 -0.202558 0.978950
vn -0.034008 -0.294529 0.955037
vn 0.134726 -0.447942 0.883853
vn -0.448115 -0.086566 0.889775
vn 0.306645 -0.209307 0.928525
vn 0.083946 -0.184986 0.979149
vn 0.243502 -0.215720 0.945606
vn 0.223918 -0.240891 0.944369
vn 0.267663 -0.227972 0.936155
vn 0.490845 -0.219474 0.843150
vn 0.686594 -0.207995 0.696654
vn 0.793344 -0.071789 0.604526
vn 0.794356 -0.082425 0.601835
vn 0.666189 -0.125574 0.735135
vn 0.730480 -0.160639 0.663772
vn 0.495332 -0.166611 0.852577
vn 0.032482 -0.194364 0.980391
vn -0.402956 -0.199192 0.893280
vn -0.452013 -0.244223 0.857928
vn -0.672378 -0.184931 0.716734
vn -0.435304 -0.232858 0.869648
vn -0.756238 -0.139830 0.639180
vn -0.726174 -0.141786 0.672732
vn -0.928948 -0.047240 0.367183
vn -0.950180 -0.040478 0.309063
vn -0.842271 -0.118701 0.525822
vn -0.772706 -0.135726 0.620084
vn 0.006680 -0.153757 0.988086
vn -0.421442 -0.180813 0.888647
vn -0.551449 -0.141286 0.822157
vn 0.192618 -0.186760 0.963337
vn 0.333532 -0.209632 0.919136
vn 0.212363 -0.205399 0.955360
vn 0.060990 -0.193639 0.979175
vn 0.440256 -0.211578 0.872588
vn 0.293950 -0.237133 0.925938
vn 0.284268 -0.223690 0.932285
vn -0.025482 -0.218555 0.975492
vn 0.416636 -0.231127 0.879201
vn 0.182481 -0.227776 0.956462
vn 0.121707 -0.216342 0.968702
vn 0.027026 -0.213141 0.976648
vn -0.114000 -0.189227 0.975293
vn 0.125675 -0.230798 0.964851
vn -0.681367 -0.172577 0.711306
vn 0.203154 -0.239285 0.949458
vn -0.266631 -0.148762 0.952249
vn 0.332434 -0.250185 0.909338
vn 0.465904 -0.253172 0.847843
vn 0.313415 -0.242466 0.918140
vn 0.622084 -0.213389 0.753310
vn 0.610170 -0.181379 0.771229
vn 0.238134 -0.235640 0.942213
vn 0.360873 -0.252275 0.897846
vn 0.234654 -0.234468 0.943378
vn 0.461629 -0.250744 0.850897
vn 0.402542 -0.236699 0.884270
vn 0.283111 -0.216866 0.934247
vn 0.339622 -0.187715 0.921640
vn 0.415702 -0.199800 0.887283
vn 0.263346 -0.194114 0.944970
vn 0.622672 -0.170957 0.763580
vn 0.709024 -0.163714 0.685918
vn 0.423462 -0.161597 0.891384
vn 0.797476 -0.171212 0.578549
vn 0.181186 -0.193692 0.964186
vn 0.118925 -0.171836 0.977921
vn -0.281817 -0.203747 0.937585
vn -0.245686 -0.192014 0.950142
vn -0.343176 -0.198112 0.918140
vn -0.215387 -0.204287 0.954921
vn -0.568950 -0.247966 0.784098
vn -0.428420 -0.227893 0.874369
vn -0.516134 -0.229260 0.825255
vn 0.346194 -0.169927 0.922645
vn -0.031666 -0.189942 0.981284
vn -0.231323 -0.184242 0.955272
vn -0.662703 -0.188074 0.724882
vn -0.265450 -0.234072 0.935279
vn -0.042655 -0.195133 0.979849
vn 0.160974 -0.194907 0.967522
vn 0.085427 -0.198177 0.976436
vn 0.470143 -0.190680 0.861747
vn -0.191100 -0.237901 0.952305
vn -0.896636 -0.119951 0.426211
vn -0.833938 -0.179784 0.521751
vn -0.863698 -0.127424 0.487636
vn 0.533034 -0.155787 0.831628
vn 0.563653 -0.097498 0.820238
vn 0.598099 -0.138411 0.789380
vn -0.225980 -0.164389 0.960161
vn -0.591158 -0.098144 0.800562
vn -0.703522 -0.218995 0.676090
vn -0.375373 -0.141764 0.915968
vn -0.657902 -0.156888 0.736580
vn -0.178164 -0.162555 0.970481
vn -0.543734 -0.157308 0.824383
vn -0.229852 -0.187528 0.954988
vn -0.047708 -0.194247 0.979792
vn -0.358513 -0.171276 0.917678
vn 0.421211 -0.224938 0.878626
vn 0.529659 -0.246003 0.811754
vn 0.663521 -0.162765 0.730237
vn 0.459131 -0.170467 0.871860
vn -0.658948 -0.225257 0.717668
vn -0.584128 -0.246614 0.773289
vn 0.024087 -0.197539 0.979999
vn 0.629949 -0.197835 0.751016
vn 0.321541 -0.176408 0.930318
vn -0.174821 -0.233773 0.956445
vn -0.712803 -0.149022 0.685350
vn -0.349848 -0.191431 0.917039
vn 0.309085 -0.175638 0.934675
vn 0.310665 -0.176620 0.933966
vn 0.659398 -0.126354 0.741099
vn 0.320316 -0.182668 0.929532
vn -0.641685 -0.233419 0.730586
vn -0.635190 -0.244687 0.732572
vn -0.683128 -0.275189 0.676467
vn -0.757752 -0.184504 0.625916
vn -0.520656 -0.159626 0.838711
vn -0.623471 -0.158907 0.765528
vn -0.573993 -0.207640 0.792097
vn -0.550876 -0.205052 0.809005
vn 0.645041 -0.230118 0.728675
vn 0.500850 -0.193174 0.843702
vn -0.079304 -0.215903 0.973189
vn 0.080206 -0.226839 0.970624
vn 0.077914 -0.222444 0.971827
vn -0.025257 -0.205724 0.978284
vn -0.042130 -0.216887 0.975287
vn -0.659377 -0.157606 0.735107
vn -0.532466 -0.203566 0.821609
vn -0.701938 -0.171009 0.691403
vn -0.554758 -0.144819 0.819311
vn -0.303200 -0.155923 0.940084
vn -0.157049 -0.178275 0.971367
vn -0.315962 -0.153909 0.936205
vn -0.135192 -0.117851 0.983786
vn -0.266092 -0.134692 0.954491
vn -0.066594 -0.156452 0.985438
vn -0.411585 -0.078133 0.908016
vn -0.358245 -0.125882 0.925102
vn -0.543608 -0.047558 0.837991
vn -0.697941 -0.086141 0.710956
vn -0.712850 -0.037955 0.700288
vn -0.684485 -0.050449 0.727279
vn -0.293989 -0.102830 0.950261
vn -0.118472 -0.047653 0.991813
vn -0.293789 -0.057857 0.954118
vn -0.690208 -0.103794 0.716129
vn -0.683003 -0.033231 0.729660
vn -0.118639 0.014396 0.992833
vn 0.057787 0.014929 0.998217
vn 0.090677 -0.040460 0.995058
vn -0.160589 -0.082115 0.983600
vn 0.137693 -0.104639 0.984932
vn 0.058130 -0.072818 0.995650
vn 0.109470 -0.064080 0.991922
vn -0.357282 -0.039426 0.933164
vn -0.588951 -0.136928 0.796485
vn -0.558062 -0.092771 0.824597
vn -0.643443 -0.081943 0.761096
vn -0.691630 -0.126665 0.711058
vn -0.676044 -0.158613 0.719587
vn -0.681378 -0.170254 0.711855
vn -0.675905 -0.172286 0.716569
vn -0.689302 -0.188781 0.699446
vn -0.667131 -0.198398 0.718036
vn -0.509194 -0.166200 0.844452
vn -0.570961 -0.166833 0.803848
vn -0.708785 -0.195659 0.677747
vn -0.720527 -0.234671 0.652511
vn -0.706643 -0.248796 0.662387
vn -0.628607 -0.238169 0.740357
vn -0.800981 -0.220878 0.556455
vn -0.415806 -0.180692 0.891323
vn -0.602349 -0.174856 0.778846
vn -0.793492 -0.122770 0.596069
vn -0.849706 -0.099020 0.517876
vn -0.936040 -0.068967 0.345070
vn -0.679397 -0.143614 0.719579
vn -0.305756 -0.220422 0.926244
vn -0.090393 -0.237843 0.967088
vn -0.010228 -0.222695 0.974835
vn -0.262489 -0.227787 0.937663
vn -0.483812 -0.212202 0.849056
vn -0.906964 -0.131532 0.400143
vn 0.137694 -0.222621 0.965132
vn 0.028066 -0.225416 0.973858
vn 0.065346 -0.227160 0.971663
vn -0.181659 -0.235310 0.954793
vn -0.488807 -0.209902 0.846764
vn -0.176447 -0.240553 0.954463
vn 0.099978 -0.125087 0.987096
vn 0.144093 -0.152489 0.977744
vn 0.173233 -0.142198 0.974561
vn 0.171803 -0.161666 0.971776
vn 0.242243 -0.197381 0.949926
vn 0.117127 -0.166915 0.978990
vn 0.171368 -0.250496 0.952830
vn 0.215021 -0.311065 0.925746
vn 0.059210 -0.107204 0.992472
vn -0.302518 -0.033451 0.952556
vn 0.069454 -0.022948 0.997321
vn -0.678101 -0.227756 0.698789
vn -0.778115 -0.219768 0.588420
vn -0.698835 -0.212354 0.683034
vn -0.227997 0.163049 0.959913
vn -0.857873 -0.097120 0.504600
vn -0.741741 -0.110300 0.661555
vn -0.702271 -0.100276 0.704812
vn -0.794793 -0.115017 0.595881
vn -0.808803 -0.053790 0.585615
vn -0.900651 -0.097504 0.423462
vn -0.809831 -0.075245 0.581818
vn -0.860669 -0.050553 0.506649
vn -0.736207 -0.100517 0.669250
vn -0.520079 -0.051078 0.852590
vn -0.071611 -0.138770 0.987732
vn -0.225689 -0.087268 0.970283
vn -0.675294 -0.046114 0.736106
vn -0.487187 -0.179000 0.854756
vn -0.613911 -0.190053 0.766155
vn -0.552323 -0.187293 0.812318
vn -0.678239 -0.206338 0.705277
vn -0.770427 -0.160313 0.617043
vn -0.685757 -0.241911 0.686452
vn 0.130993 -0.106731 0.985621
vn -0.083193 -0.062686 0.994560
vn 0.987909 -0.149358 -0.041572
vn 0.970518 -0.128872 -0.203683
vn 0.866855 -0.062269 -0.494656
vn 0.626594 -0.019075 -0.779112
vn -0.048695 -0.004939 -0.998801
vn -0.648373 -0.033963 -0.760565
vn -0.887679 -0.106549 -0.447966
vn -0.958583 -0.197650 -0.205068
vn -0.965247 -0.235899 -0.112473
vn -0.974913 0.175977 -0.136294
vn -0.916982 0.162169 -0.364478
vn -0.864249 0.101553 -0.492707
vn -0.773836 0.082591 -0.627978
vn -0.650371 0.142538 -0.746123
vn -0.519497 0.189174 -0.833268
vn -0.394904 0.249400 -0.884223
vn -0.178916 0.302243 -0.936290
vn -0.056605 0.235193 -0.970299
vn 0.005275 0.217805 -0.975978
vn 0.014929 0.225552 -0.974117
vn 0.009634 0.181460 -0.983351
vn 0.012468 0.085953 -0.996221
vn 0.013940 -0.045913 -0.998848
vn 0.017326 -0.202449 -0.979139
vn 0.023642 -0.342306 -0.939291
vn 0.014551 -0.510753 -0.859604
vn 0.036910 -0.625499 -0.779351
vn 0.046291 -0.681239 -0.730596
vn -0.016004 -0.691218 -0.722469
vn -0.041697 -0.671705 -0.739645
vn -0.283340 -0.570881 -0.770593
vn -0.087722 -0.958207 -0.272293
vn -0.220632 -0.719372 -0.658654
vn -0.923268 -0.314035 -0.221265
vn -0.240762 -0.921698 0.304150
vn 0.896365 -0.046763 -0.440844
vn 0.987358 -0.148528 0.055350
vn -0.452118 -0.150124 -0.879234
vn 0.010430 0.203349 -0.979051
vn -0.197681 -0.035017 -0.979641
vn -0.966264 -0.240415 -0.092381
vn -0.710146 -0.003176 -0.704047
vn -0.887184 0.138806 -0.440042
vn -0.994714 0.084332 -0.058581
vn 0.941265 -0.085411 -0.326688
vn 0.286340 0.043626 -0.957134
vn -0.641747 0.053371 -0.765057
vn -0.151098 0.118173 -0.981430
vn -0.739804 -0.002965 -0.672816
vn -0.906579 0.105415 -0.408660
vn 0.924230 -0.072420 -0.374904
vn 0.725088 0.003732 -0.688646
vn 0.978069 -0.109609 -0.177106
vn -0.635227 0.106469 -0.764951
vn -0.145230 0.217145 -0.965275
vn -0.018476 0.219926 -0.975342
vn -0.323749 0.158282 -0.932809
vn -0.787482 -0.032196 -0.615496
vn -0.891999 0.080756 -0.444766
vn -0.809926 0.093370 -0.579052
vn -0.947518 0.092039 -0.306168
vn -0.628768 0.117565 -0.768654
vn -0.488330 0.153906 -0.858980
vn -0.722599 0.100541 -0.683917
vn -0.304878 0.216195 -0.927529
vn -0.936510 -0.120983 -0.329107
vn -0.964086 -0.194501 -0.180855
vn -0.213033 0.035794 -0.976389
vn -0.821717 0.062823 -0.566422
vn -0.962619 0.110546 -0.247274
vn -0.737397 0.075217 -0.671258
vn -0.859146 -0.061908 -0.507972
vn -0.931863 -0.128465 -0.339306
vn -0.959226 -0.157650 -0.234589
vn -0.601099 0.016264 -0.799009
vn -0.316928 0.045528 -0.947356
vn -0.959329 -0.160551 -0.232187
vn -0.967778 -0.210197 -0.138650
vn -0.968764 -0.187418 -0.162391
vn -0.111005 0.164996 -0.980028
vn -0.118005 -0.136535 -0.983582
vn 0.034401 0.063118 -0.997413
vn 0.980326 -0.166736 -0.105638
vn 0.983759 -0.170953 0.054705
vn 0.996234 -0.086547 0.005249
vn 0.928383 -0.068326 -0.365291
vn 0.987347 -0.105808 -0.118109
vn -0.018007 -0.362484 -0.931816
vn -0.323957 -0.004836 -0.946059
vn 0.036552 0.017905 -0.999171
vn -0.912062 -0.070678 -0.403916
vn -0.972854 0.162543 -0.164728
vn -0.829363 -0.098050 -0.550039
vn 0.689231 0.020727 -0.724245
vn 0.990810 -0.134165 -0.017186
vn 0.017320 0.101475 -0.994687
vn -0.327141 0.053215 -0.943476
vn -0.827783 0.112397 -0.549675
vn -0.987594 0.139270 -0.072538
vn -0.537197 0.063945 -0.841029
vn -0.728398 0.081340 -0.680308
vn -0.458312 0.030407 -0.888271
vn 0.220956 0.022333 -0.975028
vn 0.588370 0.039468 -0.807628
vn 0.301470 0.070578 -0.950860
vn 0.572924 0.332759 -0.749019
vn -0.542473 0.093372 -0.834868
vn -0.834816 -0.007091 -0.550484
vn 0.725443 -0.084935 -0.683021
vn -0.709141 -0.162674 -0.686044
vn -0.910797 -0.270739 -0.311688
vn 0.799618 -0.025004 -0.599988
vn -0.761863 -0.025281 -0.647245
vn -0.778781 -0.029642 -0.626595
vn 0.902884 -0.237050 -0.358619
vn 0.982158 -0.127588 -0.138152
vn 0.981501 -0.181718 0.060292
vn 0.934632 -0.201543 -0.292989
vn 0.995368 -0.090148 -0.033394
vn 0.963467 -0.223914 0.146946
vn 0.976918 -0.095079 -0.191288
vn 0.991165 -0.129405 -0.029085
vn 0.989551 -0.111825 -0.091017
vn 0.063311 -0.228474 -0.971489
vn 0.140722 -0.530934 -0.835648
vn -0.936015 -0.052526 -0.348020
vn 0.311629 -0.118151 -0.942830
vn 0.015604 0.008949 -0.999838
vn 0.036819 -0.124696 -0.991512
vn -0.955555 -0.095377 -0.278960
vn -0.971341 -0.146013 -0.187552
vn -0.978420 -0.082964 -0.189237
vn -0.987962 0.154138 -0.013163
vn -0.988680 0.139698 -0.054739
vn -0.933380 0.126814 -0.335737
vn -0.981809 -0.050640 -0.182994
vn 0.878247 -0.039922 -0.476538
vn 0.955490 -0.083887 -0.282846
vn 0.810252 -0.031402 -0.585240
vn 0.991548 -0.127809 -0.022284
vn 0.015674 0.172291 -0.984921
vn 0.007160 0.135618 -0.990735
vn -0.033431 0.103751 -0.994041
vn -0.276060 0.133805 -0.951781
vn -0.179562 0.073769 -0.980977
vn -0.413802 -0.044432 -0.909282
vn -0.849788 0.099638 -0.517622
vn -0.987696 0.156351 0.003180
vn -0.990269 0.102868 -0.093735
vn -0.563369 0.094275 -0.820809
vn -0.438436 0.096962 -0.893517
vn -0.705187 0.097280 -0.702316
vn -0.643843 0.073579 -0.761612
vn -0.755550 0.084976 -0.649557
vn -0.775880 0.096712 -0.623424
vn -0.151946 0.019370 -0.988199
vn -0.705150 -0.014701 -0.708906
vn -0.870316 -0.048349 -0.490115
vn 0.929857 -0.345993 0.125117
vn 0.827107 0.065535 -0.558211
vn 0.649401 -0.005367 -0.760427
vn -0.937799 0.052647 -0.343164
vn -0.978213 0.126192 -0.164851
vn 0.944546 -0.193313 -0.265450
vn 0.968843 0.010445 -0.247457
vn -0.614275 0.376020 -0.693740
vn -0.793769 0.058083 -0.605440
vn -0.967219 -0.253944 0.000328
vn 0.978010 -0.076054 -0.194194
vn 0.898281 -0.049208 -0.436658
vn -0.972190 -0.062372 -0.225734
vn -0.937774 -0.059762 -0.342066
vn -0.940314 -0.078118 -0.331222
vn 0.902475 -0.209264 -0.376494
vn 0.967084 -0.182162 -0.177666
vn 0.971754 -0.140861 -0.189346
vn 0.854805 -0.232618 -0.463895
vn 0.970299 -0.187151 -0.153280
vn 0.987918 -0.148386 -0.044722
vn 0.975634 -0.153111 0.157150
vn 0.998548 0.024068 0.048196
vn 0.993614 -0.104700 0.042053
vn 0.988471 -0.104157 -0.109892
vn 0.987061 -0.097990 -0.126919
vn 0.990885 -0.125787 -0.048215
vn 0.932716 -0.071575 -0.353437
vn 0.946448 -0.068781 -0.315446
vn 0.987910 -0.113528 -0.105574
vn 0.047138 -0.258721 -0.964801
vn 0.107988 -0.396997 -0.911445
vn 0.114322 -0.545172 -0.830493
vn 0.200669 -0.563247 -0.801552
vn 0.152618 -0.619616 -0.769924
vn -0.989766 -0.104505 -0.097172
vn 0.239566 -0.374683 -0.895668
vn -0.061954 -0.107112 -0.992315
vn 0.013850 -0.125624 -0.991981
vn -0.986888 -0.097601 -0.128551
vn -0.994699 -0.071062 -0.074331
vn -0.990954 -0.070599 -0.114130
vn -0.937231 -0.085173 -0.338147
vn -0.886295 -0.075160 -0.456982
vn -0.857333 -0.053705 -0.511953
vn -0.930377 -0.105442 -0.351114
vn -0.930569 -0.091906 -0.354393
vn -0.995708 0.086781 0.032166
vn -0.931032 0.046706 -0.361936
vn -0.981453 0.080011 -0.174205
vn -0.989419 0.129980 0.064466
vn -0.887269 0.127666 -0.443233
vn -0.934188 0.142901 -0.326914
vn -0.919270 0.149724 -0.364041
vn -0.975240 0.132567 -0.177009
vn -0.998469 -0.012786 0.053823
vn -0.997028 0.051710 0.057101
vn -0.976510 -0.114355 -0.182625
vn 0.978815 -0.112613 -0.170999
vn -0.068632 0.008716 -0.997604
vn -0.042089 0.172936 -0.984033
vn -0.359623 -0.001831 -0.933096
vn -0.210138 -0.118896 -0.970415
vn -0.464154 0.016512 -0.885601
vn -0.297031 -0.071454 -0.952191
vn -0.436283 0.049561 -0.898444
vn -0.547177 -0.002152 -0.837014
vn -0.574450 0.040044 -0.817560
vn -0.513150 -0.015073 -0.858167
vn -0.708984 0.073149 -0.701420
vn -0.686283 0.060013 -0.724854
vn -0.774156 0.096278 -0.625630
vn -0.817209 0.112051 -0.565344
vn -0.624407 0.046604 -0.779707
vn -0.614232 -0.044276 -0.787882
vn -0.841713 0.123563 -0.525597
vn -0.798719 -0.011761 -0.601589
vn -0.862850 0.146939 -0.483631
vn -0.811473 0.074138 -0.579668
vn -0.623151 0.000294 -0.782102
vn -0.685554 0.009986 -0.727953
vn -0.859572 0.015963 -0.510765
vn -0.766220 0.056245 -0.640111
vn -0.708376 0.048415 -0.704173
vn -0.889226 0.084296 -0.449635
vn -0.826429 -0.049472 -0.560864
vn -0.907508 0.010532 -0.419903
vn -0.555468 -0.274899 -0.784784
vn -0.762422 -0.131553 -0.633566
vn -0.796186 -0.114004 -0.594215
vn 0.999306 0.011493 -0.035417
vn 0.996663 0.045008 -0.068101
vn 0.883224 -0.424951 0.198325
vn 0.993495 0.050424 -0.102103
vn 0.949883 -0.285986 0.126234
vn 0.999087 -0.021916 -0.036664
vn 0.975446 -0.107123 -0.192433
vn -0.999363 -0.020923 -0.028898
vn -0.986037 0.135069 -0.097403
vn -0.999473 0.004451 -0.032158
vn -0.983081 0.102501 -0.151806
vn -0.984410 0.130762 -0.117640
vn -0.994978 0.080638 -0.059293
vn 0.975861 -0.157389 -0.151404
vn 0.998367 -0.047003 -0.032465
vn 0.921372 -0.010309 -0.388545
vn -0.987804 -0.142824 -0.062011
vn -0.970356 -0.033546 -0.239342
vn -0.690171 0.284854 -0.665224
vn -0.872787 0.016387 -0.487826
vn -0.952778 -0.282428 0.111575
vn 0.996290 -0.065807 -0.055463
vn 0.996486 -0.057128 -0.061261
vn 0.998382 -0.043226 -0.036956
vn -0.994487 -0.074198 -0.074091
vn -0.986919 -0.072164 -0.144163
vn -0.989074 -0.069726 -0.129889
vn -0.998077 -0.061698 -0.006029
vn -0.976513 -0.060922 -0.206665
vn -0.969250 -0.060626 -0.238494
vn -0.893925 -0.037661 -0.446631
vn -0.983233 -0.052159 -0.174737
vn -0.996340 -0.073205 0.044128
vn -0.998531 -0.038642 -0.037983
vn -0.980786 -0.082150 -0.176947
vn -0.984251 -0.055795 -0.167738
vn -0.968631 -0.028581 -0.246855
vn -0.986839 -0.003514 -0.161667
vn -0.773187 -0.012320 -0.634058
vn -0.866447 0.011755 -0.499131
vn 0.845151 -0.218704 -0.487738
vn 0.832241 -0.157593 -0.531544
vn 0.986222 0.163335 -0.026230
vn 0.988846 -0.076119 -0.128017
vn 0.989358 -0.144575 -0.016383
vn 0.999750 -0.020834 -0.008169
vn 0.991431 -0.044103 -0.122958
vn 0.951751 -0.100627 -0.289905
vn 0.954490 -0.148634 -0.258566
vn 0.986083 -0.024698 -0.164408
vn 0.955063 -0.203871 -0.215153
vn 0.948876 -0.054278 -0.310946
vn 0.996410 -0.052324 -0.066557
vn 0.977893 -0.135778 -0.159028
vn 0.541469 -0.176943 -0.821890
vn 0.672715 -0.180671 -0.717505
vn 0.830946 -0.219017 -0.511430
vn 0.706113 -0.328133 -0.627482
vn 0.953190 -0.102526 -0.284459
vn 0.990441 -0.096160 -0.098896
vn 0.804837 -0.035626 -0.592426
vn 0.991078 -0.086755 -0.101180
vn 0.977627 -0.092051 -0.189134
vn 0.974151 -0.088460 -0.207857
vn 0.968955 -0.082445 -0.233087
vn 0.129926 -0.445253 -0.885928
vn 0.060877 -0.271628 -0.960475
vn -0.098398 -0.209189 -0.972912
vn 0.020487 -0.199295 -0.979725
vn -0.215836 -0.287020 -0.933292
vn -0.128458 -0.130230 -0.983127
vn -0.223772 -0.182978 -0.957311
vn -0.145674 -0.288905 -0.946210
vn -0.340237 -0.169412 -0.924953
vn -0.451313 -0.062367 -0.890183
vn -0.533258 -0.050928 -0.844419
vn 0.074007 -0.426192 -0.901600
vn 0.367815 -0.536927 -0.759224
vn -0.985310 -0.166587 0.037598
vn -0.994133 -0.103258 -0.032205
vn -0.952855 -0.283985 0.106861
vn 0.051099 -0.117944 -0.991705
vn -0.946504 -0.076461 -0.313504
vn -0.829816 -0.039085 -0.556666
vn -0.890984 -0.057475 -0.450381
vn -0.895295 -0.069414 -0.440033
vn -0.694440 -0.038616 -0.718514
vn -0.833713 -0.037754 -0.550906
vn -0.769577 -0.025862 -0.638030
vn -0.748758 -0.033595 -0.661992
vn -0.075915 0.053849 -0.995659
vn -0.504707 0.007732 -0.863256
vn -0.888397 -0.063100 -0.454720
vn -0.936900 0.116943 -0.329460
vn -0.959118 0.155327 -0.236570
vn -0.995023 0.029487 -0.095178
vn -0.989562 -0.008324 -0.143870
vn -0.971425 0.008762 -0.237185
vn -0.978079 -0.033972 -0.205443
vn -0.986875 -0.120943 0.107007
vn -0.665001 -0.131467 -0.735180
vn -0.761033 -0.085871 -0.643005
vn -0.663487 -0.143308 -0.734334
vn 0.998206 -0.016357 0.057601
vn 0.994845 -0.069511 0.073833
vn 0.918461 -0.252261 0.304620
vn 0.987600 -0.066715 0.142112
vn 0.997321 -0.022777 0.069512
vn 0.964160 -0.142387 0.223878
vn 0.989518 -0.144372 0.003453
vn 0.977559 -0.152263 0.145584
vn -0.992057 -0.040222 0.119181
vn -0.987782 0.105354 -0.114836
vn -0.970720 -0.184715 0.153568
vn -0.976512 0.077777 -0.200936
vn 0.985722 -0.163074 -0.041946
vn 0.989188 -0.121107 -0.082700
vn 0.975137 -0.134669 -0.175990
vn 0.992169 -0.110241 0.058710
vn 0.997555 -0.057299 0.040021
vn -0.770923 -0.335107 0.541646
vn -0.996742 -0.072604 -0.035122
vn -0.860080 -0.336354 0.383574
vn -0.993048 0.016601 -0.116530
vn -0.885495 0.024025 -0.464027
vn -0.855953 0.072409 -0.511958
vn -0.934217 -0.036036 -0.354879
vn 0.997370 -0.033926 0.064041
vn 0.909289 -0.040776 -0.414162
vn 0.998317 -0.030254 0.049486
vn 0.987880 -0.025222 0.153159
vn -0.997782 -0.064161 -0.017742
vn -0.995132 -0.065728 -0.073431
vn -0.910553 -0.056950 -0.409452
vn -0.856127 -0.041769 -0.515075
vn -0.941957 -0.058287 -0.330637
vn -0.559211 -0.006028 -0.829003
vn -0.874263 -0.047816 -0.483093
vn -0.753666 -0.037926 -0.656163
vn -0.747660 -0.039358 -0.662915
vn -0.768715 -0.049085 -0.637705
vn -0.890020 -0.055932 -0.452477
vn -0.825994 -0.040235 -0.562242
vn -0.939822 -0.064375 -0.335544
vn -0.997474 -0.069827 0.012996
vn -0.951999 -0.055963 -0.300944
vn -0.988990 -0.056977 0.136574
vn -0.810545 -0.010929 -0.585574
vn -0.832572 -0.065795 -0.549995
vn -0.351992 -0.010476 -0.935944
vn -0.589654 -0.018941 -0.807434
vn -0.642667 -0.000833 -0.766145
vn -0.207272 0.049661 -0.977022
vn -0.738262 -0.005726 -0.674490
vn -0.582688 0.036306 -0.811884
vn -0.329165 0.015571 -0.944144
vn -0.442516 0.023382 -0.896456
vn -0.574174 0.010600 -0.818665
vn 0.787960 -0.357278 -0.501470
vn 0.997318 0.014868 -0.071669
vn 0.937819 -0.071805 -0.339618
vn 0.922122 -0.066871 -0.381077
vn 0.503545 0.037783 -0.863143
vn 0.842601 -0.040690 -0.537000
vn 0.740896 -0.018225 -0.671372
vn 0.835355 -0.029085 -0.548940
vn 0.931866 -0.064283 -0.357063
vn 0.231942 -0.591094 -0.772536
vn 0.153310 -0.417946 -0.895442
vn -0.993778 -0.045213 0.101793
vn -0.985074 -0.107255 0.134632
vn -0.969818 -0.109023 -0.218099
vn -0.987962 -0.133777 -0.077678
vn -0.923241 -0.343896 0.171350
vn -0.979530 -0.099925 -0.174748
vn -0.952151 -0.277268 0.128572
vn -0.956593 -0.077369 -0.280969
vn -0.987965 -0.092964 0.123627
vn -0.727389 -0.033034 -0.685430
vn -0.574560 -0.153114 -0.804013
vn 0.865037 -0.395182 0.309098
vn 0.870935 -0.028645 -0.490563
vn 0.982548 -0.035825 0.182527
vn 0.976370 -0.096801 0.193213
vn -0.960131 -0.278122 0.028227
vn -0.977475 0.064167 -0.201061
vn -0.999909 0.006208 0.012002
vn -0.933346 0.099549 -0.344899
vn 0.985966 -0.166489 -0.012316
vn 0.984030 -0.036924 -0.174128
vn 0.936921 -0.002103 -0.349534
vn 0.973591 -0.089320 -0.210102
vn 0.986248 -0.117401 -0.116326
vn 0.962005 -0.223898 -0.156255
vn 0.979817 -0.107820 0.168326
vn 0.992881 0.017297 -0.117846
vn 0.980801 -0.007818 -0.194854
vn 0.999275 -0.021781 -0.031240
vn -0.848262 -0.234080 0.475034
vn -0.988893 0.000996 -0.148628
vn -0.699933 0.264363 -0.663481
vn -0.906683 -0.080815 -0.414000
vn -0.368196 0.444167 -0.816791
vn -0.695280 -0.398349 0.598251
vn -0.972582 -0.014624 -0.232100
vn -0.746327 0.234418 -0.622932
vn -0.976752 -0.109917 -0.184047
vn -0.845821 -0.383404 0.370929
vn -0.785638 0.151651 -0.599812
vn -0.913377 -0.354098 0.200893
vn -0.972466 -0.212389 -0.095925
vn -0.719547 0.170615 -0.673159
vn -0.800484 0.222139 -0.556668
vn -0.942687 -0.071430 -0.325942
vn -0.895619 0.089231 -0.435780
vn -0.978980 -0.161263 -0.124871
vn -0.972394 -0.230004 0.039346
vn -0.976578 -0.210679 0.043705
vn 0.975416 -0.074901 -0.207253
vn 0.921845 -0.046209 -0.384793
vn 0.667341 -0.014452 -0.744612
vn 0.961185 -0.055443 -0.270277
vn 0.977514 -0.035496 -0.207861
vn 0.910562 -0.077727 -0.405999
vn 0.761572 -0.028945 -0.647434
vn 0.764919 -0.061025 -0.641229
vn 0.282554 -0.013417 -0.959158
vn 0.704847 0.027118 -0.708841
vn 0.529705 -0.035814 -0.847425
vn -0.100766 0.026481 -0.994558
vn -0.915668 -0.061330 -0.397230
vn -0.276722 0.045444 -0.959875
vn -0.020325 0.054807 -0.998290
vn -0.320132 0.046885 -0.946212
vn 0.392393 0.018391 -0.919614
vn -0.032875 0.052438 -0.998083
vn 0.215587 0.035976 -0.975822
vn -0.069207 0.048956 -0.996400
vn -0.700797 -0.028793 -0.712780
vn 0.973395 -0.099784 -0.206264
vn 0.272660 0.028242 -0.961696
vn 0.466352 0.029791 -0.884098
vn 0.974868 -0.072080 -0.210801
vn 0.966735 -0.083809 -0.241660
vn 0.887754 -0.054848 -0.457038
vn 0.769593 -0.015515 -0.638346
vn 0.241628 -0.476054 -0.845570
vn 0.355076 -0.365761 -0.860314
vn 0.660540 -0.328056 -0.675327
vn -0.989846 -0.114524 -0.084194
vn -0.982300 -0.102015 -0.157099
vn -0.919499 -0.075052 -0.385861
vn -0.980162 -0.086855 -0.178154
vn -0.961282 -0.080673 -0.263494
vn -0.956722 -0.062111 -0.284297
vn -0.988288 -0.137186 -0.066834
vn -0.971621 -0.233668 0.036778
vn -0.951598 -0.265751 0.154395
vn -0.987506 -0.063932 -0.144031
vn -0.972722 -0.089044 -0.214201
vn -0.987580 -0.109755 -0.112430
vn -0.650397 -0.048201 -0.758063
vn -0.313534 -0.427795 -0.847755
vn 0.979961 0.017377 -0.198432
vn 0.982621 -0.052604 -0.178011
vn 0.860024 0.049599 -0.507838
vn 0.940271 0.054687 -0.336005
vn 0.847955 -0.042876 -0.528332
vn 0.889430 0.057500 -0.453440
vn 0.959356 0.083122 -0.269679
vn 0.979860 0.041498 -0.195327
vn 0.977512 -0.106467 0.182028
vn 0.987383 -0.055937 -0.148143
vn 0.917495 -0.018550 -0.397315
vn -0.879244 -0.369314 0.300893
vn -0.996983 0.061037 -0.047953
vn -0.960234 0.088930 -0.264654
vn -0.961984 0.122173 -0.244254
vn -0.991991 -0.113751 -0.054904
vn -0.959325 -0.149112 -0.239710
vn -0.973028 -0.207584 0.100629
vn -0.967394 -0.044182 -0.249392
vn -0.389265 0.124122 -0.912725
vn -0.740055 0.012923 -0.672422
vn -0.393986 0.212819 -0.894138
vn -0.592184 0.027715 -0.805326
vn -0.815148 -0.055914 -0.576548
vn -0.230472 0.292681 -0.928020
vn -0.219508 0.286152 -0.932702
vn -0.924219 0.078316 -0.373746
vn -0.845771 0.058933 -0.530281
vn -0.739087 0.071727 -0.669781
vn -0.696541 0.078518 -0.713208
vn -0.839478 0.019366 -0.543049
vn 0.991382 -0.099792 -0.084869
vn -0.537818 0.357285 -0.763609
vn -0.700862 0.183907 -0.689181
vn -0.602533 0.310434 -0.735244
vn -0.517623 0.228719 -0.824472
vn -0.825129 -0.087695 -0.558097
vn -0.825749 -0.337779 0.451712
vn -0.958317 -0.253354 -0.132064
vn -0.968571 -0.248255 -0.015483
vn -0.946591 -0.304718 -0.105415
vn -0.794208 0.155849 -0.587320
vn -0.963945 -0.048007 -0.261736
vn -0.986723 -0.110059 -0.119438
vn 0.790158 -0.020718 -0.612552
vn 0.627348 0.011302 -0.778657
vn 0.847116 -0.031242 -0.530489
vn 0.598648 0.006733 -0.800984
vn 0.720552 -0.009637 -0.693334
vn 0.464326 0.027518 -0.885237
vn 0.237605 0.058352 -0.969608
vn 0.364176 0.038513 -0.930534
vn 0.570071 -0.002522 -0.821592
vn 0.419384 0.007870 -0.907775
vn 0.617967 -0.032090 -0.785549
vn -0.043659 0.022569 -0.998792
vn -0.335077 0.050564 -0.940833
vn -0.454025 -0.000517 -0.890989
vn -0.634983 -0.008138 -0.772483
vn -0.538602 0.012401 -0.842469
vn 0.073307 0.051987 -0.995954
vn -0.445221 0.014069 -0.895310
vn 0.550973 0.017071 -0.834349
vn -0.504955 0.030357 -0.862612
vn 0.526128 0.052860 -0.848761
vn 0.520975 0.024912 -0.853208
vn 0.676157 -0.001708 -0.736755
vn 0.520413 0.027320 -0.853478
vn 0.647067 0.003382 -0.762425
vn 0.848210 -0.035284 -0.528483
vn 0.546744 -0.473878 -0.690298
vn -0.900352 -0.136656 -0.413148
vn -0.430194 -0.308657 -0.848330
vn -0.333866 -0.307946 -0.890900
vn -0.448359 -0.377834 -0.810072
vn 0.981680 -0.177244 -0.069917
vn 0.992648 0.031688 -0.116819
vn -0.574031 0.111184 -0.811250
vn -0.779079 0.039099 -0.625705
vn -0.211875 0.578820 -0.787450
vn -0.363007 0.434247 -0.824412
vn -0.213907 0.605465 -0.766587
vn -0.955008 -0.295449 -0.025881
vn -0.956299 -0.159567 -0.245013
vn -0.957938 -0.285259 -0.031346
vn -0.697291 -0.134043 -0.704143
vn -0.932604 -0.275142 -0.233554
vn -0.903772 -0.319028 -0.285336
vn -0.919567 -0.265007 -0.290118
vn -0.884962 -0.278007 -0.373569
vn -0.181033 0.026876 -0.983110
vn -0.897656 -0.229126 -0.376450
vn -0.717669 -0.230309 -0.657198
vn -0.584995 -0.138833 -0.799066
vn 0.036734 0.270569 -0.961999
vn -0.315017 0.038759 -0.948294
vn -0.075689 0.058400 -0.995420
vn 0.178927 0.024276 -0.983563
vn 0.204756 0.000801 -0.978813
vn -0.942470 -0.148533 -0.299479
vn 0.546274 0.007757 -0.837571
vn 0.253668 0.042277 -0.966367
vn 0.060131 0.048378 -0.997018
vn 0.224366 0.044203 -0.973502
vn 0.036775 -0.006340 -0.999304
vn 0.192689 0.017900 -0.981097
vn 0.347727 0.151952 -0.925201
vn 0.602974 0.102692 -0.791124
vn 0.326453 0.081429 -0.941700
vn -0.050090 0.121524 -0.991324
vn 0.535195 0.083085 -0.840633
vn 0.147120 0.143321 -0.978680
vn 0.084638 0.085143 -0.992767
vn -0.108311 0.089987 -0.990036
vn 0.723369 0.087557 -0.684887
vn 0.693551 0.063650 -0.717590
vn 0.533722 0.068876 -0.842851
vn -0.180951 -0.016259 -0.983358
vn -0.657481 -0.001293 -0.753470
vn 0.679390 -0.001214 -0.733776
vn 0.687869 -0.006446 -0.725806
vn 0.839101 -0.033589 -0.542937
vn 0.725137 -0.014393 -0.688454
vn -0.257356 0.038077 -0.965566
vn -0.140667 0.056968 -0.988417
vn -0.054696 0.057705 -0.996834
vn -0.947738 -0.133999 -0.289548
vn -0.904794 -0.139836 -0.402236
vn -0.946023 -0.119085 -0.301430
vn -0.974861 -0.078585 -0.208497
vn -0.804793 -0.136376 -0.577677
vn -0.959770 -0.129898 -0.248932
vn -0.887374 -0.120957 -0.444901
vn -0.772203 -0.073587 -0.631100
vn -0.843217 -0.076453 -0.532109
vn -0.739285 -0.105885 -0.665016
vn -0.806393 -0.109573 -0.581140
vn -0.772343 -0.152665 -0.616587
vn -0.827231 -0.068198 -0.557707
vn -0.892379 -0.053795 -0.448069
vn -0.759077 -0.055281 -0.648650
vn -0.440352 -0.005338 -0.897809
vn -0.666979 -0.028242 -0.744541
vn -0.627079 -0.052401 -0.777191
vn -0.360036 -0.040759 -0.932048
vn -0.335220 -0.235458 -0.912243
vn -0.694615 -0.077444 -0.715201
vn -0.198206 -0.149687 -0.968663
vn -0.425975 -0.230858 -0.874786
vn -0.440384 -0.123861 -0.889224
vn -0.538482 -0.222253 -0.812798
vn -0.360180 -0.193341 -0.912628
vn -0.730567 -0.180823 -0.658464
vn -0.649853 -0.161428 -0.742719
vn -0.578960 -0.228721 -0.782619
vn 0.977394 -0.006430 -0.211330
vn 0.825680 0.071094 -0.559641
vn 0.951595 -0.140566 -0.273328
vn 0.783048 0.001270 -0.621960
vn 0.688324 0.284892 -0.667118
vn 0.870589 0.133740 -0.473486
vn 0.963414 -0.243678 -0.111599
vn 0.869674 -0.010008 -0.493526
vn 0.976929 0.081883 -0.197245
vn -0.675438 0.157178 -0.720471
vn -0.914344 0.002985 -0.404927
vn -0.734281 0.170182 -0.657168
vn -0.576217 0.199231 -0.792642
vn -0.350855 0.213938 -0.911664
vn -0.328241 0.313736 -0.890970
vn -0.460600 0.262618 -0.847867
vn -0.244385 0.328130 -0.912473
vn -0.466818 0.144369 -0.872490
vn -0.190284 0.139995 -0.971696
vn -0.496439 -0.056772 -0.866213
vn -0.315716 0.136575 -0.938973
vn -0.439161 -0.010202 -0.898350
vn -0.110782 -0.010772 -0.993786
vn 0.262909 0.114688 -0.957980
vn 0.107066 0.331993 -0.937186
vn -0.695207 0.099921 -0.711831
vn -0.303601 0.599931 -0.740209
vn -0.411275 0.415341 -0.811384
vn -0.117297 0.682444 -0.721465
vn -0.331962 0.548849 -0.767181
vn -0.480282 0.412443 -0.774093
vn -0.263623 0.413153 -0.871669
vn -0.664010 -0.002783 -0.747719
vn -0.647655 -0.354672 -0.674352
vn -0.753825 -0.336384 -0.564442
vn 0.095384 0.116978 -0.988543
vn 0.165879 0.026631 -0.985787
vn 0.366241 0.027166 -0.930124
vn 0.442515 0.027202 -0.896348
vn 0.376059 0.197881 -0.905220
vn 0.491912 0.336421 -0.803022
vn -0.314744 0.129744 -0.940268
vn -0.347305 0.023682 -0.937453
vn -0.340273 0.040735 -0.939444
vn -0.726322 -0.001995 -0.687352
vn 0.591150 0.003047 -0.806556
vn 0.456384 0.033617 -0.889148
vn -0.410961 0.023960 -0.911338
vn -0.562047 0.015261 -0.826964
vn -0.230185 0.026582 -0.972784
vn 0.240766 0.048978 -0.969347
vn -0.930668 -0.060239 -0.360872
vn -0.851021 -0.134582 -0.507593
vn -0.065861 -0.080768 -0.994555
vn -0.465882 -0.332403 -0.820038
vn -0.373660 -0.331708 -0.866226
vn -0.262561 -0.113141 -0.958259
vn -0.334831 -0.215697 -0.917259
vn -0.312068 -0.203939 -0.927913
vn 0.839998 -0.289387 -0.458976
vn 0.931699 -0.186861 -0.311480
vn 0.969262 0.014661 -0.245593
vn 0.985399 -0.124880 -0.115732
vn 0.419800 0.386707 -0.821113
vn -0.610900 -0.233559 -0.756473
vn -0.554791 0.068322 -0.829180
vn 0.172961 0.210885 -0.962087
vn 0.093245 0.206662 -0.973959
vn -0.147592 0.146625 -0.978120
vn -0.106653 0.013366 -0.994206
vn -0.360153 0.050378 -0.931532
vn -0.721022 -0.179033 -0.669384
vn -0.486250 0.026244 -0.873426
vn -0.896469 -0.209345 -0.390536
vn -0.351223 0.056620 -0.934578
vn -0.743998 -0.159834 -0.648784
vn -0.753046 -0.174697 -0.634352
vn 0.434169 -0.032489 -0.900245
vn 0.145145 0.061057 -0.987525
vn 0.415497 0.193431 -0.888789
vn 0.104056 0.175118 -0.979033
vn 0.461244 0.246169 -0.852441
vn 0.593133 0.167057 -0.787582
vn 0.259800 0.182719 -0.948218
vn 0.474535 0.152798 -0.866874
vn 0.699782 -0.103376 -0.706837
vn 0.663882 0.101131 -0.740968
vn 0.614976 -0.064874 -0.785873
vn -0.291768 0.109322 -0.950221
vn -0.358293 0.117279 -0.926214
vn -0.150353 0.204102 -0.967335
vn -0.380489 0.028583 -0.924344
vn 0.122025 0.050299 -0.991252
vn -0.259189 -0.193447 -0.946255
vn -0.058317 -0.013489 -0.998207
vn -0.361062 -0.426863 -0.829109
vn -0.353513 -0.233337 -0.905860
vn -0.169102 -0.404121 -0.898939
vn 0.122053 0.244976 -0.961816
vn 0.185854 -0.018094 -0.982411
vn 0.401727 0.358800 -0.842542
vn -0.615867 0.206741 -0.760240
vn -0.678155 -0.253001 -0.689997
vn -0.464957 0.487825 -0.738811
vn -0.009028 -0.055965 -0.998392
vn 0.276562 0.163355 -0.947010
vn 0.009643 0.156247 -0.987671
vn 0.064502 0.252411 -0.965468
vn 0.084869 -0.191426 -0.977831
vn 0.539043 0.199139 -0.818399
vn 0.612398 0.249701 -0.750079
vn 0.599475 0.105948 -0.793350
vn 0.139903 0.490629 -0.860064
vn 0.275226 -0.092793 -0.956891
vn 0.339776 0.398686 -0.851822
vn 0.195403 0.506417 -0.839857
vn 0.198195 0.417782 -0.886666
vn -0.026873 0.318635 -0.947496
vn 0.223092 0.430455 -0.874608
vn 0.431156 0.229212 -0.872677
vn 0.289823 0.092557 -0.952594
vn 0.248709 0.203729 -0.946910
vn 0.273727 0.160289 -0.948357
vn -0.137812 0.208337 -0.968299
vn 0.089209 0.150037 -0.984648
vn 0.577879 0.092964 -0.810810
vn 0.366128 -0.309214 -0.877689
vn 0.335519 -0.192182 -0.922222
vn 0.303621 -0.118262 -0.945425
vn 0.338963 -0.320802 -0.884415
vn 0.110067 0.091705 -0.989684
vn 0.414593 0.132602 -0.900294
vn 0.419201 0.104863 -0.901817
vn 0.419996 -0.057363 -0.905711
vn -0.531377 0.028351 -0.846661
vn 0.240105 -0.050734 -0.969420
vn 0.750404 -0.042755 -0.659596
vn 0.462600 -0.098211 -0.881110
vn 0.759495 0.011221 -0.650416
vn 0.728577 0.097093 -0.678047
vn 0.257805 0.104152 -0.960567
vn 0.877802 -0.020048 -0.478604
vn 0.931213 0.055448 -0.360233
vn 0.578219 0.029278 -0.815356
vn 0.703111 -0.017115 -0.710874
vn 0.871908 0.039158 -0.488102
vn 0.437363 -0.066695 -0.896808
vn 0.225962 -0.061380 -0.972200
vn 0.212886 0.111478 -0.970697
vn 0.623445 0.083783 -0.777365
vn 0.360611 -0.066723 -0.930327
vn 0.152143 -0.149360 -0.977008
vn 0.441491 -0.090103 -0.892730
vn 0.686054 0.003026 -0.727545
vn 0.786943 0.039005 -0.615791
vn 0.815350 0.125663 -0.565167
vn 0.889181 0.047967 -0.455034
vn -0.016805 0.177956 -0.983895
vn -0.280537 -0.319875 -0.904974
vn -0.226878 0.009714 -0.973875
vn 0.294309 0.236051 -0.926100
vn -0.384142 -0.316967 -0.867160
vn 0.158663 0.112036 -0.980956
vn -0.031555 -0.231227 -0.972388
vn -0.030574 -0.399509 -0.916219
vn -0.469272 -0.252018 -0.846328
vn 0.335762 0.270609 -0.902239
vn 0.757818 0.177239 -0.627932
vn 0.311879 0.023341 -0.949835
vn -0.055546 -0.200446 -0.978129
vn -0.196992 -0.333275 -0.922021
vn -0.295839 -0.282441 -0.912528
vn 0.088889 -0.189513 -0.977846
vn 0.417668 0.172800 -0.892017
vn 0.431259 0.073118 -0.899260
vn 0.827155 0.021213 -0.561574
vn -0.241255 -0.123576 -0.962562
vn -0.130551 -0.187344 -0.973580
vn -0.056824 -0.061718 -0.996475
vn 0.325942 0.154336 -0.932707
vn 0.336672 0.137168 -0.931578
vn 0.525080 0.098767 -0.845302
vn 0.564577 -0.016561 -0.825214
vn 0.271041 0.136267 -0.952874
vn 0.058160 -0.076211 -0.995394
vn 0.455209 -0.065793 -0.887950
vn 0.248664 -0.054357 -0.967063
vn 0.437579 -0.011222 -0.899110
vn 0.062068 -0.011843 -0.998002
vn 0.157046 0.114118 -0.980976
vn 0.222976 -0.069975 -0.972309
vn 0.212623 -0.285624 -0.934457
vn 0.036487 -0.093771 -0.994925
vn 0.196835 0.134510 -0.971166
vn 0.022381 -0.380472 -0.924521
vn 0.303645 -0.351624 -0.885528
vn -0.074487 -0.069405 -0.994804
vn 0.041056 -0.338078 -0.940222
vn 0.599833 -0.086633 -0.795422
vn 0.480653 0.023902 -0.876585
vn -0.146839 -0.366955 -0.918576
vn -0.273351 -0.232778 -0.933324
vn -0.096540 -0.229551 -0.968497
vn 0.261270 -0.262628 -0.928851
vn -0.052580 -0.213397 -0.975550
vn 0.019839 -0.070540 -0.997312
vn -0.074025 -0.331446 -0.940565
vn 0.565028 -0.051065 -0.823490
vn -0.121284 -0.332235 -0.935366
vn 0.587299 0.027856 -0.808891
vn 0.273076 -0.111833 -0.955470
vn -0.119395 -0.204611 -0.971534
vn -0.229021 -0.232159 -0.945331
vn -0.287296 -0.206349 -0.935351
vn -0.094752 -0.196794 -0.975856
vn 0.030169 -0.496030 -0.867781
vn 0.157583 -0.128683 -0.979086
vn 0.037923 -0.367063 -0.929423
vn 0.154988 -0.264791 -0.951769
vn 0.060910 -0.414648 -0.907941
vn 0.084669 -0.408200 -0.908957
vn 0.298459 -0.253714 -0.920082
vn 0.119145 -0.401798 -0.907944
vn 0.522631 -0.115033 -0.844763
vn -0.027312 -0.197635 -0.979895
vn 0.560417 -0.110358 -0.820825
vn 0.674540 0.034754 -0.737420
vn 0.606211 -0.133433 -0.784030
vn 0.387429 -0.370818 -0.844034
vn 0.248051 -0.335050 -0.908962
vn 0.114962 -0.447500 -0.886864
vn 0.558590 -0.248161 -0.791450
vn 0.233655 -0.361991 -0.902423
vn 0.915505 -0.127474 -0.381577
vn 0.935009 -0.156433 -0.318255
vn 0.275163 -0.339554 -0.899438
vn 0.617732 -0.227695 -0.752704
vn 0.878980 -0.254464 -0.403290
vn -0.341802 -0.107350 -0.933621
vn 0.899291 -0.146258 -0.412171
vn 0.792791 0.002130 -0.609489
vn 0.841856 -0.100810 -0.530203
vn 0.836084 -0.031169 -0.547715
vn 0.737663 -0.109968 -0.666154
vn 0.519899 -0.273915 -0.809120
vn 0.329039 -0.312398 -0.891146
vn 0.641613 -0.258369 -0.722204
vn 0.678119 -0.005703 -0.734930
vn 0.614330 0.005028 -0.789033
vn 0.806144 -0.029175 -0.590999
vn 0.941689 -0.088838 -0.324545
vn 0.841622 -0.097259 -0.531238
vn 0.867446 -0.045876 -0.495411
vn 0.893382 -0.126882 -0.431009
vn 0.580157 -0.080741 -0.810493
vn 0.938500 -0.064771 -0.339151
vn 0.981977 -0.008036 -0.188831
vn 0.889569 -0.125993 -0.439082
vn 0.850443 -0.247177 -0.464382
vn 0.708329 -0.193665 -0.678796
vn 0.142684 -0.521041 -0.841521
vn 0.083187 -0.508408 -0.857089
vn 0.036864 -0.543746 -0.838440
vn -0.052682 -0.513431 -0.856512
vn -0.080881 -0.452145 -0.888270
vn 0.057113 -0.514853 -0.855374
vn -0.202857 -0.497462 -0.843434
vn -0.204041 -0.431156 -0.878904
vn 0.154308 -0.564789 -0.810681
vn 0.135264 -0.559919 -0.817432
vn 0.977287 -0.155572 -0.143898
vn -0.962393 -0.260512 0.077027
vn -0.795054 -0.044026 -0.604939
vn -0.601596 -0.172675 -0.779914
vn 0.068370 0.073159 -0.994974
vn -0.975948 -0.116392 -0.184330
vn -0.973271 -0.229567 -0.006585
vn -0.667470 -0.124968 -0.734075
vn -0.363801 -0.181461 -0.913631
vn -0.669702 -0.120156 -0.732845
vn -0.415496 -0.058734 -0.907697
vn -0.757397 -0.082375 -0.647738
vn 0.060162 0.087914 -0.994310
vn 0.122185 0.131605 -0.983743
vn -0.403255 -0.252617 -0.879528
vn -0.336596 -0.088639 -0.937468
vn -0.528767 -0.262855 -0.807039
vn -0.419883 -0.227858 -0.878509
vn -0.469062 -0.157463 -0.869015
vn -0.753796 -0.047487 -0.655391
vn -0.180897 -0.024057 -0.983208
vn -0.067437 -0.010003 -0.997673
vn -0.916191 -0.050900 -0.397497
vn -0.824809 -0.041568 -0.563881
vn -0.884253 -0.038173 -0.465445
vn -0.521762 -0.138167 -0.841828
vn -0.570865 -0.232983 -0.787294
vn -0.715238 -0.042812 -0.697568
vn -0.751495 -0.095304 -0.652819
vn -0.921805 -0.170035 -0.348373
vn -0.918591 -0.141300 -0.369086
vn -0.973351 -0.220791 -0.061967
vn -0.393820 -0.031778 -0.918638
vn -0.316742 0.044577 -0.947464
vn -0.711676 -0.032241 -0.701768
vn -0.498212 -0.037942 -0.866224
vn -0.627197 -0.046262 -0.777486
vn -0.647991 -0.131066 -0.750286
vn -0.956829 -0.124779 -0.262506
vn -0.203688 0.059613 -0.977219
vn -0.574415 -0.163418 -0.802086
vn 0.262833 0.050751 -0.963506
vn 0.808379 -0.018329 -0.588377
vn -0.616963 -0.225965 -0.753854
vn 0.959061 -0.113919 -0.259276
vn -0.985166 -0.137976 -0.102029
vn -0.947415 -0.113804 -0.299088
vn -0.815476 -0.061076 -0.575560
vn -0.605839 -0.020156 -0.795332
vn -0.227854 0.015677 -0.973569
vn 0.155368 0.034461 -0.987256
vn 0.643592 0.025311 -0.764950
vn 0.916938 0.000700 -0.399030
vn 0.996683 -0.069008 -0.043144
vn 0.962142 0.094194 -0.255752
vn 0.898741 0.079206 -0.431268
vn 0.795589 0.137955 -0.589921
vn 0.647550 0.215065 -0.731045
vn 0.527785 0.255901 -0.809912
vn 0.362308 0.327879 -0.872484
vn 0.193166 0.360429 -0.912567
vn 0.064023 0.305981 -0.949882
vn 0.010575 0.289157 -0.957223
vn 0.015020 0.247334 -0.968814
vn 0.994478 -0.064093 0.083105
vn 0.367209 0.069409 -0.927545
vn 0.646600 -0.004288 -0.762817
vn 0.977919 0.110967 -0.177091
vn 0.848100 0.130037 -0.513632
vn -0.966443 -0.098320 -0.237321
vn -0.991940 -0.125881 -0.014464
vn -0.991780 -0.105224 -0.072804
vn -0.970065 -0.093712 -0.224038
vn 0.071594 0.050485 -0.996155
vn 0.011637 0.230122 -0.973092
vn 0.743496 0.042060 -0.667416
vn 0.040922 0.047782 -0.998019
vn 0.520659 0.067433 -0.851098
vn 0.860187 0.085788 -0.502711
vn -0.901290 -0.079447 -0.425869
vn 0.016754 0.189199 -0.981796
vn 0.795707 0.044191 -0.604067
vn 0.975671 -0.008410 -0.219077
vn -0.040891 0.055560 -0.997618
vn 0.494430 0.166862 -0.853051
vn 0.847454 0.103080 -0.520765
vn 0.931027 0.090303 -0.353602
vn 0.757205 0.122243 -0.641637
vn -0.899895 -0.055455 -0.432567
vn -0.709182 -0.010924 -0.704941
vn 0.043214 0.257998 -0.965178
vn 0.182272 0.248076 -0.951438
vn -0.000677 0.190397 -0.981707
vn 0.475822 0.221611 -0.851165
vn 0.636064 0.164441 -0.753911
vn 0.353505 0.209908 -0.911577
vn 0.745425 0.144799 -0.650672
vn -0.660628 -0.008296 -0.750668
vn 0.141243 0.278032 -0.950131
vn 0.006228 0.249950 -0.968239
vn 0.286204 0.277136 -0.917215
vn -0.732911 -0.015324 -0.680152
vn -0.791058 -0.031468 -0.610931
vn -0.890641 -0.061678 -0.450505
vn -0.956403 -0.097142 -0.275423
vn -0.879932 -0.056501 -0.471729
vn -0.949533 -0.077197 -0.304020
vn -0.986190 -0.117208 -0.117008
vn -0.989093 -0.131574 -0.066214
vn -0.987039 -0.117620 -0.109176
vn -0.956341 -0.088684 -0.278473
vn -0.974412 -0.098226 -0.202172
vn -0.991600 -0.112888 -0.063137
vn -0.811756 -0.042128 -0.582475
vn -0.918075 -0.079040 -0.388447
vn -0.170949 0.115450 -0.978493
vn -0.087147 0.072918 -0.993523
vn -0.112212 0.015645 -0.993561
vn -0.852496 -0.262908 -0.451808
vn -0.993368 -0.113836 0.016149
vn -0.994157 -0.012073 0.107266
vn 0.904974 0.000147 -0.425467
vn 0.913757 0.065618 -0.400928
vn -0.071978 -0.306285 -0.949215
vn 0.955435 0.157501 -0.249674
vn -0.007665 -0.008465 -0.999935
vn 0.967362 0.007450 -0.253290
vn 0.405114 0.062905 -0.912100
vn 0.410824 0.058522 -0.909834
vn 0.915859 0.027899 -0.400530
vn 0.931302 0.024583 -0.363417
vn 0.845286 0.037213 -0.533017
vn 0.998237 -0.028162 -0.052244
vn 0.799836 0.096560 -0.592401
vn -0.445753 0.018884 -0.894957
vn -0.622770 0.009442 -0.782348
vn -0.407958 0.029254 -0.912532
vn 0.171864 0.114475 -0.978447
vn 0.011678 0.124973 -0.992091
vn 0.436839 0.111273 -0.892631
vn -0.688125 -0.021796 -0.725265
vn -0.992144 -0.085668 -0.091165
vn -0.803074 -0.023290 -0.595424
vn 0.725266 0.039200 -0.687352
vn -0.550559 -0.007000 -0.834767
vn -0.845538 -0.036057 -0.532696
vn -0.838715 -0.095276 -0.536171
vn 0.940554 -0.317070 -0.121756
vn -0.686836 -0.065758 -0.723831
vn -0.462125 -0.127666 -0.877577
vn -0.494323 -0.215860 -0.842051
vn 0.715016 -0.142969 -0.684334
vn 0.451310 -0.075533 -0.889165
vn -0.977030 -0.176010 -0.120133
vn -0.854540 -0.384794 -0.348848
vn -0.976711 -0.121528 0.176822
vn -0.989030 -0.135275 -0.059330
vn -0.983786 -0.111249 -0.140675
vn -0.988561 0.113093 0.099781
vn 0.976214 -0.006989 -0.216694
vn 0.994719 -0.012887 -0.101825
vn 0.966738 0.124046 -0.223675
vn 0.981274 -0.005199 -0.192546
vn -0.110418 -0.557619 -0.822720
vn 0.978564 0.125744 -0.163098
vn 0.967637 0.154623 -0.199424
vn 0.962435 0.065768 -0.263426
vn 0.009756 0.014080 -0.999853
vn -0.004709 -0.104725 -0.994490
vn -0.008959 0.136506 -0.990599
vn 0.044317 0.128320 -0.990742
vn -0.016700 0.030107 -0.999407
vn -0.001030 0.115802 -0.993272
vn 0.997481 -0.037375 0.060290
vn 0.402625 0.064733 -0.913073
vn 0.655735 0.060520 -0.752562
vn 0.142001 0.058492 -0.988137
vn 0.771889 0.043945 -0.634236
vn 0.996772 -0.060783 0.052459
vn 0.810255 0.096295 -0.578113
vn 0.653409 0.111947 -0.748682
vn -0.185251 0.033254 -0.982128
vn 0.122275 0.200410 -0.972052
vn 0.325273 -0.048196 -0.944391
vn 0.010600 0.187543 -0.982199
vn 0.421568 0.167257 -0.891238
vn 0.543533 0.112732 -0.831783
vn 0.291099 0.182122 -0.939198
vn -0.992538 -0.097309 -0.073484
vn -0.996385 -0.075090 0.039720
vn -0.997813 -0.063270 0.019110
vn 0.962920 -0.001161 -0.269784
vn 0.633623 0.049700 -0.772044
vn 0.639819 0.161318 -0.751404
vn -0.968248 -0.060523 -0.242555
vn -0.997554 -0.065776 0.023664
vn -0.963420 0.028271 -0.266502
vn 0.694924 0.203141 -0.689793
vn 0.859818 -0.114276 -0.497649
vn -0.992887 -0.118582 -0.010698
vn -0.929385 0.004221 -0.369088
vn -0.237958 -0.463335 -0.853637
vn 0.962552 -0.061104 -0.264119
vn 0.978079 -0.059818 -0.199455
vn 0.942113 -0.117928 -0.313872
vn -0.905746 -0.418824 0.064893
vn -0.998080 -0.008574 -0.061337
vn -0.969450 0.100339 0.223828
vn -0.893951 -0.352551 -0.276693
vn -0.970905 -0.139166 -0.194873
vn -0.977493 -0.202894 0.057803
vn -0.964147 -0.064191 0.257489
vn -0.561369 -0.424703 -0.710276
vn -0.978077 0.173910 0.114550
vn -0.960284 -0.178524 -0.214437
vn -0.850583 -0.373627 -0.370016
vn -0.989258 -0.125773 0.074494
vn -0.971647 -0.140940 -0.189834
vn -0.965170 0.261617 -0.001982
vn -0.995853 -0.080044 -0.043247
vn -0.987943 0.129855 0.084301
vn -0.986907 0.159527 0.023783
vn 0.991796 -0.020858 -0.126121
vn 0.999427 -0.031829 -0.011512
vn 0.997626 -0.043656 0.053268
vn 0.998573 -0.024109 -0.047647
vn 0.947252 0.013573 -0.320201
vn 0.986867 0.128473 -0.097921
vn 0.986455 0.063474 -0.151250
vn 0.994200 0.020874 -0.105500
vn 0.982131 -0.045269 -0.182671
vn -0.134712 -0.591015 -0.795333
vn -0.077618 -0.374881 -0.923818
vn 0.902596 0.149031 -0.403869
vn 0.984702 0.153229 -0.082959
vn 0.920133 0.100692 -0.378439
vn 0.961781 0.090674 -0.258372
vn 0.985557 0.089766 -0.143591
vn -0.006735 -0.240095 -0.970726
vn -0.040663 -0.172540 -0.984163
vn -0.035199 -0.087750 -0.995520
vn -0.016326 -0.181079 -0.983333
vn -0.042486 -0.322667 -0.945558
vn -0.036701 -0.462768 -0.885720
vn 0.196981 -0.067533 -0.978079
vn -0.020851 -0.389979 -0.920588
vn 0.093075 -0.063206 -0.993651
vn 0.029590 -0.171466 -0.984746
vn 0.016100 -0.121904 -0.992411
vn -0.115289 0.046930 -0.992223
vn -0.476031 0.024664 -0.879083
vn 0.574219 0.046491 -0.817381
vn 0.025202 0.072030 -0.997084
vn 0.609685 0.140205 -0.780146
vn 0.468281 0.062867 -0.881340
vn 0.996923 -0.017543 -0.076404
vn 0.987251 -0.036023 -0.155042
vn 0.990271 0.012402 -0.138601
vn 0.944653 -0.007923 -0.327975
vn 0.731322 0.213841 -0.647642
vn 0.952671 -0.014898 -0.303637
vn -0.997680 -0.063484 -0.024566
vn -0.980714 -0.073458 0.181117
vn -0.993423 -0.064512 0.094602
vn -0.995510 -0.057964 0.074830
vn -0.992498 -0.116840 0.036005
vn -0.973246 -0.141466 -0.181050
vn 0.803007 0.221085 -0.553445
vn 0.720842 0.276234 -0.635674
vn 0.811082 0.150911 -0.565130
vn 0.608513 0.329178 -0.722049
vn 0.729996 0.308148 -0.610042
vn 0.963605 -0.244470 0.108164
vn -0.940653 -0.203697 0.271440
vn -0.986476 -0.122254 0.109170
vn -0.953644 -0.260704 0.150321
vn -0.979687 -0.150264 0.132794
vn -0.949066 -0.220631 0.224936
vn -0.997957 -0.044114 0.046219
vn -0.689276 -0.366270 -0.625096
vn 0.993599 -0.084821 -0.074607
vn 0.994152 -0.107868 -0.005086
vn 0.970692 -0.210785 0.115442
vn 0.920345 -0.298391 0.252838
vn -0.972174 -0.143878 0.184870
vn -0.975943 -0.111285 0.187487
vn -0.913383 -0.248897 -0.322153
vn -0.648118 -0.094450 -0.755660
vn -0.950865 0.232479 -0.204473
vn -0.967443 0.242449 -0.072616
vn -0.957611 -0.192020 -0.214732
vn -0.976438 0.176183 0.124613
vn -0.951551 0.209492 0.225088
vn -0.910103 -0.220075 -0.351112
vn -0.971551 -0.199237 -0.128039
vn -0.990919 0.056323 -0.122094
vn -0.932335 -0.113324 -0.343380
vn -0.977665 -0.129379 -0.165627
vn 0.999478 -0.031411 -0.007560
vn 0.995955 -0.030028 -0.084685
vn 0.925242 0.024248 -0.378601
vn 0.942618 0.002973 -0.333860
vn 0.963938 0.055491 -0.260279
vn 0.934477 0.101469 -0.341259
vn 0.935530 0.135446 -0.326248
vn 0.994713 0.078896 -0.065735
vn 0.997709 -0.049614 -0.045987
vn 0.990970 -0.108129 -0.079283
vn 0.871370 -0.089540 -0.482387
vn 0.974871 -0.088382 -0.204485
vn -0.106233 -0.629994 -0.769300
vn -0.182800 -0.512772 -0.838838
vn 0.944951 0.150403 -0.290598
vn 0.908300 0.145615 -0.392157
vn 0.949537 0.117935 -0.290640
vn 0.870120 0.095314 -0.483535
vn 0.916505 0.072885 -0.393328
vn -0.016500 -0.089227 -0.995875
vn -0.095924 -0.534606 -0.839640
vn -0.064506 -0.574185 -0.816180
vn 0.206395 0.009040 -0.978427
vn 0.319067 0.100222 -0.942418
vn -0.035969 -0.285903 -0.957583
vn 0.110565 -0.335110 -0.935669
vn -0.019807 -0.348244 -0.937195
vn 0.199940 0.065245 -0.977633
vn -0.248152 0.053246 -0.967256
vn 0.291293 0.062080 -0.954617
vn 0.634586 0.054820 -0.770906
vn 0.878050 0.016699 -0.478277
vn 0.997125 -0.040730 -0.063894
vn 0.992728 -0.030038 -0.116572
vn 0.814184 -0.016932 -0.580359
vn 0.998648 -0.016879 -0.049169
vn 0.839622 0.075086 -0.537957
vn 0.992148 -0.024264 -0.122696
vn 0.994569 -0.026498 -0.100653
vn 0.984858 -0.020122 -0.172191
vn 0.965692 -0.030827 -0.257856
vn 0.991768 -0.054854 -0.115706
vn 0.969878 -0.026909 -0.242099
vn -0.982647 -0.072428 0.170758
vn -0.979674 -0.064569 -0.189921
vn -0.964966 -0.097548 0.243567
vn -0.984092 -0.112955 0.137130
vn -0.974269 0.021698 -0.224342
vn -0.967187 -0.064235 0.245812
vn -0.957492 -0.067404 -0.280474
vn -0.993210 -0.076313 -0.087809
vn -0.963734 -0.156317 0.216290
vn -0.995684 -0.081245 0.044853
vn 0.954454 0.074311 -0.288957
vn 0.976240 -0.011209 -0.216404
vn 0.988406 -0.074079 -0.132537
vn 0.461110 0.425598 -0.778617
vn 0.674237 0.327159 -0.662096
vn 0.919881 -0.022641 -0.391545
vn 0.742414 0.264318 -0.615596
vn 0.921162 -0.364320 0.136863
vn 0.924373 -0.000161 -0.381489
vn 0.945477 -0.170075 -0.277754
vn -0.929231 -0.169848 0.328149
vn -0.957454 -0.129948 0.257672
vn -0.990131 -0.119683 0.072910
vn -0.959292 -0.231976 0.161077
vn -0.951884 -0.305621 -0.022631
vn -0.999654 -0.026290 -0.000191
vn -0.955558 -0.267395 0.124133
vn -0.970489 -0.120860 0.208673
vn -0.997935 -0.054022 0.034739
vn -0.439762 -0.492200 -0.751231
vn 0.988399 -0.141842 0.054300
vn 0.999205 -0.029152 0.027188
vn 0.965762 -0.178988 0.187796
vn 0.968683 -0.200237 0.146824
vn 0.915148 -0.272996 0.296610
vn 0.912751 -0.286008 0.291693
vn 0.952677 -0.246972 0.177232
vn 0.934974 -0.265258 0.235504
vn -0.972288 0.076091 0.221055
vn 0.990757 -0.128080 -0.044686
vn 0.974121 -0.073475 -0.213753
vn 0.913569 -0.081459 -0.398443
vn 0.943699 0.015307 -0.330451
vn -0.243051 -0.584826 -0.773889
vn -0.152404 -0.543119 -0.825709
vn -0.264802 -0.490629 -0.830158
vn -0.443992 -0.512557 -0.734953
vn -0.075830 -0.459203 -0.885089
vn -0.111801 -0.565777 -0.816944
vn 0.351722 0.006244 -0.936084
vn 0.225419 -0.170990 -0.959140
vn -0.030482 -0.554844 -0.831396
vn -0.095556 -0.470603 -0.877155
vn 0.491065 0.063668 -0.868793
vn -0.007728 0.058371 -0.998265
vn 0.605434 0.054624 -0.794018
vn 0.178558 0.064603 -0.981806
vn 0.889630 0.023924 -0.456055
vn 0.947063 -0.010376 -0.320879
vn 0.828069 0.043315 -0.558950
vn 0.852516 0.025984 -0.522055
vn 0.949633 -0.040802 -0.310697
vn 0.926343 -0.016580 -0.376317
vn 0.948905 -0.016862 -0.315111
vn 0.836541 0.020362 -0.547525
vn 0.644435 0.043543 -0.763418
vn 0.787725 0.029871 -0.615303
vn 0.717681 0.044291 -0.694962
vn 0.839325 0.021822 -0.543192
vn 0.952894 0.051910 -0.298828
vn 0.472315 0.151514 -0.868310
vn 0.930279 0.048690 -0.363608
vn 0.768156 0.094819 -0.633203
vn 0.953862 -0.001592 -0.300241
vn 0.831168 0.066638 -0.552014
vn 0.860356 0.044708 -0.507730
vn 0.702711 0.130103 -0.699479
vn 0.998641 -0.043018 -0.029427
vn 0.857109 0.017838 -0.514827
vn 0.801924 0.034050 -0.596455
vn 0.815968 0.091310 -0.570840
vn 0.876743 0.060316 -0.477162
vn 0.919416 0.012935 -0.393074
vn 0.989968 -0.063229 -0.126353
vn -0.996431 -0.058383 0.060967
vn -0.998259 -0.058839 0.004220
vn -0.810425 -0.063420 -0.582399
vn -0.993483 -0.071863 -0.088467
vn -0.941898 0.020174 -0.335292
vn -0.999092 -0.042540 -0.002320
vn -0.997247 -0.065761 -0.034248
vn -0.992225 -0.069868 -0.102999
vn -0.989958 -0.060865 0.127587
vn -0.990097 -0.076086 -0.117978
vn -0.826045 -0.041984 -0.562038
vn -0.964350 -0.124884 0.233309
vn -0.987626 -0.008813 -0.156581
vn -0.962690 0.057586 -0.264410
vn -0.957769 -0.107039 -0.266872
vn -0.924307 0.121124 -0.361920
vn -0.896192 0.114541 -0.428626
vn 0.850490 0.131329 -0.509332
vn 0.813013 -0.208523 -0.543625
vn 0.632904 0.271351 -0.725122
vn -0.979258 0.007324 -0.202485
vn -0.899244 0.022972 -0.436844
vn -0.971920 -0.234638 -0.017803
vn -0.975129 -0.098698 0.198450
vn -0.990470 -0.136467 -0.018623
vn -0.994314 -0.010101 -0.106013
vn -0.995116 0.008126 -0.098378
vn -0.994823 -0.023303 -0.098914
vn -0.881304 0.004840 -0.472525
vn -0.949599 -0.042326 -0.310597
vn -0.975747 0.044130 -0.214406
vn -0.967230 -0.015322 -0.253437
vn -0.988676 -0.074324 -0.130370
vn 0.988620 -0.028435 -0.147723
vn 0.978461 -0.039392 -0.202638
vn 0.993926 -0.023515 -0.107509
vn 0.997770 -0.066074 0.009435
vn 0.913125 -0.252697 0.319917
vn 0.971427 -0.102002 -0.214302
vn 0.992060 -0.100609 -0.075470
vn 0.969700 -0.237064 0.059011
vn 0.981122 -0.167668 -0.096373
vn 0.766819 -0.029496 -0.641186
vn 0.911424 -0.290321 0.291582
vn 0.972154 -0.118912 -0.201932
vn 0.981981 -0.177121 -0.065886
vn 0.967011 -0.252043 -0.036939
vn 0.957975 -0.181728 -0.221944
vn 0.840756 -0.079217 -0.535587
vn 0.964678 -0.106208 -0.241073
vn 0.973109 -0.100483 -0.207274
vn 0.979553 -0.100627 -0.174210
vn 0.979657 -0.035546 -0.197504
vn 0.931342 -0.107365 -0.347957
vn -0.700871 -0.092909 -0.707211
vn -0.604189 -0.393827 -0.692717
vn 0.099425 -0.260000 -0.960476
vn 0.165295 -0.158280 -0.973460
vn -0.008998 -0.448851 -0.893561
vn -0.299842 0.025315 -0.953653
vn -0.553832 0.001778 -0.832626
vn -0.546897 0.011410 -0.837122
vn -0.372416 0.021892 -0.927808
vn -0.655025 0.000343 -0.755607
vn -0.151908 0.052779 -0.986984
vn -0.529821 0.015454 -0.847969
vn -0.013446 0.051627 -0.998576
vn 0.442930 0.062448 -0.894379
vn 0.868174 0.030763 -0.495305
vn 0.740671 0.031537 -0.671128
vn 0.968868 -0.012836 -0.247244
vn 0.690244 -0.002545 -0.723572
vn 0.124973 -0.008564 -0.992123
vn 0.310440 0.044016 -0.949573
vn 0.431345 0.019621 -0.901974
vn 0.575371 0.025162 -0.817505
vn 0.169687 0.078248 -0.982387
vn 0.467474 0.054938 -0.882298
vn 0.191936 0.052247 -0.980016
vn 0.688347 0.097894 -0.718745
vn 0.418610 0.119227 -0.900306
vn 0.106054 0.123798 -0.986624
vn 0.927621 0.011321 -0.373352
vn 0.944739 0.007211 -0.327746
vn 0.733592 0.054143 -0.677430
vn 0.832390 0.022869 -0.553719
vn -0.933800 -0.074206 -0.350015
vn -0.947786 -0.059962 -0.313221
vn -0.578893 0.311972 -0.753364
vn -0.937398 -0.073541 -0.340407
vn 0.478628 0.427390 -0.766977
vn 0.939514 -0.107312 -0.325266
vn 0.914361 -0.395126 0.088420
vn 0.964292 -0.240001 -0.111982
vn 0.759816 0.175628 -0.625967
vn 0.968004 -0.208845 -0.139109
vn -0.996547 -0.046302 0.068928
vn -0.735934 0.033921 -0.676203
vn -0.997189 -0.054763 0.051137
vn -0.924349 -0.001251 -0.381547
vn -0.975178 -0.068136 -0.210676
vn -0.988606 -0.045661 -0.143436
vn -0.851106 -0.016589 -0.524732
vn -0.822857 0.007658 -0.568197
vn -0.936280 0.002227 -0.351248
vn -0.962864 -0.201218 0.180012
vn -0.902852 -0.328286 -0.277645
vn 0.991056 -0.066499 -0.115698
vn 0.985028 -0.170275 0.026945
vn 0.604690 -0.023930 -0.796101
vn 0.969653 -0.118017 -0.214115
vn 0.939505 -0.283772 0.191845
vn 0.919111 -0.318888 0.231400
vn 0.945733 -0.317358 0.069809
vn 0.938779 -0.337967 0.066873
vn 0.376561 0.094979 -0.921510
vn 0.909881 -0.099318 -0.402807
vn -0.275919 -0.416939 -0.866043
vn -0.139075 -0.490284 -0.860395
vn -0.368541 -0.319279 -0.873063
vn -0.462722 -0.229459 -0.856292
vn -0.110920 -0.534701 -0.837730
vn -0.841464 0.082530 -0.533973
vn -0.127161 -0.542209 -0.830566
vn -0.049349 -0.494261 -0.867912
vn -0.443857 0.015753 -0.895959
vn 0.126317 0.059652 -0.990195
vn 0.699509 0.055915 -0.712433
vn 0.328436 0.056519 -0.942834
vn 0.130756 0.039556 -0.990625
vn -0.098109 0.059806 -0.993377
vn 0.567359 0.051807 -0.821839
vn -0.974081 -0.092447 -0.206445
vn -0.973698 -0.078776 -0.213789
vn -0.789544 -0.029659 -0.612977
vn -0.900421 -0.162993 -0.403331
vn -0.919119 -0.376082 -0.117397
vn 0.451880 0.459340 -0.764730
vn 0.720847 0.173425 -0.671046
vn 0.951614 -0.151819 -0.267173
vn 0.493047 0.029609 -0.869499
vn 0.877846 -0.273793 -0.392969
vn 0.856596 -0.299548 -0.420136
vn 0.803945 -0.009622 -0.594626
vn -0.885807 0.060577 -0.460083
vn -0.731336 0.113228 -0.672552
vn -0.809159 -0.051251 -0.585351
vn -0.834970 0.057018 -0.547333
vn 0.728360 -0.024745 -0.684748
vn 0.628120 -0.158661 -0.761769
vn 0.932523 -0.055866 -0.356762
vn 0.818835 -0.083843 -0.567873
vn 0.832559 -0.112948 -0.542298
vn 0.361551 -0.030026 -0.931869
vn -0.157597 0.047327 -0.986369
vn -0.427429 0.030307 -0.903541
vn -0.321698 0.036866 -0.946124
vn 0.501584 0.048170 -0.863767
vn 0.234632 0.064162 -0.969965
vn -0.073118 0.154424 -0.985295
vn 0.709927 0.043308 -0.702943
vn 0.357739 0.064720 -0.931576
vn 0.255929 0.059329 -0.964873
vn -0.035610 0.063444 -0.997350
vn -0.283134 0.037549 -0.958345
vn -0.251831 0.032297 -0.967232
vn -0.016755 0.032787 -0.999322
vn -0.073698 0.051230 -0.995964
vn -0.381585 0.018180 -0.924155
vn 0.093340 0.064885 -0.993518
vn 0.012357 0.066022 -0.997742
vn -0.663796 -0.022967 -0.747561
vn -0.170027 0.050718 -0.984133
vn -0.565123 -0.019274 -0.824782
vn -0.898119 -0.068569 -0.434374
vn -0.840102 -0.049037 -0.540208
vn -0.651398 -0.010829 -0.758659
vn -0.701810 -0.022695 -0.712003
vn 0.707288 -0.058975 -0.704461
vn 0.288473 0.097712 -0.952489
vn -0.189353 0.055390 -0.980346
vn -0.542158 -0.001153 -0.840276
vn -0.028621 0.058136 -0.997898
vn -0.508636 0.020148 -0.860746
vn 0.493437 0.057185 -0.867900
vn -0.064256 0.111284 -0.991709
vn -0.385873 -0.018374 -0.922369
vn -0.726669 -0.025382 -0.686519
vn -0.757838 -0.031006 -0.651706
vn -0.697164 -0.025137 -0.716471
vn -0.549369 -0.008330 -0.835539
vn -0.849863 -0.047537 -0.524855
vn -0.907379 -0.065878 -0.415118
vn -0.836760 -0.052800 -0.545019
vn -0.937866 -0.068011 -0.340266
vn -0.675736 -0.014274 -0.737005
vn -0.988355 -0.061738 -0.139075
vn -0.794425 -0.032917 -0.606469
vn -0.040728 0.060546 -0.997334
vn 0.773587 -0.019070 -0.633403
vn 0.533795 -0.081584 -0.841669
vn 0.561944 -0.111788 -0.819586
vn 0.811124 -0.023042 -0.584420
vn 0.602143 0.009839 -0.798328
vn 0.396326 -0.070701 -0.915384
vn -0.679283 -0.024363 -0.733472
vn 0.054561 0.055144 -0.996987
vn -0.102231 -0.015140 -0.994645
vn -0.279483 0.060467 -0.958245
vn -0.642190 0.075892 -0.762780
vn -0.515793 0.039563 -0.855799
vn -0.687746 -0.011150 -0.725866
vn -0.279235 -0.004315 -0.960213
vn -0.458906 0.002460 -0.888481
vn -0.459998 0.024526 -0.887581
vn -0.678109 -0.046985 -0.733458
vn -0.911128 -0.060869 -0.407604
vn -0.887467 -0.046529 -0.458516
vn -0.861798 -0.046135 -0.505150
vn 0.371367 0.037367 -0.927734
vn 0.218532 0.049004 -0.974599
vn 0.271749 -0.139660 -0.952180
vn -0.029590 0.051089 -0.998256
vn -0.745136 0.011080 -0.666820
vn -0.830780 0.064106 -0.552896
vn -0.482543 -0.030050 -0.875357
vn -0.954850 -0.064755 -0.289945
vn 0.692581 -0.239447 -0.680439
vn 0.632036 -0.190657 -0.751120
vn 0.550524 -0.153290 -0.820625
vn 0.403708 -0.123166 -0.906559
vn 0.627114 -0.173723 -0.759308
vn 0.684020 -0.183075 -0.706116
vn 0.580948 -0.178855 -0.794046
vn 0.411221 -0.153268 -0.898558
vn 0.151206 -0.091011 -0.984304
vn -0.007460 -0.157189 -0.987540
vn -0.034367 -0.080206 -0.996186
vn -0.000168 -0.097827 -0.995203
vn -0.815934 0.080268 -0.572545
vn -0.890917 0.017446 -0.453831
vn -0.946392 0.035513 -0.321063
vn -0.995548 -0.017755 -0.092571
vn 0.580241 -0.181202 -0.794032
vn 0.581016 -0.168060 -0.796352
vn 0.652196 -0.279241 -0.704745
vn -0.675153 0.100068 -0.730859
vn -0.468310 0.065023 -0.881169
vn -0.650687 0.022240 -0.759020
vn -0.742227 0.004876 -0.670130
vn -0.444453 0.096908 -0.890545
vn -0.886723 0.070985 -0.456819
vn -0.826991 0.009577 -0.562134
vn -0.424692 0.189298 -0.885327
vn -0.443356 0.335298 -0.831271
vn -0.621134 0.153762 -0.768473
vn -0.255947 0.098066 -0.961704
vn -0.232549 0.111157 -0.966212
vn -0.423590 0.105538 -0.899685
vn -0.528294 0.145760 -0.836456
vn 0.725814 0.098438 -0.680812
vn 0.717014 0.109803 -0.688356
vn -0.936662 0.342268 -0.074270
vn -0.464887 -0.492073 -0.736033
vn -0.593778 -0.300451 -0.746429
vn -0.921324 0.388166 0.022107
vn -0.918352 0.281089 -0.278601
vn 0.059391 -0.470163 -0.880579
vn -0.902990 0.401657 -0.152580
vn -0.433236 -0.374504 -0.819788
vn -0.591310 -0.018793 -0.806225
vn -0.647738 -0.451237 -0.613857
vn -0.819150 -0.098390 -0.565078
vn -0.898780 -0.102733 -0.426192
vn -0.759699 -0.195273 -0.620263
vn -0.365573 -0.596411 -0.714598
vn -0.225080 -0.468508 -0.854306
vn -0.844725 -0.081889 -0.528898
vn -0.955583 0.279849 -0.092441
vn -0.398872 -0.411076 -0.819706
vn -0.663603 -0.429167 -0.612737
vn -0.578820 -0.460412 -0.673044
vn -0.660158 -0.229447 -0.715224
vn -0.698963 0.050594 -0.713366
vn -0.847152 0.026515 -0.530688
vn -0.760867 0.006690 -0.648874
vn -0.913078 -0.054263 -0.404159
vn -0.265469 -0.067601 -0.961746
vn -0.740285 -0.437724 -0.510270
vn -0.804610 -0.191383 -0.562116
vn -0.906048 0.089128 -0.413684
vn -0.577373 0.011555 -0.816399
vn -0.938430 0.056317 -0.340848
vn -0.896003 0.378630 -0.231988
vn -0.818414 0.060172 -0.571470
vn -0.461629 -0.154491 -0.873516
vn -0.156856 -0.174221 -0.972133
vn -0.242710 -0.172492 -0.954640
vn -0.463824 -0.046918 -0.884684
vn -0.536443 0.157031 -0.829199
vn -0.305353 -0.105431 -0.946385
vn -0.458486 0.006261 -0.888680
vn -0.191536 -0.139968 -0.971454
vn -0.174152 -0.021440 -0.984485
vn -0.044659 -0.170510 -0.984343
vn -0.102548 -0.064396 -0.992642
vn -0.087715 -0.122905 -0.988535
vn -0.362845 0.084929 -0.927971
vn -0.522147 0.077269 -0.849348
vn -0.328619 0.056438 -0.942775
vn 0.203013 -0.462764 -0.862923
vn -0.289867 0.075394 -0.954093
vn -0.394688 0.088900 -0.914504
vn -0.143169 -0.052198 -0.988321
vn -0.090885 -0.288543 -0.953144
vn -0.162552 -0.119369 -0.979453
vn -0.605113 0.075759 -0.792527
vn -0.363159 -0.232632 -0.902218
vn 0.397326 -0.575139 -0.715086
vn -0.011168 -0.345774 -0.938251
vn -0.723382 0.135149 -0.677091
vn -0.481526 -0.184038 -0.856891
vn 0.370583 -0.625207 -0.686866
vn -0.150383 -0.083411 -0.985103
vn 0.240126 -0.461585 -0.853978
vn -0.305999 0.132810 -0.942723
vn -0.293958 0.035444 -0.955161
vn 0.041566 -0.287432 -0.956899
vn 0.302200 -0.586297 -0.751619
vn -0.966203 -0.044139 -0.253974
vn 0.717008 -0.189370 -0.670849
vn 0.813969 -0.104179 -0.571490
vn 0.866322 -0.006194 -0.499448
vn 0.450640 -0.070225 -0.889939
vn 0.535981 0.015550 -0.844087
vn 0.454731 0.012148 -0.890546
vn 0.065832 -0.469569 -0.880438
vn 0.331791 -0.248822 -0.909946
vn 0.185644 -0.372776 -0.909161
vn 0.243772 -0.201876 -0.948589
vn 0.278389 -0.399129 -0.873611
vn 0.350891 -0.112575 -0.929625
vn 0.364847 -0.150280 -0.918859
vn 0.107193 -0.385573 -0.916430
vn 0.262191 -0.108904 -0.958851
vn 0.449831 -0.038706 -0.892274
vn -0.115804 -0.536861 -0.835685
vn -0.977028 -0.192700 0.091017
vn 0.774285 -0.088013 -0.626687
vn 0.908555 -0.036088 -0.416205
vn 0.911330 -0.041304 -0.409599
vn 0.853557 -0.019946 -0.520617
vn 0.929056 -0.024036 -0.369157
vn -0.753817 0.128162 -0.644464
vn -0.958474 -0.285019 0.009621
vn -0.590630 0.021245 -0.806662
vn -0.710535 -0.063572 -0.700784
vn -0.328145 0.004613 -0.944616
vn -0.523993 -0.131955 -0.841439
vn -0.914652 -0.183330 -0.360280
vn -0.364048 0.008279 -0.931343
vn -0.654717 -0.022644 -0.755535
vn -0.417923 0.240894 -0.875962
vn -0.937809 -0.343667 -0.049059
vn -0.283683 0.052877 -0.957459
vn -0.530784 -0.037567 -0.846674
vn -0.138784 0.025180 -0.990003
vn -0.472715 0.064733 -0.878834
vn -0.360446 0.443772 -0.820454
vn -0.358750 0.539891 -0.761457
vn -0.400244 0.486256 -0.776763
vn -0.422908 0.417841 -0.804088
vn -0.406333 -0.174672 -0.896874
vn -0.389895 -0.022692 -0.920580
vn -0.331389 0.256148 -0.908058
vn -0.334658 0.011627 -0.942268
vn -0.194830 0.205264 -0.959118
vn -0.414729 0.143377 -0.898578
vn -0.303244 0.399321 -0.865209
vn -0.341625 0.393707 -0.853398
vn -0.225192 0.181758 -0.957211
vn -0.420463 0.235921 -0.876101
vn 0.497425 -0.082631 -0.863563
vn 0.360951 0.362955 -0.859056
vn 0.700678 -0.076759 -0.709336
vn 0.276044 0.070401 -0.958563
vn -0.349645 0.147491 -0.925200
vn 0.493957 0.307061 -0.813462
vn 0.108358 0.222370 -0.968922
vn 0.459097 0.328629 -0.825368
vn -0.121970 0.342166 -0.931690
vn 0.578617 0.055790 -0.813689
vn -0.430630 0.389820 -0.814001
vn -0.223302 -0.062048 -0.972773
vn 0.072844 0.135768 -0.988059
vn -0.203135 0.260010 -0.943997
vn 0.496702 0.362163 -0.788749
vn 0.693351 0.128138 -0.709115
vn -0.440047 0.525498 -0.728156
vn -0.370939 0.192590 -0.908468
vn -0.018539 0.068438 -0.997483
vn -0.319602 0.130951 -0.938460
vn 0.288805 0.199437 -0.936385
vn 0.374063 0.416353 -0.828690
vn -0.398768 0.525749 -0.751380
vn -0.427348 0.308927 -0.849669
vn -0.231565 -0.000615 -0.972819
vn -0.464329 -0.018666 -0.885466
vn -0.034011 0.018799 -0.999245
vn -0.114147 0.013251 -0.993375
vn -0.129212 0.342748 -0.930499
vn 0.599947 -0.006974 -0.800010
vn 0.493665 0.070987 -0.866750
vn 0.439620 0.294965 -0.848369
vn 0.433695 0.177313 -0.883442
vn -0.195303 0.371064 -0.907837
vn -0.188480 0.265775 -0.945431
vn 0.924190 -0.325128 -0.200409
vn -0.211003 0.329095 -0.920421
vn -0.186681 0.276805 -0.942618
vn 0.089216 0.042120 -0.995121
vn -0.094204 0.256636 -0.961906
vn 0.335417 0.145446 -0.930774
vn 0.116728 0.158611 -0.980417
vn 0.154803 0.153912 -0.975883
vn 0.156742 0.129541 -0.979107
vn -0.002708 0.133860 -0.990997
vn 0.580261 0.150794 -0.800349
vn -0.234028 0.341128 -0.910419
vn 0.008288 0.058557 -0.998250
vn -0.054542 0.033585 -0.997947
vn 0.117495 -0.156976 -0.980588
vn 0.306174 0.173865 -0.935964
vn 0.000093 -0.054319 -0.998524
vn -0.070885 -0.084092 -0.993933
vn 0.204236 -0.035125 -0.978291
vn -0.416483 -0.022726 -0.908859
vn 0.131100 -0.006152 -0.991350
vn -0.583861 -0.004944 -0.811839
vn -0.804557 0.072121 -0.589480
vn -0.640944 0.136611 -0.755333
vn -0.651408 -0.082222 -0.754259
vn -0.542065 0.147390 -0.827310
vn -0.229888 -0.048527 -0.972007
vn -0.013278 -0.205316 -0.978606
vn -0.502096 0.117626 -0.856775
vn 0.881516 -0.224418 -0.415410
vn 0.946613 -0.321664 -0.021340
vn 0.907554 -0.400403 0.126585
vn 0.917101 -0.198699 -0.345608
vn 0.666892 -0.031645 -0.744482
vn 0.778060 0.086400 -0.622220
vn 0.818209 0.138340 -0.558029
vn 0.889260 0.113769 -0.443026
vn 0.820723 0.036631 -0.570151
vn 0.713417 0.080348 -0.696118
vn 0.780411 0.126614 -0.612314
vn 0.759817 0.100351 -0.642345
vn 0.882998 0.140921 -0.447723
vn 0.728933 0.080603 -0.679823
vn 0.648032 0.067105 -0.758651
vn 0.633819 0.080144 -0.769318
vn 0.824700 0.085357 -0.559092
vn 0.859459 0.046425 -0.509092
vn 0.731784 -0.060586 -0.678838
vn 0.683756 0.068575 -0.726481
vn 0.571873 -0.001347 -0.820341
vn 0.603440 0.033322 -0.796712
vn 0.541956 0.053407 -0.838708
vn 0.739745 0.027761 -0.672314
vn 0.803685 -0.031667 -0.594212
vn 0.777375 -0.131020 -0.615241
vn 0.534693 -0.308870 -0.786577
vn 0.434537 -0.211721 -0.875416
vn 0.559575 -0.044830 -0.827567
vn 0.644349 -0.109292 -0.756882
vn 0.654862 -0.216317 -0.724129
vn 0.571874 -0.111169 -0.812774
vn 0.404500 -0.394545 -0.825054
vn 0.316437 -0.350043 -0.881667
vn 0.213570 -0.183729 -0.959495
vn 0.438882 -0.399169 -0.805014
vn 0.553544 -0.291406 -0.780174
vn 0.655439 -0.133065 -0.743434
vn 0.461686 -0.205329 -0.862952
vn 0.610599 -0.200589 -0.766116
vn 0.373843 -0.491679 -0.786443
vn 0.377486 -0.475193 -0.794793
vn 0.288428 -0.394956 -0.872249
vn -0.723414 -0.058534 -0.687929
vn -0.057245 -0.440064 -0.896140
vn -0.270710 -0.484807 -0.831672
vn 0.413464 -0.202649 -0.887683
vn 0.271765 -0.208620 -0.939479
vn 0.197204 -0.253908 -0.946911
vn -0.214690 0.004870 -0.976670
vn 0.225437 -0.167560 -0.959741
vn -0.452526 0.127556 -0.882581
vn -0.071790 -0.021868 -0.997180
vn 0.380611 -0.135905 -0.914694
vn 0.316502 -0.070920 -0.945937
vn 0.107349 0.086492 -0.990452
vn 0.211797 0.033399 -0.976743
vn 0.312337 -0.002217 -0.949969
vn -0.225664 0.288093 -0.930633
vn 0.129456 -0.342946 -0.930392
vn -0.104580 0.034616 -0.993914
vn 0.815503 -0.129114 -0.564167
vn 0.748531 -0.156088 -0.644467
vn 0.797773 -0.125350 -0.589785
vn 0.745559 -0.140814 -0.651393
vn 0.851586 -0.062918 -0.520426
vn 0.692140 -0.134599 -0.709101
vn 0.583893 -0.135662 -0.800415
vn 0.479507 -0.116395 -0.869785
vn 0.696147 -0.147565 -0.702569
vn 0.126427 -0.073270 -0.989266
vn 0.680059 -0.156577 -0.716242
vn 0.110068 -0.261624 -0.958873
vn 0.680329 -0.156258 -0.716055
vn -0.045299 -0.100510 -0.993904
vn -0.036862 -0.169129 -0.984904
vn 0.270124 -0.424828 -0.864033
vn 0.328471 -0.475630 -0.816017
vn 0.478086 -0.566852 -0.670904
vn 0.345331 -0.540486 -0.767217
vn 0.462153 -0.497684 -0.733979
vn 0.320879 -0.379673 -0.867689
vn 0.024042 -0.244356 -0.969388
vn 0.794542 -0.106442 -0.597806
vn 0.741156 -0.105871 -0.662932
vn 0.477912 -0.082121 -0.874561
vn 0.149345 -0.029259 -0.988352
vn 0.116389 -0.033842 -0.992627
vn 0.546414 -0.125669 -0.828033
vn 0.462767 -0.142590 -0.874937
vn -0.102654 0.050893 -0.993414
vn -0.248190 0.086291 -0.964860
vn -0.212351 0.066801 -0.974907
vn 0.099639 -0.045779 -0.993970
vn 0.694169 -0.098576 -0.713030
vn 0.699292 -0.080864 -0.710248
vn 0.698213 -0.149377 -0.700132
vn 0.708535 -0.170671 -0.684726
vn 0.551373 -0.106873 -0.827385
vn 0.334193 0.125574 -0.934102
vn -0.136767 0.202553 -0.969674
vn -0.157362 0.206469 -0.965716
vn 0.564984 -0.234907 -0.790956
vn 0.140637 -0.098216 -0.985178
vn -0.086699 -0.008630 -0.996197
vn 0.525884 -0.121728 -0.841801
vn 0.318914 -0.012465 -0.947702
vn 0.125582 0.125023 -0.984174
vn 0.472105 0.082705 -0.877654
vn -0.019843 0.172100 -0.984880
vn 0.435773 -0.067928 -0.897489
vn 0.346752 -0.187482 -0.919029
vn -0.287588 -0.005703 -0.957737
vn -0.378182 -0.038652 -0.924924
vn -0.288338 -0.199297 -0.936559
vn 0.499825 -0.131266 -0.856121
vt 0.233945 0.564478
vt 0.241335 0.549990
vt 0.247997 0.534884
vt 0.253765 0.519131
vt 0.258669 0.502862
vt 0.262834 0.486227
vt 0.266412 0.469350
vt 0.269561 0.452320
vt 0.272351 0.435179
vt 0.274821 0.417952
vt 0.277009 0.400657
vt 0.278955 0.383312
vt 0.280701 0.365929
vt 0.282290 0.348519
vt 0.283759 0.331091
vt 0.285149 0.313652
vt 0.286451 0.296201
vt 0.287683 0.278741
vt 0.288841 0.261273
vt 0.289933 0.243797
vt 0.290966 0.226315
vt 0.291937 0.208826
vt 0.292861 0.191334
vt 0.293734 0.173837
vt 0.294566 0.156337
vt 0.295360 0.138833
vt 0.296121 0.121327
vt 0.296855 0.103819
vt 0.297564 0.086310
vt 0.298255 0.068799
vt 0.298933 0.051288
vt 0.299602 0.033776
vt 0.300267 0.016263
vt 0.312464 0.016391
vt 0.324660 0.016519
vt 0.336857 0.016647
vt 0.349053 0.016775
vt 0.361250 0.016902
vt 0.373446 0.017030
vt 0.385642 0.017158
vt 0.397839 0.017286
vt 0.410035 0.017414
vt 0.410320 0.035045
vt 0.410605 0.052677
vt 0.410898 0.070309
vt 0.411202 0.087940
vt 0.411506 0.105571
vt 0.411845 0.123201
vt 0.412188 0.140831
vt 0.412549 0.158459
vt 0.412949 0.176087
vt 0.413350 0.193714
vt 0.413809 0.211338
vt 0.414286 0.228961
vt 0.414774 0.246584
vt 0.415323 0.264203
vt 0.415912 0.281820
vt 0.416543 0.299434
vt 0.417216 0.317045
vt 0.417935 0.334652
vt 0.418701 0.352256
vt 0.419514 0.369855
vt 0.420378 0.387450
vt 0.421294 0.405040
vt 0.422263 0.422624
vt 0.423287 0.440202
vt 0.424368 0.457775
vt 0.425506 0.475340
vt 0.426705 0.492897
vt 0.427957 0.510448
vt 0.429211 0.527999
vt 0.430380 0.545560
vt 0.431380 0.563141
vt 0.432127 0.580745
vt 0.432536 0.598372
vt 0.432524 0.616008
vt 0.432057 0.633636
vt 0.431136 0.651234
vt 0.429768 0.668782
vt 0.427958 0.686259
vt 0.425759 0.703659
vt 0.423252 0.720984
vt 0.420516 0.738249
vt 0.417630 0.755470
vt 0.414668 0.772668
vt 0.402814 0.770188
vt 0.390952 0.767772
vt 0.379076 0.765484
vt 0.367179 0.763389
vt 0.355259 0.761549
vt 0.343312 0.760034
vt 0.331343 0.758866
vt 0.319359 0.757990
vt 0.307367 0.757331
vt 0.295370 0.756816
vt 0.283371 0.756374
vt 0.282270 0.739346
vt 0.281203 0.722315
vt 0.280199 0.705276
vt 0.279286 0.688228
vt 0.278488 0.671169
vt 0.277825 0.654098
vt 0.277314 0.637018
vt 0.276554 0.619959
vt 0.273782 0.603333
vt 0.267105 0.588946
vt 0.257074 0.578549
vt 0.245744 0.570837
vt 0.306287 0.025422
vt 0.330394 0.058717
vt 0.342160 0.674579
vt 0.289594 0.747035
vt 0.314882 0.712071
vt 0.379182 0.058933
vt 0.403858 0.026446
vt 0.389690 0.723971
vt 0.409844 0.762142
vt 0.330583 0.036854
vt 0.318249 0.031844
vt 0.352487 0.717019
vt 0.314099 0.735577
vt 0.379370 0.037212
vt 0.391800 0.032599
vt 0.354866 0.049780
vt 0.387270 0.746046
vt 0.330685 0.025064
vt 0.342824 0.031809
vt 0.350833 0.739641
vt 0.313682 0.748087
vt 0.301789 0.741955
vt 0.326249 0.742511
vt 0.379472 0.025486
vt 0.367217 0.032026
vt 0.385972 0.757883
vt 0.374647 0.749313
vt 0.349948 0.751739
vt 0.338688 0.744425
vt 0.362124 0.747178
vt 0.334478 0.720665
vt 0.333338 0.733598
vt 0.323225 0.725488
vt 0.343637 0.728628
vt 0.314558 0.723828
vt 0.298044 0.717206
vt 0.292715 0.731561
vt 0.289771 0.720651
vt 0.352136 0.259284
vt 0.349089 0.406016
vt 0.353623 0.152087
vt 0.343310 0.534925
vt 0.241827 0.561074
vt 0.280164 0.546229
vt 0.316903 0.078810
vt 0.310737 0.660184
vt 0.373811 0.607418
vt 0.395563 0.062026
vt 0.382922 0.097786
vt 0.406604 0.725325
vt 0.406716 0.743980
vt 0.397648 0.754461
vt 0.389923 0.670445
vt 0.321377 0.047690
vt 0.319078 0.063234
vt 0.309634 0.043439
vt 0.309074 0.068821
vt 0.307133 0.082088
vt 0.307810 0.056076
vt 0.400270 0.044210
vt 0.402351 0.055211
vt 0.388482 0.048341
vt 0.339766 0.047883
vt 0.331556 0.047796
vt 0.347808 0.042049
vt 0.357266 0.036168
vt 0.355081 0.024998
vt 0.370098 0.047977
vt 0.362233 0.044905
vt 0.378916 0.733166
vt 0.361622 0.729593
vt 0.295106 0.695190
vt 0.322893 0.238346
vt 0.377316 0.222132
vt 0.383114 0.275138
vt 0.338069 0.329805
vt 0.313242 0.398942
vt 0.377747 0.364716
vt 0.385248 0.417648
vt 0.323931 0.149808
vt 0.383363 0.150866
vt 0.386709 0.542175
vt 0.308545 0.494376
vt 0.271933 0.566657
vt 0.257730 0.555818
vt 0.273894 0.520530
vt 0.293826 0.661455
vt 0.302647 0.626291
vt 0.403538 0.607303
vt 0.399189 0.079554
vt 0.395160 0.115042
vt 0.415594 0.727850
vt 0.412973 0.709369
vt 0.414623 0.745536
vt 0.397668 0.734797
vt 0.394995 0.744637
vt 0.409936 0.674082
vt 0.387225 0.734767
vt 0.353083 0.728511
vt 0.373015 0.702394
vt 0.369515 0.737807
vt 0.286112 0.696105
vt 0.291242 0.707474
vt 0.290412 0.678667
vt 0.314479 0.273009
vt 0.306018 0.236635
vt 0.318627 0.202442
vt 0.396268 0.221109
vt 0.396777 0.256514
vt 0.397959 0.291900
vt 0.310869 0.326034
vt 0.295021 0.395347
vt 0.300837 0.433476
vt 0.398947 0.362839
vt 0.400762 0.398232
vt 0.402712 0.433623
vt 0.308714 0.148640
vt 0.322085 0.114378
vt 0.315189 0.097746
vt 0.398608 0.150224
vt 0.387430 0.186086
vt 0.387288 0.489095
vt 0.405628 0.522296
vt 0.407951 0.556819
vt 0.286135 0.485913
vt 0.266243 0.576537
vt 0.260443 0.567326
vt 0.285110 0.583818
vt 0.275367 0.581608
vt 0.278914 0.593019
vt 0.295018 0.604202
vt 0.284360 0.605342
vt 0.289128 0.594834
vt 0.318482 0.568576
vt 0.302532 0.579129
vt 0.294278 0.584590
vt 0.290741 0.563060
vt 0.290573 0.620424
vt 0.250673 0.547194
vt 0.263320 0.535491
vt 0.264021 0.515206
vt 0.274389 0.499850
vt 0.266651 0.525519
vt 0.274614 0.534453
vt 0.271305 0.510083
vt 0.284702 0.662141
vt 0.289147 0.644874
vt 0.418777 0.607244
vt 0.407616 0.640296
vt 0.402409 0.068889
vt 0.406937 0.079273
vt 0.399973 0.097168
vt 0.385793 0.075167
vt 0.404722 0.114662
vt 0.420541 0.711307
vt 0.398861 0.709522
vt 0.415937 0.692525
vt 0.420517 0.676004
vt 0.417104 0.656906
vt 0.378755 0.716802
vt 0.370793 0.724665
vt 0.386573 0.701881
vt 0.386828 0.713264
vt 0.302787 0.673826
vt 0.300564 0.271415
vt 0.296874 0.235707
vt 0.303374 0.218704
vt 0.308880 0.183908
vt 0.406369 0.220564
vt 0.401801 0.238648
vt 0.400834 0.202948
vt 0.407091 0.255882
vt 0.402485 0.273872
vt 0.408271 0.291181
vt 0.403767 0.309748
vt 0.296864 0.324092
vt 0.307012 0.361293
vt 0.285279 0.393424
vt 0.292217 0.376802
vt 0.288276 0.412063
vt 0.287020 0.448386
vt 0.410092 0.361853
vt 0.405336 0.380000
vt 0.403620 0.342894
vt 0.411556 0.372725
vt 0.410220 0.350289
vt 0.411868 0.397132
vt 0.407235 0.415353
vt 0.412206 0.386075
vt 0.413365 0.407974
vt 0.413812 0.432400
vt 0.409391 0.452397
vt 0.414103 0.421373
vt 0.408743 0.441273
vt 0.300295 0.147994
vt 0.307281 0.130925
vt 0.305688 0.166017
vt 0.305084 0.095599
vt 0.407054 0.149869
vt 0.401136 0.167809
vt 0.400421 0.132482
vt 0.407248 0.486536
vt 0.418037 0.520635
vt 0.413068 0.538764
vt 0.410638 0.504738
vt 0.412307 0.528110
vt 0.411383 0.515175
vt 0.419096 0.508677
vt 0.420351 0.555484
vt 0.415354 0.577299
vt 0.413769 0.549443
vt 0.414659 0.565088
vt 0.423401 0.570290
vt 0.274463 0.481505
vt 0.283833 0.467047
vt 0.278820 0.490687
vt 0.270163 0.490668
vt 0.275228 0.469700
vt 0.281674 0.477225
vt 0.298812 0.615260
vt 0.325849 0.604928
vt 0.312952 0.613064
vt 0.283399 0.627936
vt 0.283658 0.615725
vt 0.255781 0.530224
vt 0.293971 0.633060
vt 0.304552 0.644168
vt 0.427221 0.607211
vt 0.421125 0.624347
vt 0.391546 0.103209
vt 0.391266 0.089009
vt 0.387026 0.063700
vt 0.393427 0.072282
vt 0.405933 0.714586
vt 0.398303 0.721350
vt 0.405882 0.698268
vt 0.408020 0.686208
vt 0.395058 0.688493
vt 0.425281 0.659307
vt 0.403365 0.657886
vt 0.421340 0.641520
vt 0.414173 0.646729
vt 0.379474 0.684521
vt 0.302342 0.662368
vt 0.322350 0.683355
vt 0.298278 0.684077
vt 0.310355 0.686709
vt 0.312951 0.673496
vt 0.318259 0.697547
vt 0.335088 0.698070
vt 0.326451 0.708907
vt 0.326755 0.693775
vt 0.333013 0.682087
vt 0.326697 0.662313
vt 0.318442 0.664829
vt 0.333775 0.669926
vt 0.349556 0.633784
vt 0.343778 0.653512
vt 0.292695 0.270514
vt 0.300762 0.253758
vt 0.305910 0.296516
vt 0.295636 0.217968
vt 0.303742 0.201102
vt 0.315204 0.224824
vt 0.299727 0.183131
vt 0.385668 0.240734
vt 0.409854 0.238030
vt 0.408899 0.202770
vt 0.386385 0.206568
vt 0.401836 0.185422
vt 0.392970 0.279637
vt 0.390731 0.266866
vt 0.378621 0.257193
vt 0.410690 0.273334
vt 0.411945 0.308605
vt 0.370727 0.318631
vt 0.288961 0.322997
vt 0.294390 0.341475
vt 0.284333 0.375414
vt 0.305752 0.382706
vt 0.280420 0.410310
vt 0.302513 0.411572
vt 0.285020 0.429465
vt 0.277722 0.445703
vt 0.388386 0.382549
vt 0.406570 0.326329
vt 0.396474 0.420733
vt 0.392679 0.407470
vt 0.378512 0.398802
vt 0.391553 0.394688
vt 0.397177 0.385195
vt 0.384419 0.406578
vt 0.417973 0.449668
vt 0.414303 0.467854
vt 0.416399 0.481004
vt 0.308929 0.113355
vt 0.316812 0.138452
vt 0.316236 0.125161
vt 0.331773 0.131225
vt 0.323337 0.131239
vt 0.315834 0.159997
vt 0.336567 0.178826
vt 0.327797 0.166251
vt 0.408798 0.167455
vt 0.391206 0.161306
vt 0.392517 0.174559
vt 0.376782 0.170313
vt 0.385148 0.169164
vt 0.408077 0.132174
vt 0.390765 0.139785
vt 0.369839 0.124593
vt 0.391799 0.127047
vt 0.380427 0.131882
vt 0.382181 0.114898
vt 0.400027 0.542481
vt 0.422715 0.537666
vt 0.395222 0.506930
vt 0.422457 0.590022
vt 0.409973 0.592673
vt 0.306406 0.464076
vt 0.313751 0.592744
vt 0.316986 0.632590
vt 0.320064 0.648506
vt 0.312908 0.642533
vt 0.333221 0.635353
vt 0.324676 0.638374
vt 0.331382 0.649447
vt 0.296981 0.650345
vt 0.411150 0.618017
vt 0.412958 0.630161
vt 0.397155 0.625719
vt 0.403036 0.618181
vt 0.394791 0.699725
vt 0.399562 0.675810
vt 0.410447 0.663192
vt 0.387941 0.681824
vt 0.379677 0.695681
vt 0.360280 0.683116
vt 0.313667 0.250841
vt 0.308152 0.262700
vt 0.296272 0.288595
vt 0.306835 0.282567
vt 0.304879 0.312356
vt 0.294944 0.310929
vt 0.294460 0.299645
vt 0.311526 0.195293
vt 0.323001 0.184176
vt 0.310743 0.210137
vt 0.314530 0.236227
vt 0.332431 0.217835
vt 0.393286 0.233173
vt 0.393969 0.245136
vt 0.384917 0.228649
vt 0.387653 0.254296
vt 0.394342 0.210140
vt 0.392528 0.196816
vt 0.365981 0.272953
vt 0.370724 0.240186
vt 0.386530 0.309293
vt 0.384223 0.292326
vt 0.303101 0.334665
vt 0.316013 0.345023
vt 0.303235 0.348471
vt 0.294651 0.360491
vt 0.300458 0.370502
vt 0.304360 0.395114
vt 0.297718 0.384936
vt 0.295305 0.406353
vt 0.320794 0.425065
vt 0.295556 0.421711
vt 0.277507 0.427560
vt 0.292028 0.437750
vt 0.300242 0.449901
vt 0.313871 0.442491
vt 0.294979 0.463561
vt 0.305803 0.442006
vt 0.300236 0.480185
vt 0.291080 0.475108
vt 0.409945 0.336146
vt 0.416838 0.494308
vt 0.315767 0.108218
vt 0.303936 0.121456
vt 0.338705 0.152526
vt 0.364840 0.196512
vt 0.369792 0.105411
vt 0.393594 0.527809
vt 0.402326 0.497891
vt 0.397163 0.486281
vt 0.387823 0.459343
vt 0.390145 0.474290
vt 0.399981 0.463682
vt 0.402385 0.475819
vt 0.416889 0.597214
vt 0.388689 0.585719
vt 0.317375 0.603169
vt 0.311083 0.624293
vt 0.323137 0.619745
vt 0.336210 0.658903
vt 0.393841 0.644068
vt 0.369644 0.689182
vt 0.370952 0.659084
vt 0.371265 0.674204
vt 0.379934 0.666268
vt 0.381496 0.649085
vt 0.306557 0.246936
vt 0.330422 0.260761
vt 0.316076 0.173887
vt 0.328774 0.176827
vt 0.324787 0.225689
vt 0.320558 0.214619
vt 0.332784 0.198423
vt 0.327754 0.207995
vt 0.374928 0.268874
vt 0.378071 0.245833
vt 0.395243 0.304145
vt 0.394944 0.321205
vt 0.398587 0.332553
vt 0.381869 0.335565
vt 0.384924 0.322657
vt 0.390019 0.331907
vt 0.389898 0.349779
vt 0.375179 0.303361
vt 0.350413 0.299244
vt 0.372455 0.287126
vt 0.362398 0.305493
vt 0.359811 0.287819
vt 0.368122 0.296995
vt 0.286570 0.358033
vt 0.313487 0.413859
vt 0.310386 0.427413
vt 0.312653 0.478541
vt 0.322656 0.461040
vt 0.336433 0.498426
vt 0.314983 0.467043
vt 0.312765 0.454911
vt 0.322845 0.492131
vt 0.315306 0.488639
vt 0.296084 0.496066
vt 0.304881 0.530667
vt 0.289573 0.529946
vt 0.281207 0.526809
vt 0.288910 0.511667
vt 0.303526 0.511958
vt 0.286579 0.498978
vt 0.302769 0.501500
vt 0.330822 0.155905
vt 0.345938 0.135552
vt 0.346361 0.166911
vt 0.374327 0.206460
vt 0.375948 0.190562
vt 0.383332 0.196017
vt 0.366330 0.179744
vt 0.380059 0.180693
vt 0.377762 0.105993
vt 0.366089 0.079153
vt 0.367901 0.063521
vt 0.375920 0.071897
vt 0.378682 0.085206
vt 0.354300 0.068746
vt 0.361980 0.070313
vt 0.342189 0.064402
vt 0.346902 0.054546
vt 0.342184 0.096641
vt 0.331715 0.078523
vt 0.345436 0.080506
vt 0.324260 0.072570
vt 0.334503 0.068187
vt 0.355861 0.082773
vt 0.337997 0.086488
vt 0.329275 0.099647
vt 0.363395 0.093460
vt 0.372377 0.093839
vt 0.354113 0.111514
vt 0.352918 0.096650
vt 0.361151 0.104703
vt 0.401261 0.531611
vt 0.367346 0.515349
vt 0.397794 0.517828
vt 0.396631 0.447904
vt 0.381738 0.439054
vt 0.389184 0.430006
vt 0.387841 0.447530
vt 0.395122 0.437286
vt 0.398540 0.593499
vt 0.388674 0.608523
vt 0.400520 0.573910
vt 0.390313 0.597115
vt 0.379253 0.594101
vt 0.396452 0.583159
vt 0.381403 0.604331
vt 0.350603 0.581747
vt 0.371900 0.565323
vt 0.364040 0.591599
vt 0.378334 0.578429
vt 0.371266 0.596898
vt 0.367804 0.578372
vt 0.359372 0.581654
vt 0.386365 0.561885
vt 0.379677 0.567826
vt 0.399850 0.636290
vt 0.401502 0.647371
vt 0.393261 0.657619
vt 0.366901 0.636307
vt 0.384261 0.631287
vt 0.380375 0.618291
vt 0.374805 0.628873
vt 0.375123 0.640799
vt 0.389141 0.620488
vt 0.323466 0.251500
vt 0.321193 0.263919
vt 0.324871 0.195042
vt 0.349148 0.208586
vt 0.362041 0.214431
vt 0.370255 0.216238
vt 0.398205 0.351580
vt 0.388352 0.363898
vt 0.378811 0.349891
vt 0.354443 0.354340
vt 0.367310 0.337773
vt 0.366999 0.355901
vt 0.351358 0.319682
vt 0.345203 0.278823
vt 0.329037 0.283382
vt 0.327586 0.271846
vt 0.337535 0.270201
vt 0.317753 0.290845
vt 0.341131 0.255763
vt 0.345884 0.267282
vt 0.355308 0.274041
vt 0.333607 0.244049
vt 0.333791 0.230876
vt 0.343568 0.222337
vt 0.320916 0.280315
vt 0.330848 0.307556
vt 0.353306 0.220521
vt 0.362394 0.229750
vt 0.349791 0.239990
vt 0.341098 0.237610
vt 0.326611 0.295936
vt 0.338843 0.293445
vt 0.317768 0.308995
vt 0.370712 0.228993
vt 0.347931 0.250317
vt 0.354437 0.231182
vt 0.360226 0.244080
vt 0.337330 0.282469
vt 0.346509 0.289637
vt 0.341547 0.307334
vt 0.313480 0.299948
vt 0.367953 0.254337
vt 0.336285 0.317604
vt 0.324534 0.327100
vt 0.329301 0.442307
vt 0.324237 0.476562
vt 0.332127 0.485688
vt 0.360123 0.476198
vt 0.346765 0.484396
vt 0.374990 0.470804
vt 0.383095 0.468494
vt 0.323388 0.519376
vt 0.297461 0.522227
vt 0.346092 0.146923
vt 0.337639 0.140457
vt 0.359328 0.135789
vt 0.337084 0.166371
vt 0.350955 0.186948
vt 0.358589 0.167069
vt 0.368505 0.152115
vt 0.367806 0.167509
vt 0.357494 0.178884
vt 0.361047 0.156605
vt 0.371186 0.138520
vt 0.337779 0.114364
vt 0.322956 0.089371
vt 0.379373 0.525708
vt 0.387309 0.516338
vt 0.385399 0.502729
vt 0.377449 0.511831
vt 0.368686 0.494102
vt 0.370766 0.505025
vt 0.378332 0.493950
vt 0.373445 0.483230
vt 0.407168 0.581540
vt 0.377608 0.551795
vt 0.359464 0.546978
vt 0.354935 0.564318
vt 0.363298 0.568166
vt 0.377257 0.538607
vt 0.369097 0.545644
vt 0.365024 0.556365
vt 0.363152 0.531051
vt 0.370807 0.525852
vt 0.353528 0.535802
vt 0.349529 0.513348
vt 0.358891 0.503336
vt 0.348920 0.525425
vt 0.336484 0.519939
vt 0.358083 0.519781
vt 0.348561 0.498798
vt 0.359106 0.489737
vt 0.393214 0.552206
vt 0.395269 0.564034
vt 0.389382 0.573467
vt 0.405164 0.628398
vt 0.385334 0.658410
vt 0.391953 0.633755
vt 0.386464 0.641173
vt 0.339299 0.208314
vt 0.342794 0.195341
vt 0.357542 0.203839
vt 0.374031 0.329792
vt 0.362248 0.382483
vt 0.361326 0.346687
vt 0.349950 0.337624
vt 0.371240 0.346942
vt 0.354429 0.309150
vt 0.361222 0.325730
vt 0.361023 0.262540
vt 0.329538 0.343977
vt 0.317378 0.333588
vt 0.317996 0.320187
vt 0.321565 0.436794
vt 0.338549 0.465591
vt 0.332681 0.474119
vt 0.312509 0.520186
vt 0.317419 0.505988
vt 0.327344 0.504126
vt 0.352766 0.125202
vt 0.343707 0.123667
vt 0.361215 0.119698
vt 0.345181 0.178383
vt 0.376231 0.158261
vt 0.329919 0.119694
vt 0.336462 0.103941
vt 0.345476 0.107941
vt 0.386083 0.531487
vt 0.381819 0.480049
vt 0.336674 0.565891
vt 0.347214 0.550990
vt 0.340923 0.509140
vt 0.367849 0.370216
vt 0.376762 0.380427
vt 0.356503 0.369341
vt 0.383429 0.373265
vt 0.381805 0.388877
vt 0.347101 0.385629
vt 0.354218 0.379995
vt 0.355918 0.394501
vt 0.367260 0.396237
vt 0.369848 0.385992
vt 0.346096 0.328031
vt 0.358257 0.336251
vt 0.330723 0.333552
vt 0.340271 0.343900
vt 0.334931 0.367391
vt 0.345581 0.370931
vt 0.334916 0.354558
vt 0.344683 0.355632
vt 0.322283 0.361065
vt 0.349753 0.469379
vt 0.348755 0.443272
vt 0.346230 0.456549
vt 0.336525 0.452076
vt 0.362188 0.454879
vt 0.331037 0.460620
vt 0.354432 0.459747
vt 0.346027 0.570041
vt 0.333785 0.548039
vt 0.323008 0.350309
vt 0.323508 0.382450
vt 0.314621 0.356252
vt 0.341086 0.544806
vt 0.326961 0.559419
vt 0.313441 0.548476
vt 0.318702 0.557274
vt 0.315364 0.534177
vt 0.323570 0.543504
vt 0.331750 0.533420
vt 0.326613 0.371355
vt 0.314650 0.386521
vt 0.323488 0.530787
vt 0.304552 0.728293
vt 0.306836 0.716878
vt 0.306548 0.701373
vt 0.269028 0.551367
vt 0.261801 0.546282
vt 0.281923 0.570530
vt 0.279093 0.558643
vt 0.363689 0.712093
vt 0.360723 0.697878
vt 0.347951 0.691241
vt 0.339783 0.688708
vt 0.351165 0.679056
vt 0.359443 0.666178
vt 0.351694 0.703655
vt 0.342667 0.711394
vt 0.343173 0.700317
vt 0.361002 0.650275
vt 0.369099 0.648340
vt 0.352905 0.656970
vt 0.349219 0.667627
vt 0.352976 0.644914
vt 0.305708 0.602401
vt 0.301860 0.591333
vt 0.312535 0.579412
vt 0.327713 0.584698
vt 0.338242 0.580473
vt 0.327534 0.572047
vt 0.343122 0.602792
vt 0.335428 0.593729
vt 0.344272 0.590619
vt 0.353935 0.598398
vt 0.335273 0.615842
vt 0.351992 0.616145
vt 0.364228 0.619851
vt 0.334167 0.604777
vt 0.330453 0.624897
vt 0.343657 0.614145
vt 0.358638 0.630142
vt 0.359719 0.608570
vt 0.341716 0.641054
vt 0.296771 0.546049
vt 0.297097 0.534821
vt 0.305482 0.542772
vt 0.303955 0.561034
vt 0.288484 0.551205
vt 0.296896 0.556549
vt 0.297949 0.569357
vt 0.337538 0.422536
vt 0.327800 0.406915
vt 0.321648 0.414156
vt 0.375947 0.454014
vt 0.369303 0.461807
vt 0.365555 0.423136
vt 0.374027 0.412879
vt 0.368957 0.439671
vt 0.376971 0.426455
vt 0.364036 0.409427
vt 0.368924 0.449953
vt 0.358901 0.441943
vt 0.335360 0.383321
vt 0.339794 0.397324
vt 0.328966 0.393619
vt 0.321651 0.399236
vt 0.340035 0.410144
vt 0.314705 0.371775
vt 0.341008 0.627021
vt 0.329635 0.429591
vt 0.339211 0.436753
vt 0.351520 0.424618
vt 0.355749 0.414006
vt 0.358903 0.430431
vt 0.214905 0.564478
vt 0.207514 0.549990
vt 0.200852 0.534884
vt 0.195084 0.519131
vt 0.190180 0.502862
vt 0.186016 0.486227
vt 0.182437 0.469350
vt 0.179288 0.452320
vt 0.176498 0.435179
vt 0.174029 0.417952
vt 0.171841 0.400657
vt 0.169894 0.383312
vt 0.168148 0.365929
vt 0.166560 0.348519
vt 0.165090 0.331091
vt 0.163700 0.313652
vt 0.162398 0.296201
vt 0.161167 0.278741
vt 0.160008 0.261273
vt 0.158916 0.243797
vt 0.157883 0.226315
vt 0.156912 0.208826
vt 0.155989 0.191334
vt 0.155115 0.173837
vt 0.154283 0.156337
vt 0.153489 0.138833
vt 0.152729 0.121327
vt 0.151995 0.103819
vt 0.151285 0.086310
vt 0.150594 0.068799
vt 0.149916 0.051288
vt 0.149247 0.033776
vt 0.148582 0.016263
vt 0.136385 0.016391
vt 0.124189 0.016519
vt 0.111992 0.016647
vt 0.099796 0.016775
vt 0.087600 0.016902
vt 0.075403 0.017030
vt 0.063207 0.017158
vt 0.051010 0.017286
vt 0.038814 0.017413
vt 0.038529 0.035045
vt 0.038244 0.052677
vt 0.037951 0.070309
vt 0.037647 0.087940
vt 0.037343 0.105571
vt 0.037005 0.123201
vt 0.036662 0.140831
vt 0.036300 0.158459
vt 0.035900 0.176087
vt 0.035499 0.193714
vt 0.035040 0.211338
vt 0.034563 0.228962
vt 0.034075 0.246584
vt 0.033526 0.264203
vt 0.032937 0.281820
vt 0.032306 0.299434
vt 0.031633 0.317045
vt 0.030914 0.334652
vt 0.030149 0.352256
vt 0.029335 0.369855
vt 0.028471 0.387450
vt 0.027555 0.405040
vt 0.026586 0.422624
vt 0.025562 0.440202
vt 0.024482 0.457775
vt 0.023343 0.475340
vt 0.022144 0.492897
vt 0.020892 0.510448
vt 0.019639 0.527999
vt 0.018469 0.545560
vt 0.017469 0.563141
vt 0.016722 0.580745
vt 0.016313 0.598372
vt 0.016326 0.616008
vt 0.016792 0.633636
vt 0.017713 0.651234
vt 0.019082 0.668782
vt 0.020891 0.686259
vt 0.023090 0.703659
vt 0.025597 0.720984
vt 0.028333 0.738249
vt 0.031220 0.755470
vt 0.034181 0.772668
vt 0.046036 0.770188
vt 0.057897 0.767772
vt 0.069773 0.765484
vt 0.081670 0.763389
vt 0.093590 0.761549
vt 0.105537 0.760034
vt 0.117506 0.758866
vt 0.129490 0.757990
vt 0.141482 0.757331
vt 0.153479 0.756816
vt 0.165478 0.756374
vt 0.166579 0.739346
vt 0.167646 0.722315
vt 0.168650 0.705276
vt 0.169563 0.688228
vt 0.170361 0.671169
vt 0.171025 0.654098
vt 0.171535 0.637018
vt 0.172295 0.619959
vt 0.175067 0.603333
vt 0.181744 0.588946
vt 0.191775 0.578549
vt 0.203106 0.570837
vt 0.044991 0.026446
vt 0.069667 0.058933
vt 0.092403 0.662897
vt 0.039005 0.762142
vt 0.059159 0.723971
vt 0.118456 0.058717
vt 0.142562 0.025422
vt 0.133967 0.712071
vt 0.159256 0.747035
vt 0.069479 0.037212
vt 0.057049 0.032599
vt 0.093983 0.049780
vt 0.096007 0.712174
vt 0.061579 0.746046
vt 0.118266 0.036854
vt 0.130600 0.031844
vt 0.134751 0.735577
vt 0.069378 0.025486
vt 0.081632 0.032026
vt 0.097834 0.737145
vt 0.062877 0.757883
vt 0.074203 0.749313
vt 0.118164 0.025064
vt 0.106025 0.031809
vt 0.135167 0.748087
vt 0.122601 0.742511
vt 0.147038 0.741168
vt 0.098798 0.750330
vt 0.086541 0.747828
vt 0.109931 0.742264
vt 0.078656 0.723903
vt 0.111136 0.752682
vt 0.079611 0.737629
vt 0.068946 0.731991
vt 0.088586 0.729629
vt 0.086821 0.716684
vt 0.084367 0.688783
vt 0.088095 0.702350
vt 0.097140 0.724631
vt 0.115002 0.715474
vt 0.105205 0.717031
vt 0.111211 0.728435
vt 0.070793 0.703148
vt 0.078236 0.711140
vt 0.068554 0.717172
vt 0.106078 0.685820
vt 0.108771 0.701599
vt 0.079336 0.698952
vt 0.095514 0.691008
vt 0.125616 0.688201
vt 0.091281 0.677474
vt 0.120246 0.701794
vt 0.101793 0.671617
vt 0.115667 0.689796
vt 0.118631 0.667078
vt 0.119729 0.679057
vt 0.110978 0.674383
vt 0.129960 0.700030
vt 0.147571 0.681089
vt 0.143804 0.698994
vt 0.124444 0.713374
vt 0.130098 0.724058
vt 0.120615 0.725947
vt 0.096710 0.259251
vt 0.099525 0.403323
vt 0.095224 0.152118
vt 0.102270 0.547200
vt 0.164922 0.545831
vt 0.207022 0.561074
vt 0.056872 0.079816
vt 0.055230 0.655013
vt 0.042245 0.725325
vt 0.042133 0.743980
vt 0.051349 0.754061
vt 0.134992 0.061031
vt 0.123512 0.096975
vt 0.060570 0.048167
vt 0.058329 0.063907
vt 0.048721 0.044449
vt 0.048713 0.070349
vt 0.047227 0.083741
vt 0.047344 0.057391
vt 0.139357 0.043184
vt 0.141715 0.054131
vt 0.127599 0.047793
vt 0.078751 0.047977
vt 0.086788 0.042181
vt 0.096145 0.036128
vt 0.093768 0.025001
vt 0.109083 0.047882
vt 0.117293 0.047796
vt 0.144670 0.723257
vt 0.046819 0.689426
vt 0.136648 0.625475
vt 0.155394 0.661483
vt 0.159611 0.678772
vt 0.155095 0.693655
vt 0.152744 0.672199
vt 0.136296 0.662072
vt 0.145872 0.663149
vt 0.130370 0.674703
vt 0.142198 0.643902
vt 0.162260 0.668056
vt 0.153227 0.710593
vt 0.139789 0.673870
vt 0.064913 0.257302
vt 0.120757 0.221054
vt 0.128159 0.273720
vt 0.084883 0.330069
vt 0.063469 0.399754
vt 0.127430 0.363590
vt 0.136045 0.417536
vt 0.079298 0.473315
vt 0.124264 0.167539
vt 0.070641 0.186512
vt 0.067320 0.133241
vt 0.062057 0.575612
vt 0.182355 0.537256
vt 0.191984 0.554229
vt 0.157430 0.578518
vt 0.141213 0.494033
vt 0.036234 0.657589
vt 0.033255 0.727850
vt 0.035876 0.709369
vt 0.034226 0.745536
vt 0.051181 0.734797
vt 0.139120 0.078336
vt 0.136014 0.113726
vt 0.142221 0.733061
vt 0.143061 0.711195
vt 0.156332 0.729558
vt 0.159415 0.718729
vt 0.159794 0.644880
vt 0.163431 0.696175
vt 0.124191 0.644106
vt 0.106678 0.648599
vt 0.109755 0.661217
vt 0.100856 0.658111
vt 0.116173 0.651446
vt 0.048665 0.256305
vt 0.060878 0.221557
vt 0.058699 0.292444
vt 0.139656 0.219257
vt 0.141232 0.254495
vt 0.143565 0.289695
vt 0.058570 0.345796
vt 0.045136 0.397940
vt 0.053056 0.434385
vt 0.147918 0.360323
vt 0.150487 0.396006
vt 0.154992 0.431706
vt 0.055165 0.506173
vt 0.136545 0.148916
vt 0.138214 0.184057
vt 0.052554 0.185677
vt 0.053859 0.150376
vt 0.054541 0.115076
vt 0.055623 0.097435
vt 0.039098 0.573739
vt 0.191259 0.531412
vt 0.194166 0.542688
vt 0.180368 0.517611
vt 0.194307 0.566439
vt 0.176426 0.565991
vt 0.185403 0.562954
vt 0.178398 0.551250
vt 0.169849 0.556758
vt 0.166202 0.570281
vt 0.173396 0.540663
vt 0.174003 0.579568
vt 0.182757 0.575243
vt 0.153828 0.559104
vt 0.162062 0.560592
vt 0.154621 0.605823
vt 0.163178 0.485738
vt 0.026120 0.658961
vt 0.029812 0.640780
vt 0.032542 0.675774
vt 0.028308 0.711307
vt 0.049988 0.709522
vt 0.060592 0.707500
vt 0.054135 0.697872
vt 0.061264 0.676780
vt 0.055416 0.685925
vt 0.072133 0.685170
vt 0.047198 0.670516
vt 0.063649 0.693659
vt 0.074842 0.661865
vt 0.083426 0.668974
vt 0.075255 0.673896
vt 0.142072 0.067549
vt 0.146827 0.077826
vt 0.140321 0.095833
vt 0.125626 0.074547
vt 0.145487 0.113058
vt 0.141016 0.130965
vt 0.162633 0.655613
vt 0.150841 0.649924
vt 0.151448 0.628209
vt 0.133140 0.638074
vt 0.132257 0.650644
vt 0.126897 0.661032
vt 0.039784 0.255761
vt 0.046152 0.238425
vt 0.045042 0.273784
vt 0.047515 0.309391
vt 0.149721 0.218300
vt 0.145672 0.236481
vt 0.143719 0.201329
vt 0.151508 0.253390
vt 0.147468 0.271515
vt 0.153833 0.288442
vt 0.149979 0.307217
vt 0.043784 0.344561
vt 0.035321 0.396968
vt 0.041272 0.379811
vt 0.039434 0.415123
vt 0.049524 0.469682
vt 0.158716 0.358601
vt 0.154958 0.377447
vt 0.151585 0.340487
vt 0.160404 0.369324
vt 0.158226 0.347373
vt 0.161699 0.393794
vt 0.158087 0.412666
vt 0.161861 0.383006
vt 0.156911 0.402186
vt 0.166141 0.428879
vt 0.163393 0.450007
vt 0.159532 0.423078
vt 0.161775 0.438726
vt 0.037706 0.503838
vt 0.146439 0.148156
vt 0.142289 0.166091
vt 0.148106 0.183218
vt 0.042848 0.185230
vt 0.048362 0.167838
vt 0.047580 0.203167
vt 0.043930 0.149959
vt 0.049253 0.132527
vt 0.044617 0.114682
vt 0.046611 0.102015
vt 0.073381 0.108372
vt 0.027120 0.572761
vt 0.033977 0.552794
vt 0.032246 0.593615
vt 0.033476 0.564602
vt 0.025465 0.585038
vt 0.187991 0.513500
vt 0.176516 0.499720
vt 0.124815 0.578972
vt 0.143173 0.528067
vt 0.165158 0.609042
vt 0.161606 0.622887
vt 0.162236 0.593355
vt 0.158888 0.633605
vt 0.154110 0.617296
vt 0.165602 0.582590
vt 0.171939 0.591647
vt 0.174638 0.481410
vt 0.170581 0.491464
vt 0.159684 0.513556
vt 0.166955 0.504136
vt 0.164345 0.529106
vt 0.165586 0.467909
vt 0.153527 0.538103
vt 0.174043 0.527577
vt 0.168958 0.516690
vt 0.173949 0.470024
vt 0.154996 0.525094
vt 0.021848 0.642025
vt 0.027178 0.624370
vt 0.026878 0.608136
vt 0.049045 0.626728
vt 0.024534 0.597505
vt 0.037863 0.629910
vt 0.041824 0.609096
vt 0.045861 0.643316
vt 0.042169 0.620312
vt 0.034496 0.604184
vt 0.024551 0.676691
vt 0.032843 0.692810
vt 0.050546 0.721350
vt 0.042916 0.714586
vt 0.042959 0.700996
vt 0.055833 0.667093
vt 0.064685 0.660276
vt 0.066850 0.635139
vt 0.070817 0.648517
vt 0.061598 0.645665
vt 0.057148 0.634015
vt 0.088720 0.631280
vt 0.095449 0.644159
vt 0.078155 0.636884
vt 0.041198 0.679731
vt 0.038905 0.668357
vt 0.045844 0.657733
vt 0.132149 0.102139
vt 0.131578 0.088051
vt 0.126489 0.063013
vt 0.133153 0.071344
vt 0.148818 0.130394
vt 0.143484 0.632500
vt 0.038416 0.237998
vt 0.046188 0.220764
vt 0.057158 0.244943
vt 0.054807 0.232022
vt 0.073192 0.237385
vt 0.063801 0.235954
vt 0.037315 0.273279
vt 0.056419 0.268665
vt 0.071915 0.278145
vt 0.053264 0.281275
vt 0.062468 0.278446
vt 0.047518 0.294261
vt 0.040857 0.301790
vt 0.129628 0.239281
vt 0.153694 0.235533
vt 0.129376 0.205204
vt 0.151746 0.200504
vt 0.138151 0.277719
vt 0.135488 0.265081
vt 0.123071 0.256023
vt 0.155638 0.270573
vt 0.158093 0.305568
vt 0.117268 0.317816
vt 0.035536 0.343872
vt 0.042810 0.326757
vt 0.033351 0.379069
vt 0.041185 0.362068
vt 0.055056 0.384376
vt 0.031518 0.414296
vt 0.053549 0.413317
vt 0.037509 0.432673
vt 0.035883 0.468018
vt 0.138444 0.380458
vt 0.153440 0.323634
vt 0.147620 0.419528
vt 0.142956 0.406397
vt 0.126789 0.397724
vt 0.140760 0.393409
vt 0.133826 0.405609
vt 0.166902 0.410651
vt 0.171780 0.445514
vt 0.171035 0.457895
vt 0.028292 0.502579
vt 0.032320 0.520837
vt 0.133537 0.172296
vt 0.131747 0.159825
vt 0.115165 0.141268
vt 0.125402 0.147407
vt 0.116249 0.156555
vt 0.125766 0.127738
vt 0.123571 0.112492
vt 0.106223 0.150075
vt 0.122557 0.137456
vt 0.098717 0.104776
vt 0.100950 0.127873
vt 0.111802 0.104754
vt 0.113330 0.123003
vt 0.106380 0.137790
vt 0.150204 0.165449
vt 0.040474 0.167475
vt 0.064359 0.166684
vt 0.039675 0.202755
vt 0.061276 0.200219
vt 0.041308 0.132196
vt 0.058392 0.127378
vt 0.064915 0.116495
vt 0.059336 0.140034
vt 0.064332 0.103406
vt 0.069959 0.150641
vt 0.075737 0.083104
vt 0.072053 0.095304
vt 0.065985 0.084862
vt 0.086181 0.095947
vt 0.069668 0.072379
vt 0.083676 0.066568
vt 0.077835 0.058871
vt 0.024712 0.555076
vt 0.029077 0.538034
vt 0.183959 0.496394
vt 0.141068 0.573612
vt 0.148594 0.472899
vt 0.156767 0.548540
vt 0.139876 0.548890
vt 0.037491 0.646124
vt 0.033732 0.616180
vt 0.067670 0.670305
vt 0.084453 0.650705
vt 0.053755 0.212981
vt 0.041657 0.285007
vt 0.137005 0.231411
vt 0.138034 0.243306
vt 0.128522 0.227256
vt 0.132029 0.252786
vt 0.137345 0.208498
vt 0.103526 0.191956
vt 0.102804 0.170765
vt 0.101617 0.159543
vt 0.113669 0.170714
vt 0.122071 0.187511
vt 0.129749 0.182547
vt 0.108293 0.181072
vt 0.120286 0.176940
vt 0.135417 0.195859
vt 0.110936 0.272417
vt 0.114677 0.239365
vt 0.132738 0.307665
vt 0.129838 0.290838
vt 0.035178 0.326156
vt 0.040227 0.315641
vt 0.058480 0.324640
vt 0.050725 0.355561
vt 0.065631 0.366579
vt 0.050444 0.370619
vt 0.059532 0.357750
vt 0.058827 0.373849
vt 0.070339 0.383876
vt 0.054406 0.396844
vt 0.047212 0.387354
vt 0.046094 0.408826
vt 0.047181 0.423561
vt 0.028110 0.467069
vt 0.036427 0.450321
vt 0.041623 0.485509
vt 0.032040 0.489936
vt 0.146066 0.372848
vt 0.147057 0.384841
vt 0.137021 0.367221
vt 0.157267 0.333028
vt 0.024520 0.519793
vt 0.045483 0.518364
vt 0.043858 0.538083
vt 0.036472 0.542474
vt 0.133921 0.124729
vt 0.105162 0.079088
vt 0.107231 0.063510
vt 0.115449 0.071995
vt 0.118969 0.084781
vt 0.095730 0.068740
vt 0.101932 0.054335
vt 0.094106 0.084350
vt 0.090449 0.059970
vt 0.102412 0.092148
vt 0.094385 0.095379
vt 0.084922 0.083710
vt 0.089034 0.074542
vt 0.104938 0.115460
vt 0.115961 0.113383
vt 0.056656 0.174160
vt 0.061634 0.184462
vt 0.056134 0.161981
vt 0.053774 0.196340
vt 0.080443 0.211221
vt 0.082984 0.138090
vt 0.082096 0.168125
vt 0.092621 0.166935
vt 0.095042 0.181818
vt 0.090981 0.199428
vt 0.086740 0.115056
vt 0.095818 0.117508
vt 0.090833 0.129411
vt 0.096834 0.139456
vt 0.150140 0.570621
vt 0.143542 0.561000
vt 0.129640 0.561480
vt 0.155516 0.460896
vt 0.134343 0.448441
vt 0.140443 0.433537
vt 0.143766 0.458260
vt 0.130910 0.474597
vt 0.151242 0.446410
vt 0.134133 0.461883
vt 0.139627 0.471521
vt 0.105304 0.455673
vt 0.120195 0.454695
vt 0.148013 0.436688
vt 0.157885 0.475208
vt 0.151861 0.488308
vt 0.157102 0.500195
vt 0.146597 0.510931
vt 0.144928 0.539467
vt 0.115619 0.203843
vt 0.119750 0.267886
vt 0.122185 0.244695
vt 0.141266 0.302069
vt 0.141562 0.319235
vt 0.145630 0.330661
vt 0.136103 0.346699
vt 0.129244 0.324325
vt 0.139972 0.356702
vt 0.121195 0.302339
vt 0.096337 0.299497
vt 0.117892 0.286256
vt 0.108511 0.305123
vt 0.105297 0.287575
vt 0.113934 0.296348
vt 0.051609 0.335235
vt 0.050247 0.320581
vt 0.062791 0.388592
vt 0.091486 0.363798
vt 0.081411 0.403183
vt 0.044766 0.442399
vt 0.056791 0.453054
vt 0.045912 0.456422
vt 0.042327 0.474663
vt 0.055929 0.486946
vt 0.046970 0.497523
vt 0.031762 0.478271
vt 0.038328 0.514246
vt 0.039743 0.527466
vt 0.049102 0.557784
vt 0.132166 0.137407
vt 0.111657 0.092340
vt 0.072295 0.201177
vt 0.081179 0.191918
vt 0.070282 0.215109
vt 0.069302 0.226808
vt 0.078567 0.179792
vt 0.073119 0.169993
vt 0.088940 0.188911
vt 0.074351 0.140408
vt 0.097797 0.224772
vt 0.081706 0.105728
vt 0.090528 0.105307
vt 0.076776 0.123660
vt 0.132287 0.572766
vt 0.113390 0.563281
vt 0.121349 0.535540
vt 0.113576 0.476245
vt 0.111671 0.427702
vt 0.121927 0.415174
vt 0.148584 0.499813
vt 0.122810 0.198516
vt 0.122196 0.210308
vt 0.113282 0.191694
vt 0.125412 0.313858
vt 0.116720 0.342930
vt 0.101448 0.325695
vt 0.090266 0.279237
vt 0.078855 0.369941
vt 0.072947 0.396551
vt 0.083108 0.386165
vt 0.070311 0.422103
vt 0.070283 0.409070
vt 0.062545 0.415576
vt 0.061857 0.428683
vt 0.064486 0.470333
vt 0.073412 0.497931
vt 0.101564 0.208653
vt 0.090949 0.213753
vt 0.085086 0.229654
vt 0.121846 0.567525
vt 0.128880 0.546573
vt 0.120705 0.554210
vt 0.111494 0.550674
vt 0.132333 0.532178
vt 0.122196 0.506918
vt 0.124693 0.521400
vt 0.104717 0.520580
vt 0.134225 0.510859
vt 0.114788 0.516808
vt 0.112112 0.529912
vt 0.105182 0.496965
vt 0.102489 0.533718
vt 0.112918 0.504335
vt 0.074215 0.539492
vt 0.114478 0.490348
vt 0.088744 0.539991
vt 0.122627 0.482348
vt 0.131883 0.488300
vt 0.123936 0.494689
vt 0.140414 0.504473
vt 0.140409 0.517865
vt 0.113069 0.463340
vt 0.122447 0.467654
vt 0.112281 0.443262
vt 0.124740 0.434644
vt 0.120383 0.443808
vt 0.110068 0.411509
vt 0.112000 0.390609
vt 0.117727 0.403088
vt 0.107762 0.400497
vt 0.120429 0.330526
vt 0.128834 0.337618
vt 0.110363 0.332266
vt 0.136603 0.331431
vt 0.102365 0.349590
vt 0.102395 0.337611
vt 0.091358 0.343494
vt 0.093764 0.331891
vt 0.091085 0.315106
vt 0.094703 0.353626
vt 0.075107 0.348062
vt 0.084455 0.353748
vt 0.082569 0.341594
vt 0.108138 0.317377
vt 0.100410 0.274796
vt 0.096482 0.287662
vt 0.071517 0.373509
vt 0.087397 0.375049
vt 0.101581 0.377427
vt 0.102040 0.363512
vt 0.101444 0.390507
vt 0.114744 0.371305
vt 0.091491 0.394442
vt 0.056888 0.475547
vt 0.063044 0.497135
vt 0.065911 0.483953
vt 0.107661 0.201415
vt 0.110567 0.216518
vt 0.113493 0.227663
vt 0.094597 0.241847
vt 0.077731 0.222701
vt 0.059227 0.530460
vt 0.086820 0.573228
vt 0.081824 0.518473
vt 0.093061 0.523874
vt 0.085320 0.529211
vt 0.091848 0.504487
vt 0.097519 0.513635
vt 0.089196 0.514531
vt 0.119769 0.425820
vt 0.132354 0.428430
vt 0.125242 0.350308
vt 0.115945 0.357146
vt 0.073428 0.311656
vt 0.073371 0.360099
vt 0.099975 0.311127
vt 0.125551 0.380597
vt 0.109624 0.379978
vt 0.093872 0.383081
vt 0.075540 0.485268
vt 0.089402 0.486135
vt 0.104315 0.236092
vt 0.107103 0.251602
vt 0.114398 0.258383
vt 0.105128 0.263283
vt 0.082340 0.253397
vt 0.050095 0.529057
vt 0.055564 0.518801
vt 0.067607 0.513171
vt 0.081218 0.555890
vt 0.081879 0.505071
vt 0.081777 0.317926
vt 0.083438 0.300711
vt 0.132067 0.388422
vt 0.120531 0.389867
vt 0.093266 0.467046
vt 0.103725 0.470422
vt 0.105304 0.483614
vt 0.097830 0.490129
vt 0.096838 0.478134
vt 0.081902 0.241139
vt 0.090572 0.251636
vt 0.072737 0.525513
vt 0.081396 0.544870
vt 0.092376 0.554276
vt 0.102010 0.562494
vt 0.093646 0.565909
vt 0.104464 0.593178
vt 0.097032 0.580984
vt 0.107251 0.575526
vt 0.085440 0.603880
vt 0.087092 0.588637
vt 0.079047 0.619274
vt 0.062440 0.611577
vt 0.062647 0.624022
vt 0.070187 0.617611
vt 0.094775 0.597963
vt 0.106212 0.619432
vt 0.094791 0.614162
vt 0.071384 0.593276
vt 0.073166 0.627993
vt 0.103729 0.634080
vt 0.114583 0.636779
vt 0.124257 0.626387
vt 0.103094 0.606563
vt 0.120622 0.603065
vt 0.112406 0.609645
vt 0.120488 0.615265
vt 0.086575 0.614836
vt 0.077610 0.581181
vt 0.079909 0.594985
vt 0.074384 0.605781
vt 0.069090 0.582195
vt 0.072028 0.566434
vt 0.061115 0.559445
vt 0.071216 0.552674
vt 0.064206 0.542553
vt 0.053788 0.542365
vt 0.080196 0.566771
vt 0.082234 0.493150
vt 0.071629 0.294980
vt 0.063974 0.304939
vt 0.065339 0.316876
vt 0.069518 0.332864
vt 0.055165 0.303369
vt 0.087541 0.475188
vt 0.080209 0.446025
vt 0.071162 0.437107
vt 0.069172 0.453512
vt 0.062009 0.441888
vt 0.078403 0.459582
vt 0.088138 0.454970
vt 0.094828 0.433444
vt 0.096699 0.456437
vt 0.088985 0.442796
vt 0.082606 0.427628
vt 0.062864 0.459913
vt 0.104287 0.435987
vt 0.098110 0.444608
vt 0.099776 0.419128
vt 0.090881 0.422258
vt 0.083253 0.415302
vt 0.090480 0.407097
vt 0.115000 0.587000
vt 0.115792 0.575584
vt 0.123709 0.591334
vt 0.136537 0.604083
vt 0.135925 0.588062
vt 0.145284 0.610784
vt 0.146107 0.595356
vt 0.147592 0.582829
vt 0.112334 0.598033
vt 0.096894 0.626027
vt 0.114531 0.624522
vt 0.067058 0.343926
vt 0.061343 0.335211
vt 0.066869 0.354355
vt 0.099877 0.701439
vt 0.046705 0.590581
vt 0.058996 0.591611
vt 0.064619 0.600399
vt 0.052301 0.603695
vt 0.053774 0.616017
vt 0.038698 0.585570
vt 0.050523 0.575978
vt 0.045595 0.567453
vt 0.054545 0.566238
vt 0.081110 0.153024
vt 0.087950 0.146922
vt 0.088366 0.157739
vt 0.074657 0.159414
vt 0.087431 0.265698
vt 0.081192 0.275322
vt 0.083221 0.287877
vt 0.074392 0.264126
vt 0.066565 0.268487
vt 0.072986 0.250306
vt 0.130505 0.614805
vt 0.136567 0.687913
vt 0.737529 0.560136
vt 0.744504 0.545229
vt 0.751378 0.530239
vt 0.758046 0.515081
vt 0.764425 0.499699
vt 0.770488 0.484089
vt 0.776214 0.468249
vt 0.781527 0.452151
vt 0.786296 0.435748
vt 0.790386 0.419017
vt 0.793818 0.402017
vt 0.796679 0.384824
vt 0.799079 0.367503
vt 0.801130 0.350099
vt 0.802948 0.332648
vt 0.804629 0.315171
vt 0.806266 0.297687
vt 0.807903 0.280202
vt 0.809437 0.262700
vt 0.810965 0.245197
vt 0.812453 0.227688
vt 0.813891 0.210171
vt 0.815328 0.192654
vt 0.816697 0.175127
vt 0.818062 0.157599
vt 0.819402 0.140068
vt 0.820714 0.122533
vt 0.822025 0.104997
vt 0.823302 0.087457
vt 0.824577 0.069917
vt 0.825845 0.052376
vt 0.827104 0.034833
vt 0.828363 0.017291
vt 0.840740 0.017188
vt 0.853117 0.017085
vt 0.865494 0.016982
vt 0.877870 0.016880
vt 0.890247 0.016777
vt 0.902624 0.016674
vt 0.915001 0.016571
vt 0.927378 0.016469
vt 0.939755 0.016366
vt 0.952131 0.016263
vt 0.952854 0.033961
vt 0.953576 0.051660
vt 0.954298 0.069358
vt 0.955040 0.087055
vt 0.955782 0.104751
vt 0.956524 0.122448
vt 0.957304 0.140142
vt 0.958085 0.157836
vt 0.958866 0.175530
vt 0.959703 0.193219
vt 0.960542 0.210909
vt 0.961381 0.228598
vt 0.962284 0.246282
vt 0.963190 0.263966
vt 0.964120 0.281647
vt 0.965083 0.299326
vt 0.966046 0.317004
vt 0.967052 0.334678
vt 0.968063 0.352352
vt 0.969088 0.370024
vt 0.970140 0.387694
vt 0.971192 0.405364
vt 0.972267 0.423031
vt 0.973349 0.440697
vt 0.974436 0.458363
vt 0.975541 0.476027
vt 0.976645 0.493692
vt 0.977758 0.511355
vt 0.978875 0.529018
vt 0.979992 0.546680
vt 0.981095 0.564344
vt 0.982107 0.582018
vt 0.982945 0.599707
vt 0.983520 0.617414
vt 0.983747 0.635134
vt 0.983536 0.652851
vt 0.982800 0.670541
vt 0.981467 0.688165
vt 0.979593 0.705699
vt 0.977291 0.723139
vt 0.974674 0.740498
vt 0.971850 0.757797
vt 0.968923 0.775066
vt 0.956401 0.774543
vt 0.943878 0.774103
vt 0.931352 0.773832
vt 0.918826 0.773814
vt 0.906303 0.774138
vt 0.893789 0.774853
vt 0.881290 0.775916
vt 0.868806 0.777256
vt 0.856336 0.778803
vt 0.843876 0.780487
vt 0.831422 0.782240
vt 0.827882 0.765655
vt 0.824406 0.749045
vt 0.821053 0.732390
vt 0.817887 0.715670
vt 0.814971 0.698870
vt 0.812290 0.681999
vt 0.809587 0.665135
vt 0.806569 0.648367
vt 0.802971 0.631807
vt 0.798443 0.615665
vt 0.792286 0.600538
vt 0.784014 0.587368
vt 0.773792 0.576951
vt 0.762263 0.569374
vt 0.750018 0.564172
vt 0.859619 0.062788
vt 0.834618 0.026981
vt 0.882987 0.683240
vt 0.836834 0.771210
vt 0.859003 0.727789
vt 0.946007 0.025563
vt 0.909227 0.077094
vt 0.938118 0.722380
vt 0.962886 0.764111
vt 0.859457 0.039156
vt 0.884294 0.051026
vt 0.898432 0.726950
vt 0.860837 0.753608
vt 0.909016 0.046287
vt 0.937860 0.748860
vt 0.859370 0.026534
vt 0.871835 0.032742
vt 0.847070 0.032948
vt 0.899264 0.751465
vt 0.861806 0.767255
vt 0.848867 0.764196
vt 0.874680 0.758774
vt 0.908906 0.030291
vt 0.937724 0.762822
vt 0.924132 0.755545
vt 0.950497 0.756116
vt 0.899707 0.764513
vt 0.887397 0.760016
vt 0.911360 0.757311
vt 0.874621 0.769674
vt 0.924299 0.038162
vt 0.934821 0.030838
vt 0.895542 0.038401
vt 0.925079 0.766577
vt 0.950263 0.767160
vt 0.912460 0.767703
vt 0.915474 0.038235
vt 0.921255 0.026124
vt 0.936824 0.053241
vt 0.903573 0.038334
vt 0.896500 0.026010
vt 0.932674 0.042535
vt 0.943140 0.039831
vt 0.945116 0.050909
vt 0.885321 0.320233
vt 0.879036 0.467699
vt 0.887782 0.176536
vt 0.776502 0.540004
vt 0.760238 0.547934
vt 0.744873 0.555946
vt 0.850890 0.100046
vt 0.841755 0.063369
vt 0.847652 0.680816
vt 0.903239 0.580960
vt 0.840327 0.734397
vt 0.930284 0.097701
vt 0.957671 0.726768
vt 0.935651 0.657935
vt 0.869967 0.050886
vt 0.837700 0.045102
vt 0.837974 0.752704
vt 0.871220 0.739297
vt 0.926418 0.735369
vt 0.961640 0.745681
vt 0.886971 0.739887
vt 0.909512 0.738598
vt 0.897557 0.056974
vt 0.883780 0.034864
vt 0.877155 0.043311
vt 0.884108 0.023938
vt 0.845119 0.313285
vt 0.911211 0.259674
vt 0.925520 0.311937
vt 0.829581 0.468052
vt 0.912313 0.402556
vt 0.927265 0.472383
vt 0.852278 0.171406
vt 0.920629 0.151788
vt 0.921168 0.205237
vt 0.791041 0.560644
vt 0.773438 0.558244
vt 0.764874 0.530748
vt 0.791299 0.508664
vt 0.757907 0.559210
vt 0.752818 0.541779
vt 0.837774 0.116043
vt 0.832193 0.062084
vt 0.836088 0.080329
vt 0.834920 0.701553
vt 0.829696 0.668220
vt 0.942696 0.577043
vt 0.850882 0.598534
vt 0.830438 0.737949
vt 0.832048 0.719608
vt 0.939515 0.079290
vt 0.943073 0.065372
vt 0.943711 0.096740
vt 0.967969 0.729608
vt 0.965505 0.710378
vt 0.948466 0.738945
vt 0.959866 0.659852
vt 0.861041 0.050960
vt 0.850517 0.054709
vt 0.867136 0.041100
vt 0.839509 0.035027
vt 0.841121 0.762385
vt 0.830474 0.755732
vt 0.849546 0.746000
vt 0.868966 0.750297
vt 0.861483 0.740504
vt 0.876784 0.711146
vt 0.929395 0.746315
vt 0.969238 0.747947
vt 0.958387 0.755353
vt 0.890956 0.749823
vt 0.881519 0.750145
vt 0.906858 0.748578
vt 0.900275 0.739126
vt 0.915389 0.713160
vt 0.916988 0.746814
vt 0.892281 0.048505
vt 0.908504 0.061696
vt 0.920370 0.054735
vt 0.824749 0.309765
vt 0.849109 0.260231
vt 0.839737 0.367382
vt 0.937394 0.257361
vt 0.946083 0.310000
vt 0.802925 0.474595
vt 0.813446 0.438542
vt 0.941860 0.399504
vt 0.948656 0.452229
vt 0.950872 0.487601
vt 0.834218 0.168796
vt 0.841322 0.205474
vt 0.939747 0.150344
vt 0.938137 0.186094
vt 0.939815 0.221476
vt 0.800359 0.580137
vt 0.784357 0.572491
vt 0.782133 0.560895
vt 0.793395 0.572372
vt 0.770006 0.567706
vt 0.769300 0.547385
vt 0.758220 0.525452
vt 0.771472 0.515074
vt 0.752127 0.552187
vt 0.828271 0.114723
vt 0.832160 0.132981
vt 0.828257 0.079271
vt 0.851014 0.079175
vt 0.850481 0.066951
vt 0.834008 0.097762
vt 0.824618 0.704738
vt 0.826863 0.686404
vt 0.819268 0.671193
vt 0.821512 0.651174
vt 0.817073 0.660500
vt 0.962705 0.575057
vt 0.825435 0.611315
vt 0.847050 0.714524
vt 0.824241 0.722419
vt 0.948524 0.078646
vt 0.951416 0.096189
vt 0.944739 0.114417
vt 0.936700 0.090128
vt 0.924041 0.079486
vt 0.917471 0.068701
vt 0.931408 0.067222
vt 0.928727 0.056450
vt 0.970098 0.694880
vt 0.945504 0.690638
vt 0.957401 0.697036
vt 0.973516 0.713227
vt 0.938870 0.735639
vt 0.947766 0.725629
vt 0.945856 0.708221
vt 0.956427 0.737434
vt 0.972448 0.660848
vt 0.971285 0.677865
vt 0.959868 0.626725
vt 0.846338 0.044520
vt 0.850025 0.732906
vt 0.853118 0.755378
vt 0.870168 0.723840
vt 0.861484 0.706197
vt 0.881947 0.725472
vt 0.868416 0.712726
vt 0.879162 0.735992
vt 0.890919 0.710837
vt 0.890048 0.729185
vt 0.883915 0.715367
vt 0.908863 0.724371
vt 0.903282 0.709468
vt 0.918986 0.725977
vt 0.927509 0.714381
vt 0.897506 0.716521
vt 0.895970 0.692395
vt 0.929985 0.725171
vt 0.923039 0.684104
vt 0.936396 0.709781
vt 0.928034 0.698518
vt 0.896659 0.703215
vt 0.912026 0.695194
vt 0.934535 0.685717
vt 0.920288 0.694574
vt 0.910339 0.705301
vt 0.937734 0.697442
vt 0.929807 0.671422
vt 0.943889 0.672499
vt 0.903979 0.656122
vt 0.919886 0.654609
vt 0.927293 0.660416
vt 0.813999 0.307907
vt 0.821132 0.290052
vt 0.817612 0.327662
vt 0.820124 0.300829
vt 0.812477 0.318869
vt 0.829109 0.257002
vt 0.819390 0.362977
vt 0.950921 0.256167
vt 0.956935 0.308978
vt 0.952545 0.328507
vt 0.950475 0.290511
vt 0.951951 0.317601
vt 0.956824 0.297787
vt 0.790149 0.466950
vt 0.800119 0.432618
vt 0.822758 0.401783
vt 0.957014 0.397939
vt 0.942855 0.363773
vt 0.962131 0.450788
vt 0.964340 0.486137
vt 0.952825 0.522990
vt 0.824533 0.167397
vt 0.828231 0.185660
vt 0.828919 0.221323
vt 0.949930 0.149575
vt 0.945633 0.167967
vt 0.944083 0.132849
vt 0.949736 0.185151
vt 0.944774 0.203312
vt 0.943590 0.178307
vt 0.929953 0.168417
vt 0.944274 0.192752
vt 0.951413 0.220531
vt 0.950242 0.238322
vt 0.945276 0.213873
vt 0.945985 0.228832
vt 0.938482 0.241344
vt 0.945482 0.247574
vt 0.923741 0.247557
vt 0.932093 0.248613
vt 0.793275 0.588154
vt 0.808109 0.598783
vt 0.764746 0.510025
vt 0.777865 0.499215
vt 0.774164 0.527475
vt 0.782416 0.517553
vt 0.783422 0.506927
vt 0.798891 0.534754
vt 0.792415 0.523106
vt 0.787640 0.536949
vt 0.786387 0.549550
vt 0.797025 0.548832
vt 0.782321 0.528556
vt 0.778536 0.550218
vt 0.835569 0.550931
vt 0.816398 0.546273
vt 0.806432 0.543852
vt 0.808946 0.563691
vt 0.799845 0.563777
vt 0.824347 0.131896
vt 0.857335 0.137952
vt 0.830096 0.150446
vt 0.843314 0.074510
vt 0.843039 0.090797
vt 0.842031 0.104645
vt 0.836666 0.679700
vt 0.841552 0.691479
vt 0.853109 0.694937
vt 0.843855 0.703192
vt 0.865485 0.677394
vt 0.852979 0.706358
vt 0.863781 0.691871
vt 0.856989 0.682979
vt 0.873110 0.686466
vt 0.880344 0.697378
vt 0.887706 0.692368
vt 0.818786 0.688977
vt 0.815451 0.635942
vt 0.973298 0.574005
vt 0.969057 0.592963
vt 0.966941 0.556021
vt 0.840594 0.722562
vt 0.937377 0.106268
vt 0.919824 0.122910
vt 0.927188 0.111908
vt 0.932001 0.127670
vt 0.910479 0.101675
vt 0.920596 0.101575
vt 0.915617 0.111924
vt 0.915440 0.088894
vt 0.890931 0.135835
vt 0.904637 0.126412
vt 0.923705 0.090719
vt 0.949835 0.699297
vt 0.955635 0.710072
vt 0.962726 0.685338
vt 0.962515 0.672353
vt 0.953246 0.679082
vt 0.952103 0.666688
vt 0.972667 0.626482
vt 0.909416 0.675138
vt 0.918759 0.668660
vt 0.910847 0.663506
vt 0.812559 0.289890
vt 0.819426 0.273194
vt 0.812813 0.343441
vt 0.818531 0.255294
vt 0.825302 0.239183
vt 0.808658 0.360653
vt 0.811775 0.380897
vt 0.806896 0.371684
vt 0.958663 0.255483
vt 0.961016 0.326386
vt 0.956759 0.344586
vt 0.944998 0.273183
vt 0.782913 0.462619
vt 0.795086 0.449847
vt 0.790918 0.487798
vt 0.792579 0.429266
vt 0.803783 0.414813
vt 0.965424 0.397070
vt 0.960129 0.415424
vt 0.958035 0.380055
vt 0.969850 0.449963
vt 0.956482 0.469183
vt 0.972056 0.485298
vt 0.965799 0.503772
vt 0.820378 0.184523
vt 0.842146 0.184255
vt 0.826011 0.203146
vt 0.819694 0.219921
vt 0.953733 0.167041
vt 0.948568 0.123916
vt 0.933141 0.207855
vt 0.928642 0.194052
vt 0.936660 0.197582
vt 0.909273 0.180793
vt 0.929268 0.181232
vt 0.919214 0.186746
vt 0.918436 0.171076
vt 0.923212 0.162202
vt 0.930286 0.153283
vt 0.926514 0.139899
vt 0.935771 0.139071
vt 0.953861 0.202574
vt 0.937683 0.162155
vt 0.957911 0.237785
vt 0.927700 0.229979
vt 0.925921 0.216905
vt 0.903702 0.229022
vt 0.913442 0.218463
vt 0.915379 0.235051
vt 0.895901 0.202693
vt 0.919950 0.225612
vt 0.914280 0.247667
vt 0.902851 0.214238
vt 0.908642 0.198419
vt 0.913199 0.207517
vt 0.800496 0.604349
vt 0.771033 0.494409
vt 0.845260 0.130697
vt 0.850467 0.116173
vt 0.875150 0.109366
vt 0.853659 0.127200
vt 0.863289 0.115866
vt 0.856760 0.108422
vt 0.844449 0.154686
vt 0.814375 0.646493
vt 0.833232 0.633016
vt 0.977352 0.591283
vt 0.972577 0.609142
vt 0.957303 0.606305
vt 0.965400 0.603158
vt 0.975350 0.556076
vt 0.951796 0.560263
vt 0.968563 0.539045
vt 0.939680 0.123310
vt 0.972659 0.643666
vt 0.914533 0.684286
vt 0.895171 0.673200
vt 0.810850 0.333144
vt 0.843721 0.236382
vt 0.816979 0.237271
vt 0.806264 0.396769
vt 0.941159 0.342876
vt 0.944449 0.262461
vt 0.954084 0.268538
vt 0.932790 0.290316
vt 0.787826 0.446016
vt 0.804505 0.444893
vt 0.815785 0.458935
vt 0.803420 0.459714
vt 0.794439 0.477130
vt 0.780705 0.485925
vt 0.796225 0.412033
vt 0.809034 0.426371
vt 0.815220 0.413395
vt 0.808982 0.406788
vt 0.967794 0.414613
vt 0.961409 0.433078
vt 0.950071 0.409380
vt 0.929247 0.429525
vt 0.938008 0.416381
vt 0.965692 0.379264
vt 0.948803 0.388064
vt 0.933824 0.381176
vt 0.948853 0.374594
vt 0.954606 0.360452
vt 0.940370 0.388348
vt 0.947216 0.352583
vt 0.941944 0.471908
vt 0.955795 0.458029
vt 0.965311 0.463331
vt 0.957198 0.480338
vt 0.973396 0.502940
vt 0.958174 0.495956
vt 0.956358 0.509783
vt 0.966312 0.521528
vt 0.834875 0.179577
vt 0.843101 0.171987
vt 0.860154 0.196228
vt 0.835739 0.194420
vt 0.833149 0.210617
vt 0.841789 0.221028
vt 0.853968 0.212630
vt 0.851676 0.226716
vt 0.877520 0.227017
vt 0.856304 0.244314
vt 0.864613 0.223179
vt 0.889711 0.218943
vt 0.935816 0.230993
vt 0.900098 0.188999
vt 0.889318 0.191018
vt 0.899072 0.173605
vt 0.874014 0.186498
vt 0.890696 0.156378
vt 0.882281 0.184950
vt 0.892287 0.167263
vt 0.916446 0.196690
vt 0.838176 0.126440
vt 0.884151 0.081466
vt 0.874934 0.131305
vt 0.836407 0.157915
vt 0.838759 0.143371
vt 0.848447 0.142925
vt 0.857575 0.155444
vt 0.824770 0.639063
vt 0.822395 0.625061
vt 0.813240 0.613891
vt 0.966155 0.617846
vt 0.956928 0.589710
vt 0.942342 0.598550
vt 0.952775 0.577357
vt 0.951021 0.598231
vt 0.947587 0.587123
vt 0.960241 0.563683
vt 0.957411 0.545710
vt 0.959756 0.532680
vt 0.966501 0.652099
vt 0.954942 0.643268
vt 0.966375 0.635044
vt 0.901694 0.682363
vt 0.878747 0.655678
vt 0.835141 0.245064
vt 0.834538 0.232017
vt 0.844197 0.249202
vt 0.838908 0.260917
vt 0.845033 0.286467
vt 0.844485 0.272615
vt 0.832409 0.280372
vt 0.831938 0.268391
vt 0.804704 0.386117
vt 0.815563 0.392951
vt 0.829139 0.382701
vt 0.949231 0.339089
vt 0.955247 0.280415
vt 0.941652 0.285295
vt 0.940656 0.298674
vt 0.935796 0.310863
vt 0.931711 0.328887
vt 0.941953 0.323637
vt 0.930073 0.301686
vt 0.907987 0.290893
vt 0.920398 0.291207
vt 0.914022 0.305522
vt 0.914367 0.276190
vt 0.921817 0.302077
vt 0.898191 0.307704
vt 0.905752 0.302101
vt 0.932155 0.273087
vt 0.927050 0.260853
vt 0.922992 0.271925
vt 0.919260 0.256936
vt 0.926254 0.282690
vt 0.783568 0.474765
vt 0.954834 0.442415
vt 0.941972 0.436217
vt 0.950790 0.425410
vt 0.942663 0.425346
vt 0.924439 0.411901
vt 0.963125 0.361736
vt 0.934994 0.491446
vt 0.941264 0.509911
vt 0.934263 0.455245
vt 0.966837 0.474897
vt 0.970066 0.512458
vt 0.971229 0.529423
vt 0.852793 0.185764
vt 0.863543 0.177918
vt 0.850213 0.198935
vt 0.865948 0.188457
vt 0.860435 0.166740
vt 0.874158 0.154226
vt 0.881700 0.164578
vt 0.873153 0.172549
vt 0.864060 0.209210
vt 0.868704 0.239616
vt 0.859379 0.232978
vt 0.890106 0.240571
vt 0.901498 0.248445
vt 0.907354 0.239725
vt 0.907756 0.158970
vt 0.910171 0.169681
vt 0.887894 0.066292
vt 0.898408 0.072239
vt 0.874186 0.068572
vt 0.899970 0.090252
vt 0.880437 0.061044
vt 0.871556 0.120260
vt 0.865196 0.130193
vt 0.869352 0.142428
vt 0.862032 0.146604
vt 0.850836 0.160964
vt 0.810721 0.625557
vt 0.939692 0.625425
vt 0.884596 0.668439
vt 0.875097 0.673133
vt 0.891377 0.654061
vt 0.834837 0.298032
vt 0.824682 0.280837
vt 0.919979 0.355912
vt 0.930344 0.419003
vt 0.924113 0.393757
vt 0.932876 0.405012
vt 0.932695 0.393484
vt 0.934748 0.479279
vt 0.942221 0.460165
vt 0.934492 0.466569
vt 0.911370 0.449477
vt 0.932977 0.441960
vt 0.923086 0.450400
vt 0.926760 0.460854
vt 0.917826 0.435494
vt 0.894019 0.425298
vt 0.920937 0.423598
vt 0.907457 0.423881
vt 0.908080 0.437041
vt 0.892890 0.451231
vt 0.901943 0.446944
vt 0.894578 0.438357
vt 0.866758 0.433838
vt 0.880957 0.432802
vt 0.940740 0.447654
vt 0.868500 0.162857
vt 0.878129 0.208109
vt 0.886597 0.202958
vt 0.879211 0.196237
vt 0.886156 0.229865
vt 0.879380 0.241228
vt 0.871509 0.271493
vt 0.858164 0.278639
vt 0.872843 0.255131
vt 0.889021 0.265856
vt 0.861463 0.261695
vt 0.879497 0.264418
vt 0.885259 0.252863
vt 0.894154 0.255721
vt 0.854815 0.268393
vt 0.855683 0.254706
vt 0.864557 0.250342
vt 0.898344 0.237846
vt 0.910042 0.142042
vt 0.869005 0.089187
vt 0.866109 0.102512
vt 0.859262 0.092567
vt 0.867803 0.061552
vt 0.897057 0.109532
vt 0.893194 0.082159
vt 0.888036 0.097622
vt 0.949622 0.630791
vt 0.942670 0.644394
vt 0.948367 0.615649
vt 0.949349 0.654049
vt 0.929404 0.642023
vt 0.956341 0.617014
vt 0.938381 0.611508
vt 0.921587 0.594617
vt 0.931596 0.600168
vt 0.921639 0.620223
vt 0.931146 0.619776
vt 0.926687 0.630378
vt 0.930927 0.583208
vt 0.938917 0.587816
vt 0.923526 0.607421
vt 0.903006 0.608540
vt 0.913122 0.603559
vt 0.911226 0.617550
vt 0.904967 0.594786
vt 0.877851 0.594841
vt 0.913207 0.585857
vt 0.891421 0.598383
vt 0.896289 0.630882
vt 0.902218 0.621114
vt 0.910845 0.637947
vt 0.889856 0.615697
vt 0.920185 0.639480
vt 0.915169 0.627905
vt 0.897040 0.662298
vt 0.837431 0.288273
vt 0.844737 0.299877
vt 0.834906 0.311820
vt 0.837928 0.339508
vt 0.839038 0.325159
vt 0.828627 0.330920
vt 0.828855 0.319634
vt 0.826593 0.348300
vt 0.829192 0.290283
vt 0.929027 0.344899
vt 0.936066 0.354170
vt 0.932882 0.367356
vt 0.928208 0.358011
vt 0.911923 0.331779
vt 0.916557 0.319182
vt 0.921834 0.330541
vt 0.905282 0.319511
vt 0.917711 0.342792
vt 0.895711 0.338205
vt 0.906145 0.345486
vt 0.895316 0.320551
vt 0.902962 0.331140
vt 0.886889 0.378286
vt 0.894167 0.359394
vt 0.898084 0.349226
vt 0.920200 0.402945
vt 0.909535 0.377249
vt 0.921994 0.375617
vt 0.926465 0.383982
vt 0.916484 0.386044
vt 0.915046 0.366836
vt 0.905103 0.360574
vt 0.911763 0.353819
vt 0.899794 0.409038
vt 0.914075 0.414954
vt 0.874557 0.449688
vt 0.881706 0.217804
vt 0.872348 0.217223
vt 0.870199 0.199706
vt 0.872021 0.299108
vt 0.858494 0.305940
vt 0.901527 0.271770
vt 0.899995 0.148302
vt 0.899071 0.159939
vt 0.913017 0.130705
vt 0.875214 0.080532
vt 0.878567 0.093215
vt 0.902240 0.100922
vt 0.906131 0.113707
vt 0.894661 0.122966
vt 0.884273 0.124917
vt 0.943384 0.661536
vt 0.936720 0.636155
vt 0.887364 0.577475
vt 0.898631 0.644323
vt 0.883873 0.638627
vt 0.895115 0.607788
vt 0.883323 0.605819
vt 0.876819 0.622400
vt 0.836492 0.353710
vt 0.829688 0.364121
vt 0.818572 0.351717
vt 0.821073 0.338786
vt 0.872574 0.403272
vt 0.900425 0.419432
vt 0.901962 0.391641
vt 0.883944 0.445492
vt 0.885002 0.458009
vt 0.902727 0.483462
vt 0.891632 0.473538
vt 0.904171 0.465140
vt 0.915944 0.467447
vt 0.917400 0.487450
vt 0.926670 0.485628
vt 0.909117 0.475129
vt 0.916937 0.456968
vt 0.919897 0.477038
vt 0.854314 0.468695
vt 0.874089 0.438727
vt 0.867929 0.285413
vt 0.883168 0.284740
vt 0.863362 0.295802
vt 0.853520 0.293551
vt 0.875659 0.289217
vt 0.870035 0.319466
vt 0.855838 0.334823
vt 0.846338 0.333460
vt 0.849788 0.350947
vt 0.902479 0.260110
vt 0.906792 0.280098
vt 0.895579 0.287806
vt 0.899799 0.136385
vt 0.885440 0.111090
vt 0.885691 0.589210
vt 0.894883 0.586677
vt 0.884629 0.648964
vt 0.887555 0.627490
vt 0.868201 0.640001
vt 0.885743 0.409983
vt 0.873280 0.419809
vt 0.877881 0.411179
vt 0.909961 0.392262
vt 0.904730 0.401220
vt 0.898198 0.377264
vt 0.892134 0.369961
vt 0.874503 0.524335
vt 0.899540 0.473730
vt 0.895432 0.462720
vt 0.860180 0.451037
vt 0.866958 0.308555
vt 0.854993 0.320013
vt 0.862670 0.326701
vt 0.873270 0.352006
vt 0.882689 0.361009
vt 0.865934 0.340886
vt 0.884302 0.344556
vt 0.861423 0.356171
vt 0.887277 0.332591
vt 0.876046 0.334170
vt 0.857462 0.346044
vt 0.852194 0.367371
vt 0.877585 0.323480
vt 0.878608 0.309742
vt 0.888335 0.307644
vt 0.882192 0.298188
vt 0.845946 0.360472
vt 0.868464 0.379079
vt 0.861885 0.369310
vt 0.872001 0.365910
vt 0.877609 0.376093
vt 0.880408 0.391479
vt 0.871158 0.390982
vt 0.848538 0.401881
vt 0.855167 0.385562
vt 0.891185 0.391576
vt 0.860261 0.412465
vt 0.835652 0.427111
vt 0.845997 0.378701
vt 0.837286 0.378597
vt 0.837285 0.395129
vt 0.868090 0.411893
vt 0.826756 0.416690
vt 0.819573 0.427035
vt 0.845517 0.390630
vt 0.838667 0.411332
vt 0.828887 0.394023
vt 0.849318 0.417348
vt 0.857643 0.426348
vt 0.858239 0.438814
vt 0.842156 0.449744
vt 0.846793 0.433497
vt 0.851289 0.447163
vt 0.848402 0.459026
vt 0.841875 0.474304
vt 0.838607 0.438580
vt 0.829145 0.450566
vt 0.823449 0.439466
vt 0.890517 0.277785
vt 0.875771 0.634088
vt 0.892971 0.414635
vt 0.885270 0.422126
vt 0.886140 0.500815
vt 0.867074 0.444935
vt 0.868032 0.462593
vt 0.860175 0.461629
vt 0.892509 0.402950
vt 0.858629 0.398705
vt 0.838317 0.461932
vt 0.855811 0.502115
vt 0.868236 0.485896
vt 0.871220 0.474208
vt 0.881486 0.484679
vt 0.861881 0.476411
vt 0.858474 0.489103
vt 0.845465 0.491254
vt 0.824131 0.459523
vt 0.892272 0.488419
vt 0.875486 0.497049
vt 0.878486 0.510933
vt 0.865545 0.498870
vt 0.863522 0.515707
vt 0.850305 0.480270
vt 0.837059 0.520045
vt 0.870146 0.508527
vt 0.857992 0.545402
vt 0.844446 0.507337
vt 0.850892 0.524335
vt 0.844713 0.517849
vt 0.863966 0.531644
vt 0.878494 0.551961
vt 0.855508 0.534224
vt 0.846202 0.544002
vt 0.858686 0.523909
vt 0.873460 0.538928
vt 0.850425 0.570984
vt 0.836544 0.535509
vt 0.867819 0.551103
vt 0.851337 0.556651
vt 0.826841 0.542133
vt 0.844866 0.532572
vt 0.872318 0.571336
vt 0.877748 0.581968
vt 0.863730 0.588548
vt 0.841675 0.562724
vt 0.872792 0.560137
vt 0.882665 0.564883
vt 0.861497 0.564848
vt 0.836507 0.585125
vt 0.864146 0.576444
vt 0.841770 0.575049
vt 0.849189 0.584797
vt 0.866825 0.607869
vt 0.869488 0.597009
vt 0.875353 0.610758
vt 0.864548 0.624152
vt 0.850487 0.638620
vt 0.855556 0.613416
vt 0.859525 0.634898
vt 0.852485 0.625822
vt 0.842934 0.629780
vt 0.835600 0.618125
vt 0.845585 0.615823
vt 0.835374 0.601588
vt 0.842474 0.594194
vt 0.859978 0.599719
vt 0.823978 0.563736
vt 0.833021 0.568972
vt 0.823452 0.552459
vt 0.814849 0.581535
vt 0.824877 0.577701
vt 0.823062 0.594562
vt 0.818362 0.604420
vt 0.830906 0.592711
vt 0.807279 0.587187
vt 0.807904 0.574982
vt 0.816466 0.569903
vt 0.814941 0.592608
vt 0.800507 0.593349
vt 0.871020 0.700344
vt 0.807041 0.497771
vt 0.826503 0.497113
vt 0.816344 0.520431
vt 0.812967 0.533351
vt 0.822408 0.530572
vt 0.826669 0.517648
vt 0.830504 0.527676
vt 0.819750 0.507453
vt 0.833315 0.507310
vt 0.836087 0.494775
vt 0.829497 0.482866
vt 0.803447 0.514316
vt 0.816523 0.485598
vt 0.819483 0.472114
vt 0.811450 0.476238
vt 0.837733 0.483898
vt 0.809846 0.465869
vt 0.799363 0.503718
vt 0.810994 0.508317
vt 0.805482 0.526285
vt 0.815687 0.497168
vt 0.835297 0.651327
vt 0.841568 0.642129
vt 0.850322 0.659875
vt 0.859622 0.650523
vt 0.857332 0.669526
vt 0.842773 0.668892
vt 0.869195 0.653027
vt 0.867833 0.665348
vt 0.828381 0.657299
vt 0.836404 0.662122
vt 0.820781 0.375935
vt 0.943970 0.497121
vt 0.931954 0.540530
vt 0.904989 0.544295
vt 0.892311 0.551632
vt 0.944381 0.545844
vt 0.950304 0.535555
vt 0.913612 0.563483
vt 0.892629 0.526336
vt 0.910614 0.574568
vt 0.900516 0.564462
vt 0.921947 0.573857
vt 0.891622 0.566752
vt 0.883123 0.532848
vt 0.888315 0.514062
vt 0.907337 0.509563
vt 0.898287 0.515270
vt 0.898626 0.500505
vt 0.907994 0.527160
vt 0.926039 0.556696
vt 0.891450 0.538957
vt 0.882503 0.521840
vt 0.939467 0.561031
vt 0.934285 0.571483
vt 0.936506 0.550257
vt 0.900416 0.553436
vt 0.900121 0.533688
vt 0.924275 0.517311
vt 0.923668 0.501216
vt 0.931592 0.508776
vt 0.935470 0.524592
vt 0.944298 0.526616
vt 0.916740 0.509726
vt 0.912122 0.498303
vt 0.926714 0.529751
vt 0.917513 0.526323
vt 0.919080 0.542865
vt 0.917954 0.553949
vt 0.939799 0.536246
vt 0.904855 0.493813
vt 0.911672 0.537386
vt 0.881439 0.143214
vt 0.862087 0.077408
vt 0.911633 0.649923
vt 0.800778 0.487513
vt 0.707953 0.560136
vt 0.700978 0.545229
vt 0.694104 0.530239
vt 0.687436 0.515081
vt 0.681057 0.499699
vt 0.674994 0.484089
vt 0.669268 0.468249
vt 0.663956 0.452151
vt 0.659187 0.435748
vt 0.655096 0.419017
vt 0.651664 0.402017
vt 0.648803 0.384824
vt 0.646404 0.367503
vt 0.644352 0.350099
vt 0.642534 0.332648
vt 0.640853 0.315171
vt 0.639216 0.297687
vt 0.637579 0.280202
vt 0.636045 0.262700
vt 0.634517 0.245197
vt 0.633029 0.227688
vt 0.631591 0.210171
vt 0.630154 0.192654
vt 0.628785 0.175127
vt 0.627420 0.157599
vt 0.626080 0.140068
vt 0.624769 0.122533
vt 0.623457 0.104997
vt 0.622181 0.087457
vt 0.620905 0.069917
vt 0.619637 0.052375
vt 0.618378 0.034833
vt 0.617119 0.017291
vt 0.604742 0.017188
vt 0.592365 0.017085
vt 0.579988 0.016982
vt 0.567612 0.016880
vt 0.555235 0.016777
vt 0.542858 0.016674
vt 0.530481 0.016571
vt 0.518104 0.016469
vt 0.505727 0.016366
vt 0.493351 0.016263
vt 0.492628 0.033961
vt 0.491906 0.051660
vt 0.491184 0.069358
vt 0.490442 0.087054
vt 0.489700 0.104751
vt 0.488958 0.122448
vt 0.488178 0.140142
vt 0.487397 0.157836
vt 0.486616 0.175530
vt 0.485779 0.193219
vt 0.484940 0.210909
vt 0.484101 0.228598
vt 0.483198 0.246282
vt 0.482292 0.263966
vt 0.481363 0.281647
vt 0.480399 0.299325
vt 0.479436 0.317004
vt 0.478431 0.334678
vt 0.477419 0.352352
vt 0.476394 0.370024
vt 0.475342 0.387694
vt 0.474291 0.405364
vt 0.473215 0.423031
vt 0.472133 0.440697
vt 0.471046 0.458363
vt 0.469941 0.476028
vt 0.468837 0.493692
vt 0.467725 0.511355
vt 0.466607 0.529018
vt 0.465490 0.546680
vt 0.464387 0.564345
vt 0.463375 0.582018
vt 0.462538 0.599707
vt 0.461962 0.617414
vt 0.461735 0.635134
vt 0.461946 0.652851
vt 0.462683 0.670541
vt 0.464015 0.688165
vt 0.465889 0.705699
vt 0.468191 0.723139
vt 0.470808 0.740498
vt 0.473633 0.757797
vt 0.476559 0.775066
vt 0.489081 0.774543
vt 0.501604 0.774103
vt 0.514130 0.773832
vt 0.526656 0.773814
vt 0.539180 0.774138
vt 0.551693 0.774853
vt 0.564192 0.775916
vt 0.576676 0.777256
vt 0.589146 0.778803
vt 0.601606 0.780487
vt 0.614060 0.782240
vt 0.617600 0.765655
vt 0.621077 0.749045
vt 0.624429 0.732390
vt 0.627595 0.715670
vt 0.630511 0.698870
vt 0.633192 0.682000
vt 0.635895 0.665135
vt 0.638913 0.648367
vt 0.642511 0.631807
vt 0.647039 0.615665
vt 0.653196 0.600538
vt 0.661468 0.587369
vt 0.671691 0.576950
vt 0.683219 0.569374
vt 0.695464 0.564172
vt 0.499476 0.025563
vt 0.536255 0.077094
vt 0.534489 0.679343
vt 0.482596 0.764111
vt 0.507364 0.722380
vt 0.598367 0.044392
vt 0.610864 0.026981
vt 0.608745 0.041031
vt 0.600485 0.030342
vt 0.586479 0.727789
vt 0.608648 0.771210
vt 0.524074 0.048469
vt 0.548827 0.048674
vt 0.547090 0.725784
vt 0.507622 0.748860
vt 0.586057 0.034463
vt 0.584645 0.753607
vt 0.524191 0.031414
vt 0.511399 0.031743
vt 0.548944 0.031619
vt 0.546238 0.750865
vt 0.507758 0.762822
vt 0.495060 0.758978
vt 0.521350 0.755545
vt 0.586131 0.023767
vt 0.573700 0.031589
vt 0.583676 0.767255
vt 0.570802 0.758774
vt 0.596813 0.762000
vt 0.545787 0.764174
vt 0.533786 0.758763
vt 0.557909 0.758199
vt 0.520403 0.766577
vt 0.574404 0.074781
vt 0.570861 0.769674
vt 0.595904 0.772801
vt 0.558266 0.768848
vt 0.577249 0.053078
vt 0.578789 0.041334
vt 0.587986 0.049523
vt 0.600086 0.072346
vt 0.585310 0.066135
vt 0.596371 0.058697
vt 0.608717 0.060337
vt 0.611891 0.050679
vt 0.610706 0.074512
vt 0.602216 0.101009
vt 0.603912 0.086296
vt 0.613065 0.086379
vt 0.587009 0.090378
vt 0.594749 0.082933
vt 0.558583 0.244041
vt 0.561512 0.387705
vt 0.563208 0.548540
vt 0.650450 0.532759
vt 0.685245 0.547934
vt 0.700609 0.555946
vt 0.515198 0.097701
vt 0.498624 0.674402
vt 0.582699 0.639207
vt 0.487811 0.726768
vt 0.605155 0.734396
vt 0.508604 0.061695
vt 0.536509 0.040044
vt 0.536599 0.026859
vt 0.517895 0.039890
vt 0.514913 0.052066
vt 0.523328 0.068047
vt 0.503467 0.047091
vt 0.519065 0.735369
vt 0.561308 0.040250
vt 0.569883 0.045314
vt 0.561353 0.027064
vt 0.574262 0.739296
vt 0.608265 0.753212
vt 0.557533 0.738945
vt 0.577129 0.064233
vt 0.611506 0.115516
vt 0.583430 0.078612
vt 0.520827 0.240715
vt 0.574417 0.174120
vt 0.594469 0.224682
vt 0.589037 0.297475
vt 0.518437 0.383256
vt 0.602716 0.368038
vt 0.598941 0.453254
vt 0.607442 0.576898
vt 0.518830 0.595405
vt 0.516413 0.525604
vt 0.659142 0.505176
vt 0.654431 0.560626
vt 0.692664 0.541779
vt 0.687575 0.559210
vt 0.671420 0.556523
vt 0.680507 0.530829
vt 0.504484 0.114684
vt 0.501771 0.096740
vt 0.483923 0.693200
vt 0.481413 0.660185
vt 0.610407 0.648093
vt 0.477513 0.729608
vt 0.480103 0.711211
vt 0.485258 0.745403
vt 0.615045 0.737949
vt 0.613567 0.718947
vt 0.595550 0.745256
vt 0.586448 0.740808
vt 0.595592 0.732225
vt 0.603459 0.744786
vt 0.498802 0.061013
vt 0.537122 0.058575
vt 0.528691 0.039979
vt 0.544326 0.040109
vt 0.524730 0.085557
vt 0.503406 0.035673
vt 0.516087 0.746315
vt 0.534207 0.738226
vt 0.553474 0.040185
vt 0.576516 0.750296
vt 0.567340 0.708542
vt 0.604562 0.762376
vt 0.554112 0.748714
vt 0.548088 0.738406
vt 0.565790 0.746901
vt 0.613036 0.101124
vt 0.619501 0.114405
vt 0.614046 0.132880
vt 0.501656 0.239026
vt 0.525399 0.187562
vt 0.520042 0.294176
vt 0.601657 0.170184
vt 0.613952 0.221720
vt 0.610739 0.275677
vt 0.496645 0.381005
vt 0.511825 0.436032
vt 0.624540 0.363313
vt 0.622253 0.421965
vt 0.629150 0.592770
vt 0.490505 0.593102
vt 0.491989 0.540703
vt 0.500619 0.488254
vt 0.669481 0.497904
vt 0.673834 0.515071
vt 0.657221 0.483283
vt 0.667056 0.508608
vt 0.662981 0.525923
vt 0.666029 0.486546
vt 0.661119 0.572482
vt 0.644484 0.580099
vt 0.663242 0.560982
vt 0.659228 0.544918
vt 0.651866 0.572576
vt 0.693355 0.552187
vt 0.675089 0.566638
vt 0.687196 0.525505
vt 0.675245 0.543220
vt 0.667391 0.546812
vt 0.671186 0.531920
vt 0.500473 0.132193
vt 0.495474 0.114039
vt 0.494066 0.096189
vt 0.502228 0.079023
vt 0.508187 0.104313
vt 0.473313 0.695287
vt 0.476830 0.677516
vt 0.470727 0.661030
vt 0.475310 0.642368
vt 0.624627 0.652653
vt 0.606722 0.683330
vt 0.495874 0.707456
vt 0.471959 0.713229
vt 0.497184 0.738674
vt 0.487496 0.755659
vt 0.477132 0.747682
vt 0.618903 0.704131
vt 0.603659 0.703411
vt 0.594983 0.715491
vt 0.611153 0.708255
vt 0.611715 0.694891
vt 0.619908 0.680756
vt 0.581439 0.710058
vt 0.622506 0.692672
vt 0.587207 0.717247
vt 0.591291 0.699053
vt 0.621231 0.722416
vt 0.550125 0.068914
vt 0.563364 0.063773
vt 0.531791 0.067441
vt 0.549996 0.129410
vt 0.537845 0.748621
vt 0.559519 0.722056
vt 0.491449 0.238127
vt 0.497477 0.220481
vt 0.495631 0.256617
vt 0.505245 0.185923
vt 0.506868 0.328594
vt 0.499908 0.292279
vt 0.615685 0.168157
vt 0.624290 0.220149
vt 0.620618 0.239167
vt 0.617629 0.202748
vt 0.624590 0.273432
vt 0.614594 0.310826
vt 0.485215 0.379825
vt 0.492114 0.360525
vt 0.489748 0.400277
vt 0.491434 0.371951
vt 0.483719 0.391568
vt 0.491697 0.433889
vt 0.635967 0.360839
vt 0.632633 0.382262
vt 0.627889 0.342012
vt 0.631271 0.370712
vt 0.635383 0.348742
vt 0.638461 0.416004
vt 0.640388 0.600987
vt 0.475944 0.591919
vt 0.478186 0.539184
vt 0.485978 0.504462
vt 0.488185 0.469118
vt 0.680648 0.510091
vt 0.656615 0.466182
vt 0.653352 0.518152
vt 0.609729 0.510508
vt 0.631165 0.518106
vt 0.642245 0.522033
vt 0.641323 0.496822
vt 0.648968 0.505826
vt 0.650629 0.492934
vt 0.641330 0.474643
vt 0.648520 0.481454
vt 0.638777 0.509638
vt 0.651980 0.587896
vt 0.658239 0.534410
vt 0.492699 0.131607
vt 0.499207 0.149851
vt 0.513374 0.075615
vt 0.509487 0.087392
vt 0.487485 0.672808
vt 0.492125 0.685002
vt 0.492261 0.696759
vt 0.468489 0.678632
vt 0.467003 0.643861
vt 0.472175 0.626470
vt 0.497586 0.625850
vt 0.484929 0.630399
vt 0.632538 0.655191
vt 0.622162 0.624566
vt 0.488691 0.714748
vt 0.497262 0.721911
vt 0.489601 0.736831
vt 0.506812 0.735635
vt 0.499338 0.749420
vt 0.603848 0.721269
vt 0.611644 0.666280
vt 0.624962 0.667510
vt 0.575127 0.723481
vt 0.566906 0.730653
vt 0.599341 0.691784
vt 0.582743 0.670247
vt 0.595208 0.675228
vt 0.541638 0.068232
vt 0.554994 0.058134
vt 0.539992 0.104747
vt 0.525292 0.132777
vt 0.518118 0.117049
vt 0.489318 0.220144
vt 0.496611 0.202980
vt 0.512019 0.224648
vt 0.487521 0.255545
vt 0.510464 0.255085
vt 0.493071 0.273827
vt 0.494583 0.185056
vt 0.498821 0.167902
vt 0.492126 0.327141
vt 0.489257 0.291275
vt 0.493657 0.308769
vt 0.623610 0.167012
vt 0.607270 0.151186
vt 0.628769 0.237230
vt 0.624281 0.255725
vt 0.605475 0.238615
vt 0.625882 0.202171
vt 0.602946 0.207794
vt 0.609994 0.186154
vt 0.632440 0.272160
vt 0.626983 0.290917
vt 0.483099 0.361811
vt 0.488452 0.344560
vt 0.486324 0.334357
vt 0.502809 0.347316
vt 0.495133 0.350519
vt 0.484272 0.415309
vt 0.482369 0.404759
vt 0.499723 0.416105
vt 0.482396 0.428643
vt 0.492138 0.411146
vt 0.641237 0.377779
vt 0.639535 0.396673
vt 0.631138 0.325783
vt 0.634648 0.335732
vt 0.617234 0.329511
vt 0.628706 0.308428
vt 0.624858 0.332234
vt 0.647265 0.412766
vt 0.645221 0.432681
vt 0.637982 0.588985
vt 0.467780 0.591255
vt 0.475209 0.574306
vt 0.470336 0.538321
vt 0.478577 0.521442
vt 0.475908 0.503359
vt 0.482056 0.486245
vt 0.478117 0.468024
vt 0.484267 0.450716
vt 0.662278 0.474369
vt 0.473492 0.609085
vt 0.488046 0.611838
vt 0.495136 0.647792
vt 0.494018 0.661784
vt 0.630736 0.636215
vt 0.619820 0.639190
vt 0.629376 0.610129
vt 0.634311 0.622755
vt 0.612743 0.676646
vt 0.616414 0.656504
vt 0.567494 0.719535
vt 0.577290 0.689888
vt 0.593018 0.654659
vt 0.603807 0.672025
vt 0.534725 0.091762
vt 0.549709 0.089186
vt 0.527402 0.105566
vt 0.542584 0.094418
vt 0.512727 0.142637
vt 0.510243 0.126617
vt 0.516996 0.133064
vt 0.511352 0.237704
vt 0.503875 0.227987
vt 0.506637 0.210836
vt 0.505314 0.198445
vt 0.515071 0.192048
vt 0.525119 0.210255
vt 0.515917 0.213092
vt 0.522397 0.198856
vt 0.512914 0.202767
vt 0.502744 0.250341
vt 0.530857 0.267679
vt 0.503699 0.267693
vt 0.517271 0.271228
vt 0.501275 0.279841
vt 0.510263 0.287938
vt 0.509526 0.276387
vt 0.518077 0.282830
vt 0.491090 0.166991
vt 0.516221 0.167748
vt 0.517913 0.180082
vt 0.508646 0.308599
vt 0.506885 0.297916
vt 0.500001 0.318995
vt 0.487933 0.317230
vt 0.616843 0.146143
vt 0.614472 0.156987
vt 0.588885 0.129042
vt 0.616814 0.264849
vt 0.602287 0.258660
vt 0.613172 0.233289
vt 0.611308 0.210685
vt 0.609129 0.175052
vt 0.619480 0.180921
vt 0.609002 0.198453
vt 0.593761 0.189552
vt 0.634548 0.289610
vt 0.618493 0.284003
vt 0.618051 0.297804
vt 0.603539 0.298238
vt 0.609550 0.288337
vt 0.596052 0.279677
vt 0.499050 0.335714
vt 0.531993 0.348471
vt 0.505835 0.366152
vt 0.627583 0.405241
vt 0.613814 0.349195
vt 0.622905 0.318906
vt 0.652812 0.429307
vt 0.650267 0.449833
vt 0.632781 0.430991
vt 0.630575 0.420064
vt 0.637861 0.446535
vt 0.617676 0.447120
vt 0.623176 0.435584
vt 0.627780 0.447657
vt 0.633702 0.461924
vt 0.642662 0.457558
vt 0.483700 0.582468
vt 0.488336 0.561760
vt 0.483371 0.571055
vt 0.476010 0.556944
vt 0.470978 0.520606
vt 0.493014 0.521362
vt 0.485680 0.530574
vt 0.491671 0.481889
vt 0.492312 0.494749
vt 0.503379 0.507502
vt 0.474016 0.485362
vt 0.476217 0.450025
vt 0.480785 0.440079
vt 0.500693 0.452390
vt 0.501988 0.470322
vt 0.503457 0.605771
vt 0.490088 0.622195
vt 0.480146 0.619222
vt 0.481648 0.602259
vt 0.484894 0.647221
vt 0.492835 0.636125
vt 0.610170 0.603327
vt 0.638616 0.612504
vt 0.586604 0.683342
vt 0.582746 0.698706
vt 0.590563 0.665639
vt 0.559522 0.079367
vt 0.566403 0.073755
vt 0.567987 0.108417
vt 0.560805 0.095452
vt 0.573829 0.092495
vt 0.554449 0.111888
vt 0.566392 0.086488
vt 0.552749 0.100282
vt 0.534207 0.120239
vt 0.519522 0.106585
vt 0.523231 0.096255
vt 0.504608 0.141620
vt 0.523545 0.225628
vt 0.544927 0.221664
vt 0.535628 0.237486
vt 0.533835 0.219659
vt 0.527735 0.234953
vt 0.541720 0.197831
vt 0.532128 0.200920
vt 0.540426 0.210462
vt 0.522316 0.256573
vt 0.533431 0.252636
vt 0.545944 0.248001
vt 0.507536 0.173358
vt 0.507698 0.158827
vt 0.525386 0.152411
vt 0.516511 0.155459
vt 0.598689 0.117709
vt 0.601265 0.182472
vt 0.595411 0.325740
vt 0.596492 0.291370
vt 0.517522 0.342867
vt 0.507626 0.380697
vt 0.510478 0.401114
vt 0.500079 0.402054
vt 0.495779 0.392300
vt 0.504819 0.391988
vt 0.635558 0.406008
vt 0.603120 0.401149
vt 0.630816 0.394030
vt 0.616322 0.392983
vt 0.620952 0.378407
vt 0.623775 0.388622
vt 0.609525 0.380505
vt 0.607889 0.391698
vt 0.613753 0.366740
vt 0.657586 0.446053
vt 0.647903 0.466908
vt 0.484484 0.549477
vt 0.485791 0.515704
vt 0.503831 0.532069
vt 0.494354 0.509251
vt 0.492123 0.457631
vt 0.493270 0.445711
vt 0.501601 0.437576
vt 0.498428 0.427202
vt 0.518373 0.459069
vt 0.496851 0.613887
vt 0.620774 0.601683
vt 0.616409 0.613698
vt 0.598686 0.624375
vt 0.606501 0.615887
vt 0.609391 0.631430
vt 0.614347 0.589059
vt 0.599550 0.640942
vt 0.590938 0.643223
vt 0.563398 0.125731
vt 0.544755 0.117254
vt 0.525842 0.121499
vt 0.538092 0.137203
vt 0.545258 0.234846
vt 0.559107 0.285894
vt 0.529989 0.169965
vt 0.604569 0.110912
vt 0.605969 0.126020
vt 0.585197 0.109962
vt 0.595903 0.310098
vt 0.605246 0.310577
vt 0.509268 0.339670
vt 0.511733 0.354558
vt 0.517163 0.368024
vt 0.535310 0.372928
vt 0.525636 0.374426
vt 0.526025 0.360227
vt 0.523889 0.349673
vt 0.616203 0.408624
vt 0.603557 0.428150
vt 0.613783 0.429902
vt 0.609722 0.418203
vt 0.502204 0.519838
vt 0.519057 0.560409
vt 0.495879 0.531341
vt 0.508547 0.460388
vt 0.509358 0.448013
vt 0.525878 0.491611
vt 0.555910 0.122326
vt 0.561937 0.115293
vt 0.560570 0.153380
vt 0.530230 0.142532
vt 0.540335 0.156369
vt 0.555531 0.265056
vt 0.523630 0.163121
vt 0.536933 0.183076
vt 0.540195 0.170075
vt 0.551130 0.163378
vt 0.562517 0.169746
vt 0.563026 0.198354
vt 0.552958 0.208582
vt 0.551671 0.183191
vt 0.565996 0.183933
vt 0.544273 0.187543
vt 0.547940 0.173469
vt 0.579172 0.192914
vt 0.558665 0.188995
vt 0.573950 0.184825
vt 0.592466 0.101206
vt 0.590521 0.118275
vt 0.576450 0.123234
vt 0.576842 0.104365
vt 0.504567 0.552915
vt 0.512861 0.495027
vt 0.558399 0.138908
vt 0.572894 0.142463
vt 0.549839 0.148522
vt 0.566294 0.135995
vt 0.532166 0.159055
vt 0.553573 0.253649
vt 0.568727 0.222555
vt 0.585022 0.179733
vt 0.585543 0.157212
vt 0.582251 0.168358
vt 0.573094 0.158342
vt 0.592071 0.167112
vt 0.596268 0.153283
vt 0.588524 0.143402
vt 0.600421 0.139206
vt 0.580536 0.147802
vt 0.608376 0.140517
vt 0.588491 0.207344
vt 0.551018 0.196286
vt 0.500471 0.542744
vt 0.513803 0.541842
vt 0.512885 0.552947
vt 0.505063 0.497074
vt 0.510187 0.480474
vt 0.521594 0.508831
vt 0.580422 0.134744
vt 0.546073 0.138925
vt 0.556788 0.223798
vt 0.563303 0.232999
vt 0.580736 0.241534
vt 0.572864 0.234177
vt 0.581404 0.221523
vt 0.562689 0.211820
vt 0.572921 0.205500
vt 0.570785 0.194935
vt 0.580901 0.203544
vt 0.597261 0.128800
vt 0.595847 0.200954
vt 0.595604 0.213436
vt 0.512259 0.513484
vt 0.520129 0.498616
vt 0.551049 0.512376
vt 0.553799 0.234557
vt 0.586745 0.231846
vt 0.592910 0.246934
vt 0.574797 0.215775
vt 0.601775 0.193403
vt 0.535245 0.526208
vt 0.525612 0.536727
vt 0.525869 0.523928
vt 0.542778 0.551888
vt 0.521862 0.548334
vt 0.532558 0.547641
vt 0.540321 0.538350
vt 0.546310 0.525827
vt 0.552228 0.541584
vt 0.564450 0.525995
vt 0.560579 0.536958
vt 0.555399 0.523349
vt 0.589725 0.264147
vt 0.596785 0.236187
vt 0.601041 0.247834
vt 0.612168 0.250932
vt 0.536594 0.505943
vt 0.529712 0.513304
vt 0.542344 0.515096
vt 0.584571 0.253316
vt 0.572852 0.271033
vt 0.580571 0.264391
vt 0.583201 0.281350
vt 0.569947 0.253496
vt 0.597682 0.268377
vt 0.589214 0.274622
vt 0.572651 0.298244
vt 0.581247 0.314817
vt 0.587847 0.308330
vt 0.564931 0.264222
vt 0.564718 0.276356
vt 0.572738 0.284638
vt 0.580727 0.292948
vt 0.526546 0.707242
vt 0.525836 0.744285
vt 0.630067 0.552544
vt 0.641235 0.562034
vt 0.629432 0.573335
vt 0.633642 0.535486
vt 0.618447 0.575232
vt 0.610947 0.551624
vt 0.622846 0.562588
vt 0.624750 0.582953
vt 0.612037 0.564961
vt 0.647079 0.548095
vt 0.638659 0.550924
vt 0.642379 0.537920
vt 0.632904 0.563100
vt 0.637975 0.572670
vt 0.617265 0.530747
vt 0.626219 0.528410
vt 0.623489 0.541833
vt 0.620136 0.515873
vt 0.626852 0.498552
vt 0.626528 0.509325
vt 0.617795 0.503244
vt 0.601752 0.482768
vt 0.617114 0.482638
vt 0.608059 0.495428
vt 0.629014 0.477490
vt 0.585130 0.507807
vt 0.636392 0.485750
vt 0.624822 0.487458
vt 0.619464 0.464930
vt 0.597676 0.505252
vt 0.626000 0.458353
vt 0.619501 0.552020
vt 0.609406 0.471693
vt 0.598446 0.468345
vt 0.582932 0.482716
vt 0.592357 0.478786
vt 0.594330 0.492271
vt 0.582687 0.459917
vt 0.589576 0.467448
vt 0.598054 0.531044
vt 0.585089 0.495091
vt 0.567479 0.501625
vt 0.576930 0.501530
vt 0.561858 0.512906
vt 0.575339 0.518029
vt 0.586787 0.524254
vt 0.592324 0.514849
vt 0.584112 0.552381
vt 0.597642 0.560389
vt 0.575936 0.536964
vt 0.588656 0.538855
vt 0.572196 0.527706
vt 0.598306 0.545727
vt 0.592125 0.552603
vt 0.601844 0.518680
vt 0.610434 0.522694
vt 0.578782 0.593032
vt 0.593776 0.601986
vt 0.601805 0.606189
vt 0.601744 0.590555
vt 0.589956 0.586466
vt 0.578636 0.572053
vt 0.582017 0.582487
vt 0.573624 0.550805
vt 0.578099 0.560584
vt 0.587887 0.565476
vt 0.596133 0.574660
vt 0.604388 0.225361
vt 0.524284 0.642334
vt 0.511320 0.658174
vt 0.503083 0.663621
vt 0.556033 0.683585
vt 0.552330 0.703732
vt 0.559015 0.710698
vt 0.581383 0.654736
vt 0.566132 0.665074
vt 0.575145 0.663613
vt 0.571785 0.677421
vt 0.568144 0.644903
vt 0.566045 0.690441
vt 0.562983 0.676196
vt 0.576295 0.646116
vt 0.571883 0.698800
vt 0.558024 0.694917
vt 0.603103 0.658082
vt 0.622547 0.351637
vt 0.505132 0.584438
vt 0.494805 0.576131
vt 0.497123 0.586642
vt 0.498294 0.563471
vt 0.494300 0.552510
vt 0.605477 0.336244
vt 0.613170 0.338625
vt 0.601834 0.351796
vt 0.608706 0.357957
vt 0.578047 0.362389
vt 0.590916 0.361076
vt 0.604832 0.323422
vt 0.590115 0.384927
vt 0.599958 0.383830
vt 0.583366 0.341199
vt 0.612519 0.321046
vt 0.585077 0.372694
vt 0.594385 0.373750
vt 0.575877 0.387547
vt 0.592237 0.347632
vt 0.591195 0.336009
vt 0.583346 0.327853
vt 0.556907 0.334703
vt 0.570598 0.334612
vt 0.584022 0.353283
vt 0.573485 0.348909
vt 0.560996 0.364710
vt 0.569236 0.359655
vt 0.571360 0.374119
vt 0.560743 0.349260
vt 0.562784 0.376140
vt 0.548727 0.379314
vt 0.546217 0.357478
vt 0.551084 0.345687
vt 0.541474 0.346261
vt 0.533066 0.318499
vt 0.534989 0.333634
vt 0.545995 0.332564
vt 0.554673 0.357193
vt 0.523427 0.328537
vt 0.554073 0.309995
vt 0.521320 0.311504
vt 0.552636 0.322951
vt 0.542964 0.319847
vt 0.565227 0.318801
vt 0.585306 0.409385
vt 0.541480 0.420808
vt 0.543870 0.369157
vt 0.515150 0.321660
vt 0.515830 0.303505
vt 0.563745 0.329273
vt 0.563718 0.305138
vt 0.556186 0.297793
vt 0.564902 0.293995
vt 0.539653 0.298108
vt 0.538753 0.309690
vt 0.574066 0.322917
vt 0.572292 0.310695
vt 0.583954 0.395839
vt 0.593739 0.397198
vt 0.568772 0.407701
vt 0.575418 0.399581
vt 0.536375 0.397345
vt 0.528353 0.388133
vt 0.523952 0.405935
vt 0.529221 0.301669
vt 0.531614 0.284805
vt 0.539706 0.384817
vt 0.549995 0.397521
vt 0.518792 0.395658
vt 0.533781 0.411115
vt 0.543434 0.407652
vt 0.556083 0.413521
vt 0.527309 0.430741
vt 0.526007 0.418244
vt 0.543695 0.275199
vt 0.545290 0.261668
vt 0.548575 0.287860
vt 0.552828 0.276882
vt 0.525434 0.276727
vt 0.553522 0.387878
vt 0.559680 0.400944
vt 0.567353 0.395984
vt 0.569092 0.437022
vt 0.535833 0.275857
vt 0.565414 0.422445
vt 0.576432 0.418874
vt 0.552856 0.436337
vt 0.589121 0.428066
vt 0.556752 0.425502
vt 0.596409 0.415304
vt 0.603701 0.411582
vt 0.596279 0.439073
vt 0.607147 0.442292
vt 0.589121 0.449070
vt 0.578073 0.446128
vt 0.578791 0.432328
vt 0.585857 0.438581
vt 0.512715 0.418458
vt 0.506903 0.426776
vt 0.506874 0.410903
vt 0.516177 0.408703
vt 0.518518 0.427791
vt 0.518997 0.719492
vt 0.510664 0.702363
vt 0.502993 0.690610
vt 0.513128 0.677135
vt 0.530969 0.722468
vt 0.518035 0.708109
vt 0.521383 0.690942
vt 0.502616 0.701449
vt 0.527106 0.732399
vt 0.539702 0.709084
vt 0.538566 0.728109
vt 0.512196 0.690165
vt 0.505397 0.680259
vt 0.524569 0.665482
vt 0.532394 0.694249
vt 0.544364 0.689523
vt 0.539779 0.698343
vt 0.547769 0.713933
vt 0.524735 0.678602
vt 0.516376 0.666924
vt 0.520349 0.654015
vt 0.544266 0.653387
vt 0.553474 0.665015
vt 0.547292 0.676184
vt 0.535989 0.664073
vt 0.530329 0.653016
vt 0.544657 0.665058
vt 0.556142 0.648821
vt 0.563482 0.654345
vt 0.543326 0.618532
vt 0.546971 0.635792
vt 0.535642 0.639154
vt 0.526847 0.620390
vt 0.539956 0.629159
vt 0.528624 0.631994
vt 0.562319 0.620560
vt 0.560021 0.634999
vt 0.552529 0.624324
vt 0.609528 0.456984
vt 0.607703 0.537712
vt 0.615246 0.542157
vt 0.550439 0.482561
vt 0.562280 0.461642
vt 0.568444 0.450699
vt 0.572606 0.463515
vt 0.557996 0.448701
vt 0.579541 0.471393
vt 0.565506 0.481423
vt 0.547306 0.462875
vt 0.547359 0.448590
vt 0.533236 0.455696
vt 0.541753 0.435726
vt 0.538790 0.446704
vt 0.535448 0.428496
vt 0.583707 0.618181
vt 0.554125 0.582952
vt 0.508172 0.639152
vt 0.517165 0.629151
vt 0.507536 0.625821
vt 0.515654 0.612079
vt 0.504169 0.650349
vt 0.525285 0.606474
vt 0.535926 0.586332
vt 0.534617 0.611667
vt 0.528377 0.594284
vt 0.545628 0.599923
vt 0.522539 0.577935
vt 0.554642 0.609267
vt 0.533781 0.566485
vt 0.555035 0.596084
vt 0.566455 0.587985
vt 0.566727 0.604799
vt 0.571307 0.596235
vt 0.577911 0.606796
vt 0.585226 0.600672
vt 0.573030 0.619648
vt 0.573263 0.633199
vt 0.580718 0.628489
vt 0.507821 0.614935
vt 0.511605 0.601828
vt 0.536525 0.599704
vt 0.545294 0.587311
vt 0.545778 0.570665
vt 0.538387 0.575706
vt 0.541020 0.562228
vt 0.558891 0.565852
vt 0.568304 0.561949
vt 0.566082 0.574806
vt 0.552608 0.555189
vt 0.514478 0.584316
vt 0.509734 0.569960
vt 0.525490 0.567473
vt 0.527500 0.556582
vt 0.536641 0.359956
vt 0.521593 0.444199
vt 0.530472 0.442066
vt 0.525351 0.453710
vt 0.546689 0.497635
vt 0.557001 0.500392
vt 0.562836 0.492183
vt 0.536836 0.491226
vt 0.531061 0.474203
vt 0.520873 0.478854
vt 0.514746 0.470092
vt 0.523822 0.467989
vt 0.538293 0.466228
vt 0.557632 0.473398
vt 0.573932 0.488692
vt 0.592749 0.614571
vt 0.590196 0.630390
vt 0.540885 0.479063
s 1
usemtl FABRIC_1_FRONT_2194
f 119/119/119 126/126/126 118/118/118
f 172/172/172 171/171/171 110/110/110
f 21/21/21 274/274/274 20/20/20
f 273/273/273 367/367/367 368/368/368
f 94/94/94 95/95/95 130/130/130
f 121/121/121 129/129/129 130/130/130
f 371/371/371 454/454/454 456/456/456
f 275/275/275 372/372/372 214/214/214
f 135/135/135 88/88/88 89/89/89
f 618/618/618 447/447/447 617/617/617
f 162/162/162 119/119/119 118/118/118
f 164/164/164 32/32/32 109/109/109
f 386/386/386 14/14/14 15/15/15
f 389/389/389 286/286/286 288/288/288
f 450/450/450 449/449/449 273/273/273
f 142/142/142 128/128/128 137/137/137
f 386/386/386 15/15/15 385/385/385
f 135/135/135 178/178/178 125/125/125
f 16/16/16 385/385/385 15/15/15
f 168/168/168 115/115/115 43/43/43
f 261/261/261 566/566/566 565/565/565
f 386/386/386 472/472/472 536/536/536
f 18/18/18 19/19/19 367/367/367
f 133/133/133 132/132/132 122/122/122
f 49/49/49 50/50/50 307/307/307
f 144/144/144 145/145/145 146/146/146
f 33/33/33 34/34/34 109/109/109
f 119/119/119 164/164/164 109/109/109
f 34/34/34 119/119/119 109/109/109
f 437/437/437 440/440/440 197/197/197
f 32/32/32 33/33/33 109/109/109
f 36/36/36 126/126/126 35/35/35
f 192/192/192 234/234/234 235/235/235
f 249/249/249 4/4/4 5/5/5
f 574/574/574 110/110/110 575/575/575
f 126/126/126 127/127/127 118/118/118
f 125/125/125 204/204/204 160/160/160
f 138/138/138 136/136/136 128/128/128
f 404/404/404 227/227/227 489/489/489
f 25/25/25 303/303/303 305/305/305
f 110/110/110 163/163/163 162/162/162
f 140/140/140 139/139/139 142/142/142
f 306/306/306 166/166/166 227/227/227
f 138/138/138 135/135/135 89/89/89
f 30/30/30 165/165/165 166/166/166
f 207/207/207 142/142/142 120/120/120
f 790/790/790 791/791/791 143/143/143
f 28/28/28 29/29/29 306/306/306
f 215/215/215 454/454/454 619/619/619
f 239/239/239 246/246/246 240/240/240
f 159/159/159 158/158/158 200/200/200
f 449/449/449 17/17/17 18/18/18
f 95/95/95 112/112/112 130/130/130
f 803/803/803 120/120/120 804/804/804
f 234/234/234 237/237/237 106/106/106
f 315/315/315 314/314/314 231/231/231
f 38/38/38 175/175/175 37/37/37
f 123/123/123 122/122/122 132/132/132
f 785/785/785 776/776/776 781/781/781
f 8/8/8 9/9/9 392/392/392
f 263/263/263 265/265/265 81/81/81
f 7/7/7 322/322/322 6/6/6
f 1/1/1 151/151/151 108/108/108
f 417/417/417 48/48/48 49/49/49
f 108/108/108 151/151/151 193/193/193
f 138/138/138 89/89/89 90/90/90
f 247/247/247 3/3/3 333/333/333
f 119/119/119 35/35/35 126/126/126
f 141/141/141 139/139/139 140/140/140
f 793/793/793 152/152/152 796/796/796
f 194/194/194 249/249/249 253/253/253
f 151/151/151 2/2/2 247/247/247
f 34/34/34 35/35/35 119/119/119
f 137/137/137 92/92/92 131/131/131
f 389/389/389 391/391/391 479/479/479
f 268/268/268 116/116/116 178/178/178
f 176/176/176 122/122/122 114/114/114
f 195/195/195 255/255/255 436/436/436
f 241/241/241 238/238/238 236/236/236
f 137/137/137 131/131/131 140/140/140
f 131/131/131 141/141/141 140/140/140
f 355/355/355 357/357/357 792/792/792
f 790/790/790 121/121/121 130/130/130
f 93/93/93 129/129/129 131/131/131
f 212/212/212 180/180/180 210/210/210
f 121/121/121 143/143/143 141/141/141
f 272/272/272 356/356/356 355/355/355
f 98/98/98 145/145/145 97/97/97
f 112/112/112 96/96/96 97/97/97
f 145/145/145 130/130/130 112/112/112
f 376/376/376 378/378/378 52/52/52
f 379/379/379 281/281/281 218/218/218
f 113/113/113 141/141/141 143/143/143
f 95/95/95 96/96/96 112/112/112
f 359/359/359 357/357/357 360/360/360
f 210/210/210 99/99/99 100/100/100
f 144/144/144 791/791/791 790/790/790
f 273/273/273 368/368/368 448/448/448
f 94/94/94 129/129/129 93/93/93
f 269/269/269 797/797/797 268/268/268
f 111/111/111 361/361/361 364/364/364
f 129/129/129 121/121/121 131/131/131
f 10/10/10 11/11/11 389/389/389
f 564/564/564 568/568/568 124/124/124
f 163/163/163 165/165/165 167/167/167
f 162/162/162 163/163/163 167/167/167
f 39/39/39 40/40/40 132/132/132
f 160/160/160 159/159/159 117/117/117
f 750/750/750 749/749/749 186/186/186
f 123/123/123 41/41/41 115/115/115
f 42/42/42 43/43/43 115/115/115
f 1/1/1 2/2/2 151/151/151
f 804/804/804 142/142/142 139/139/139
f 115/115/115 41/41/41 42/42/42
f 125/125/125 160/160/160 134/134/134
f 170/170/170 122/122/122 123/123/123
f 123/123/123 132/132/132 40/40/40
f 91/91/91 92/92/92 137/137/137
f 341/341/341 156/156/156 258/258/258
f 169/169/169 45/45/45 258/258/258
f 422/422/422 562/562/562 157/157/157
f 135/135/135 134/134/134 88/88/88
f 25/25/25 26/26/26 303/303/303
f 178/178/178 116/116/116 206/206/206
f 112/112/112 97/97/97 145/145/145
f 339/339/339 260/260/260 338/338/338
f 141/141/141 131/131/131 121/121/121
f 260/260/260 198/198/198 259/259/259
f 210/210/210 211/211/211 99/99/99
f 53/53/53 376/376/376 52/52/52
f 159/159/159 203/203/203 158/158/158
f 168/168/168 123/123/123 115/115/115
f 53/53/53 54/54/54 277/277/277
f 277/277/277 279/279/279 376/376/376
f 382/382/382 282/282/282 281/281/281
f 176/176/176 133/133/133 122/122/122
f 522/522/522 374/374/374 462/462/462
f 40/40/40 41/41/41 123/123/123
f 129/129/129 94/94/94 130/130/130
f 459/459/459 216/216/216 278/278/278
f 127/127/127 126/126/126 36/36/36
f 280/280/280 55/55/55 56/56/56
f 127/127/127 36/36/36 37/37/37
f 118/118/118 172/172/172 162/162/162
f 290/290/290 61/61/61 62/62/62
f 61/61/61 290/290/290 294/294/294
f 64/64/64 295/295/295 63/63/63
f 125/125/125 134/134/134 135/135/135
f 399/399/399 222/222/222 291/291/291
f 43/43/43 44/44/44 168/168/168
f 86/86/86 87/87/87 160/160/160
f 224/224/224 301/301/301 299/299/299
f 442/442/442 444/444/444 161/161/161
f 535/535/535 534/534/534 532/532/532
f 176/176/176 177/177/177 133/133/133
f 282/282/282 283/283/283 218/218/218
f 99/99/99 146/146/146 98/98/98
f 286/286/286 11/11/11 12/12/12
f 117/117/117 159/159/159 202/202/202
f 117/117/117 84/84/84 85/85/85
f 299/299/299 302/302/302 224/224/224
f 103/103/103 104/104/104 331/331/331
f 131/131/131 92/92/92 93/93/93
f 254/254/254 101/101/101 102/102/102
f 71/71/71 311/311/311 70/70/70
f 69/69/69 70/70/70 316/316/316
f 98/98/98 146/146/146 145/145/145
f 196/196/196 504/504/504 432/432/432
f 124/124/124 173/173/173 174/174/174
f 91/91/91 136/136/136 90/90/90
f 82/82/82 83/83/83 200/200/200
f 128/128/128 136/136/136 137/137/137
f 145/145/145 144/144/144 790/790/790
f 88/88/88 134/134/134 87/87/87
f 234/234/234 106/106/106 107/107/107
f 86/86/86 117/117/117 85/85/85
f 160/160/160 87/87/87 134/134/134
f 359/359/359 141/141/141 113/113/113
f 136/136/136 138/138/138 90/90/90
f 137/137/137 136/136/136 91/91/91
f 254/254/254 255/255/255 195/195/195
f 310/310/310 500/500/500 403/403/403
f 39/39/39 133/133/133 38/38/38
f 144/144/144 146/146/146 211/211/211
f 232/232/232 319/319/319 320/320/320
f 423/423/423 312/312/312 319/319/319
f 318/318/318 321/321/321 426/426/426
f 171/171/171 118/118/118 127/127/127
f 76/76/76 336/336/336 75/75/75
f 252/252/252 793/793/793 248/248/248
f 224/224/224 395/395/395 296/296/296
f 312/312/312 584/584/584 314/314/314
f 198/198/198 341/341/341 258/258/258
f 349/349/349 78/78/78 347/347/347
f 81/81/81 82/82/82 263/263/263
f 200/200/200 201/201/201 263/263/263
f 114/114/114 122/122/122 170/170/170
f 259/259/259 45/45/45 46/46/46
f 267/267/267 347/347/347 266/266/266
f 200/200/200 342/342/342 201/201/201
f 407/407/407 741/741/741 681/681/681
f 266/266/266 79/79/79 80/80/80
f 84/84/84 202/202/202 83/83/83
f 142/142/142 137/137/137 140/140/140
f 256/256/256 337/337/337 437/437/437
f 262/262/262 47/47/47 48/48/48
f 117/117/117 86/86/86 160/160/160
f 187/187/187 395/395/395 589/589/589
f 179/179/179 128/128/128 207/207/207
f 499/499/499 587/587/587 300/300/300
f 203/203/203 116/116/116 343/343/343
f 133/133/133 39/39/39 132/132/132
f 351/351/351 508/508/508 510/510/510
f 405/405/405 225/225/225 304/304/304
f 153/153/153 165/165/165 163/163/163
f 167/167/167 31/31/31 164/164/164
f 32/32/32 164/164/164 31/31/31
f 119/119/119 162/162/162 164/164/164
f 166/166/166 165/165/165 153/153/153
f 167/167/167 30/30/30 31/31/31
f 166/166/166 153/153/153 227/227/227
f 30/30/30 166/166/166 29/29/29
f 167/167/167 164/164/164 162/162/162
f 30/30/30 167/167/167 165/165/165
f 44/44/44 169/169/169 168/168/168
f 156/156/156 340/340/340 170/170/170
f 45/45/45 169/169/169 44/44/44
f 170/170/170 169/169/169 156/156/156
f 123/123/123 168/168/168 170/170/170
f 170/170/170 168/168/168 169/169/169
f 127/127/127 173/173/173 171/171/171
f 570/570/570 567/567/567 569/569/569
f 162/162/162 172/172/172 110/110/110
f 118/118/118 171/171/171 172/172/172
f 37/37/37 175/175/175 127/127/127
f 570/570/570 173/173/173 124/124/124
f 173/173/173 127/127/127 175/175/175
f 133/133/133 174/174/174 175/175/175
f 133/133/133 175/175/175 38/38/38
f 175/175/175 174/174/174 173/173/173
f 565/565/565 114/114/114 340/340/340
f 174/174/174 177/177/177 124/124/124
f 133/133/133 177/177/177 174/174/174
f 564/564/564 177/177/177 176/176/176
f 179/179/179 209/209/209 138/138/138
f 179/179/179 138/138/138 128/128/128
f 797/797/797 269/269/269 179/179/179
f 135/135/135 209/209/209 178/178/178
f 212/212/212 100/100/100 101/101/101
f 354/354/354 272/272/272 355/355/355
f 274/274/274 275/275/275 214/214/214
f 370/370/370 371/371/371 275/275/275
f 646/646/646 635/635/635 638/638/638
f 416/416/416 189/189/189 413/413/413
f 58/58/58 282/282/282 57/57/57
f 380/380/380 281/281/281 379/379/379
f 653/653/653 658/658/658 726/726/726
f 777/777/777 765/765/765 767/767/767
f 475/475/475 286/286/286 287/287/287
f 542/542/542 543/543/543 540/540/540
f 659/659/659 656/656/656 629/629/629
f 218/218/218 468/468/468 379/379/379
f 66/66/66 299/299/299 65/65/65
f 396/396/396 296/296/296 395/395/395
f 304/304/304 225/225/225 303/303/303
f 619/619/619 454/454/454 455/455/455
f 308/308/308 228/228/228 307/307/307
f 199/199/199 420/420/420 422/422/422
f 317/317/317 72/72/72 73/73/73
f 502/502/502 596/596/596 602/602/602
f 10/10/10 479/479/479 9/9/9
f 483/483/483 428/428/428 485/485/485
f 193/193/193 235/235/235 108/108/108
f 240/240/240 105/105/105 238/238/238
f 2/2/2 3/3/3 247/247/247
f 251/251/251 4/4/4 249/249/249
f 250/250/250 253/253/253 5/5/5
f 550/550/550 551/551/551 669/669/669
f 255/255/255 102/102/102 103/103/103
f 195/195/195 272/272/272 212/212/212
f 238/238/238 106/106/106 237/237/237
f 429/429/429 813/813/813 814/814/814
f 337/337/337 256/256/256 336/336/336
f 709/709/709 606/606/606 190/190/190
f 260/260/260 46/46/46 47/47/47
f 261/261/261 565/565/565 340/340/340
f 307/307/307 309/309/309 417/417/417
f 309/309/309 420/420/420 199/199/199
f 200/200/200 83/83/83 202/202/202
f 200/200/200 158/158/158 342/342/342
f 342/342/342 343/343/343 264/264/264
f 265/265/265 201/201/201 344/344/344
f 117/117/117 202/202/202 84/84/84
f 200/200/200 202/202/202 159/159/159
f 204/204/204 159/159/159 160/160/160
f 203/203/203 204/204/204 206/206/206
f 206/206/206 204/204/204 125/125/125
f 159/159/159 204/204/204 203/203/203
f 265/265/265 80/80/80 81/81/81
f 608/608/608 507/507/507 714/714/714
f 203/203/203 206/206/206 116/116/116
f 125/125/125 178/178/178 206/206/206
f 142/142/142 207/207/207 128/128/128
f 120/120/120 179/179/179 207/207/207
f 799/799/799 800/800/800 801/801/801
f 343/343/343 271/271/271 264/264/264
f 138/138/138 209/209/209 135/135/135
f 269/269/269 209/209/209 179/179/179
f 212/212/212 210/210/210 100/100/100
f 211/211/211 210/210/210 180/180/180
f 211/211/211 180/180/180 792/792/792
f 99/99/99 211/211/211 146/146/146
f 254/254/254 212/212/212 101/101/101
f 272/272/272 195/195/195 352/352/352
f 618/618/618 514/514/514 632/632/632
f 649/649/649 657/657/657 647/647/647
f 370/370/370 21/21/21 22/22/22
f 447/447/447 448/448/448 513/513/513
f 373/373/373 23/23/23 24/24/24
f 556/556/556 739/739/739 673/673/673
f 217/217/217 462/462/462 460/460/460
f 413/413/413 228/228/228 308/308/308
f 216/216/216 459/459/459 461/461/461
f 278/278/278 216/216/216 277/277/277
f 58/58/58 383/383/383 282/282/282
f 60/60/60 61/61/61 294/294/294
f 452/452/452 451/451/451 284/284/284
f 854/854/854 778/778/778 788/788/788
f 387/387/387 12/12/12 13/13/13
f 288/288/288 286/286/286 476/476/476
f 837/837/837 856/856/856 839/839/839
f 486/486/486 323/323/323 483/483/483
f 223/223/223 297/297/297 295/295/295
f 719/719/719 627/627/627 725/725/725
f 625/625/625 624/624/624 186/186/186
f 398/398/398 399/399/399 223/223/223
f 302/302/302 299/299/299 401/401/401
f 300/300/300 401/401/401 402/402/402
f 304/304/304 26/26/26 27/27/27
f 515/515/515 411/411/411 516/516/516
f 171/171/171 569/569/569 110/110/110
f 405/405/405 408/408/408 188/188/188
f 163/163/163 574/574/574 153/153/153
f 489/489/489 406/406/406 404/404/404
f 412/412/412 50/50/50 51/51/51
f 228/228/228 418/418/418 309/309/309
f 279/279/279 277/277/277 463/463/463
f 558/558/558 561/561/561 559/559/559
f 685/685/685 425/425/425 684/684/684
f 539/539/539 545/545/545 191/191/191
f 496/496/496 495/495/495 425/425/425
f 310/310/310 313/313/313 495/495/495
f 317/317/317 321/321/321 320/320/320
f 427/427/427 197/197/197 592/592/592
f 323/323/323 326/326/326 392/392/392
f 233/233/233 485/485/485 546/546/546
f 235/235/235 234/234/234 107/107/107
f 192/192/192 795/795/795 237/237/237
f 108/108/108 235/235/235 107/107/107
f 235/235/235 193/193/193 793/793/793
f 795/795/795 796/796/796 245/245/245
f 548/548/548 830/830/830 834/834/834
f 192/192/192 237/237/237 234/234/234
f 238/238/238 237/237/237 236/236/236
f 240/240/240 238/238/238 241/241/241
f 106/106/106 238/238/238 105/105/105
f 244/244/244 241/241/241 236/236/236
f 504/504/504 328/328/328 330/330/330
f 246/246/246 239/239/239 328/328/328
f 105/105/105 240/240/240 332/332/332
f 835/835/835 833/833/833 836/836/836
f 239/239/239 240/240/240 241/241/241
f 596/596/596 155/155/155 603/603/603
f 812/812/812 241/241/241 244/244/244
f 244/244/244 236/236/236 245/245/245
f 429/429/429 811/811/811 812/812/812
f 236/236/236 795/795/795 245/245/245
f 244/244/244 243/243/243 812/812/812
f 549/549/549 152/152/152 252/252/252
f 244/244/244 245/245/245 836/836/836
f 246/246/246 196/196/196 334/334/334
f 105/105/105 332/332/332 104/104/104
f 3/3/3 4/4/4 333/333/333
f 151/151/151 247/247/247 193/193/193
f 251/251/251 252/252/252 248/248/248
f 333/333/333 794/794/794 247/247/247
f 5/5/5 6/6/6 325/325/325
f 251/251/251 249/249/249 194/194/194
f 324/324/324 325/325/325 322/322/322
f 546/546/546 552/552/552 233/233/233
f 252/252/252 251/251/251 194/194/194
f 251/251/251 248/248/248 333/333/333
f 548/548/548 831/831/831 830/830/830
f 252/252/252 152/152/152 793/793/793
f 5/5/5 253/253/253 249/249/249
f 550/550/550 253/253/253 250/250/250
f 255/255/255 254/254/254 102/102/102
f 212/212/212 254/254/254 195/195/195
f 255/255/255 103/103/103 331/331/331
f 335/335/335 436/436/436 334/334/334
f 337/337/337 76/76/76 77/77/77
f 691/691/691 592/592/592 597/597/597
f 347/347/347 78/78/78 79/79/79
f 348/348/348 609/609/609 350/350/350
f 169/169/169 258/258/258 156/156/156
f 259/259/259 258/258/258 45/45/45
f 260/260/260 259/259/259 46/46/46
f 258/258/258 259/259/259 198/198/198
f 262/262/262 260/260/260 47/47/47
f 338/338/338 260/260/260 199/199/199
f 261/261/261 341/341/341 339/339/339
f 579/579/579 563/563/563 580/580/580
f 262/262/262 48/48/48 417/417/417
f 260/260/260 262/262/262 199/199/199
f 200/200/200 263/263/263 82/82/82
f 265/265/265 263/263/263 201/201/201
f 116/116/116 268/268/268 271/271/271
f 344/344/344 346/346/346 345/345/345
f 201/201/201 342/342/342 344/344/344
f 265/265/265 345/345/345 266/266/266
f 265/265/265 266/266/266 80/80/80
f 205/205/205 443/443/443 266/266/266
f 350/350/350 443/443/443 348/348/348
f 349/349/349 350/350/350 438/438/438
f 178/178/178 209/209/209 269/269/269
f 268/268/268 208/208/208 270/270/270
f 179/179/179 120/120/120 797/797/797
f 178/178/178 269/269/269 268/268/268
f 445/445/445 270/270/270 208/208/208
f 345/345/345 346/346/346 442/442/442
f 268/268/268 270/270/270 271/271/271
f 271/271/271 270/270/270 441/441/441
f 364/364/364 353/353/353 362/362/362
f 180/180/180 212/212/212 354/354/354
f 19/19/19 20/20/20 368/368/368
f 273/273/273 213/213/213 450/450/450
f 274/274/274 21/21/21 370/370/370
f 274/274/274 214/214/214 513/513/513
f 371/371/371 22/22/22 23/23/23
f 457/457/457 372/372/372 181/181/181
f 25/25/25 305/305/305 24/24/24
f 305/305/305 225/225/225 409/409/409
f 375/375/375 54/54/54 55/55/55
f 216/216/216 463/463/463 277/277/277
f 375/375/375 277/277/277 54/54/54
f 278/278/278 375/375/375 280/280/280
f 461/461/461 377/377/377 463/463/463
f 414/414/414 378/378/378 229/229/229
f 382/382/382 56/56/56 57/57/57
f 278/278/278 280/280/280 217/217/217
f 217/217/217 280/280/280 281/281/281
f 280/280/280 56/56/56 382/382/382
f 383/383/383 58/58/58 59/59/59
f 281/281/281 282/282/282 218/218/218
f 394/394/394 60/60/60 487/487/487
f 528/528/528 527/527/527 524/524/524
f 453/453/453 369/369/369 451/451/451
f 469/469/469 386/386/386 284/284/284
f 470/470/470 779/779/779 471/471/471
f 220/220/220 286/286/286 475/475/475
f 286/286/286 12/12/12 387/387/387
f 286/286/286 220/220/220 476/476/476
f 472/472/472 386/386/386 471/471/471
f 388/388/388 788/788/788 474/474/474
f 474/474/474 390/390/390 476/476/476
f 480/480/480 391/391/391 478/478/478
f 481/481/481 289/289/289 480/480/480
f 322/322/322 7/7/7 326/326/326
f 293/293/293 62/62/62 297/297/297
f 294/294/294 290/290/290 623/623/623
f 290/290/290 293/293/293 222/222/222
f 293/293/293 290/290/290 62/62/62
f 529/529/529 526/526/526 528/528/528
f 394/394/394 283/283/283 383/383/383
f 297/297/297 62/62/62 63/63/63
f 222/222/222 293/293/293 291/291/291
f 623/623/623 290/290/290 222/222/222
f 294/294/294 292/292/292 487/487/487
f 65/65/65 301/301/301 298/298/298
f 297/297/297 223/223/223 291/291/291
f 295/295/295 298/298/298 223/223/223
f 298/298/298 295/295/295 64/64/64
f 293/293/293 297/297/297 291/291/291
f 63/63/63 295/295/295 297/297/297
f 65/65/65 298/298/298 64/64/64
f 223/223/223 298/298/298 296/296/296
f 401/401/401 66/66/66 67/67/67
f 301/301/301 224/224/224 296/296/296
f 402/402/402 67/67/67 68/68/68
f 497/497/497 499/499/499 498/498/498
f 298/298/298 301/301/301 296/296/296
f 65/65/65 299/299/299 301/301/301
f 401/401/401 299/299/299 66/66/66
f 587/587/587 302/302/302 300/300/300
f 304/304/304 303/303/303 26/26/26
f 305/305/305 303/303/303 225/225/225
f 28/28/28 404/404/404 490/490/490
f 225/225/225 405/405/405 188/188/188
f 409/409/409 225/225/225 188/188/188
f 373/373/373 305/305/305 276/276/276
f 166/166/166 306/306/306 29/29/29
f 404/404/404 306/306/306 227/227/227
f 307/307/307 50/50/50 412/412/412
f 309/309/309 307/307/307 228/228/228
f 378/378/378 51/51/51 52/52/52
f 228/228/228 413/413/413 189/189/189
f 418/418/418 228/228/228 189/189/189
f 262/262/262 309/309/309 199/199/199
f 70/70/70 311/311/311 316/316/316
f 310/310/310 495/495/495 496/496/496
f 71/71/71 72/72/72 424/424/424
f 311/311/311 314/314/314 315/315/315
f 311/311/311 424/424/424 314/314/314
f 424/424/424 317/317/317 319/319/319
f 586/586/586 313/313/313 315/315/315
f 310/310/310 403/403/403 488/488/488
f 424/424/424 311/311/311 71/71/71
f 584/584/584 312/312/312 423/423/423
f 315/315/315 231/231/231 586/586/586
f 316/316/316 315/315/315 313/313/313
f 315/315/315 316/316/316 311/311/311
f 316/316/316 313/313/313 488/488/488
f 320/320/320 321/321/321 318/318/318
f 317/317/317 320/320/320 319/319/319
f 426/426/426 74/74/74 75/75/75
f 426/426/426 501/501/501 427/427/427
f 423/423/423 319/319/319 232/232/232
f 319/319/319 312/312/312 424/424/424
f 321/321/321 317/317/317 73/73/73
f 320/320/320 318/318/318 691/691/691
f 73/73/73 74/74/74 321/321/321
f 426/426/426 321/321/321 74/74/74
f 392/392/392 326/326/326 8/8/8
f 322/322/322 327/327/327 324/324/324
f 481/481/481 483/483/483 289/289/289
f 324/324/324 327/327/327 233/233/233
f 552/552/552 546/546/546 550/550/550
f 325/325/325 324/324/324 250/250/250
f 5/5/5 325/325/325 250/250/250
f 6/6/6 322/322/322 325/325/325
f 8/8/8 326/326/326 7/7/7
f 327/327/327 326/326/326 323/323/323
f 326/326/326 327/327/327 322/322/322
f 486/486/486 327/327/327 323/323/323
f 429/429/429 503/503/503 811/811/811
f 196/196/196 246/246/246 328/328/328
f 775/775/775 694/694/694 599/599/599
f 364/364/364 506/506/506 111/111/111
f 811/811/811 328/328/328 239/239/239
f 821/821/821 505/505/505 329/329/329
f 332/332/332 331/331/331 104/104/104
f 331/331/331 246/246/246 334/334/334
f 240/240/240 246/246/246 332/332/332
f 331/331/331 332/332/332 246/246/246
f 251/251/251 333/333/333 4/4/4
f 333/333/333 248/248/248 794/794/794
f 335/335/335 334/334/334 196/196/196
f 331/331/331 334/334/334 255/255/255
f 196/196/196 328/328/328 504/504/504
f 154/154/154 352/352/352 335/335/335
f 337/337/337 336/336/336 76/76/76
f 336/336/336 256/256/256 501/501/501
f 349/349/349 77/77/77 78/78/78
f 256/256/256 437/437/437 197/197/197
f 422/422/422 420/420/420 421/421/421
f 339/339/339 338/338/338 157/157/157
f 339/339/339 157/157/157 566/566/566
f 260/260/260 339/339/339 198/198/198
f 170/170/170 340/340/340 114/114/114
f 341/341/341 340/340/340 156/156/156
f 339/339/339 341/341/341 198/198/198
f 340/340/340 341/341/341 261/261/261
f 343/343/343 342/342/342 158/158/158
f 344/344/344 342/342/342 264/264/264
f 203/203/203 343/343/343 158/158/158
f 271/271/271 343/343/343 116/116/116
f 264/264/264 271/271/271 441/441/441
f 266/266/266 345/345/345 205/205/205
f 265/265/265 344/344/344 345/345/345
f 441/441/441 344/344/344 264/264/264
f 270/270/270 445/445/445 444/444/444
f 346/346/346 444/444/444 442/442/442
f 266/266/266 347/347/347 79/79/79
f 349/349/349 347/347/347 267/267/267
f 348/348/348 443/443/443 442/442/442
f 610/610/610 507/507/507 609/609/609
f 350/350/350 349/349/349 267/267/267
f 337/337/337 77/77/77 349/349/349
f 350/350/350 267/267/267 443/443/443
f 438/438/438 350/350/350 257/257/257
f 508/508/508 351/351/351 445/445/445
f 807/807/807 611/611/611 615/615/615
f 352/352/352 195/195/195 436/436/436
f 154/154/154 272/272/272 352/352/352
f 359/359/359 113/113/113 357/357/357
f 792/792/792 354/354/354 355/355/355
f 212/212/212 272/272/272 354/354/354
f 154/154/154 356/356/356 272/272/272
f 353/353/353 357/357/357 355/355/355
f 113/113/113 791/791/791 792/792/792
f 356/356/356 154/154/154 363/363/363
f 353/353/353 355/355/355 356/356/356
f 357/357/357 353/353/353 360/360/360
f 792/792/792 357/357/357 113/113/113
f 358/358/358 360/360/360 361/361/361
f 446/446/446 798/798/798 799/799/799
f 804/804/804 359/359/359 358/358/358
f 141/141/141 359/359/359 139/139/139
f 361/361/361 360/360/360 353/353/353
f 359/359/359 360/360/360 358/358/358
f 356/356/356 363/363/363 353/353/353
f 801/801/801 800/800/800 111/111/111
f 196/196/196 432/432/432 335/335/335
f 507/507/507 713/713/713 715/715/715
f 335/335/335 432/432/432 154/154/154
f 353/353/353 363/363/363 362/362/362
f 353/353/353 364/364/364 361/361/361
f 434/434/434 435/435/435 431/431/431
f 362/362/362 431/431/431 435/435/435
f 814/814/814 818/818/818 329/329/329
f 506/506/506 362/362/362 435/435/435
f 510/510/510 511/511/511 351/351/351
f 368/368/368 367/367/367 19/19/19
f 449/449/449 367/367/367 273/273/273
f 274/274/274 368/368/368 20/20/20
f 447/447/447 513/513/513 457/457/457
f 641/641/641 618/618/618 632/632/632
f 284/284/284 451/451/451 219/219/219
f 371/371/371 370/370/370 22/22/22
f 274/274/274 370/370/370 275/275/275
f 373/373/373 371/371/371 23/23/23
f 454/454/454 371/371/371 276/276/276
f 456/456/456 372/372/372 275/275/275
f 518/518/518 458/458/458 517/517/517
f 305/305/305 373/373/373 24/24/24
f 371/371/371 373/373/373 276/276/276
f 462/462/462 380/380/380 381/381/381
f 374/374/374 460/460/460 462/462/462
f 280/280/280 375/375/375 55/55/55
f 277/277/277 375/375/375 278/278/278
f 277/277/277 376/376/376 53/53/53
f 378/378/378 376/376/376 279/279/279
f 377/377/377 182/182/182 557/557/557
f 464/464/464 377/377/377 559/559/559
f 378/378/378 279/279/279 464/464/464
f 412/412/412 378/378/378 308/308/308
f 218/218/218 523/523/523 468/468/468
f 380/380/380 379/379/379 183/183/183
f 380/380/380 183/183/183 381/381/381
f 281/281/281 380/380/380 217/217/217
f 521/521/521 381/381/381 183/183/183
f 650/650/650 461/461/461 466/466/466
f 282/282/282 382/382/382 57/57/57
f 280/280/280 382/382/382 281/281/281
f 394/394/394 383/383/383 59/59/59
f 282/282/282 383/383/383 283/283/283
f 218/218/218 283/283/283 523/523/523
f 523/523/523 524/524/524 467/467/467
f 452/452/452 385/385/385 16/16/16
f 386/386/386 385/385/385 284/284/284
f 469/469/469 284/284/284 219/219/219
f 285/285/285 472/472/472 471/471/471
f 387/387/387 13/13/13 536/536/536
f 286/286/286 387/387/387 287/287/287
f 472/472/472 473/473/473 287/287/287
f 765/765/765 727/727/727 762/762/762
f 286/286/286 389/389/389 11/11/11
f 391/391/391 389/389/389 288/288/288
f 537/537/537 390/390/390 185/185/185
f 478/478/478 390/390/390 538/538/538
f 391/391/391 288/288/288 478/478/478
f 392/392/392 391/391/391 289/289/289
f 392/392/392 9/9/9 479/479/479
f 323/323/323 392/392/392 289/289/289
f 396/396/396 223/223/223 296/296/296
f 397/397/397 753/753/753 398/398/398
f 60/60/60 394/394/394 59/59/59
f 527/527/527 467/467/467 524/524/524
f 590/590/590 589/589/589 591/591/591
f 395/395/395 187/187/187 396/396/396
f 400/400/400 396/396/396 187/187/187
f 399/399/399 398/398/398 393/393/393
f 845/845/845 843/843/843 187/187/187
f 749/749/749 628/628/628 186/186/186
f 223/223/223 396/396/396 398/398/398
f 398/398/398 396/396/396 400/400/400
f 222/222/222 399/399/399 393/393/393
f 223/223/223 399/399/399 291/291/291
f 845/845/845 187/187/187 589/589/589
f 398/398/398 400/400/400 397/397/397
f 402/402/402 401/401/401 67/67/67
f 302/302/302 401/401/401 300/300/300
f 403/403/403 402/402/402 68/68/68
f 500/500/500 310/310/310 496/496/496
f 68/68/68 69/69/69 403/403/403
f 488/488/488 403/403/403 69/69/69
f 404/404/404 406/406/406 490/490/490
f 306/306/306 404/404/404 28/28/28
f 304/304/304 406/406/406 405/405/405
f 405/405/405 406/406/406 408/408/408
f 406/406/406 304/304/304 490/490/490
f 226/226/226 741/741/741 408/408/408
f 577/577/577 682/682/682 572/572/572
f 555/555/555 670/670/670 671/671/671
f 226/226/226 408/408/408 406/406/406
f 188/188/188 408/408/408 407/407/407
f 409/409/409 188/188/188 411/411/411
f 305/305/305 409/409/409 515/515/515
f 560/560/560 415/415/415 561/561/561
f 517/517/517 181/181/181 372/372/372
f 554/554/554 411/411/411 188/188/188
f 673/673/673 516/516/516 411/411/411
f 378/378/378 412/412/412 51/51/51
f 307/307/307 412/412/412 308/308/308
f 308/308/308 414/414/414 413/413/413
f 413/413/413 414/414/414 416/416/416
f 378/378/378 414/414/414 308/308/308
f 229/229/229 561/561/561 416/416/416
f 559/559/559 557/557/557 558/558/558
f 560/560/560 677/677/677 415/415/415
f 229/229/229 416/416/416 414/414/414
f 416/416/416 415/415/415 740/740/740
f 307/307/307 417/417/417 49/49/49
f 262/262/262 417/417/417 309/309/309
f 189/189/189 676/676/676 680/680/680
f 309/309/309 418/418/418 420/420/420
f 672/672/672 419/419/419 680/680/680
f 672/672/672 670/670/670 555/555/555
f 418/418/418 421/421/421 420/420/420
f 422/422/422 157/157/157 338/338/338
f 189/189/189 421/421/421 418/418/418
f 493/493/493 562/562/562 419/419/419
f 199/199/199 422/422/422 338/338/338
f 419/419/419 422/422/422 421/421/421
f 597/597/597 711/711/711 594/594/594
f 423/423/423 190/190/190 494/494/494
f 424/424/424 72/72/72 317/317/317
f 314/314/314 424/424/424 312/312/312
f 494/494/494 586/586/586 584/584/584
f 684/684/684 425/425/425 586/586/586
f 336/336/336 426/426/426 75/75/75
f 501/501/501 197/197/197 427/427/427
f 502/502/502 592/592/592 595/595/595
f 318/318/318 426/426/426 427/427/427
f 390/390/390 537/537/537 538/538/538
f 485/485/485 539/539/539 191/191/191
f 429/429/429 812/812/812 813/813/813
f 505/505/505 503/503/503 329/329/329
f 330/330/330 503/503/503 505/505/505
f 431/431/431 362/362/362 363/363/363
f 154/154/154 431/431/431 363/363/363
f 432/432/432 434/434/434 431/431/431
f 434/434/434 432/432/432 430/430/430
f 154/154/154 432/432/432 431/431/431
f 430/430/430 504/504/504 505/505/505
f 829/829/829 365/365/365 810/810/810
f 505/505/505 434/434/434 430/430/430
f 434/434/434 433/433/433 435/435/435
f 829/829/829 435/435/435 433/433/433
f 506/506/506 435/435/435 366/366/366
f 334/334/334 436/436/436 255/255/255
f 352/352/352 436/436/436 335/335/335
f 337/337/337 438/438/438 437/437/437
f 440/440/440 437/437/437 712/712/712
f 349/349/349 438/438/438 337/337/337
f 257/257/257 608/608/608 712/712/712
f 350/350/350 609/609/609 257/257/257
f 593/593/593 598/598/598 595/595/595
f 712/712/712 437/437/437 438/438/438
f 440/440/440 439/439/439 616/616/616
f 270/270/270 346/346/346 441/441/441
f 344/344/344 441/441/441 346/346/346
f 442/442/442 161/161/161 610/610/610
f 345/345/345 442/442/442 205/205/205
f 266/266/266 443/443/443 267/267/267
f 442/442/442 443/443/443 205/205/205
f 270/270/270 444/444/444 346/346/346
f 511/511/511 444/444/444 351/351/351
f 508/508/508 445/445/445 208/208/208
f 444/444/444 445/445/445 351/351/351
f 798/798/798 508/508/508 208/208/208
f 509/509/509 510/510/510 802/802/802
f 617/617/617 447/447/447 181/181/181
f 273/273/273 448/448/448 213/213/213
f 513/513/513 448/448/448 368/368/368
f 618/618/618 448/448/448 447/447/447
f 449/449/449 18/18/18 367/367/367
f 453/453/453 451/451/451 452/452/452
f 450/450/450 641/641/641 634/634/634
f 449/449/449 450/450/450 369/369/369
f 284/284/284 385/385/385 452/452/452
f 634/634/634 369/369/369 450/450/450
f 17/17/17 453/453/453 16/16/16
f 449/449/449 453/453/453 17/17/17
f 369/369/369 453/453/453 449/449/449
f 16/16/16 453/453/453 452/452/452
f 455/455/455 454/454/454 276/276/276
f 456/456/456 454/454/454 215/215/215
f 455/455/455 276/276/276 515/515/515
f 458/458/458 518/518/518 520/520/520
f 456/456/456 215/215/215 518/518/518
f 275/275/275 371/371/371 456/456/456
f 447/447/447 457/457/457 181/181/181
f 214/214/214 372/372/372 457/457/457
f 410/410/410 739/739/739 717/717/717
f 458/458/458 520/520/520 716/716/716
f 460/460/460 278/278/278 217/217/217
f 461/461/461 459/459/459 374/374/374
f 374/374/374 459/459/459 460/460/460
f 278/278/278 460/460/460 459/459/459
f 461/461/461 374/374/374 522/522/522
f 461/461/461 182/182/182 377/377/377
f 380/380/380 462/462/462 217/217/217
f 462/462/462 381/381/381 522/522/522
f 461/461/461 463/463/463 216/216/216
f 464/464/464 463/463/463 377/377/377
f 378/378/378 464/464/464 229/229/229
f 463/463/463 464/464/464 279/279/279
f 468/468/468 183/183/183 379/379/379
f 724/724/724 531/531/531 533/533/533
f 466/466/466 658/658/658 653/653/653
f 646/646/646 640/640/640 645/645/645
f 524/524/524 283/283/283 394/394/394
f 530/530/530 468/468/468 467/467/467
f 530/530/530 467/467/467 384/384/384
f 183/183/183 468/468/468 532/532/532
f 469/469/469 219/219/219 728/728/728
f 285/285/285 473/473/473 472/472/472
f 470/470/470 469/469/469 728/728/728
f 777/777/777 728/728/728 727/727/727
f 386/386/386 469/469/469 471/471/471
f 470/470/470 471/471/471 469/469/469
f 536/536/536 287/287/287 387/387/387
f 14/14/14 536/536/536 13/13/13
f 854/854/854 473/473/473 285/285/285
f 475/475/475 473/473/473 388/388/388
f 390/390/390 474/474/474 185/185/185
f 475/475/475 474/474/474 220/220/220
f 473/473/473 475/475/475 287/287/287
f 474/474/474 475/475/475 388/388/388
f 474/474/474 476/476/476 220/220/220
f 478/478/478 476/476/476 390/390/390
f 540/540/540 482/482/482 730/730/730
f 221/221/221 484/484/484 481/481/481
f 478/478/478 221/221/221 480/480/480
f 476/476/476 478/478/478 288/288/288
f 389/389/389 479/479/479 10/10/10
f 392/392/392 479/479/479 391/391/391
f 481/481/481 480/480/480 221/221/221
f 289/289/289 391/391/391 480/480/480
f 538/538/538 482/482/482 484/484/484
f 481/481/481 428/428/428 483/483/483
f 667/667/667 840/840/840 497/497/497
f 484/484/484 543/543/543 481/481/481
f 539/539/539 485/485/485 428/428/428
f 289/289/289 483/483/483 323/323/323
f 538/538/538 484/484/484 221/221/221
f 484/484/484 482/482/482 543/543/543
f 546/546/546 485/485/485 191/191/191
f 486/486/486 233/233/233 327/327/327
f 483/483/483 485/485/485 486/486/486
f 485/485/485 233/233/233 486/486/486
f 294/294/294 487/487/487 60/60/60
f 525/525/525 487/487/487 292/292/292
f 316/316/316 488/488/488 69/69/69
f 310/310/310 488/488/488 313/313/313
f 578/578/578 489/489/489 227/227/227
f 406/406/406 489/489/489 226/226/226
f 304/304/304 27/27/27 490/490/490
f 28/28/28 490/490/490 27/27/27
f 188/188/188 671/671/671 554/554/554
f 670/670/670 556/556/556 491/491/491
f 652/652/652 643/643/643 644/644/644
f 673/673/673 410/410/410 516/516/516
f 736/736/736 738/738/738 672/672/672
f 564/564/564 114/114/114 565/565/565
f 494/494/494 190/190/190 744/744/744
f 586/586/586 425/425/425 313/313/313
f 313/313/313 425/425/425 495/495/495
f 496/496/496 425/425/425 230/230/230
f 498/498/498 496/496/496 230/230/230
f 500/500/500 498/498/498 499/499/499
f 544/544/544 735/735/735 734/734/734
f 588/588/588 845/845/845 589/589/589
f 689/689/689 230/230/230 685/685/685
f 587/587/587 499/499/499 497/497/497
f 300/300/300 402/402/402 499/499/499
f 403/403/403 500/500/500 402/402/402
f 498/498/498 500/500/500 496/496/496
f 402/402/402 500/500/500 499/499/499
f 336/336/336 501/501/501 426/426/426
f 197/197/197 501/501/501 256/256/256
f 595/595/595 596/596/596 502/502/502
f 318/318/318 427/427/427 691/691/691
f 811/811/811 503/503/503 330/330/330
f 814/814/814 503/503/503 429/429/429
f 505/505/505 504/504/504 330/330/330
f 432/432/432 504/504/504 430/430/430
f 329/329/329 824/824/824 821/821/821
f 505/505/505 825/825/825 434/434/434
f 506/506/506 366/366/366 809/809/809
f 362/362/362 506/506/506 364/364/364
f 511/511/511 512/512/512 713/713/713
f 610/610/610 713/713/713 507/507/507
f 798/798/798 208/208/208 797/797/797
f 446/446/446 802/802/802 510/510/510
f 446/446/446 801/801/801 802/802/802
f 807/807/807 615/615/615 512/512/512
f 446/446/446 510/510/510 508/508/508
f 511/511/511 510/510/510 509/509/509
f 511/511/511 509/509/509 512/512/512
f 511/511/511 161/161/161 444/444/444
f 806/806/806 509/509/509 802/802/802
f 613/613/613 616/616/616 612/612/612
f 274/274/274 513/513/513 368/368/368
f 457/457/457 513/513/513 214/214/214
f 636/636/636 635/635/635 147/147/147
f 636/636/636 147/147/147 637/637/637
f 305/305/305 515/515/515 276/276/276
f 411/411/411 515/515/515 409/409/409
f 519/519/519 516/516/516 410/410/410
f 515/515/515 516/516/516 455/455/455
f 518/518/518 517/517/517 372/372/372
f 517/517/517 458/458/458 639/639/639
f 456/456/456 518/518/518 372/372/372
f 619/619/619 520/520/520 215/215/215
f 519/519/519 619/619/619 516/516/516
f 716/716/716 717/717/717 620/620/620
f 215/215/215 520/520/520 518/518/518
f 716/716/716 520/520/520 519/519/519
f 532/532/532 521/521/521 183/183/183
f 658/658/658 521/521/521 465/465/465
f 658/658/658 522/522/522 381/381/381
f 461/461/461 522/522/522 466/466/466
f 524/524/524 523/523/523 283/283/283
f 468/468/468 523/523/523 467/467/467
f 525/525/525 394/394/394 487/487/487
f 394/394/394 525/525/525 524/524/524
f 528/528/528 525/525/525 529/529/529
f 384/384/384 467/467/467 527/527/527
f 529/529/529 525/525/525 623/623/623
f 625/625/625 526/526/526 529/529/529
f 528/528/528 524/524/524 525/525/525
f 527/527/527 526/526/526 719/719/719
f 525/525/525 292/292/292 623/623/623
f 526/526/526 527/527/527 528/528/528
f 529/529/529 623/623/623 624/624/624
f 529/529/529 624/624/624 625/625/625
f 533/533/533 530/530/530 384/384/384
f 532/532/532 465/465/465 521/521/521
f 729/729/729 451/451/451 649/649/649
f 637/637/637 534/534/534 655/655/655
f 468/468/468 530/530/530 532/532/532
f 532/532/532 530/530/530 535/535/535
f 719/719/719 725/725/725 384/384/384
f 533/533/533 531/531/531 534/534/534
f 531/531/531 655/655/655 534/534/534
f 465/465/465 532/532/532 534/534/534
f 530/530/530 533/533/533 535/535/535
f 534/534/534 535/535/535 533/533/533
f 386/386/386 536/536/536 14/14/14
f 536/536/536 472/472/472 287/287/287
f 839/839/839 537/537/537 852/852/852
f 538/538/538 537/537/537 477/477/477
f 538/538/538 477/477/477 730/730/730
f 538/538/538 221/221/221 478/478/478
f 539/539/539 428/428/428 542/542/542
f 545/545/545 662/662/662 544/544/544
f 482/482/482 538/538/538 730/730/730
f 665/665/665 541/541/541 663/663/663
f 541/541/541 544/544/544 663/663/663
f 703/703/703 687/687/687 688/688/688
f 543/543/543 542/542/542 428/428/428
f 662/662/662 542/542/542 540/540/540
f 543/543/543 428/428/428 481/481/481
f 540/540/540 543/543/543 482/482/482
f 539/539/539 542/542/542 662/662/662
f 733/733/733 547/547/547 551/551/551
f 662/662/662 545/545/545 539/539/539
f 734/734/734 545/545/545 544/544/544
f 546/546/546 191/191/191 553/553/553
f 324/324/324 552/552/552 250/250/250
f 735/735/735 544/544/544 541/541/541
f 835/835/835 832/832/832 833/833/833
f 252/252/252 194/194/194 549/549/549
f 553/553/553 550/550/550 546/546/546
f 253/253/253 550/550/550 194/194/194
f 152/152/152 549/549/549 548/548/548
f 548/548/548 549/549/549 550/550/550
f 550/550/550 549/549/549 194/194/194
f 734/734/734 668/668/668 733/733/733
f 551/551/551 547/547/547 669/669/669
f 250/250/250 552/552/552 550/550/550
f 324/324/324 233/233/233 552/552/552
f 734/734/734 553/553/553 191/191/191
f 550/550/550 553/553/553 551/551/551
f 671/671/671 188/188/188 407/407/407
f 673/673/673 491/491/491 556/556/556
f 741/741/741 578/578/578 742/742/742
f 672/672/672 555/555/555 736/736/736
f 677/677/677 560/560/560 675/675/675
f 675/675/675 678/678/678 556/556/556
f 621/621/621 643/643/643 718/718/718
f 557/557/557 492/492/492 558/558/558
f 560/560/560 558/558/558 492/492/492
f 561/561/561 558/558/558 560/560/560
f 464/464/464 559/559/559 229/229/229
f 557/557/557 559/559/559 377/377/377
f 678/678/678 492/492/492 674/674/674
f 149/149/149 675/675/675 556/556/556
f 416/416/416 561/561/561 415/415/415
f 559/559/559 561/561/561 229/229/229
f 419/419/419 562/562/562 422/422/422
f 562/562/562 493/493/493 580/580/580
f 742/742/742 577/577/577 571/571/571
f 114/114/114 564/564/564 176/176/176
f 568/568/568 564/564/564 563/563/563
f 177/177/177 564/564/564 124/124/124
f 261/261/261 339/339/339 566/566/566
f 563/563/563 564/564/564 565/565/565
f 157/157/157 562/562/562 580/580/580
f 563/563/563 565/565/565 566/566/566
f 579/579/579 582/582/582 576/576/576
f 569/569/569 171/171/171 570/570/570
f 576/576/576 568/568/568 563/563/563
f 124/124/124 568/568/568 567/567/567
f 569/569/569 567/567/567 573/573/573
f 110/110/110 569/569/569 575/575/575
f 173/173/173 570/570/570 171/171/171
f 567/567/567 570/570/570 124/124/124
f 573/573/573 567/567/567 576/576/576
f 582/582/582 571/571/571 573/573/573
f 572/572/572 575/575/575 573/573/573
f 578/578/578 682/682/682 577/577/577
f 567/567/567 568/568/568 576/576/576
f 577/577/577 573/573/573 571/571/571
f 110/110/110 574/574/574 163/163/163
f 682/682/682 574/574/574 572/572/572
f 573/573/573 575/575/575 569/569/569
f 574/574/574 575/575/575 572/572/572
f 579/579/579 576/576/576 563/563/563
f 573/573/573 576/576/576 582/582/582
f 577/577/577 742/742/742 578/578/578
f 572/572/572 573/573/573 577/577/577
f 489/489/489 578/578/578 226/226/226
f 578/578/578 227/227/227 682/682/682
f 580/580/580 563/563/563 566/566/566
f 579/579/579 493/493/493 583/583/583
f 580/580/580 566/566/566 157/157/157
f 493/493/493 579/579/579 580/580/580
f 493/493/493 738/738/738 583/583/583
f 737/737/737 407/407/407 681/681/681
f 583/583/583 582/582/582 579/579/579
f 743/743/743 582/582/582 581/581/581
f 738/738/738 493/493/493 419/419/419
f 582/582/582 583/583/583 581/581/581
f 314/314/314 584/584/584 231/231/231
f 423/423/423 494/494/494 584/584/584
f 683/683/683 744/744/744 696/696/696
f 701/701/701 150/150/150 704/704/704
f 584/584/584 586/586/586 231/231/231
f 494/494/494 744/744/744 684/684/684
f 587/587/587 497/497/497 590/590/590
f 587/587/587 224/224/224 302/302/302
f 686/686/686 688/688/688 689/689/689
f 397/397/397 843/843/843 757/757/757
f 224/224/224 591/591/591 395/395/395
f 587/587/587 591/591/591 224/224/224
f 840/840/840 590/590/590 497/497/497
f 589/589/589 590/590/590 588/588/588
f 590/590/590 591/591/591 587/587/587
f 395/395/395 591/591/591 589/589/589
f 197/197/197 593/593/593 595/595/595
f 592/592/592 502/502/502 597/597/597
f 440/440/440 593/593/593 197/197/197
f 714/714/714 612/612/612 616/616/616
f 711/711/711 602/602/602 607/607/607
f 594/594/594 232/232/232 320/320/320
f 197/197/197 595/595/595 592/592/592
f 595/595/595 598/598/598 596/596/596
f 820/820/820 817/817/817 819/819/819
f 602/602/602 600/600/600 607/607/607
f 711/711/711 710/710/710 594/594/594
f 597/597/597 594/594/594 691/691/691
f 593/593/593 616/616/616 613/613/613
f 155/155/155 596/596/596 598/598/598
f 503/503/503 814/814/814 329/329/329
f 697/697/697 700/700/700 696/696/696
f 603/603/603 604/604/604 602/602/602
f 695/695/695 694/694/694 698/698/698
f 822/822/822 817/817/817 820/820/820
f 602/602/602 604/604/604 600/600/600
f 602/602/602 596/596/596 603/603/603
f 606/606/606 607/607/607 692/692/692
f 155/155/155 823/823/823 828/828/828
f 603/603/603 601/601/601 604/604/604
f 601/601/601 605/605/605 604/604/604
f 605/605/605 694/694/694 695/695/695
f 820/820/820 605/605/605 601/601/601
f 599/599/599 694/694/694 605/605/605
f 709/709/709 190/190/190 423/423/423
f 502/502/502 711/711/711 597/597/597
f 692/692/692 607/607/607 600/600/600
f 607/607/607 606/606/606 711/711/711
f 439/439/439 440/440/440 712/712/712
f 609/609/609 608/608/608 257/257/257
f 610/610/610 609/609/609 348/348/348
f 608/608/608 609/609/609 507/507/507
f 442/442/442 610/610/610 348/348/348
f 161/161/161 511/511/511 713/713/713
f 822/822/822 855/855/855 826/826/826
f 155/155/155 598/598/598 613/613/613
f 614/614/614 612/612/612 615/615/615
f 613/613/613 614/614/614 823/823/823
f 593/593/593 613/613/613 598/598/598
f 614/614/614 613/613/613 612/612/612
f 612/612/612 715/715/715 615/615/615
f 827/827/827 823/823/823 611/611/611
f 807/807/807 512/512/512 509/509/509
f 611/611/611 614/614/614 615/615/615
f 440/440/440 616/616/616 593/593/593
f 616/616/616 439/439/439 714/714/714
f 617/617/617 181/181/181 638/638/638
f 618/618/618 617/617/617 514/514/514
f 654/654/654 632/632/632 633/633/633
f 618/618/618 213/213/213 448/448/448
f 516/516/516 619/619/619 455/455/455
f 520/520/520 619/619/619 519/519/519
f 492/492/492 557/557/557 621/621/621
f 646/646/646 638/638/638 639/639/639
f 557/557/557 182/182/182 622/622/622
f 650/650/650 622/622/622 182/182/182
f 182/182/182 461/461/461 650/650/650
f 621/621/621 557/557/557 622/622/622
f 294/294/294 623/623/623 292/292/292
f 624/624/624 623/623/623 222/222/222
f 222/222/222 393/393/393 624/624/624
f 752/752/752 624/624/624 393/393/393
f 625/625/625 186/186/186 628/628/628
f 625/625/625 723/723/723 526/526/526
f 749/749/749 751/751/751 628/628/628
f 762/762/762 766/766/766 765/765/765
f 721/721/721 723/723/723 628/628/628
f 626/626/626 722/722/722 721/721/721
f 749/749/749 750/750/750 758/758/758
f 721/721/721 628/628/628 626/626/626
f 533/533/533 725/725/725 724/724/724
f 721/721/721 722/722/722 760/760/760
f 656/656/656 642/642/642 648/648/648
f 147/147/147 726/726/726 637/637/637
f 654/654/654 655/655/655 648/648/648
f 450/450/450 213/213/213 641/641/641
f 633/633/633 632/632/632 514/514/514
f 632/632/632 631/631/631 641/641/641
f 633/633/633 514/514/514 635/635/635
f 633/633/633 630/630/630 654/654/654
f 634/634/634 631/631/631 647/647/647
f 369/369/369 634/634/634 657/657/657
f 638/638/638 514/514/514 617/617/617
f 514/514/514 638/638/638 635/635/635
f 630/630/630 633/633/633 636/636/636
f 635/635/635 636/636/636 633/633/633
f 534/534/534 637/637/637 465/465/465
f 630/630/630 636/636/636 637/637/637
f 639/639/639 181/181/181 517/517/517
f 181/181/181 639/639/639 638/638/638
f 640/640/640 458/458/458 716/716/716
f 639/639/639 458/458/458 640/640/640
f 643/643/643 620/620/620 718/718/718
f 620/620/620 643/643/643 640/640/640
f 641/641/641 213/213/213 618/618/618
f 631/631/631 634/634/634 641/641/641
f 647/647/647 648/648/648 642/642/642
f 642/642/642 660/660/660 729/729/729
f 621/621/621 644/644/644 643/643/643
f 147/147/147 635/635/635 651/651/651
f 622/622/622 644/644/644 621/621/621
f 653/653/653 645/645/645 652/652/652
f 652/652/652 640/640/640 643/643/643
f 653/653/653 644/644/644 466/466/466
f 640/640/640 646/646/646 639/639/639
f 646/646/646 645/645/645 651/651/651
f 648/648/648 647/647/647 631/631/631
f 649/649/649 647/647/647 642/642/642
f 654/654/654 648/648/648 631/631/631
f 648/648/648 531/531/531 656/656/656
f 659/659/659 660/660/660 642/642/642
f 451/451/451 369/369/369 657/657/657
f 466/466/466 644/644/644 650/650/650
f 622/622/622 650/650/650 644/644/644
f 646/646/646 651/651/651 635/635/635
f 653/653/653 651/651/651 645/645/645
f 653/653/653 652/652/652 644/644/644
f 640/640/640 652/652/652 645/645/645
f 522/522/522 658/658/658 466/466/466
f 651/651/651 653/653/653 147/147/147
f 654/654/654 631/631/631 632/632/632
f 655/655/655 654/654/654 630/630/630
f 655/655/655 630/630/630 637/637/637
f 531/531/531 648/648/648 655/655/655
f 724/724/724 656/656/656 531/531/531
f 629/629/629 759/759/759 659/659/659
f 647/647/647 657/657/657 634/634/634
f 451/451/451 657/657/657 649/649/649
f 521/521/521 658/658/658 381/381/381
f 726/726/726 658/658/658 465/465/465
f 184/184/184 761/761/761 659/659/659
f 642/642/642 656/656/656 659/659/659
f 761/761/761 727/727/727 728/728/728
f 660/660/660 728/728/728 729/729/729
f 856/856/856 661/661/661 730/730/730
f 772/772/772 841/841/841 664/664/664
f 665/665/665 731/731/731 768/768/768
f 544/544/544 662/662/662 663/663/663
f 773/773/773 732/732/732 662/662/662
f 664/664/664 665/665/665 768/768/768
f 663/663/663 732/732/732 665/665/665
f 498/498/498 667/667/667 497/497/497
f 663/663/663 662/662/662 732/732/732
f 687/687/687 703/703/703 708/708/708
f 745/745/745 690/690/690 666/666/666
f 770/770/770 774/774/774 768/768/768
f 745/745/745 498/498/498 230/230/230
f 840/840/840 667/667/667 666/666/666
f 735/735/735 748/748/748 705/705/705
f 786/786/786 705/705/705 150/150/150
f 831/831/831 669/669/669 547/547/547
f 550/550/550 669/669/669 548/548/548
f 556/556/556 670/670/670 149/149/149
f 671/671/671 670/670/670 491/491/491
f 554/554/554 671/671/671 491/491/491
f 737/737/737 671/671/671 407/407/407
f 419/419/419 421/421/421 680/680/680
f 670/670/670 672/672/672 149/149/149
f 411/411/411 554/554/554 673/673/673
f 491/491/491 673/673/673 554/554/554
f 674/674/674 492/492/492 718/718/718
f 673/673/673 739/739/739 410/410/410
f 675/675/675 149/149/149 679/679/679
f 678/678/678 675/675/675 560/560/560
f 676/676/676 679/679/679 672/672/672
f 740/740/740 676/676/676 189/189/189
f 679/679/679 677/677/677 675/675/675
f 740/740/740 677/677/677 676/676/676
f 492/492/492 678/678/678 560/560/560
f 678/678/678 674/674/674 739/739/739
f 672/672/672 679/679/679 149/149/149
f 677/677/677 679/679/679 676/676/676
f 189/189/189 680/680/680 421/421/421
f 672/672/672 680/680/680 676/676/676
f 743/743/743 681/681/681 742/742/742
f 581/581/581 736/736/736 737/737/737
f 227/227/227 153/153/153 682/682/682
f 682/682/682 153/153/153 574/574/574
f 692/692/692 190/190/190 606/606/606
f 230/230/230 425/425/425 685/685/685
f 494/494/494 684/684/684 586/586/586
f 700/700/700 686/686/686 683/683/683
f 684/684/684 686/686/686 685/685/685
f 745/745/745 689/689/689 690/690/690
f 683/683/683 686/686/686 684/684/684
f 688/688/688 686/686/686 585/585/585
f 703/703/703 688/688/688 585/585/585
f 690/690/690 664/664/664 666/666/666
f 585/585/585 706/706/706 703/703/703
f 688/688/688 687/687/687 689/689/689
f 689/689/689 685/685/685 686/686/686
f 690/690/690 689/689/689 687/687/687
f 690/690/690 687/687/687 708/708/708
f 666/666/666 667/667/667 745/745/745
f 691/691/691 427/427/427 592/592/592
f 320/320/320 691/691/691 594/594/594
f 698/698/698 600/600/600 695/695/695
f 190/190/190 692/692/692 696/696/696
f 604/604/604 695/695/695 600/600/600
f 585/585/585 700/700/700 699/699/699
f 815/815/815 818/818/818 814/814/814
f 693/693/693 694/694/694 747/747/747
f 605/605/605 695/695/695 604/604/604
f 698/698/698 694/694/694 693/693/693
f 692/692/692 697/697/697 696/696/696
f 699/699/699 700/700/700 697/697/697
f 698/698/698 692/692/692 600/600/600
f 697/697/697 693/693/693 699/699/699
f 693/693/693 697/697/697 698/698/698
f 698/698/698 697/697/697 692/692/692
f 693/693/693 701/701/701 699/699/699
f 704/704/704 706/706/706 701/701/701
f 686/686/686 700/700/700 585/585/585
f 696/696/696 700/700/700 683/683/683
f 747/747/747 701/701/701 693/693/693
f 704/704/704 150/150/150 705/705/705
f 707/707/707 541/541/541 665/665/665
f 699/699/699 706/706/706 585/585/585
f 702/702/702 707/707/707 703/703/703
f 708/708/708 664/664/664 690/690/690
f 786/786/786 150/150/150 780/780/780
f 704/704/704 702/702/702 706/706/706
f 705/705/705 668/668/668 735/735/735
f 702/702/702 704/704/704 705/705/705
f 706/706/706 699/699/699 701/701/701
f 703/703/703 706/706/706 702/702/702
f 707/707/707 702/702/702 748/748/748
f 708/708/708 707/707/707 665/665/665
f 707/707/707 708/708/708 703/703/703
f 665/665/665 664/664/664 708/708/708
f 423/423/423 232/232/232 709/709/709
f 710/710/710 232/232/232 594/594/594
f 606/606/606 709/709/709 710/710/710
f 232/232/232 710/710/710 709/709/709
f 711/711/711 502/502/502 602/602/602
f 606/606/606 710/710/710 711/711/711
f 257/257/257 712/712/712 438/438/438
f 439/439/439 712/712/712 608/608/608
f 713/713/713 512/512/512 715/715/715
f 161/161/161 713/713/713 610/610/610
f 608/608/608 714/714/714 439/439/439
f 715/715/715 714/714/714 507/507/507
f 615/615/615 715/715/715 512/512/512
f 714/714/714 715/715/715 612/612/612
f 717/717/717 716/716/716 519/519/519
f 640/640/640 716/716/716 620/620/620
f 410/410/410 717/717/717 519/519/519
f 620/620/620 717/717/717 674/674/674
f 674/674/674 718/718/718 620/620/620
f 492/492/492 621/621/621 718/718/718
f 527/527/527 719/719/719 384/384/384
f 723/723/723 719/719/719 526/526/526
f 754/754/754 756/756/756 148/148/148
f 751/751/751 626/626/626 628/628/628
f 762/762/762 727/727/727 761/761/761
f 723/723/723 721/721/721 627/627/627
f 759/759/759 722/722/722 762/762/762
f 629/629/629 725/725/725 760/760/760
f 723/723/723 627/627/627 719/719/719
f 625/625/625 628/628/628 723/723/723
f 725/725/725 533/533/533 384/384/384
f 656/656/656 724/724/724 629/629/629
f 627/627/627 721/721/721 760/760/760
f 724/724/724 725/725/725 629/629/629
f 637/637/637 726/726/726 465/465/465
f 653/653/653 726/726/726 147/147/147
f 184/184/184 759/759/759 762/762/762
f 751/751/751 755/755/755 764/764/764
f 729/729/729 728/728/728 219/219/219
f 728/728/728 660/660/660 761/761/761
f 451/451/451 729/729/729 219/219/219
f 642/642/642 729/729/729 649/649/649
f 856/856/856 730/730/730 477/477/477
f 540/540/540 730/730/730 661/661/661
f 771/771/771 773/773/773 661/661/661
f 768/768/768 731/731/731 770/770/770
f 773/773/773 662/662/662 540/540/540
f 665/665/665 732/732/732 731/731/731
f 551/551/551 553/553/553 734/734/734
f 784/784/784 782/782/782 832/832/832
f 551/551/551 734/734/734 733/733/733
f 545/545/545 734/734/734 191/191/191
f 735/735/735 541/541/541 748/748/748
f 668/668/668 734/734/734 735/735/735
f 737/737/737 736/736/736 555/555/555
f 738/738/738 736/736/736 581/581/581
f 737/737/737 555/555/555 671/671/671
f 737/737/737 681/681/681 743/743/743
f 583/583/583 738/738/738 581/581/581
f 672/672/672 738/738/738 419/419/419
f 678/678/678 739/739/739 556/556/556
f 717/717/717 739/739/739 674/674/674
f 416/416/416 740/740/740 189/189/189
f 677/677/677 740/740/740 415/415/415
f 408/408/408 741/741/741 407/407/407
f 578/578/578 741/741/741 226/226/226
f 743/743/743 742/742/742 571/571/571
f 741/741/741 742/742/742 681/681/681
f 582/582/582 743/743/743 571/571/571
f 737/737/737 743/743/743 581/581/581
f 696/696/696 744/744/744 190/190/190
f 684/684/684 744/744/744 683/683/683
f 498/498/498 745/745/745 667/667/667
f 689/689/689 745/745/745 230/230/230
f 150/150/150 747/747/747 780/780/780
f 747/747/747 150/150/150 701/701/701
f 775/775/775 747/747/747 694/694/694
f 780/780/780 746/746/746 776/776/776
f 707/707/707 748/748/748 541/541/541
f 702/702/702 705/705/705 748/748/748
f 752/752/752 186/186/186 624/624/624
f 749/749/749 720/720/720 751/751/751
f 753/753/753 750/750/750 752/752/752
f 397/397/397 757/757/757 758/758/758
f 755/755/755 756/756/756 754/754/754
f 720/720/720 755/755/755 751/751/751
f 753/753/753 752/752/752 393/393/393
f 186/186/186 752/752/752 750/750/750
f 398/398/398 753/753/753 393/393/393
f 758/758/758 753/753/753 397/397/397
f 850/850/850 853/853/853 838/838/838
f 779/779/779 854/854/854 285/285/285
f 755/755/755 720/720/720 756/756/756
f 754/754/754 849/849/849 764/764/764
f 720/720/720 757/757/757 756/756/756
f 756/756/756 757/757/757 846/846/846
f 758/758/758 757/757/757 720/720/720
f 400/400/400 843/843/843 397/397/397
f 749/749/749 758/758/758 720/720/720
f 758/758/758 750/750/750 753/753/753
f 659/659/659 759/759/759 184/184/184
f 629/629/629 722/722/722 759/759/759
f 629/629/629 760/760/760 722/722/722
f 627/627/627 760/760/760 725/725/725
f 659/659/659 761/761/761 660/660/660
f 762/762/762 761/761/761 184/184/184
f 626/626/626 766/766/766 722/722/722
f 751/751/751 764/764/764 626/626/626
f 754/754/754 850/850/850 849/849/849
f 779/779/779 777/777/777 767/767/767
f 754/754/754 764/764/764 755/755/755
f 765/765/765 766/766/766 763/763/763
f 722/722/722 766/766/766 762/762/762
f 765/765/765 763/763/763 767/767/767
f 626/626/626 764/764/764 766/766/766
f 763/763/763 766/766/766 764/764/764
f 767/767/767 763/763/763 787/787/787
f 471/471/471 779/779/779 285/285/285
f 769/769/769 770/770/770 771/771/771
f 774/774/774 664/664/664 768/768/768
f 858/858/858 857/857/857 837/837/837
f 846/846/846 757/757/757 843/843/843
f 771/771/771 770/770/770 731/731/731
f 848/848/848 774/774/774 769/769/769
f 773/773/773 771/771/771 731/731/731
f 771/771/771 661/661/661 857/857/857
f 860/860/860 844/844/844 848/848/848
f 840/840/840 588/588/588 590/590/590
f 732/732/732 773/773/773 731/731/731
f 661/661/661 773/773/773 540/540/540
f 769/769/769 774/774/774 770/770/770
f 664/664/664 774/774/774 772/772/772
f 815/815/815 814/814/814 816/816/816
f 747/747/747 775/775/775 746/746/746
f 746/746/746 781/781/781 776/776/776
f 781/781/781 783/783/783 785/785/785
f 728/728/728 777/777/777 470/470/470
f 765/765/765 777/777/777 727/727/727
f 778/778/778 787/787/787 849/849/849
f 788/788/788 185/185/185 474/474/474
f 777/777/777 779/779/779 470/470/470
f 854/854/854 779/779/779 767/767/767
f 746/746/746 780/780/780 747/747/747
f 786/786/786 780/780/780 776/776/776
f 242/242/242 816/816/816 814/814/814
f 783/783/783 781/781/781 242/242/242
f 813/813/813 833/833/833 242/242/242
f 733/733/733 784/784/784 547/547/547
f 833/833/833 783/783/783 242/242/242
f 783/783/783 782/782/782 785/785/785
f 668/668/668 789/789/789 733/733/733
f 705/705/705 786/786/786 668/668/668
f 782/782/782 784/784/784 785/785/785
f 784/784/784 733/733/733 789/789/789
f 776/776/776 785/785/785 786/786/786
f 785/785/785 784/784/784 789/789/789
f 849/849/849 787/787/787 763/763/763
f 854/854/854 787/787/787 778/778/778
f 388/388/388 473/473/473 854/854/854
f 852/852/852 778/778/778 851/851/851
f 668/668/668 786/786/786 789/789/789
f 785/785/785 789/789/789 786/786/786
f 121/121/121 790/790/790 143/143/143
f 145/145/145 790/790/790 130/130/130
f 144/144/144 211/211/211 792/792/792
f 143/143/143 791/791/791 113/113/113
f 144/144/144 792/792/792 791/791/791
f 354/354/354 792/792/792 180/180/180
f 235/235/235 793/793/793 192/192/192
f 794/794/794 793/793/793 193/193/193
f 247/247/247 794/794/794 193/193/193
f 248/248/248 793/793/793 794/794/794
f 237/237/237 795/795/795 236/236/236
f 796/796/796 795/795/795 192/192/192
f 793/793/793 796/796/796 192/192/192
f 796/796/796 152/152/152 834/834/834
f 508/508/508 798/798/798 446/446/446
f 268/268/268 797/797/797 208/208/208
f 120/120/120 803/803/803 797/797/797
f 805/805/805 803/803/803 804/804/804
f 803/803/803 799/799/799 798/798/798
f 361/361/361 800/800/800 358/358/358
f 111/111/111 800/800/800 361/361/361
f 805/805/805 800/800/800 799/799/799
f 366/366/366 808/808/808 809/809/809
f 446/446/446 799/799/799 801/801/801
f 809/809/809 801/801/801 111/111/111
f 810/810/810 365/365/365 827/827/827
f 797/797/797 803/803/803 798/798/798
f 142/142/142 804/804/804 120/120/120
f 359/359/359 804/804/804 139/139/139
f 805/805/805 804/804/804 358/358/358
f 800/800/800 805/805/805 358/358/358
f 803/803/803 805/805/805 799/799/799
f 808/808/808 806/806/806 802/802/802
f 806/806/806 810/810/810 827/827/827
f 509/509/509 806/806/806 807/807/807
f 611/611/611 807/807/807 806/806/806
f 802/802/802 801/801/801 809/809/809
f 366/366/366 829/829/829 810/810/810
f 809/809/809 111/111/111 506/506/506
f 802/802/802 809/809/809 808/808/808
f 806/806/806 808/808/808 810/810/810
f 366/366/366 810/810/810 808/808/808
f 328/328/328 811/811/811 330/330/330
f 241/241/241 812/812/812 239/239/239
f 812/812/812 243/243/243 813/813/813
f 239/239/239 812/812/812 811/811/811
f 833/833/833 813/813/813 243/243/243
f 814/814/814 813/813/813 242/242/242
f 816/816/816 242/242/242 781/781/781
f 746/746/746 775/775/775 815/815/815
f 775/775/775 599/599/599 815/815/815
f 599/599/599 605/605/605 820/820/820
f 781/781/781 746/746/746 816/816/816
f 815/815/815 816/816/816 746/746/746
f 599/599/599 820/820/820 819/819/819
f 855/855/855 821/821/821 826/826/826
f 819/819/819 815/815/815 599/599/599
f 826/826/826 824/824/824 817/817/817
f 817/817/817 818/818/818 819/819/819
f 815/815/815 819/819/819 818/818/818
f 828/828/828 601/601/601 603/603/603
f 611/611/611 823/823/823 614/614/614
f 824/824/824 826/826/826 821/821/821
f 825/825/825 821/821/821 855/855/855
f 828/828/828 823/823/823 822/822/822
f 822/822/822 823/823/823 827/827/827
f 828/828/828 822/822/822 820/820/820
f 613/613/613 823/823/823 155/155/155
f 329/329/329 818/818/818 824/824/824
f 817/817/817 824/824/824 818/818/818
f 434/434/434 825/825/825 433/433/433
f 505/505/505 821/821/821 825/825/825
f 817/817/817 822/822/822 826/826/826
f 855/855/855 822/822/822 365/365/365
f 827/827/827 611/611/611 806/806/806
f 822/822/822 827/827/827 365/365/365
f 601/601/601 828/828/828 820/820/820
f 155/155/155 828/828/828 603/603/603
f 435/435/435 829/829/829 366/366/366
f 855/855/855 829/829/829 433/433/433
f 830/830/830 831/831/831 832/832/832
f 830/830/830 835/835/835 834/834/834
f 669/669/669 831/831/831 548/548/548
f 832/832/832 831/831/831 547/547/547
f 784/784/784 832/832/832 547/547/547
f 833/833/833 832/832/832 782/782/782
f 833/833/833 782/782/782 783/783/783
f 243/243/243 836/836/836 833/833/833
f 796/796/796 834/834/834 245/245/245
f 548/548/548 834/834/834 152/152/152
f 834/834/834 835/835/835 245/245/245
f 832/832/832 835/835/835 830/830/830
f 244/244/244 836/836/836 243/243/243
f 835/835/835 836/836/836 245/245/245
f 537/537/537 839/839/839 477/477/477
f 859/859/859 858/858/858 148/148/148
f 788/788/788 778/778/778 852/852/852
f 851/851/851 838/838/838 852/852/852
f 852/852/852 537/537/537 185/185/185
f 837/837/837 839/839/839 838/838/838
f 666/666/666 841/841/841 840/840/840
f 844/844/844 842/842/842 845/845/845
f 664/664/664 841/841/841 666/666/666
f 847/847/847 841/841/841 772/772/772
f 588/588/588 840/840/840 844/844/844
f 858/858/858 837/837/837 853/853/853
f 187/187/187 843/843/843 400/400/400
f 843/843/843 842/842/842 846/846/846
f 840/840/840 847/847/847 844/844/844
f 844/844/844 847/847/847 848/848/848
f 844/844/844 845/845/845 588/588/588
f 842/842/842 843/843/843 845/845/845
f 842/842/842 860/860/860 859/859/859
f 846/846/846 859/859/859 756/756/756
f 841/841/841 847/847/847 840/840/840
f 848/848/848 847/847/847 772/772/772
f 774/774/774 848/848/848 772/772/772
f 769/769/769 858/858/858 860/860/860
f 764/764/764 849/849/849 763/763/763
f 754/754/754 148/148/148 850/850/850
f 853/853/853 850/850/850 148/148/148
f 851/851/851 850/850/850 838/838/838
f 778/778/778 849/849/849 851/851/851
f 850/850/850 851/851/851 849/849/849
f 839/839/839 852/852/852 838/838/838
f 788/788/788 852/852/852 185/185/185
f 858/858/858 853/853/853 148/148/148
f 838/838/838 853/853/853 837/837/837
f 854/854/854 767/767/767 787/787/787
f 388/388/388 854/854/854 788/788/788
f 829/829/829 855/855/855 365/365/365
f 855/855/855 433/433/433 825/825/825
f 839/839/839 856/856/856 477/477/477
f 857/857/857 856/856/856 837/837/837
f 771/771/771 857/857/857 769/769/769
f 856/856/856 857/857/857 661/661/661
f 858/858/858 859/859/859 860/860/860
f 857/857/857 858/858/858 769/769/769
f 756/756/756 859/859/859 148/148/148
f 842/842/842 859/859/859 846/846/846
f 844/844/844 860/860/860 842/842/842
f 769/769/769 860/860/860 848/848/848
s 1
usemtl FABRIC_1_FRONT_2194
f 894/895/894 893/894/893 970/984/970
f 1037/1051/1037 961/975/961 891/892/891
f 1258/1272/1258 1259/1273/1259 1158/1172/1158
f 1157/1171/1157 1159/1173/1159 1264/1278/1264
f 973/987/973 972/986/972 898/899/898
f 965/979/965 972/986/972 964/978/964
f 909/910/909 908/909/908 1193/1207/1193
f 911/912/911 910/911/910 1190/1204/1190
f 989/1003/989 983/997/983 987/1001/987
f 912/913/912 911/912/911 1319/1333/1319
f 1052/1066/1052 1054/1068/1054 1049/1063/1049
f 963/977/963 954/955/954 981/995/981
f 1283/1297/1283 1284/1298/1284 1170/1184/1170
f 1169/1183/1169 923/924/923 922/923/922
f 1267/1281/1267 1269/1283/1269 1346/1360/1346
f 1033/1047/1033 902/903/902 955/969/955
f 1281/1295/1281 1282/1296/1282 1168/1182/1168
f 1031/1045/1031 965/979/965 964/978/964
f 1270/1284/1270 1366/1380/1366 917/918/917
f 1394/1408/1394 1393/1407/1393 1148/1162/1148
f 1001/1015/1001 994/1008/994 995/1009/995
f 1281/1295/1281 920/921/920 919/920/919
f 915/916/915 1264/1278/1264 916/917/916
f 964/978/964 1040/1054/1040 956/970/956
f 955/969/955 965/979/965 1033/1047/1033
f 968/982/968 959/973/959 988/1002/988
f 967/981/967 990/1004/990 992/1006/992
f 955/969/955 901/902/901 900/901/900
f 965/979/965 955/969/955 900/901/900
f 1006/1020/1006 1004/1018/1004 1012/1026/1012
f 955/969/955 902/903/902 901/902/901
f 980/994/980 996/1010/996 1017/1031/1017
f 899/900/899 898/899/898 972/986/972
f 999/1013/999 985/999/985 988/1002/988
f 1092/1106/1092 1247/1261/1247 1090/1104/1090
f 972/986/972 973/987/973 964/978/964
f 983/997/983 982/996/982 949/950/949
f 1028/1042/1028 1027/1041/1027 1080/1094/1080
f 1302/1316/1302 1188/1202/1188 1108/1122/1108
f 1321/1335/1321 1195/1209/1195 1194/1208/1194
f 1032/1046/1032 1031/1045/1031 956/970/956
f 966/980/966 1041/1055/1041 1042/1056/1042
f 1196/1210/1196 905/906/905 1035/1049/1035
f 984/998/984 982/996/982 974/988/974
f 1034/1048/1034 1035/1049/1035 904/905/904
f 974/988/974 993/1007/993 996/1010/996
f 980/994/980 986/1000/986 984/998/984
f 1324/1338/1324 1194/1208/1194 1322/1336/1322
f 1609/1623/1609 1568/1582/1568 1610/1624/1610
f 1007/1021/1007 1003/1017/1003 1005/1019/1005
f 970/984/970 969/983/969 977/991/977
f 916/917/916 1264/1278/1264 1346/1360/1346
f 1198/1212/1198 933/934/933 932/933/932
f 998/1012/998 997/1011/997 1002/1016/1002
f 1003/1017/1003 1686/1700/1686 992/1006/992
f 930/931/930 1335/1349/1335 931/932/931
f 990/1004/990 967/981/967 993/1007/993
f 952/953/952 980/994/980 979/993/979
f 1241/1255/1241 1243/1257/1243 1142/1156/1142
f 1198/1212/1198 1201/1215/1201 1113/1127/1113
f 980/994/980 951/952/951 986/1000/986
f 1300/1314/1300 1301/1315/1301 1386/1400/1386
f 1139/1153/1139 1144/1158/1144 991/1005/991
f 1004/1018/1004 1006/1020/1006 1008/1022/1008
f 1202/1216/1202 934/935/934 933/934/933
f 997/1011/997 998/1012/998 999/1013/999
f 1004/1018/1004 1008/1022/1008 1010/1024/1010
f 982/996/982 950/951/950 949/950/949
f 1686/1700/1686 995/1009/995 967/981/967
f 1136/1150/1136 1138/1152/1138 1141/1155/1141
f 933/934/933 1198/1212/1198 1202/1216/1202
f 1001/1015/1001 1006/1020/1006 994/1008/994
f 997/1011/997 999/1013/999 1135/1149/1135
f 999/1013/999 998/1012/998 985/999/985
f 1378/1392/1378 1464/1478/1464 927/928/927
f 1007/1021/1007 957/971/957 1092/1106/1092
f 941/942/941 1077/1091/1077 942/943/942
f 1253/1267/1253 1147/1161/1147 1252/1266/1252
f 974/988/974 983/997/983 989/1003/989
f 927/928/927 926/927/926 1378/1392/1378
f 1379/1393/1379 1460/1474/1460 1289/1303/1289
f 1015/1029/1015 1006/1020/1006 1012/1026/1012
f 1141/1155/1141 997/1011/997 1135/1149/1135
f 958/972/958 943/944/943 1079/1093/1079
f 1286/1300/1286 1288/1302/1288 924/925/924
f 1379/1393/1379 925/926/925 1288/1302/1288
f 958/972/958 1027/1041/1027 1028/1042/1028
f 998/1012/998 1002/1016/1002 992/1006/992
f 996/1010/996 995/1009/995 994/1008/994
f 944/945/944 943/944/943 958/972/958
f 945/946/945 944/945/944 958/972/958
f 998/1012/998 992/1006/992 990/1004/990
f 980/994/980 952/953/952 951/952/951
f 947/948/947 975/989/975 976/990/976
f 983/997/983 976/990/976 987/1001/987
f 975/989/975 947/948/947 946/947/946
f 988/1002/988 976/990/976 968/982/968
f 1133/1147/1133 1236/1250/1236 1078/1092/1078
f 943/944/943 942/943/942 1079/1093/1079
f 970/984/970 977/991/977 894/895/894
f 924/925/924 923/924/923 1286/1300/1286
f 1005/1019/1005 1003/1017/1003 991/1005/991
f 973/987/973 1040/1054/1040 964/978/964
f 1008/1022/1008 1006/1020/1006 1001/1015/1001
f 978/992/978 1044/1058/1044 1042/1056/1042
f 1007/1021/1007 1011/1025/1011 1000/1014/1000
f 895/896/895 894/895/894 977/991/977
f 939/940/939 938/939/938 1235/1249/1235
f 1005/1019/1005 957/971/957 1007/1021/1007
f 970/984/970 893/894/893 961/975/961
f 892/893/892 891/892/891 961/975/961
f 1238/1252/1238 1026/1040/1026 1077/1091/1077
f 998/1012/998 990/1004/990 985/999/985
f 961/975/961 893/894/893 892/893/892
f 1144/1158/1144 1143/1157/1143 991/1005/991
f 1039/1053/1039 969/983/969 970/984/970
f 982/996/982 986/1000/986 950/951/950
f 976/990/976 988/1002/988 987/1001/987
f 1146/1160/1146 1147/1161/1147 1081/1095/1081
f 1038/1052/1038 889/890/889 1145/1159/1145
f 1323/1337/1323 1070/1084/1070 1322/1336/1322
f 949/950/949 948/949/948 983/997/983
f 1188/1202/1188 1316/1330/1316 1189/1203/1189
f 986/1000/986 951/952/951 950/951/950
f 993/1007/993 974/988/974 989/1003/989
f 1107/1121/1107 1303/1317/1303 1305/1319/1305
f 988/1002/988 959/973/959 999/1013/999
f 1145/1159/1145 1255/1269/1255 1029/1043/1029
f 995/1009/995 1686/1700/1686 1001/1015/1001
f 1188/1202/1188 1302/1316/1302 1303/1317/1303
f 897/898/897 896/897/896 1043/1057/1043
f 996/1010/996 980/994/980 984/998/984
f 881/882/881 880/881/880 1161/1175/1161
f 882/883/882 881/882/881 1274/1288/1274
f 1278/1292/1278 1166/1180/1166 1165/1179/1165
f 1037/1051/1037 970/984/970 961/975/961
f 1440/1454/1440 1271/1285/1271 1350/1364/1350
f 969/983/969 1044/1058/1044 978/992/978
f 979/993/979 1083/1097/1083 981/995/981
f 915/916/915 914/915/914 1157/1171/1157
f 988/1002/988 985/999/985 987/1001/987
f 1164/1178/1164 879/880/879 878/879/878
f 895/896/895 977/991/977 978/992/978
f 947/948/947 976/990/976 948/949/948
f 1173/1187/1173 873/874/873 872/873/872
f 873/874/873 1173/1187/1173 1177/1191/1177
f 870/871/870 1178/1192/1178 871/872/871
f 973/987/973 898/899/898 897/898/897
f 1174/1188/1174 1382/1396/1382 1103/1117/1103
f 981/995/981 954/955/954 953/954/953
f 1031/1045/1031 964/978/964 956/970/956
f 1297/1311/1297 1182/1196/1182 1184/1198/1184
f 958/972/958 1028/1042/1028 945/946/945
f 1452/1466/1452 1451/1465/1451 1449/1463/1449
f 1044/1058/1044 969/983/969 1045/1059/1045
f 1166/1180/1166 1167/1181/1167 1099/1113/1099
f 974/988/974 996/1010/996 984/998/984
f 1290/1304/1290 1602/1616/1602 1585/1599/1585
f 1012/1026/1012 1004/1018/1004 1707/1721/1707
f 996/1010/996 994/1008/994 1017/1031/1017
f 987/1001/987 985/999/985 989/1003/989
f 989/1003/989 990/1004/990 993/1007/993
f 974/988/974 982/996/982 983/997/983
f 962/976/962 1015/1029/1015 1012/1026/1012
f 1052/1066/1052 1057/1071/1057 1050/1064/1050
f 971/985/971 1083/1097/1083 979/993/979
f 1085/1099/1085 98/958/98 97/957/97
f 992/1006/992 991/1005/991 1003/1017/1003
f 1237/1251/1237 1135/1149/1135 959/973/959
f 984/998/984 986/1000/986 982/996/982
f 952/953/952 979/993/979 953/954/953
f 990/1004/990 989/1003/989 985/999/985
f 993/1007/993 995/1009/995 996/1010/996
f 953/954/953 979/993/979 981/995/981
f 995/1009/995 993/1007/993 967/981/967
f 954/955/954 963/977/963 96/956/96
f 1015/1029/1015 1016/1030/1016 1017/1031/1017
f 97/957/97 96/956/96 963/977/963
f 963/977/963 981/995/981 1085/1099/1085
f 1016/1030/1016 1046/1060/1046 1083/1097/1083
f 992/1006/992 1002/1016/1002 991/1005/991
f 1087/1101/1087 102/962/102 1151/1165/1151
f 1077/1091/1077 1078/1092/1078 1238/1252/1238
f 1081/1095/1081 1255/1269/1255 1145/1159/1145
f 1336/1350/1336 1203/1217/1203 1204/1218/1204
f 1152/1166/1152 1210/1224/1210 1087/1101/1087
f 864/865/864 863/864/863 1203/1217/1203
f 1130/1144/1130 938/939/938 937/938/937
f 1114/1128/1114 863/864/863 862/863/862
f 900/901/900 899/900/899 965/979/965
f 1077/1091/1077 1027/1041/1027 1079/1093/1079
f 1022/1036/1022 1123/1137/1123 1121/1135/1121
f 891/892/891 890/891/890 1037/1051/1037
f 1066/1080/1066 1292/1306/1292 1424/1438/1424
f 983/997/983 948/949/948 976/990/976
f 1128/1142/1128 1209/1223/1209 1207/1221/1207
f 1117/1131/1117 1119/1133/1119 1073/1087/1073
f 978/992/978 977/991/977 969/983/969
f 1117/1131/1117 1023/1037/1023 108/968/108
f 965/979/965 899/900/899 972/986/972
f 1085/1099/1085 981/995/981 1083/1097/1083
f 1/861/1 108/968/108 1023/1037/1023
f 896/897/896 895/896/895 978/992/978
f 861/862/861 1023/1037/1023 1073/1087/1073
f 1120/1134/1120 1073/1087/1073 1119/1133/1119
f 976/990/976 975/989/975 968/982/968
f 980/994/980 971/985/971 979/993/979
f 1214/1228/1214 866/867/866 865/866/865
f 1223/1237/1223 866/867/866 1214/1228/1214
f 1007/1021/1007 1000/1014/1000 1003/1017/1003
f 1014/1028/1014 1013/1027/1013 1051/1065/1051
f 1036/1050/1036 1032/1046/1032 1034/1048/1034
f 1008/1022/1008 1001/1015/1001 1000/1014/1000
f 1686/1700/1686 1000/1014/1000 1001/1015/1001
f 1091/1105/1091 1007/1021/1007 1092/1106/1092
f 101/961/101 1057/1071/1057 102/962/102
f 1011/1025/1011 1008/1022/1008 1000/1014/1000
f 1009/1023/1009 1156/1170/1156 1055/1069/1055
f 1009/1023/1009 1010/1024/1010 1011/1025/1011
f 1011/1025/1011 1010/1024/1010 1008/1022/1008
f 1059/1073/1059 1707/1721/1707 1055/1069/1055
f 1014/1028/1014 962/976/962 1012/1026/1012
f 1004/1018/1004 1010/1024/1010 1055/1069/1055
f 101/961/101 100/960/100 1050/1064/1050
f 1013/1027/1013 1050/1064/1050 1051/1065/1051
f 1085/1099/1085 1046/1060/1046 1086/1100/1086
f 1016/1030/1016 1015/1029/1015 962/976/962
f 994/1008/994 1006/1020/1006 1015/1029/1015
f 1046/1060/1046 1016/1030/1016 962/976/962
f 980/994/980 1016/1030/1016 971/985/971
f 1015/1029/1015 1017/1031/1017 994/1008/994
f 980/994/980 1017/1031/1017 1016/1030/1016
f 1097/1111/1097 1162/1176/1162 1347/1361/1347
f 1165/1179/1165 1099/1113/1099 1275/1289/1275
f 1179/1193/1179 1184/1198/1184 1292/1306/1292
f 1169/1183/1169 1171/1185/1171 1286/1300/1286
f 1109/1123/1109 1191/1205/1191 1405/1419/1405
f 1321/1335/1321 1193/1207/1193 908/909/908
f 928/929/928 1300/1314/1300 929/930/929
f 1116/1130/1116 1203/1217/1203 1114/1128/1114
f 1209/1223/1209 1213/1227/1213 1207/1221/1207
f 1218/1232/1218 1224/1238/1224 1216/1230/1216
f 1115/1129/1115 1072/1086/1072 1114/1128/1114
f 861/862/861 1/861/1 1023/1037/1023
f 1393/1407/1393 1392/1406/1392 960/974/960
f 1475/1489/1475 1318/1332/1318 1699/1713/1699
f 936/937/936 935/936/935 1226/1240/1226
f 1130/1144/1130 1131/1145/1131 1076/1090/1076
f 1133/1147/1133 941/942/941 940/941/940
f 1026/1040/1026 1080/1094/1080 1027/1041/1027
f 1026/1040/1026 1237/1251/1237 1080/1094/1080
f 968/982/968 975/989/975 1028/1042/1028
f 975/989/975 946/947/946 1028/1042/1028
f 945/946/945 1028/1042/1028 946/947/946
f 1146/1160/1146 889/890/889 888/889/888
f 1045/1059/1045 1039/1053/1039 960/974/960
f 1149/1163/1149 887/888/887 886/887/886
f 1479/1493/1479 1415/1429/1415 1481/1495/1481
f 1331/1345/1331 1032/1046/1032 956/970/956
f 1031/1045/1031 1032/1046/1032 1036/1050/1036
f 1024/1038/1024 1034/1048/1034 1032/1046/1032
f 1036/1050/1036 903/904/903 1033/1047/1033
f 902/903/902 1033/1047/1033 903/904/903
f 965/979/965 1031/1045/1031 1033/1047/1033
f 1035/1049/1035 1034/1048/1034 1024/1038/1024
f 1036/1050/1036 904/905/904 903/904/903
f 1035/1049/1035 1024/1038/1024 1112/1126/1112
f 904/905/904 1035/1049/1035 905/906/905
f 1036/1050/1036 1033/1047/1033 1031/1045/1031
f 904/905/904 1036/1050/1036 1034/1048/1034
f 890/891/890 1038/1052/1038 1037/1051/1037
f 1029/1043/1029 1254/1268/1254 1039/1053/1039
f 889/890/889 1038/1052/1038 890/891/890
f 1039/1053/1039 1038/1052/1038 1029/1043/1029
f 970/984/970 1037/1051/1037 1039/1053/1039
f 1039/1053/1039 1037/1051/1037 1038/1052/1038
f 973/987/973 1041/1055/1041 1040/1054/1040
f 1331/1345/1331 1332/1346/1332 1327/1341/1327
f 1043/1057/1043 973/987/973 897/898/897
f 1398/1412/1398 1041/1055/1041 966/980/966
f 1041/1055/1041 973/987/973 1043/1057/1043
f 978/992/978 1042/1056/1042 1043/1057/1043
f 978/992/978 1043/1057/1043 896/897/896
f 1043/1057/1043 1042/1056/1042 1041/1055/1041
f 1392/1406/1392 1044/1058/1044 960/974/960
f 1044/1058/1044 1396/1410/1396 1042/1056/1042
f 1039/1053/1039 1045/1059/1045 969/983/969
f 960/974/960 1044/1058/1044 1045/1059/1045
f 962/976/962 1084/1098/1084 1046/1060/1046
f 1051/1065/1051 1058/1072/1058 1014/1028/1014
f 1130/1144/1130 1132/1146/1132 1235/1249/1235
f 1047/1061/1047 1138/1152/1138 1136/1150/1136
f 1257/1271/1257 1154/1168/1154 1048/1062/1048
f 1127/1141/1127 1022/1036/1022 1121/1135/1121
f 1052/1066/1052 1059/1073/1059 1054/1068/1054
f 1087/1101/1087 103/963/103 102/962/102
f 100/960/100 99/959/99 1088/1102/1088
f 1052/1066/1052 1050/1064/1050 1013/1027/1013
f 1088/1102/1088 1050/1064/1050 100/960/100
f 1058/1072/1058 1046/1060/1046 1084/1098/1084
f 1707/1721/1707 1059/1073/1059 1013/1027/1013
f 1057/1071/1057 1052/1066/1052 1049/1063/1049
f 1155/1169/1155 1053/1067/1053 1156/1170/1156
f 1054/1068/1054 1053/1067/1053 1056/1070/1056
f 1059/1073/1059 1052/1066/1052 1013/1027/1013
f 1093/1107/1093 1089/1103/1089 1156/1170/1156
f 1009/1023/1009 1055/1069/1055 1010/1024/1010
f 1059/1073/1059 1055/1069/1055 1053/1067/1053
f 1153/1167/1153 1210/1224/1210 1152/1166/1152
f 1054/1068/1054 1056/1070/1056 1152/1166/1152
f 1057/1071/1057 1049/1063/1049 1151/1165/1151
f 101/961/101 1050/1064/1050 1057/1071/1057
f 1088/1102/1088 1058/1072/1058 1051/1065/1051
f 1086/1100/1086 99/959/99 98/958/98
f 1054/1068/1054 1059/1073/1059 1053/1067/1053
f 1707/1721/1707 1013/1027/1013 1014/1028/1014
f 1158/1172/1158 1094/1108/1094 1157/1171/1157
f 1547/1561/1547 1600/1614/1600 1601/1615/1601
f 1260/1274/1260 1263/1277/1263 1060/1074/1060
f 1252/1266/1252 1082/1096/1082 1308/1322/1308
f 876/877/876 1166/1180/1166 877/878/877
f 1276/1290/1276 1165/1179/1165 1275/1289/1275
f 1018/1032/1018 1568/1582/1568 1591/1605/1591
f 1497/1511/1497 1455/1469/1455 1373/1387/1373
f 1169/1183/1169 1170/1184/1170 1375/1389/1375
f 1660/1674/1660 1604/1618/1604 1654/1668/1654
f 1557/1571/1557 1456/1470/1456 1558/1572/1558
f 1099/1113/1099 1364/1378/1364 1275/1289/1275
f 868/869/868 1182/1196/1182 869/870/869
f 1179/1193/1179 1293/1307/1293 1181/1195/1181
f 1532/1546/1532 1534/1548/1534 1431/1445/1431
f 1642/1656/1642 1071/1085/1071 1643/1657/1643
f 1189/1203/1189 883/884/883 882/883/882
f 1491/1505/1491 1358/1372/1358 1359/1373/1359
f 1309/1323/1309 1354/1368/1354 1020/1034/1020
f 1158/1172/1158 1260/1274/1260 1094/1108/1094
f 1195/1209/1195 907/908/907 906/907/906
f 1402/1416/1402 1397/1411/1397 1401/1415/1401
f 1619/1633/1619 1625/1639/1625 1627/1641/1627
f 1230/1244/1230 1228/1242/1228 1232/1246/1232
f 1073/1087/1073 1115/1129/1115 861/862/861
f 1120/1134/1120 1123/1137/1123 1072/1086/1072
f 108/968/108 107/967/107 1117/1131/1117
f 107/967/107 1125/1139/1125 1119/1133/1119
f 1207/1221/1207 105/965/105 104/964/104
f 1340/1354/1340 1421/1435/1421 1509/1523/1509
f 1604/1618/1604 1605/1619/1605 1608/1622/1608
f 1423/1437/1423 1432/1446/1432 1427/1441/1427
f 1225/1239/1225 1130/1144/1130 937/938/937
f 1240/1254/1240 1140/1154/1140 1251/1265/1251
f 1077/1091/1077 941/942/941 1133/1147/1133
f 1027/1041/1027 1077/1091/1077 1026/1040/1026
f 939/940/939 1235/1249/1235 1236/1250/1236
f 1134/1148/1134 1135/1149/1135 1237/1251/1237
f 1077/1091/1077 1079/1093/1079 942/943/942
f 958/972/958 1079/1093/1079 1027/1041/1027
f 959/973/959 968/982/968 1080/1094/1080
f 1028/1042/1028 1080/1094/1080 968/982/968
f 1147/1161/1147 888/889/888 887/888/887
f 1148/1162/1148 1393/1407/1393 1254/1268/1254
f 885/886/885 1256/1270/1256 886/887/886
f 1187/1201/1187 885/886/885 884/885/884
f 1016/1030/1016 1083/1097/1083 971/985/971
f 1085/1099/1085 1083/1097/1083 1046/1060/1046
f 962/976/962 1014/1028/1014 1084/1098/1084
f 1058/1072/1058 1084/1098/1084 1014/1028/1014
f 1085/1099/1085 97/957/97 963/977/963
f 1086/1100/1086 1046/1060/1046 1058/1072/1058
f 99/959/99 1086/1100/1086 1058/1072/1058
f 98/958/98 1085/1099/1085 1086/1100/1086
f 1152/1166/1152 1087/1101/1087 1151/1165/1151
f 1154/1168/1154 1257/1271/1257 1056/1070/1056
f 1058/1072/1058 1088/1102/1088 99/959/99
f 1050/1064/1050 1088/1102/1088 1051/1065/1051
f 1009/1023/1009 1011/1025/1011 1091/1105/1091
f 1093/1107/1093 1009/1023/1009 1091/1105/1091
f 1248/1262/1248 1344/1358/1344 1243/1257/1243
f 1483/1497/1483 1511/1525/1511 1510/1524/1510
f 1007/1021/1007 1091/1105/1091 1011/1025/1011
f 1093/1107/1093 1091/1105/1091 1090/1104/1090
f 1344/1358/1344 1248/1262/1248 1246/1260/1246
f 1090/1104/1090 1091/1105/1091 1092/1106/1092
f 1631/1645/1631 1090/1104/1090 1630/1644/1630
f 1089/1103/1089 1155/1169/1155 1156/1170/1156
f 1258/1272/1258 914/915/914 913/914/913
f 1265/1279/1265 1159/1173/1159 1094/1108/1094
f 1190/1204/1190 1192/1206/1192 1319/1333/1319
f 1262/1276/1262 1263/1277/1263 1473/1487/1473
f 1268/1282/1268 1096/1110/1096 1267/1281/1267
f 1453/1467/1453 1100/1114/1100 1168/1182/1168
f 1098/1112/1098 1350/1364/1350 1348/1362/1348
f 1356/1370/1356 1357/1371/1357 1360/1374/1360
f 1097/1111/1097 1347/1361/1347 1349/1363/1349
f 1162/1176/1162 1097/1111/1097 1161/1175/1161
f 876/877/876 1279/1293/1279 1166/1180/1166
f 874/875/874 873/874/873 1177/1191/1177
f 1372/1386/1372 1370/1384/1370 1371/1385/1371
f 1169/1183/1169 1375/1389/1375 1101/1115/1101
f 1283/1297/1283 922/923/922 921/922/921
f 1171/1185/1171 1169/1183/1169 1376/1390/1376
f 1064/1078/1064 1455/1469/1455 1497/1511/1497
f 1462/1476/1462 1106/1120/1106 1463/1477/1463
f 1104/1118/1104 1295/1309/1295 1383/1397/1383
f 1539/1553/1539 1280/1294/1280 1445/1459/1445
f 1384/1398/1384 1382/1396/1382 1290/1304/1290
f 1103/1117/1103 1173/1187/1173 1176/1190/1176
f 1185/1199/1185 1182/1196/1182 1298/1312/1298
f 1182/1196/1182 1185/1199/1185 1105/1119/1105
f 1106/1120/1106 1462/1476/1462 1563/1577/1563
f 1467/1481/1467 1199/1213/1199 1389/1403/1389
f 1305/1319/1305 1068/1082/1068 1306/1320/1306
f 1150/1164/1150 1082/1096/1082 1149/1163/1149
f 1274/1288/1274 1161/1175/1161 1163/1177/1163
f 1161/1175/1161 1351/1365/1351 1163/1177/1163
f 1317/1331/1317 910/911/910 909/910/909
f 1320/1334/1320 1345/1359/1345 1408/1422/1408
f 1406/1420/1406 1405/1419/1405 1318/1332/1318
f 1191/1205/1191 1109/1123/1109 1190/1204/1190
f 1196/1210/1196 1035/1049/1035 1112/1126/1112
f 1325/1339/1325 1323/1337/1323 1111/1125/1111
f 1024/1038/1024 1032/1046/1032 1331/1345/1331
f 1111/1125/1111 1195/1209/1195 1196/1210/1196
f 1198/1212/1198 1334/1348/1334 1201/1215/1201
f 1230/1244/1230 1131/1145/1131 1226/1240/1226
f 1115/1129/1115 1114/1128/1114 862/863/862
f 1116/1130/1116 1114/1128/1114 1072/1086/1072
f 861/862/861 1115/1129/1115 862/863/862
f 1072/1086/1072 1115/1129/1115 1073/1087/1073
f 1222/1236/1222 1218/1232/1218 1216/1230/1216
f 1129/1143/1129 1215/1229/1215 1217/1231/1217
f 106/966/106 1124/1138/1124 1125/1139/1125
f 1023/1037/1023 1117/1131/1117 1073/1087/1073
f 1212/1226/1212 1122/1136/1122 1124/1138/1124
f 1120/1134/1120 1072/1086/1072 1073/1087/1073
f 107/967/107 1119/1133/1119 1117/1131/1117
f 1119/1133/1119 1118/1132/1118 1120/1134/1120
f 1121/1135/1121 1120/1134/1120 1118/1132/1118
f 1120/1134/1120 1121/1135/1121 1123/1137/1123
f 1118/1132/1118 1122/1136/1122 1121/1135/1121
f 1121/1135/1121 1122/1136/1122 1127/1141/1127
f 1124/1138/1124 1122/1136/1122 1118/1132/1118
f 1419/1433/1419 1127/1141/1127 1074/1088/1074
f 1218/1232/1218 1123/1137/1123 1022/1036/1022
f 1072/1086/1072 1123/1137/1123 1221/1235/1221
f 1125/1139/1125 1124/1138/1124 1118/1132/1118
f 106/966/106 105/965/105 1213/1227/1213
f 1119/1133/1119 1125/1139/1125 1118/1132/1118
f 106/966/106 1125/1139/1125 107/967/107
f 1126/1140/1126 1127/1141/1127 1419/1433/1419
f 1434/1448/1434 1435/1449/1435 1488/1502/1488
f 1074/1088/1074 1127/1141/1127 1122/1136/1122
f 1127/1141/1127 1126/1140/1126 1339/1353/1339
f 1210/1224/1210 103/963/103 1087/1101/1087
f 1634/1648/1634 1674/1688/1674 1675/1689/1675
f 1336/1350/1336 865/866/865 864/865/864
f 1219/1233/1219 1433/1447/1433 1422/1436/1422
f 1225/1239/1225 937/938/937 936/937/936
f 1076/1090/1076 1250/1264/1250 1130/1144/1130
f 1227/1241/1227 934/935/934 1229/1243/1229
f 1232/1246/1232 1341/1355/1341 1230/1244/1230
f 1132/1146/1132 1130/1144/1130 1250/1264/1250
f 1047/1061/1047 1239/1253/1239 1236/1250/1236
f 1236/1250/1236 1133/1147/1133 940/941/940
f 1077/1091/1077 1133/1147/1133 1078/1092/1078
f 1239/1253/1239 1134/1148/1134 1238/1252/1238
f 1134/1148/1134 1136/1150/1136 1135/1149/1135
f 959/973/959 1135/1149/1135 999/1013/999
f 1134/1148/1134 1239/1253/1239 1136/1150/1136
f 1240/1254/1240 1138/1152/1138 1140/1154/1140
f 1135/1149/1135 1136/1150/1136 1141/1155/1141
f 1143/1157/1143 957/971/957 1005/1019/1005
f 1139/1153/1139 991/1005/991 1002/1016/1002
f 1138/1152/1138 1047/1061/1047 1140/1154/1140
f 1137/1151/1137 1139/1153/1139 1141/1155/1141
f 997/1011/997 1139/1153/1139 1002/1016/1002
f 1139/1153/1139 1343/1357/1343 1144/1158/1144
f 1249/1263/1249 1140/1154/1140 1047/1061/1047
f 1251/1265/1251 1140/1154/1140 1250/1264/1250
f 1137/1151/1137 1141/1155/1141 1138/1152/1138
f 1139/1153/1139 997/1011/997 1141/1155/1141
f 1343/1357/1343 1240/1254/1240 1241/1255/1241
f 1241/1255/1241 1244/1258/1244 1243/1257/1243
f 991/1005/991 1143/1157/1143 1005/1019/1005
f 1344/1358/1344 1143/1157/1143 1142/1156/1142
f 1343/1357/1343 1139/1153/1139 1137/1151/1137
f 1142/1156/1142 1143/1157/1143 1144/1158/1144
f 1038/1052/1038 1145/1159/1145 1029/1043/1029
f 1146/1160/1146 1145/1159/1145 889/890/889
f 1147/1161/1147 1146/1160/1146 888/889/888
f 1145/1159/1145 1146/1160/1146 1081/1095/1081
f 1149/1163/1149 1147/1161/1147 887/888/887
f 1252/1266/1252 1147/1161/1147 1082/1096/1082
f 1148/1162/1148 1255/1269/1255 1253/1267/1253
f 1394/1408/1394 1030/1044/1030 1469/1483/1469
f 1149/1163/1149 886/887/886 1256/1270/1256
f 1147/1161/1147 1149/1163/1149 1082/1096/1082
f 1150/1164/1150 1256/1270/1256 1187/1201/1187
f 1310/1324/1310 1468/1482/1468 1305/1319/1305
f 1057/1071/1057 1151/1165/1151 102/962/102
f 1152/1166/1152 1151/1165/1151 1049/1063/1049
f 1054/1068/1054 1152/1166/1152 1049/1063/1049
f 1152/1166/1152 1056/1070/1056 1257/1271/1257
f 1676/1690/1676 1678/1692/1678 1675/1689/1675
f 1207/1221/1207 1208/1222/1208 1211/1225/1211
f 1155/1169/1155 1056/1070/1056 1053/1067/1053
f 1632/1646/1632 1089/1103/1089 1631/1645/1631
f 1089/1103/1089 1154/1168/1154 1155/1169/1155
f 1056/1070/1056 1155/1169/1155 1154/1168/1154
f 1055/1069/1055 1156/1170/1156 1053/1067/1053
f 1093/1107/1093 1156/1170/1156 1009/1023/1009
f 1157/1171/1157 914/915/914 1258/1272/1258
f 1159/1173/1159 1157/1171/1157 1094/1108/1094
f 1259/1273/1259 913/914/913 912/913/912
f 1094/1108/1094 1260/1274/1260 1060/1074/1060
f 1265/1279/1265 1094/1108/1094 1060/1074/1060
f 1269/1283/1269 1267/1281/1267 1096/1110/1096
f 1547/1561/1547 1063/1077/1063 1600/1614/1600
f 1454/1468/1454 1453/1467/1453 1282/1296/1282
f 1272/1286/1272 880/881/880 879/880/879
f 1161/1175/1161 1097/1111/1097 1351/1365/1351
f 1272/1286/1272 1161/1175/1161 880/881/880
f 1162/1176/1162 1272/1286/1272 1164/1178/1164
f 1349/1363/1349 1273/1287/1273 1351/1365/1351
f 1163/1177/1163 1108/1122/1108 1189/1203/1189
f 1278/1292/1278 878/879/878 877/878/877
f 1162/1176/1162 1164/1178/1164 1098/1112/1098
f 1098/1112/1098 1164/1178/1164 1165/1179/1165
f 1164/1178/1164 878/879/878 1278/1292/1278
f 1279/1293/1279 876/877/876 875/876/875
f 1165/1179/1165 1166/1180/1166 1099/1113/1099
f 1291/1305/1291 874/875/874 1385/1399/1385
f 1540/1554/1540 1542/1556/1542 1444/1458/1444
f 919/920/919 918/919/918 1365/1379/1365
f 1285/1299/1285 1455/1469/1455 1374/1388/1374
f 1169/1183/1169 922/923/922 1283/1297/1283
f 1169/1183/1169 1101/1115/1101 1376/1390/1376
f 1284/1298/1284 921/922/921 920/921/920
f 1168/1182/1168 1368/1382/1368 1284/1298/1284
f 1374/1388/1374 1287/1301/1287 1376/1390/1376
f 924/925/924 1288/1302/1288 925/926/925
f 1460/1474/1460 1459/1473/1459 1172/1186/1172
f 1387/1401/1387 1463/1477/1463 1106/1120/1106
f 871/872/871 1180/1194/1180 1176/1190/1176
f 1103/1117/1103 1175/1189/1175 1177/1191/1177
f 872/873/872 1176/1190/1176 1173/1187/1173
f 1104/1118/1104 1180/1194/1180 1178/1192/1178
f 1384/1398/1384 1446/1460/1446 1103/1117/1103
f 1291/1305/1291 1167/1181/1167 1279/1293/1279
f 871/872/871 1176/1190/1176 872/873/872
f 1103/1117/1103 1176/1190/1176 1174/1188/1174
f 1103/1117/1103 1177/1191/1177 1173/1187/1173
f 1177/1191/1177 1175/1189/1175 1385/1399/1385
f 1297/1311/1297 870/871/870 869/870/869
f 1180/1194/1180 1104/1118/1104 1174/1188/1174
f 1104/1118/1104 1178/1192/1178 1181/1195/1181
f 1297/1311/1297 1181/1195/1181 1178/1192/1178
f 1176/1190/1176 1180/1194/1180 1174/1188/1174
f 871/872/871 1178/1192/1178 1180/1194/1180
f 1297/1311/1297 1178/1192/1178 870/871/870
f 1293/1307/1293 1179/1193/1179 1292/1306/1292
f 1298/1312/1298 868/869/868 867/868/867
f 1184/1198/1184 1182/1196/1182 1105/1119/1105
f 867/868/867 866/867/866 1223/1237/1223
f 1129/1143/1129 1433/1447/1433 1219/1233/1219
f 1292/1306/1292 1184/1198/1184 1105/1119/1105
f 1184/1198/1184 1179/1193/1179 1297/1311/1297
f 1298/1312/1298 1182/1196/1182 868/869/868
f 1427/1441/1427 1183/1197/1183 1422/1436/1422
f 1380/1394/1380 1381/1395/1381 1464/1478/1464
f 1466/1480/1466 1465/1479/1465 1387/1401/1387
f 1316/1330/1316 884/885/884 883/884/883
f 1150/1164/1150 1187/1201/1187 1107/1121/1107
f 1107/1121/1107 1187/1201/1187 1188/1202/1188
f 1187/1201/1187 884/885/884 1316/1330/1316
f 1189/1203/1189 882/883/882 1274/1288/1274
f 1188/1202/1188 1189/1203/1189 1108/1122/1108
f 1190/1204/1190 910/911/910 1317/1331/1317
f 1190/1204/1190 1109/1123/1109 1408/1422/1408
f 1191/1205/1191 1317/1331/1317 1193/1207/1193
f 1191/1205/1191 1110/1124/1110 1407/1421/1407
f 1406/1420/1406 1320/1334/1320 1408/1422/1408
f 1261/1275/1261 1259/1273/1259 1345/1359/1345
f 908/909/908 907/908/907 1321/1335/1321
f 1191/1205/1191 1193/1207/1193 1110/1124/1110
f 1322/1336/1322 1194/1208/1194 1111/1125/1111
f 1110/1124/1110 1193/1207/1193 1194/1208/1194
f 1196/1210/1196 1195/1209/1195 906/907/906
f 1194/1208/1194 1195/1209/1195 1111/1125/1111
f 1196/1210/1196 906/907/906 905/906/905
f 1111/1125/1111 1196/1210/1196 1112/1126/1112
f 956/970/956 1040/1054/1040 1333/1347/1333
f 1314/1328/1314 1308/1322/1308 1307/1321/1307
f 1334/1348/1334 932/933/932 931/932/931
f 1202/1216/1202 1198/1212/1198 1692/1706/1692
f 1386/1400/1386 930/931/930 929/930/929
f 1335/1349/1335 1389/1403/1389 1199/1213/1199
f 1687/1701/1687 1231/1245/1231 1234/1248/1234
f 1226/1240/1226 1131/1145/1131 1225/1239/1225
f 1334/1348/1334 1198/1212/1198 932/933/932
f 1694/1708/1694 1199/1213/1199 1467/1481/1467
f 1692/1706/1692 1198/1212/1198 1113/1127/1113
f 1202/1216/1202 1200/1214/1200 1229/1243/1229
f 1114/1128/1114 1203/1217/1203 863/864/863
f 1204/1218/1204 1203/1217/1203 1116/1130/1116
f 1218/1232/1218 1220/1234/1220 1224/1238/1224
f 1214/1228/1214 1204/1218/1204 1215/1229/1215
f 1677/1691/1677 1706/1720/1706 1675/1689/1675
f 1630/1644/1630 1090/1104/1090 1247/1261/1247
f 1420/1434/1420 1126/1140/1126 1419/1433/1419
f 1512/1526/1512 1437/1451/1437 1340/1354/1340
f 1208/1222/1208 1207/1221/1207 104/964/104
f 1128/1142/1128 1678/1692/1678 1209/1223/1209
f 103/963/103 1208/1222/1208 104/964/104
f 1211/1225/1211 1208/1222/1208 1153/1167/1153
f 1074/1088/1074 1212/1226/1212 1209/1223/1209
f 1212/1226/1212 1213/1227/1213 1209/1223/1209
f 1153/1167/1153 1208/1222/1208 1210/1224/1210
f 103/963/103 1210/1224/1210 1208/1222/1208
f 1153/1167/1153 1257/1271/1257 1677/1691/1677
f 1207/1221/1207 1211/1225/1211 1128/1142/1128
f 1122/1136/1122 1212/1226/1212 1074/1088/1074
f 1213/1227/1213 1212/1226/1212 1124/1138/1124
f 106/966/106 1213/1227/1213 1124/1138/1124
f 1213/1227/1213 105/965/105 1207/1221/1207
f 1214/1228/1214 865/866/865 1336/1350/1336
f 1219/1233/1219 1214/1228/1214 1129/1143/1129
f 1217/1231/1217 1215/1229/1215 1204/1218/1204
f 1129/1143/1129 1214/1228/1214 1215/1229/1215
f 1221/1235/1221 1222/1236/1222 1116/1130/1116
f 1436/1450/1436 1435/1449/1435 1216/1230/1216
f 1222/1236/1222 1204/1218/1204 1116/1130/1116
f 1217/1231/1217 1216/1230/1216 1435/1449/1435
f 1218/1232/1218 1022/1036/1022 1220/1234/1220
f 1216/1230/1216 1217/1231/1217 1222/1236/1222
f 1434/1448/1434 1338/1352/1338 1433/1447/1433
f 1298/1312/1298 1299/1313/1299 1183/1197/1183
f 1022/1036/1022 1339/1353/1339 1220/1234/1220
f 1339/1353/1339 1340/1354/1340 1437/1451/1437
f 1072/1086/1072 1221/1235/1221 1116/1130/1116
f 1123/1137/1123 1218/1232/1218 1221/1235/1221
f 1222/1236/1222 1217/1231/1217 1204/1218/1204
f 1218/1232/1218 1222/1236/1222 1221/1235/1221
f 1214/1228/1214 1219/1233/1219 1223/1237/1223
f 1223/1237/1223 1219/1233/1219 1299/1313/1299
f 1220/1234/1220 1206/1220/1206 1224/1238/1224
f 1436/1450/1436 1224/1238/1224 1206/1220/1206
f 1226/1240/1226 1225/1239/1225 936/937/936
f 1130/1144/1130 1225/1239/1225 1131/1145/1131
f 935/936/935 1227/1241/1227 1226/1240/1226
f 1227/1241/1227 1234/1248/1234 1342/1356/1342
f 934/935/934 1227/1241/1227 935/936/935
f 1229/1243/1229 1234/1248/1234 1227/1241/1227
f 1228/1242/1228 1230/1244/1230 1233/1247/1233
f 1613/1627/1613 1021/1035/1021 1614/1628/1614
f 1202/1216/1202 1229/1243/1229 934/935/934
f 1234/1248/1234 1229/1243/1229 1200/1214/1200
f 1231/1245/1231 1342/1356/1342 1234/1248/1234
f 1232/1246/1232 1245/1259/1245 1244/1258/1244
f 1687/1701/1687 1200/1214/1200 1692/1706/1692
f 1624/1638/1624 1629/1643/1629 1623/1637/1623
f 1251/1265/1251 1232/1246/1232 1025/1039/1025
f 1131/1145/1131 1341/1355/1341 1076/1090/1076
f 1342/1356/1342 1230/1244/1230 1226/1240/1226
f 1691/1705/1691 1231/1245/1231 1690/1704/1690
f 1687/1701/1687 1234/1248/1234 1200/1214/1200
f 1342/1356/1342 1231/1245/1231 1233/1247/1233
f 1130/1144/1130 1235/1249/1235 938/939/938
f 1236/1250/1236 1235/1249/1235 1132/1146/1132
f 939/940/939 1236/1250/1236 940/941/940
f 1236/1250/1236 1132/1146/1132 1249/1263/1249
f 1080/1094/1080 1237/1251/1237 959/973/959
f 1238/1252/1238 1237/1251/1237 1026/1040/1026
f 1239/1253/1239 1238/1252/1238 1078/1092/1078
f 1237/1251/1237 1238/1252/1238 1134/1148/1134
f 1236/1250/1236 1239/1253/1239 1078/1092/1078
f 1136/1150/1136 1239/1253/1239 1047/1061/1047
f 1241/1255/1241 1240/1254/1240 1025/1039/1025
f 1138/1152/1138 1240/1254/1240 1137/1151/1137
f 1245/1259/1245 1232/1246/1232 1228/1242/1228
f 1142/1156/1142 1144/1158/1144 1343/1357/1343
f 1624/1638/1624 1640/1654/1640 1621/1635/1621
f 957/971/957 1344/1358/1344 1247/1261/1247
f 1244/1258/1244 1241/1255/1241 1025/1039/1025
f 1242/1256/1242 1248/1262/1248 1243/1257/1243
f 1232/1246/1232 1244/1258/1244 1025/1039/1025
f 1242/1256/1242 1243/1257/1243 1244/1258/1244
f 1691/1705/1691 1623/1637/1623 1228/1242/1228
f 1242/1256/1242 1244/1258/1244 1245/1259/1245
f 1233/1247/1233 1231/1245/1231 1691/1705/1691
f 1089/1103/1089 1632/1646/1632 1154/1168/1154
f 957/971/957 1247/1261/1247 1092/1106/1092
f 1637/1651/1637 1681/1695/1681 1246/1260/1246
f 1621/1635/1621 1619/1633/1619 1637/1651/1637
f 1344/1358/1344 1246/1260/1246 1247/1261/1247
f 1236/1250/1236 1249/1263/1249 1047/1061/1047
f 1250/1264/1250 1249/1263/1249 1132/1146/1132
f 1251/1265/1251 1250/1264/1250 1076/1090/1076
f 1249/1263/1249 1250/1264/1250 1140/1154/1140
f 1251/1265/1251 1076/1090/1076 1341/1355/1341
f 1240/1254/1240 1251/1265/1251 1025/1039/1025
f 1082/1096/1082 1390/1404/1390 1308/1322/1308
f 1253/1267/1253 1252/1266/1252 1030/1044/1030
f 1253/1267/1253 1030/1044/1030 1394/1408/1394
f 1081/1095/1081 1147/1161/1147 1253/1267/1253
f 1039/1053/1039 1254/1268/1254 960/974/960
f 1255/1269/1255 1254/1268/1254 1029/1043/1029
f 1253/1267/1253 1255/1269/1255 1081/1095/1081
f 1254/1268/1254 1255/1269/1255 1148/1162/1148
f 1187/1201/1187 1256/1270/1256 885/886/885
f 1149/1163/1149 1256/1270/1256 1150/1164/1150
f 1677/1691/1677 1257/1271/1257 1048/1062/1048
f 1152/1166/1152 1257/1271/1257 1153/1167/1153
f 1259/1273/1259 1258/1272/1258 913/914/913
f 1157/1171/1157 1258/1272/1258 1158/1172/1158
f 1319/1333/1319 1259/1273/1259 912/913/912
f 1345/1359/1345 1259/1273/1259 1192/1206/1192
f 1158/1172/1158 1261/1275/1261 1260/1274/1260
f 1260/1274/1260 1261/1275/1261 1263/1277/1263
f 1259/1273/1259 1261/1275/1261 1158/1172/1158
f 1472/1486/1472 1473/1487/1473 1095/1109/1095
f 1472/1486/1472 1320/1334/1320 1470/1484/1470
f 1262/1276/1262 1507/1521/1507 1609/1623/1609
f 1095/1109/1095 1263/1277/1263 1261/1275/1261
f 1263/1277/1263 1262/1276/1262 1705/1719/1705
f 1157/1171/1157 1264/1278/1264 915/916/915
f 1346/1360/1346 1264/1278/1264 1159/1173/1159
f 1704/1718/1704 1268/1282/1268 1265/1279/1265
f 1267/1281/1267 1265/1279/1265 1268/1282/1268
f 1266/1280/1266 1703/1717/1703 1701/1715/1701
f 1451/1465/1451 1554/1568/1554 1553/1567/1553
f 1096/1110/1096 1653/1667/1653 1269/1283/1269
f 1159/1173/1159 1265/1279/1265 1267/1281/1267
f 1704/1718/1704 1265/1279/1265 1060/1074/1060
f 1268/1282/1268 1266/1280/1266 1649/1663/1649
f 1160/1174/1160 1270/1284/1270 1269/1283/1269
f 917/918/917 1346/1360/1346 1270/1284/1270
f 1270/1284/1270 1160/1174/1160 1366/1380/1366
f 1346/1360/1346 917/918/917 916/917/916
f 1350/1364/1350 1276/1290/1276 1277/1291/1277
f 1271/1285/1271 1348/1362/1348 1350/1364/1350
f 1164/1178/1164 1272/1286/1272 879/880/879
f 1161/1175/1161 1272/1286/1272 1162/1176/1162
f 1491/1505/1491 1489/1503/1489 1438/1452/1438
f 1108/1122/1108 1163/1177/1163 1360/1374/1360
f 1161/1175/1161 1274/1288/1274 881/882/881
f 1189/1203/1189 1274/1288/1274 1163/1177/1163
f 1099/1113/1099 1441/1455/1441 1364/1378/1364
f 1276/1290/1276 1275/1289/1275 1062/1076/1062
f 1276/1290/1276 1062/1076/1062 1277/1291/1277
f 1165/1179/1165 1276/1290/1276 1098/1112/1098
f 1439/1453/1439 1277/1291/1277 1062/1076/1062
f 1567/1581/1567 1349/1363/1349 1362/1376/1362
f 1166/1180/1166 1278/1292/1278 877/878/877
f 1164/1178/1164 1278/1292/1278 1165/1179/1165
f 1291/1305/1291 1279/1293/1279 875/876/875
f 1166/1180/1166 1279/1293/1279 1167/1181/1167
f 1099/1113/1099 1167/1181/1167 1441/1455/1441
f 1441/1455/1441 1442/1456/1442 1363/1377/1363
f 1281/1295/1281 919/920/919 1365/1379/1365
f 1284/1298/1284 1281/1295/1281 1168/1182/1168
f 1366/1380/1366 1282/1296/1282 1365/1379/1365
f 1366/1380/1366 1454/1468/1454 1282/1296/1282
f 1284/1298/1284 1283/1297/1283 921/922/921
f 1169/1183/1169 1283/1297/1283 1170/1184/1170
f 1281/1295/1281 1284/1298/1284 920/921/920
f 1368/1382/1368 1168/1182/1168 1100/1114/1100
f 1370/1384/1370 1170/1184/1170 1284/1298/1284
f 1545/1559/1545 1551/1565/1551 1063/1077/1063
f 1169/1183/1169 1286/1300/1286 923/924/923
f 1288/1302/1288 1286/1300/1286 1171/1185/1171
f 1064/1078/1064 1497/1511/1497 1500/1514/1500
f 1377/1391/1377 1287/1301/1287 1502/1516/1502
f 1377/1391/1377 1288/1302/1288 1171/1185/1171
f 1288/1302/1288 1458/1472/1458 1379/1393/1379
f 1289/1303/1289 1378/1392/1378 1379/1393/1379
f 1289/1303/1289 1460/1474/1460 1461/1475/1461
f 1293/1307/1293 1104/1118/1104 1181/1195/1181
f 1602/1616/1602 1295/1309/1295 1296/1310/1296
f 874/875/874 1291/1305/1291 875/876/875
f 1445/1459/1445 1363/1377/1363 1442/1456/1442
f 1427/1441/1427 1105/1119/1105 1185/1199/1185
f 1292/1306/1292 1066/1080/1066 1293/1307/1293
f 1296/1310/1296 1293/1307/1293 1066/1080/1066
f 1383/1397/1383 1290/1304/1290 1382/1396/1382
f 1294/1308/1294 1296/1310/1296 1487/1501/1487
f 1487/1501/1487 1537/1551/1537 1294/1308/1294
f 1104/1118/1104 1293/1307/1293 1295/1309/1295
f 1295/1309/1295 1293/1307/1293 1296/1310/1296
f 1424/1438/1424 1579/1593/1579 1066/1080/1066
f 1296/1310/1296 1294/1308/1294 1602/1616/1602
f 1297/1311/1297 869/870/869 1182/1196/1182
f 1181/1195/1181 1297/1311/1297 1179/1193/1179
f 1299/1313/1299 1298/1312/1298 867/868/867
f 1185/1199/1185 1298/1312/1298 1183/1197/1183
f 1223/1237/1223 1299/1313/1299 867/868/867
f 1183/1197/1183 1299/1313/1299 1219/1233/1219
f 1381/1395/1381 1300/1314/1300 928/929/928
f 1300/1314/1300 1186/1200/1186 1465/1479/1465
f 1186/1200/1186 1463/1477/1463 1387/1401/1387
f 1335/1349/1335 1199/1213/1199 1334/1348/1334
f 1357/1371/1357 1302/1316/1302 1108/1122/1108
f 1303/1317/1303 1302/1316/1302 1068/1082/1068
f 1305/1319/1305 1306/1320/1306 1304/1318/1304
f 1188/1202/1188 1303/1317/1303 1107/1121/1107
f 1415/1429/1415 1416/1430/1416 1417/1431/1417
f 1468/1482/1468 1107/1121/1107 1305/1319/1305
f 1068/1082/1068 1305/1319/1305 1303/1317/1303
f 1305/1319/1305 1304/1318/1304 1310/1324/1310
f 1355/1369/1355 1353/1367/1353 1354/1368/1354
f 1355/1369/1355 1306/1320/1306 1068/1082/1068
f 1252/1266/1252 1308/1322/1308 1030/1044/1030
f 1150/1164/1150 1390/1404/1390 1082/1096/1082
f 1314/1328/1314 1304/1318/1304 1315/1329/1315
f 1315/1329/1315 1304/1318/1304 1309/1323/1309
f 1403/1417/1403 1313/1327/1313 1404/1418/1404
f 1304/1318/1304 1306/1320/1306 1309/1323/1309
f 1314/1328/1314 1310/1324/1310 1304/1318/1304
f 1307/1321/1307 1390/1404/1390 1468/1482/1468
f 1197/1211/1197 1325/1339/1325 1328/1342/1328
f 1308/1322/1308 1404/1418/1404 1030/1044/1030
f 1315/1329/1315 1309/1323/1309 1418/1432/1418
f 1020/1034/1020 1412/1426/1412 1698/1712/1698
f 1030/1044/1030 1404/1418/1404 1313/1327/1313
f 1399/1413/1399 1311/1325/1311 1400/1414/1400
f 1314/1328/1314 1307/1321/1307 1310/1324/1310
f 1314/1328/1314 1312/1326/1312 1403/1417/1403
f 1418/1432/1418 1309/1323/1309 1020/1034/1020
f 1314/1328/1314 1315/1329/1315 1312/1326/1312
f 1189/1203/1189 1316/1330/1316 883/884/883
f 1187/1201/1187 1316/1330/1316 1188/1202/1188
f 1193/1207/1193 1317/1331/1317 909/910/909
f 1190/1204/1190 1317/1331/1317 1191/1205/1191
f 1326/1340/1326 1110/1124/1110 1324/1338/1324
f 1326/1340/1326 1318/1332/1318 1407/1421/1407
f 1190/1204/1190 1319/1333/1319 911/912/911
f 1259/1273/1259 1319/1333/1319 1192/1206/1192
f 1320/1334/1320 1069/1083/1069 1470/1484/1470
f 1345/1359/1345 1320/1334/1320 1095/1109/1095
f 1195/1209/1195 1321/1335/1321 907/908/907
f 1193/1207/1193 1321/1335/1321 1194/1208/1194
f 1323/1337/1323 1322/1336/1322 1111/1125/1111
f 1324/1338/1324 1322/1336/1322 1070/1084/1070
f 1325/1339/1325 1111/1125/1111 1112/1126/1112
f 1323/1337/1323 1197/1211/1197 1481/1495/1481
f 1324/1338/1324 1070/1084/1070 1326/1340/1326
f 1194/1208/1194 1324/1338/1324 1110/1124/1110
f 1112/1126/1112 1024/1038/1024 1329/1343/1329
f 1197/1211/1197 1323/1337/1323 1325/1339/1325
f 1477/1491/1477 1326/1340/1326 1070/1084/1070
f 1477/1491/1477 1696/1710/1696 1326/1340/1326
f 1331/1345/1331 956/970/956 1333/1347/1333
f 1330/1344/1330 1479/1493/1479 1328/1342/1328
f 1325/1339/1325 1112/1126/1112 1329/1343/1329
f 1330/1344/1330 1328/1342/1328 1327/1341/1327
f 1327/1341/1327 1328/1342/1328 1329/1343/1329
f 1329/1343/1329 1328/1342/1328 1325/1339/1325
f 1401/1415/1401 1397/1411/1397 1330/1344/1330
f 1400/1414/1400 1480/1494/1480 1330/1344/1330
f 1327/1341/1327 1329/1343/1329 1331/1345/1331
f 1331/1345/1331 1329/1343/1329 1024/1038/1024
f 1333/1347/1333 1040/1054/1040 1398/1412/1398
f 1042/1056/1042 1396/1410/1396 966/980/966
f 1040/1054/1040 1041/1055/1041 1398/1412/1398
f 1331/1345/1331 1333/1347/1333 1332/1346/1332
f 1335/1349/1335 1334/1348/1334 931/932/931
f 1201/1215/1201 1334/1348/1334 1199/1213/1199
f 1386/1400/1386 1335/1349/1335 930/931/930
f 1301/1315/1301 1465/1479/1465 1466/1480/1466
f 1203/1217/1203 1336/1350/1336 864/865/864
f 1214/1228/1214 1336/1350/1336 1204/1218/1204
f 1678/1692/1678 1128/1142/1128 1677/1691/1677
f 1437/1451/1437 1206/1220/1206 1220/1234/1220
f 1428/1442/1428 1423/1437/1423 1425/1439/1425
f 1183/1197/1183 1219/1233/1219 1422/1436/1422
f 1127/1141/1127 1339/1353/1339 1022/1036/1022
f 1340/1354/1340 1339/1353/1339 1126/1140/1126
f 1337/1351/1337 1482/1496/1482 1420/1434/1420
f 1340/1354/1340 1420/1434/1420 1421/1435/1421
f 1230/1244/1230 1341/1355/1341 1131/1145/1131
f 1251/1265/1251 1341/1355/1341 1232/1246/1232
f 1230/1244/1230 1342/1356/1342 1233/1247/1233
f 1227/1241/1227 1342/1356/1342 1226/1240/1226
f 1240/1254/1240 1343/1357/1343 1137/1151/1137
f 1142/1156/1142 1343/1357/1343 1241/1255/1241
f 1143/1157/1143 1344/1358/1344 957/971/957
f 1243/1257/1243 1344/1358/1344 1142/1156/1142
f 1345/1359/1345 1192/1206/1192 1408/1422/1408
f 1261/1275/1261 1345/1359/1345 1095/1109/1095
f 1267/1281/1267 1346/1360/1346 1159/1173/1159
f 1270/1284/1270 1346/1360/1346 1269/1283/1269
f 1348/1362/1348 1162/1176/1162 1098/1112/1098
f 1349/1363/1349 1347/1361/1347 1271/1285/1271
f 1271/1285/1271 1347/1361/1347 1348/1362/1348
f 1162/1176/1162 1348/1362/1348 1347/1361/1347
f 1349/1363/1349 1271/1285/1271 1440/1454/1440
f 1061/1075/1061 1490/1504/1490 1349/1363/1349
f 1276/1290/1276 1350/1364/1350 1098/1112/1098
f 1350/1364/1350 1277/1291/1277 1440/1454/1440
f 1349/1363/1349 1351/1365/1351 1097/1111/1097
f 1360/1374/1360 1351/1365/1351 1273/1287/1273
f 1352/1366/1352 1505/1519/1505 1414/1428/1414
f 1412/1426/1412 1353/1367/1353 1413/1427/1413
f 1354/1368/1354 1306/1320/1306 1355/1369/1355
f 1413/1427/1413 1476/1490/1476 1474/1488/1474
f 1306/1320/1306 1354/1368/1354 1309/1323/1309
f 1412/1426/1412 1354/1368/1354 1353/1367/1353
f 1359/1373/1359 1355/1369/1355 1068/1082/1068
f 1413/1427/1413 1358/1372/1358 1352/1366/1352
f 1068/1082/1068 1302/1316/1302 1357/1371/1357
f 1490/1504/1490 1438/1452/1438 1489/1503/1489
f 1357/1371/1357 1108/1122/1108 1360/1374/1360
f 1357/1371/1357 1356/1370/1356 1359/1373/1359
f 1353/1367/1353 1355/1369/1355 1358/1372/1358
f 1358/1372/1358 1355/1369/1355 1359/1373/1359
f 1357/1371/1357 1359/1373/1359 1068/1082/1068
f 1359/1373/1359 1356/1370/1356 1491/1505/1491
f 1351/1365/1351 1360/1374/1360 1163/1177/1163
f 1273/1287/1273 1489/1503/1489 1360/1374/1360
f 1364/1378/1364 1062/1076/1062 1275/1289/1275
f 1547/1561/1547 1448/1462/1448 1584/1598/1584
f 1277/1291/1277 1439/1453/1439 1592/1606/1592
f 1506/1520/1506 1507/1521/1507 1569/1583/1569
f 1442/1456/1442 1167/1181/1167 1291/1305/1291
f 1447/1461/1447 1364/1378/1364 1363/1377/1363
f 1363/1377/1363 1492/1506/1492 1447/1461/1447
f 1062/1076/1062 1364/1378/1364 1449/1463/1449
f 1366/1380/1366 1365/1379/1365 918/919/918
f 1281/1295/1281 1365/1379/1365 1282/1296/1282
f 1366/1380/1366 918/919/918 917/918/917
f 1454/1468/1454 1366/1380/1366 1160/1174/1160
f 1653/1667/1653 1650/1664/1650 1651/1665/1651
f 1652/1666/1652 1549/1563/1549 1683/1697/1683
f 1371/1385/1371 1368/1382/1368 1100/1114/1100
f 1370/1384/1370 1285/1299/1285 1375/1389/1375
f 1496/1510/1496 1498/1512/1498 1555/1569/1555
f 1373/1387/1373 1455/1469/1455 1372/1386/1372
f 1284/1298/1284 1368/1382/1368 1370/1384/1370
f 1370/1384/1370 1368/1382/1368 1371/1385/1371
f 1100/1114/1100 1683/1697/1683 1685/1699/1685
f 1371/1385/1371 1369/1383/1369 1372/1386/1372
f 1369/1383/1369 1555/1569/1555 1372/1386/1372
f 1285/1299/1285 1370/1384/1370 1372/1386/1372
f 1652/1666/1652 1683/1697/1683 1684/1698/1684
f 1373/1387/1373 1498/1512/1498 1497/1511/1497
f 1287/1301/1287 1374/1388/1374 1064/1078/1064
f 1375/1389/1375 1374/1388/1374 1101/1115/1101
f 1370/1384/1370 1375/1389/1375 1170/1184/1170
f 1374/1388/1374 1375/1389/1375 1285/1299/1285
f 1374/1388/1374 1376/1390/1376 1101/1115/1101
f 1377/1391/1377 1376/1390/1376 1287/1301/1287
f 1377/1391/1377 1102/1116/1102 1458/1472/1458
f 1376/1390/1376 1377/1391/1377 1171/1185/1171
f 1379/1393/1379 1378/1392/1378 926/927/926
f 1464/1478/1464 1378/1392/1378 1289/1303/1289
f 925/926/925 1379/1393/1379 926/927/926
f 1377/1391/1377 1458/1472/1458 1288/1302/1288
f 1461/1475/1461 1462/1476/1462 1380/1394/1380
f 1186/1200/1186 1300/1314/1300 1381/1395/1381
f 927/928/927 1381/1395/1381 928/929/928
f 1186/1200/1186 1381/1395/1381 1380/1394/1380
f 1383/1397/1383 1174/1188/1174 1104/1118/1104
f 1290/1304/1290 1585/1599/1585 1384/1398/1384
f 1290/1304/1290 1383/1397/1383 1295/1309/1295
f 1174/1188/1174 1383/1397/1383 1382/1396/1382
f 1065/1079/1065 1444/1458/1444 1446/1460/1446
f 1103/1117/1103 1382/1396/1382 1384/1398/1384
f 1177/1191/1177 1385/1399/1385 874/875/874
f 1443/1457/1443 1385/1399/1385 1175/1189/1175
f 1300/1314/1300 1386/1400/1386 929/930/929
f 1335/1349/1335 1386/1400/1386 1301/1315/1301
f 1596/1610/1596 1597/1611/1597 1570/1584/1570
f 1466/1480/1466 1389/1403/1389 1335/1349/1335
f 1106/1120/1106 1597/1611/1597 1596/1610/1596
f 1201/1215/1201 1199/1213/1199 1694/1708/1694
f 1466/1480/1466 1335/1349/1335 1301/1315/1301
f 1467/1481/1467 1389/1403/1389 1388/1402/1388
f 1468/1482/1468 1150/1164/1150 1107/1121/1107
f 1308/1322/1308 1390/1404/1390 1307/1321/1307
f 1311/1325/1311 1480/1494/1480 1400/1414/1400
f 1396/1410/1396 1395/1409/1395 1398/1412/1398
f 960/974/960 1254/1268/1254 1393/1407/1393
f 1392/1406/1392 1391/1405/1391 1395/1409/1395
f 1148/1162/1148 1253/1267/1253 1394/1408/1394
f 1391/1405/1391 1392/1406/1392 1393/1407/1393
f 1469/1483/1469 1030/1044/1030 1313/1327/1313
f 1391/1405/1391 1393/1407/1393 1394/1408/1394
f 1397/1411/1397 1395/1409/1395 1391/1405/1391
f 1395/1409/1395 1402/1416/1402 1398/1412/1398
f 1044/1058/1044 1392/1406/1392 1396/1410/1396
f 1395/1409/1395 1396/1410/1396 1392/1406/1392
f 1397/1411/1397 1391/1405/1391 1399/1413/1399
f 1330/1344/1330 1327/1341/1327 1401/1415/1401
f 1333/1347/1333 1398/1412/1398 1332/1346/1332
f 1396/1410/1396 1398/1412/1398 966/980/966
f 1469/1483/1469 1391/1405/1391 1394/1408/1394
f 1313/1327/1313 1311/1325/1311 1399/1413/1399
f 1330/1344/1330 1397/1411/1397 1400/1414/1400
f 1399/1413/1399 1400/1414/1400 1397/1411/1397
f 1327/1341/1327 1332/1346/1332 1401/1415/1401
f 1402/1416/1402 1332/1346/1332 1398/1412/1398
f 1397/1411/1397 1402/1416/1402 1395/1409/1395
f 1401/1415/1401 1332/1346/1332 1402/1416/1402
f 1416/1430/1416 1403/1417/1403 1312/1326/1312
f 1313/1327/1313 1403/1417/1403 1311/1325/1311
f 1308/1322/1308 1314/1328/1314 1404/1418/1404
f 1403/1417/1403 1404/1418/1404 1314/1328/1314
f 1407/1421/1407 1405/1419/1405 1191/1205/1191
f 1318/1332/1318 1475/1489/1475 1406/1420/1406
f 1320/1334/1320 1406/1420/1406 1069/1083/1069
f 1109/1123/1109 1405/1419/1405 1406/1420/1406
f 1326/1340/1326 1407/1421/1407 1110/1124/1110
f 1405/1419/1405 1407/1421/1407 1318/1332/1318
f 1190/1204/1190 1408/1422/1408 1192/1206/1192
f 1406/1420/1406 1408/1422/1408 1109/1123/1109
f 1471/1485/1471 1414/1428/1414 1409/1423/1409
f 1505/1519/1505 1565/1579/1565 1566/1580/1566
f 1070/1084/1070 1323/1337/1323 1481/1495/1481
f 1417/1431/1417 1418/1432/1418 1697/1711/1697
f 1020/1034/1020 1354/1368/1354 1412/1426/1412
f 1475/1489/1475 1474/1488/1474 1069/1083/1069
f 1353/1367/1353 1358/1372/1358 1413/1427/1413
f 1411/1425/1411 1696/1710/1696 1698/1712/1698
f 1352/1366/1352 1414/1428/1414 1476/1490/1476
f 1411/1425/1411 1412/1426/1412 1413/1427/1413
f 1478/1492/1478 1506/1520/1506 1505/1519/1505
f 1409/1423/1409 1470/1484/1470 1471/1485/1471
f 1311/1325/1311 1403/1417/1403 1416/1430/1416
f 1410/1424/1410 1477/1491/1477 1481/1495/1481
f 1417/1431/1417 1416/1430/1416 1312/1326/1312
f 1416/1430/1416 1415/1429/1415 1480/1494/1480
f 1418/1432/1418 1417/1431/1417 1312/1326/1312
f 1417/1431/1417 1410/1424/1410 1481/1495/1481
f 1315/1329/1315 1418/1432/1418 1312/1326/1312
f 1418/1432/1418 1020/1034/1020 1697/1711/1697
f 1074/1088/1074 1209/1223/1209 1679/1693/1679
f 1420/1434/1420 1419/1433/1419 1337/1351/1337
f 1420/1434/1420 1482/1496/1482 1421/1435/1421
f 1126/1140/1126 1420/1434/1420 1340/1354/1340
f 1421/1435/1421 1482/1496/1482 1508/1522/1508
f 1509/1523/1509 1421/1435/1421 1510/1524/1510
f 1422/1436/1422 1338/1352/1338 1425/1439/1425
f 1427/1441/1427 1185/1199/1185 1183/1197/1183
f 1428/1442/1428 1425/1439/1425 1429/1443/1429
f 1423/1437/1423 1428/1442/1428 1431/1445/1431
f 1432/1446/1432 1292/1306/1292 1105/1119/1105
f 1534/1548/1534 1423/1437/1423 1431/1445/1431
f 1075/1089/1075 1526/1540/1526 1429/1443/1429
f 1423/1437/1423 1424/1438/1424 1432/1446/1432
f 1488/1502/1488 1528/1542/1528 1075/1089/1075
f 1531/1545/1531 1525/1539/1525 1485/1499/1485
f 1422/1436/1422 1425/1439/1425 1427/1441/1427
f 1427/1441/1427 1425/1439/1425 1423/1437/1423
f 1429/1443/1429 1425/1439/1425 1338/1352/1338
f 1430/1444/1430 1532/1546/1532 1530/1544/1530
f 1075/1089/1075 1429/1443/1429 1338/1352/1338
f 1426/1440/1426 1428/1442/1428 1429/1443/1429
f 1658/1672/1658 1656/1670/1656 1657/1671/1657
f 1532/1546/1532 1431/1445/1431 1530/1544/1530
f 1531/1545/1531 1428/1442/1428 1426/1440/1426
f 1430/1444/1430 1662/1676/1662 1667/1681/1667
f 1292/1306/1292 1432/1446/1432 1424/1438/1424
f 1105/1119/1105 1427/1441/1427 1432/1446/1432
f 1434/1448/1434 1433/1447/1433 1129/1143/1129
f 1422/1436/1422 1433/1447/1433 1338/1352/1338
f 1129/1143/1129 1217/1231/1217 1435/1449/1435
f 1338/1352/1338 1434/1448/1434 1075/1089/1075
f 1224/1238/1224 1436/1450/1436 1216/1230/1216
f 1129/1143/1129 1435/1449/1435 1434/1448/1434
f 1512/1526/1512 1514/1528/1514 1516/1530/1516
f 1488/1502/1488 1436/1450/1436 1528/1542/1528
f 1339/1353/1339 1437/1451/1437 1220/1234/1220
f 1512/1526/1512 1340/1354/1340 1509/1523/1509
f 1478/1492/1478 1566/1580/1566 1567/1581/1567
f 1491/1505/1491 1352/1366/1352 1358/1372/1358
f 1449/1463/1449 1439/1453/1439 1062/1076/1062
f 1361/1375/1361 1593/1607/1593 1592/1606/1592
f 1440/1454/1440 1277/1291/1277 1592/1606/1592
f 1349/1363/1349 1440/1454/1440 1362/1376/1362
f 1442/1456/1442 1441/1455/1441 1167/1181/1167
f 1364/1378/1364 1441/1455/1441 1363/1377/1363
f 1443/1457/1443 1291/1305/1291 1385/1399/1385
f 1291/1305/1291 1443/1457/1443 1442/1456/1442
f 1175/1189/1175 1103/1117/1103 1446/1460/1446
f 1444/1458/1444 1443/1457/1443 1175/1189/1175
f 1539/1553/1539 1540/1554/1540 1493/1507/1493
f 1445/1459/1445 1280/1294/1280 1492/1506/1492
f 1542/1556/1542 1442/1456/1442 1443/1457/1443
f 1560/1574/1560 1581/1595/1581 1065/1079/1065
f 1065/1079/1065 1446/1460/1446 1384/1398/1384
f 1175/1189/1175 1446/1460/1446 1444/1458/1444
f 1450/1464/1450 1447/1461/1447 1280/1294/1280
f 1449/1463/1449 1361/1375/1361 1439/1453/1439
f 1649/1663/1649 1266/1280/1266 1702/1716/1702
f 1553/1567/1553 1361/1375/1361 1451/1465/1451
f 1364/1378/1364 1447/1461/1447 1449/1463/1449
f 1449/1463/1449 1447/1461/1447 1452/1466/1452
f 1450/1464/1450 1280/1294/1280 1552/1566/1552
f 1450/1464/1450 1448/1462/1448 1451/1465/1451
f 1451/1465/1451 1448/1462/1448 1554/1568/1554
f 1361/1375/1361 1449/1463/1449 1451/1465/1451
f 1447/1461/1447 1450/1464/1450 1452/1466/1452
f 1451/1465/1451 1452/1466/1452 1450/1464/1450
f 1282/1296/1282 1453/1467/1453 1168/1182/1168
f 1684/1698/1684 1453/1467/1453 1367/1381/1367
f 1454/1468/1454 1160/1174/1160 1653/1667/1653
f 1453/1467/1453 1454/1468/1454 1367/1381/1367
f 1374/1388/1374 1455/1469/1455 1064/1078/1064
f 1372/1386/1372 1455/1469/1455 1285/1299/1285
f 1547/1561/1547 1494/1508/1494 1546/1560/1546
f 1561/1575/1561 1457/1471/1457 1498/1512/1498
f 1666/1680/1666 1486/1500/1486 1532/1546/1532
f 1064/1078/1064 1500/1514/1500 1501/1515/1501
f 1459/1473/1459 1458/1472/1458 1102/1116/1102
f 1460/1474/1460 1172/1186/1172 1461/1475/1461
f 1287/1301/1287 1501/1515/1501 1502/1516/1502
f 1658/1672/1658 1657/1671/1657 1459/1473/1459
f 1379/1393/1379 1458/1472/1458 1460/1474/1460
f 1459/1473/1459 1460/1474/1460 1458/1472/1458
f 1462/1476/1462 1461/1475/1461 1172/1186/1172
f 1464/1478/1464 1461/1475/1461 1380/1394/1380
f 1562/1576/1562 1462/1476/1462 1172/1186/1172
f 1564/1578/1564 1563/1577/1563 1462/1476/1462
f 1186/1200/1186 1380/1394/1380 1463/1477/1463
f 1462/1476/1462 1463/1477/1463 1380/1394/1380
f 1464/1478/1464 1289/1303/1289 1461/1475/1461
f 1381/1395/1381 927/928/927 1464/1478/1464
f 1300/1314/1300 1465/1479/1465 1301/1315/1301
f 1186/1200/1186 1387/1401/1387 1465/1479/1465
f 1595/1609/1595 1466/1480/1466 1387/1401/1387
f 1389/1403/1389 1466/1480/1466 1388/1402/1388
f 1595/1609/1595 1388/1402/1388 1466/1480/1466
f 1467/1481/1467 1643/1657/1643 1695/1709/1695
f 1307/1321/1307 1468/1482/1468 1310/1324/1310
f 1150/1164/1150 1468/1482/1468 1390/1404/1390
f 1313/1327/1313 1399/1413/1399 1469/1483/1469
f 1391/1405/1391 1469/1483/1469 1399/1413/1399
f 1470/1484/1470 1069/1083/1069 1471/1485/1471
f 1472/1486/1472 1470/1484/1470 1409/1423/1409
f 1474/1488/1474 1471/1485/1471 1069/1083/1069
f 1352/1366/1352 1476/1490/1476 1413/1427/1413
f 1507/1521/1507 1262/1276/1262 1569/1583/1569
f 1320/1334/1320 1472/1486/1472 1095/1109/1095
f 1095/1109/1095 1473/1487/1473 1263/1277/1263
f 1569/1583/1569 1472/1486/1472 1409/1423/1409
f 1069/1083/1069 1406/1420/1406 1475/1489/1475
f 1413/1427/1413 1474/1488/1474 1411/1425/1411
f 1699/1713/1699 1318/1332/1318 1326/1340/1326
f 1411/1425/1411 1474/1488/1474 1475/1489/1475
f 1414/1428/1414 1471/1485/1471 1476/1490/1476
f 1474/1488/1474 1476/1490/1476 1471/1485/1471
f 1481/1495/1481 1477/1491/1477 1070/1084/1070
f 1696/1710/1696 1477/1491/1477 1410/1424/1410
f 1591/1605/1591 1568/1582/1568 1590/1604/1590
f 1409/1423/1409 1414/1428/1414 1506/1520/1506
f 1328/1342/1328 1479/1493/1479 1197/1211/1197
f 1480/1494/1480 1479/1493/1479 1330/1344/1330
f 1416/1430/1416 1480/1494/1480 1311/1325/1311
f 1479/1493/1479 1480/1494/1480 1415/1429/1415
f 1479/1493/1479 1481/1495/1481 1197/1211/1197
f 1481/1495/1481 1415/1429/1415 1417/1431/1417
f 1482/1496/1482 1337/1351/1337 1676/1690/1676
f 1508/1522/1508 1482/1496/1482 1205/1219/1205
f 1571/1585/1571 1615/1629/1615 1617/1631/1617
f 1642/1656/1642 1644/1658/1644 1598/1612/1598
f 1521/1535/1521 1513/1527/1513 1517/1531/1517
f 1529/1543/1529 1512/1526/1512 1516/1530/1516
f 1426/1440/1426 1526/1540/1526 1525/1539/1525
f 1514/1528/1514 1517/1531/1517 1513/1527/1513
f 1537/1551/1537 1487/1501/1487 1535/1549/1535
f 1533/1547/1533 1579/1593/1579 1423/1437/1423
f 1066/1080/1066 1487/1501/1487 1296/1310/1296
f 1487/1501/1487 1578/1592/1578 1535/1549/1535
f 1434/1448/1434 1488/1502/1488 1075/1089/1075
f 1435/1449/1435 1436/1450/1436 1488/1502/1488
f 1360/1374/1360 1489/1503/1489 1356/1370/1356
f 1490/1504/1490 1489/1503/1489 1273/1287/1273
f 1349/1363/1349 1490/1504/1490 1273/1287/1273
f 1566/1580/1566 1490/1504/1490 1061/1075/1061
f 1489/1503/1489 1491/1505/1491 1356/1370/1356
f 1491/1505/1491 1438/1452/1438 1565/1579/1565
f 1447/1461/1447 1492/1506/1492 1280/1294/1280
f 1363/1377/1363 1445/1459/1445 1492/1506/1492
f 1586/1600/1586 1558/1572/1558 1560/1574/1560
f 1544/1558/1544 1545/1559/1545 1546/1560/1546
f 1541/1555/1541 1280/1294/1280 1539/1553/1539
f 1541/1555/1541 1544/1558/1544 1494/1508/1494
f 1448/1462/1448 1547/1561/1547 1601/1615/1601
f 1703/1717/1703 1700/1714/1700 1701/1715/1701
f 1685/1699/1685 1683/1697/1683 1549/1563/1549
f 1497/1511/1497 1498/1512/1498 1457/1471/1457
f 1373/1387/1373 1555/1569/1555 1498/1512/1498
f 1457/1471/1457 1670/1684/1670 1500/1514/1500
f 1456/1470/1456 1556/1570/1556 1496/1510/1496
f 1496/1510/1496 1556/1570/1556 1498/1512/1498
f 1669/1683/1669 1668/1682/1668 1661/1675/1661
f 1502/1516/1502 1102/1116/1102 1377/1391/1377
f 1457/1471/1457 1500/1514/1500 1497/1511/1497
f 1501/1515/1501 1500/1514/1500 1499/1513/1499
f 1501/1515/1501 1499/1513/1499 1502/1516/1502
f 1064/1078/1064 1501/1515/1501 1287/1301/1287
f 1656/1670/1656 1502/1516/1502 1499/1513/1499
f 1102/1116/1102 1502/1516/1502 1658/1672/1658
f 1588/1602/1588 1564/1578/1564 1503/1517/1503
f 1562/1576/1562 1172/1186/1172 1665/1679/1665
f 1521/1535/1521 1519/1533/1519 1523/1537/1523
f 1520/1534/1520 1021/1035/1021 1524/1538/1524
f 1352/1366/1352 1565/1579/1565 1505/1519/1505
f 1438/1452/1438 1490/1504/1490 1566/1580/1566
f 1505/1519/1505 1506/1520/1506 1414/1428/1414
f 1507/1521/1507 1506/1520/1506 1478/1492/1478
f 1568/1582/1568 1507/1521/1507 1478/1492/1478
f 1262/1276/1262 1473/1487/1473 1569/1583/1569
f 1205/1219/1205 1672/1686/1672 1673/1687/1673
f 1508/1522/1508 1483/1497/1483 1510/1524/1510
f 1421/1435/1421 1508/1522/1508 1510/1524/1510
f 1512/1526/1512 1509/1523/1509 1484/1498/1484
f 1483/1497/1483 1614/1628/1614 1511/1525/1511
f 1484/1498/1484 1509/1523/1509 1510/1524/1510
f 1511/1525/1511 1021/1035/1021 1520/1534/1520
f 1484/1498/1484 1510/1524/1510 1511/1525/1511
f 1484/1498/1484 1514/1528/1514 1512/1526/1512
f 1437/1451/1437 1512/1526/1512 1206/1220/1206
f 1514/1528/1514 1518/1532/1518 1517/1531/1517
f 1525/1539/1525 1527/1541/1527 1523/1537/1523
f 1517/1531/1517 1518/1532/1518 1515/1529/1515
f 1516/1530/1516 1514/1528/1514 1513/1527/1513
f 1520/1534/1520 1515/1529/1515 1518/1532/1518
f 1648/1662/1648 1575/1589/1575 1599/1613/1599
f 1513/1527/1513 1527/1541/1527 1516/1530/1516
f 1516/1530/1516 1528/1542/1528 1529/1543/1529
f 1518/1532/1518 1514/1528/1514 1484/1498/1484
f 1576/1590/1576 1521/1535/1521 1515/1529/1515
f 1511/1525/1511 1518/1532/1518 1484/1498/1484
f 1518/1532/1518 1511/1525/1511 1520/1534/1520
f 1573/1587/1573 1576/1590/1576 1515/1529/1515
f 1606/1620/1606 1607/1621/1607 1608/1622/1608
f 1612/1626/1612 1598/1612/1598 1644/1658/1644
f 1574/1588/1574 1573/1587/1573 1524/1538/1524
f 1515/1529/1515 1521/1535/1521 1517/1531/1517
f 1519/1533/1519 1606/1620/1606 1523/1537/1523
f 1570/1584/1570 1645/1659/1645 1646/1660/1646
f 1574/1588/1574 1522/1536/1522 1611/1625/1611
f 1525/1539/1525 1523/1537/1523 1485/1499/1485
f 1521/1535/1521 1523/1537/1523 1527/1541/1527
f 1598/1612/1598 1612/1626/1612 1613/1627/1613
f 1611/1625/1611 1570/1584/1570 1597/1611/1597
f 1531/1545/1531 1485/1499/1485 1530/1544/1530
f 1429/1443/1429 1526/1540/1526 1426/1440/1426
f 1526/1540/1526 1075/1089/1075 1528/1542/1528
f 1527/1541/1527 1526/1540/1526 1516/1530/1516
f 1527/1541/1527 1513/1527/1513 1521/1535/1521
f 1525/1539/1525 1526/1540/1526 1527/1541/1527
f 1529/1543/1529 1528/1542/1528 1436/1450/1436
f 1526/1540/1526 1528/1542/1528 1516/1530/1516
f 1436/1450/1436 1206/1220/1206 1529/1543/1529
f 1512/1526/1512 1529/1543/1529 1206/1220/1206
f 1531/1545/1531 1530/1544/1530 1431/1445/1431
f 1605/1619/1605 1530/1544/1530 1485/1499/1485
f 1428/1442/1428 1531/1545/1531 1431/1445/1431
f 1525/1539/1525 1531/1545/1531 1426/1440/1426
f 1666/1680/1666 1532/1546/1532 1667/1681/1667
f 1578/1592/1578 1534/1548/1534 1486/1500/1486
f 1535/1549/1535 1578/1592/1578 1486/1500/1486
f 1579/1593/1579 1578/1592/1578 1487/1501/1487
f 1486/1500/1486 1534/1548/1534 1532/1546/1532
f 1423/1437/1423 1534/1548/1534 1533/1547/1533
f 1486/1500/1486 1666/1680/1666 1668/1682/1668
f 1535/1549/1535 1019/1033/1019 1538/1552/1538
f 1559/1573/1559 1561/1575/1561 1587/1601/1587
f 1603/1617/1603 1586/1600/1586 1560/1574/1560
f 1538/1552/1538 1537/1551/1537 1535/1549/1535
f 1603/1617/1603 1537/1551/1537 1536/1550/1536
f 1559/1573/1559 1538/1552/1538 1019/1033/1019
f 1537/1551/1537 1538/1552/1538 1536/1550/1536
f 1540/1554/1540 1539/1553/1539 1445/1459/1445
f 1541/1555/1541 1539/1553/1539 1493/1507/1493
f 1542/1556/1542 1540/1554/1540 1445/1459/1445
f 1444/1458/1444 1065/1079/1065 1580/1594/1580
f 1544/1558/1544 1493/1507/1493 1543/1557/1543
f 1541/1555/1541 1494/1508/1494 1552/1566/1552
f 1442/1456/1442 1542/1556/1542 1445/1459/1445
f 1444/1458/1444 1542/1556/1542 1443/1457/1443
f 1065/1079/1065 1581/1595/1581 1580/1594/1580
f 1063/1077/1063 1546/1560/1546 1545/1559/1545
f 1493/1507/1493 1544/1558/1544 1541/1555/1541
f 1544/1558/1544 1543/1557/1543 1545/1559/1545
f 1543/1557/1543 1548/1562/1548 1545/1559/1545
f 1496/1510/1496 1583/1597/1583 1550/1564/1550
f 1547/1561/1547 1546/1560/1546 1063/1077/1063
f 1544/1558/1544 1546/1560/1546 1494/1508/1494
f 1551/1565/1551 1652/1666/1652 1063/1077/1063
f 1450/1464/1450 1552/1566/1552 1584/1598/1584
f 1548/1562/1548 1543/1557/1543 1558/1572/1558
f 1550/1564/1550 1548/1562/1548 1456/1470/1456
f 1545/1559/1545 1548/1562/1548 1550/1564/1550
f 1583/1597/1583 1496/1510/1496 1555/1569/1555
f 1496/1510/1496 1550/1564/1550 1456/1470/1456
f 1550/1564/1550 1549/1563/1549 1551/1565/1551
f 1550/1564/1550 1551/1565/1551 1545/1559/1545
f 1652/1666/1652 1551/1565/1551 1549/1563/1549
f 1541/1555/1541 1552/1566/1552 1280/1294/1280
f 1584/1598/1584 1494/1508/1494 1547/1561/1547
f 1700/1714/1700 1553/1567/1553 1495/1509/1495
f 1593/1607/1593 1553/1567/1553 1018/1032/1018
f 1702/1716/1702 1448/1462/1448 1601/1615/1601
f 1553/1567/1553 1554/1568/1554 1495/1509/1495
f 1372/1386/1372 1555/1569/1555 1373/1387/1373
f 1583/1597/1583 1555/1569/1555 1369/1383/1369
f 1456/1470/1456 1557/1571/1557 1556/1570/1556
f 1557/1571/1557 1587/1601/1587 1556/1570/1556
f 1456/1470/1456 1548/1562/1548 1558/1572/1558
f 1536/1550/1536 1538/1552/1538 1559/1573/1559
f 1543/1557/1543 1493/1507/1493 1581/1595/1581
f 1581/1595/1581 1558/1572/1558 1543/1557/1543
f 1561/1575/1561 1559/1573/1559 1019/1033/1019
f 1559/1573/1559 1557/1571/1557 1586/1600/1586
f 1585/1599/1585 1560/1574/1560 1065/1079/1065
f 1559/1573/1559 1586/1600/1586 1536/1550/1536
f 1561/1575/1561 1019/1033/1019 1671/1685/1671
f 1587/1601/1587 1498/1512/1498 1556/1570/1556
f 1665/1679/1665 1172/1186/1172 1459/1473/1459
f 1564/1578/1564 1562/1576/1562 1503/1517/1503
f 1462/1476/1462 1562/1576/1562 1564/1578/1564
f 1563/1577/1563 1504/1518/1504 1597/1611/1597
f 1588/1602/1588 1503/1517/1503 1067/1081/1067
f 1504/1518/1504 1563/1577/1563 1564/1578/1564
f 1491/1505/1491 1565/1579/1565 1352/1366/1352
f 1566/1580/1566 1565/1579/1565 1438/1452/1438
f 1567/1581/1567 1566/1580/1566 1061/1075/1061
f 1478/1492/1478 1505/1519/1505 1566/1580/1566
f 1349/1363/1349 1567/1581/1567 1061/1075/1061
f 1567/1581/1567 1362/1376/1362 1590/1604/1590
f 1590/1604/1590 1568/1582/1568 1478/1492/1478
f 1568/1582/1568 1018/1032/1018 1610/1624/1610
f 1472/1486/1472 1569/1583/1569 1473/1487/1473
f 1506/1520/1506 1569/1583/1569 1409/1423/1409
f 1595/1609/1595 1387/1401/1387 1596/1610/1596
f 1644/1658/1644 1645/1659/1645 1522/1536/1522
f 1483/1497/1483 1618/1632/1618 1614/1628/1614
f 1620/1634/1620 1571/1585/1571 1617/1631/1617
f 1521/1535/1521 1576/1590/1576 1519/1533/1519
f 1520/1534/1520 1573/1587/1573 1515/1529/1515
f 1524/1538/1524 1573/1587/1573 1520/1534/1520
f 1574/1588/1574 1577/1591/1577 1573/1587/1573
f 1574/1588/1574 1524/1538/1524 1612/1626/1612
f 1577/1591/1577 1574/1588/1574 1572/1586/1572
f 1599/1613/1599 1575/1589/1575 1577/1591/1577
f 1588/1602/1588 1589/1603/1589 1648/1662/1648
f 1577/1591/1577 1576/1590/1576 1573/1587/1573
f 1519/1533/1519 1576/1590/1576 1575/1589/1575
f 1599/1613/1599 1577/1591/1577 1572/1586/1572
f 1576/1590/1576 1577/1591/1577 1575/1589/1575
f 1579/1593/1579 1487/1501/1487 1066/1080/1066
f 1534/1548/1534 1578/1592/1578 1533/1547/1533
f 1423/1437/1423 1579/1593/1579 1424/1438/1424
f 1578/1592/1578 1579/1593/1579 1533/1547/1533
f 1493/1507/1493 1540/1554/1540 1580/1594/1580
f 1444/1458/1444 1580/1594/1580 1540/1554/1540
f 1581/1595/1581 1560/1574/1560 1558/1572/1558
f 1493/1507/1493 1580/1594/1580 1581/1595/1581
f 1096/1110/1096 1649/1663/1649 1650/1664/1650
f 1266/1280/1266 1701/1715/1701 1702/1716/1702
f 1685/1699/1685 1369/1383/1369 1371/1385/1371
f 1550/1564/1550 1583/1597/1583 1549/1563/1549
f 1450/1464/1450 1584/1598/1584 1448/1462/1448
f 1494/1508/1494 1584/1598/1584 1552/1566/1552
f 1585/1599/1585 1065/1079/1065 1384/1398/1384
f 1585/1599/1585 1602/1616/1602 1603/1617/1603
f 1558/1572/1558 1586/1600/1586 1557/1571/1557
f 1603/1617/1603 1560/1574/1560 1585/1599/1585
f 1559/1573/1559 1587/1601/1587 1557/1571/1557
f 1498/1512/1498 1587/1601/1587 1561/1575/1561
f 1067/1081/1067 1654/1668/1654 1588/1602/1588
f 1504/1518/1504 1564/1578/1564 1588/1602/1588
f 1588/1602/1588 1654/1668/1654 1589/1603/1589
f 1575/1589/1575 1589/1603/1589 1607/1621/1607
f 1567/1581/1567 1590/1604/1590 1478/1492/1478
f 1590/1604/1590 1362/1376/1362 1591/1605/1591
f 1362/1376/1362 1440/1454/1440 1592/1606/1592
f 1593/1607/1593 1591/1605/1591 1592/1606/1592
f 1361/1375/1361 1592/1606/1592 1439/1453/1439
f 1592/1606/1592 1591/1605/1591 1362/1376/1362
f 1553/1567/1553 1593/1607/1593 1361/1375/1361
f 1018/1032/1018 1591/1605/1591 1593/1607/1593
f 1610/1624/1610 1700/1714/1700 1594/1608/1594
f 1263/1277/1263 1705/1719/1705 1060/1074/1060
f 1596/1610/1596 1387/1401/1387 1106/1120/1106
f 1646/1660/1646 1595/1609/1595 1570/1584/1570
f 1106/1120/1106 1563/1577/1563 1597/1611/1597
f 1570/1584/1570 1595/1609/1595 1596/1610/1596
f 1599/1613/1599 1597/1611/1597 1504/1518/1504
f 1597/1611/1597 1572/1586/1572 1611/1625/1611
f 1613/1627/1613 1524/1538/1524 1021/1035/1021
f 1638/1652/1638 1642/1656/1642 1647/1661/1647
f 1597/1611/1597 1599/1613/1599 1572/1586/1572
f 1504/1518/1504 1588/1602/1588 1648/1662/1648
f 1600/1614/1600 1063/1077/1063 1652/1666/1652
f 1600/1614/1600 1582/1596/1582 1601/1615/1601
f 1601/1615/1601 1582/1596/1582 1649/1663/1649
f 1702/1716/1702 1554/1568/1554 1448/1462/1448
f 1295/1309/1295 1602/1616/1602 1290/1304/1290
f 1603/1617/1603 1602/1616/1602 1294/1308/1294
f 1537/1551/1537 1603/1617/1603 1294/1308/1294
f 1586/1600/1586 1603/1617/1603 1536/1550/1536
f 1659/1673/1659 1660/1674/1660 1654/1668/1654
f 1430/1444/1430 1530/1544/1530 1605/1619/1605
f 1605/1619/1605 1485/1499/1485 1606/1620/1606
f 1605/1619/1605 1604/1618/1604 1662/1676/1662
f 1523/1537/1523 1606/1620/1606 1485/1499/1485
f 1607/1621/1607 1606/1620/1606 1519/1533/1519
f 1575/1589/1575 1607/1621/1607 1519/1533/1519
f 1654/1668/1654 1608/1622/1608 1589/1603/1589
f 1606/1620/1606 1608/1622/1608 1605/1619/1605
f 1589/1603/1589 1608/1622/1608 1607/1621/1607
f 1568/1582/1568 1609/1623/1609 1507/1521/1507
f 1705/1719/1705 1609/1623/1609 1594/1608/1594
f 1700/1714/1700 1610/1624/1610 1018/1032/1018
f 1609/1623/1609 1610/1624/1610 1594/1608/1594
f 1574/1588/1574 1611/1625/1611 1572/1586/1572
f 1611/1625/1611 1522/1536/1522 1645/1659/1645
f 1574/1588/1574 1612/1626/1612 1522/1536/1522
f 1613/1627/1613 1612/1626/1612 1524/1538/1524
f 1021/1035/1021 1511/1525/1511 1614/1628/1614
f 1598/1612/1598 1613/1627/1613 1615/1629/1615
f 1672/1686/1672 1618/1632/1618 1673/1687/1673
f 1615/1629/1615 1571/1585/1571 1647/1661/1647
f 1613/1627/1613 1614/1628/1614 1615/1629/1615
f 1618/1632/1618 1617/1631/1617 1614/1628/1614
f 1636/1650/1636 1706/1720/1706 1632/1646/1632
f 1620/1634/1620 1617/1631/1617 1625/1639/1625
f 1614/1628/1614 1617/1631/1617 1615/1629/1615
f 1616/1630/1616 1633/1647/1633 1625/1639/1625
f 1483/1497/1483 1508/1522/1508 1673/1687/1673
f 1616/1630/1616 1617/1631/1617 1618/1632/1618
f 1246/1260/1246 1248/1262/1248 1621/1635/1621
f 1638/1652/1638 1620/1634/1620 1639/1653/1639
f 1625/1639/1625 1617/1631/1617 1616/1630/1616
f 1620/1634/1620 1619/1633/1619 1639/1653/1639
f 1242/1256/1242 1629/1643/1629 1248/1262/1248
f 1242/1256/1242 1245/1259/1245 1623/1637/1623
f 1690/1704/1690 1687/1701/1687 1688/1702/1688
f 1571/1585/1571 1620/1634/1620 1638/1652/1638
f 1228/1242/1228 1623/1637/1623 1245/1259/1245
f 1624/1638/1624 1623/1637/1623 1622/1636/1622
f 1689/1703/1689 1640/1654/1640 1622/1636/1622
f 1621/1635/1621 1248/1262/1248 1629/1643/1629
f 1633/1647/1633 1627/1641/1627 1625/1639/1625
f 1619/1633/1619 1620/1634/1620 1625/1639/1625
f 1636/1650/1636 1682/1696/1682 1635/1649/1635
f 1093/1107/1093 1090/1104/1090 1631/1645/1631
f 1681/1695/1681 1626/1640/1626 1630/1644/1630
f 1637/1651/1637 1246/1260/1246 1621/1635/1621
f 1640/1654/1640 1624/1638/1624 1622/1636/1622
f 1231/1245/1231 1687/1701/1687 1690/1704/1690
f 1623/1637/1623 1629/1643/1629 1242/1256/1242
f 1621/1635/1621 1629/1643/1629 1624/1638/1624
f 1681/1695/1681 1247/1261/1247 1246/1260/1246
f 1093/1107/1093 1631/1645/1631 1089/1103/1089
f 1626/1640/1626 1682/1696/1682 1630/1644/1630
f 1154/1168/1154 1632/1646/1632 1048/1062/1048
f 1682/1696/1682 1631/1645/1631 1630/1644/1630
f 1633/1647/1633 1635/1649/1635 1626/1640/1626
f 1635/1649/1635 1633/1647/1633 1680/1694/1680
f 1626/1640/1626 1627/1641/1627 1633/1647/1633
f 1618/1632/1618 1672/1686/1672 1616/1630/1616
f 1634/1648/1634 1680/1694/1680 1674/1688/1674
f 1680/1694/1680 1633/1647/1633 1616/1630/1616
f 1636/1650/1636 1635/1649/1635 1634/1648/1634
f 1634/1648/1634 1675/1689/1675 1706/1720/1706
f 1632/1646/1632 1631/1645/1631 1682/1696/1682
f 1619/1633/1619 1627/1641/1627 1637/1651/1637
f 1637/1651/1637 1627/1641/1627 1681/1695/1681
f 1628/1642/1628 1641/1655/1641 1638/1652/1638
f 1641/1655/1641 1642/1656/1642 1638/1652/1638
f 1619/1633/1619 1621/1635/1621 1640/1654/1640
f 1638/1652/1638 1639/1653/1639 1628/1642/1628
f 1628/1642/1628 1639/1653/1639 1640/1654/1640
f 1640/1654/1640 1639/1653/1639 1619/1633/1619
f 1688/1702/1688 1687/1701/1687 1693/1707/1693
f 1642/1656/1642 1641/1655/1641 1071/1085/1071
f 1695/1709/1695 1071/1085/1071 1693/1707/1693
f 1642/1656/1642 1598/1612/1598 1647/1661/1647
f 1595/1609/1595 1646/1660/1646 1388/1402/1388
f 1644/1658/1644 1522/1536/1522 1612/1626/1612
f 1642/1656/1642 1643/1657/1643 1644/1658/1644
f 1645/1659/1645 1570/1584/1570 1611/1625/1611
f 1644/1658/1644 1643/1657/1643 1645/1659/1645
f 1646/1660/1646 1643/1657/1643 1467/1481/1467
f 1643/1657/1643 1646/1660/1646 1645/1659/1645
f 1467/1481/1467 1388/1402/1388 1646/1660/1646
f 1615/1629/1615 1647/1661/1647 1598/1612/1598
f 1638/1652/1638 1647/1661/1647 1571/1585/1571
f 1575/1589/1575 1648/1662/1648 1589/1603/1589
f 1504/1518/1504 1648/1662/1648 1599/1613/1599
f 1650/1664/1650 1649/1663/1649 1582/1596/1582
f 1268/1282/1268 1649/1663/1649 1096/1110/1096
f 1582/1596/1582 1651/1665/1651 1650/1664/1650
f 1653/1667/1653 1651/1665/1651 1367/1381/1367
f 1582/1596/1582 1600/1614/1600 1652/1666/1652
f 1653/1667/1653 1367/1381/1367 1454/1468/1454
f 1367/1381/1367 1651/1665/1651 1652/1666/1652
f 1651/1665/1651 1582/1596/1582 1652/1666/1652
f 1269/1283/1269 1653/1667/1653 1160/1174/1160
f 1096/1110/1096 1650/1664/1650 1653/1667/1653
f 1659/1673/1659 1654/1668/1654 1067/1081/1067
f 1608/1622/1608 1654/1668/1654 1604/1618/1604
f 1503/1517/1503 1657/1671/1657 1659/1673/1659
f 1663/1677/1663 1664/1678/1664 1661/1675/1661
f 1663/1677/1663 1655/1669/1655 1664/1678/1664
f 1656/1670/1656 1655/1669/1655 1657/1671/1657
f 1659/1673/1659 1657/1671/1657 1655/1669/1655
f 1503/1517/1503 1665/1679/1665 1657/1671/1657
f 1102/1116/1102 1658/1672/1658 1459/1473/1459
f 1502/1516/1502 1656/1670/1656 1658/1672/1658
f 1659/1673/1659 1655/1669/1655 1660/1674/1660
f 1503/1517/1503 1659/1673/1659 1067/1081/1067
f 1660/1674/1660 1655/1669/1655 1663/1677/1663
f 1605/1619/1605 1662/1676/1662 1430/1444/1430
f 1664/1678/1664 1656/1670/1656 1499/1513/1499
f 1535/1549/1535 1668/1682/1668 1019/1033/1019
f 1604/1618/1604 1660/1674/1660 1662/1676/1662
f 1660/1674/1660 1663/1677/1663 1667/1681/1667
f 1664/1678/1664 1655/1669/1655 1656/1670/1656
f 1663/1677/1663 1661/1675/1661 1667/1681/1667
f 1670/1684/1670 1499/1513/1499 1500/1514/1500
f 1671/1685/1671 1668/1682/1668 1669/1683/1669
f 1562/1576/1562 1665/1679/1665 1503/1517/1503
f 1459/1473/1459 1657/1671/1657 1665/1679/1665
f 1667/1681/1667 1532/1546/1532 1430/1444/1430
f 1668/1682/1668 1666/1680/1666 1661/1675/1661
f 1667/1681/1667 1662/1676/1662 1660/1674/1660
f 1661/1675/1661 1666/1680/1666 1667/1681/1667
f 1486/1500/1486 1668/1682/1668 1535/1549/1535
f 1669/1683/1669 1661/1675/1661 1664/1678/1664
f 1664/1678/1664 1670/1684/1670 1669/1683/1669
f 1670/1684/1670 1671/1685/1671 1669/1683/1669
f 1499/1513/1499 1670/1684/1670 1664/1678/1664
f 1457/1471/1457 1561/1575/1561 1671/1685/1671
f 1671/1685/1671 1019/1033/1019 1668/1682/1668
f 1457/1471/1457 1671/1685/1671 1670/1684/1670
f 1674/1688/1674 1672/1686/1672 1205/1219/1205
f 1680/1694/1680 1634/1648/1634 1635/1649/1635
f 1483/1497/1483 1673/1687/1673 1618/1632/1618
f 1205/1219/1205 1673/1687/1673 1508/1522/1508
f 1676/1690/1676 1205/1219/1205 1482/1496/1482
f 1675/1689/1675 1678/1692/1678 1677/1691/1677
f 1205/1219/1205 1676/1690/1676 1674/1688/1674
f 1677/1691/1677 1128/1142/1128 1211/1225/1211
f 1419/1433/1419 1679/1693/1679 1337/1351/1337
f 1674/1688/1674 1676/1690/1676 1675/1689/1675
f 1153/1167/1153 1677/1691/1677 1211/1225/1211
f 1706/1720/1706 1677/1691/1677 1048/1062/1048
f 1679/1693/1679 1676/1690/1676 1337/1351/1337
f 1678/1692/1678 1679/1693/1679 1209/1223/1209
f 1074/1088/1074 1679/1693/1679 1419/1433/1419
f 1676/1690/1676 1679/1693/1679 1678/1692/1678
f 1616/1630/1616 1672/1686/1672 1680/1694/1680
f 1680/1694/1680 1672/1686/1672 1674/1688/1674
f 1626/1640/1626 1681/1695/1681 1627/1641/1627
f 1247/1261/1247 1681/1695/1681 1630/1644/1630
f 1635/1649/1635 1682/1696/1682 1626/1640/1626
f 1632/1646/1632 1682/1696/1682 1636/1650/1636
f 1549/1563/1549 1583/1597/1583 1685/1699/1685
f 1684/1698/1684 1683/1697/1683 1100/1114/1100
f 1453/1467/1453 1684/1698/1684 1100/1114/1100
f 1367/1381/1367 1652/1666/1652 1684/1698/1684
f 1369/1383/1369 1685/1699/1685 1583/1597/1583
f 1100/1114/1100 1685/1699/1685 1371/1385/1371
f 992/1006/992 1686/1700/1686 967/981/967
f 1000/1014/1000 1686/1700/1686 1003/1017/1003
f 1693/1707/1693 1687/1701/1687 1692/1706/1692
f 1641/1655/1641 1688/1702/1688 1071/1085/1071
f 1641/1655/1641 1628/1642/1628 1688/1702/1688
f 1689/1703/1689 1688/1702/1688 1628/1642/1628
f 1640/1654/1640 1689/1703/1689 1628/1642/1628
f 1690/1704/1690 1689/1703/1689 1622/1636/1622
f 1689/1703/1689 1690/1704/1690 1688/1702/1688
f 1691/1705/1691 1690/1704/1690 1622/1636/1622
f 1623/1637/1623 1691/1705/1691 1622/1636/1622
f 1233/1247/1233 1691/1705/1691 1228/1242/1228
f 1202/1216/1202 1692/1706/1692 1200/1214/1200
f 1693/1707/1693 1692/1706/1692 1113/1127/1113
f 1694/1708/1694 1693/1707/1693 1113/1127/1113
f 1688/1702/1688 1693/1707/1693 1071/1085/1071
f 1201/1215/1201 1694/1708/1694 1113/1127/1113
f 1695/1709/1695 1694/1708/1694 1467/1481/1467
f 1071/1085/1071 1695/1709/1695 1643/1657/1643
f 1694/1708/1694 1695/1709/1695 1693/1707/1693
f 1697/1711/1697 1696/1710/1696 1410/1424/1410
f 1699/1713/1699 1411/1425/1411 1475/1489/1475
f 1697/1711/1697 1410/1424/1410 1417/1431/1417
f 1698/1712/1698 1697/1711/1697 1020/1034/1020
f 1411/1425/1411 1698/1712/1698 1412/1426/1412
f 1697/1711/1697 1698/1712/1698 1696/1710/1696
f 1326/1340/1326 1696/1710/1696 1699/1713/1699
f 1411/1425/1411 1699/1713/1699 1696/1710/1696
f 1553/1567/1553 1700/1714/1700 1018/1032/1018
f 1701/1715/1701 1700/1714/1700 1495/1509/1495
f 1702/1716/1702 1701/1715/1701 1495/1509/1495
f 1704/1718/1704 1266/1280/1266 1268/1282/1268
f 1554/1568/1554 1702/1716/1702 1495/1509/1495
f 1649/1663/1649 1702/1716/1702 1601/1615/1601
f 1705/1719/1705 1703/1717/1703 1060/1074/1060
f 1700/1714/1700 1703/1717/1703 1594/1608/1594
f 1060/1074/1060 1703/1717/1703 1704/1718/1704
f 1266/1280/1266 1704/1718/1704 1703/1717/1703
f 1609/1623/1609 1705/1719/1705 1262/1276/1262
f 1703/1717/1703 1705/1719/1705 1594/1608/1594
f 1632/1646/1632 1706/1720/1706 1048/1062/1048
f 1634/1648/1634 1706/1720/1706 1636/1650/1636
f 1012/1026/1012 1707/1721/1707 1014/1028/1014
f 1055/1069/1055 1707/1721/1707 1004/1018/1004
s 1
usemtl FABRIC_1_FRONT_2194
f 1760/1851/1760 1758/1849/1758 1752/1843/1752
f 1809/1900/1809 2279/2370/2279 1863/1954/1863
f 1959/2050/1959 1866/1957/1866 1956/2047/1956
f 1960/2051/1960 875/1737/875 1956/2047/1956
f 1957/2048/1957 2295/2386/2295 2382/2473/2382
f 1762/1853/1762 1763/1854/1763 1926/2017/1926
f 2265/2356/2265 2084/2175/2084 2263/2354/2263
f 1725/1816/1725 1726/1817/1726 1763/1854/1763
f 2083/2174/2083 2085/2176/2085 882/1744/882
f 1847/1938/1847 1708/1755/1708 1760/1851/1760
f 1725/1816/1725 1763/1854/1763 1762/1853/1762
f 881/1743/881 882/1744/882 2085/2176/2085
f 909/1772/909 1980/2071/1980 908/1771/908
f 1847/1938/1847 891/1753/891 1744/1835/1744
f 871/1733/871 872/1734/872 2066/2157/2066
f 1872/1963/1872 2146/2237/2146 2145/2236/2145
f 874/1736/874 2136/2227/2136 2061/2152/2061
f 1848/1939/1848 1726/1817/1726 1746/1837/1746
f 2066/2157/2066 872/1734/872 2064/2155/2064
f 1930/2021/1930 1928/2019/1928 2612/2703/2612
f 2064/2155/2064 872/1734/872 873/1735/873
f 906/1769/906 1906/1997/1906 905/1768/905
f 1782/1873/1782 1783/1874/1783 1765/1856/1765
f 2516/2607/2516 1872/1963/1872 2151/2242/2151
f 1960/2051/1960 874/1736/874 875/1737/875
f 1782/1873/1782 1809/1900/1809 1863/1954/1863
f 1810/1901/1810 1783/1874/1783 1775/1866/1775
f 1781/1872/1781 1785/1876/1785 1786/1877/1786
f 1744/1835/1744 891/1753/891 892/1754/892
f 1708/1755/1708 1847/1938/1847 1744/1835/1744
f 1710/1757/1710 1758/1849/1758 1709/1756/1709
f 1774/1865/1774 1780/1871/1780 1715/1762/1715
f 1758/1849/1758 1760/1851/1760 1709/1756/1709
f 1982/2073/1982 908/1771/908 1980/2071/1980
f 892/1754/892 1708/1755/1708 1744/1835/1744
f 1783/1874/1783 1713/1760/1713 1765/1856/1765
f 1779/1870/1779 1780/1871/1780 1773/1864/1773
f 1829/1920/1829 889/1751/889 890/1752/890
f 1931/2022/1931 1858/1949/1858 1804/1895/1804
f 1917/2008/1917 1918/2009/1918 1842/1933/1842
f 2288/2379/2288 2175/2266/2175 2122/2213/2122
f 1977/2068/1977 1978/2069/1978 2083/2174/2083
f 889/1751/889 1892/1983/1892 888/1750/888
f 1776/1867/1776 1720/1811/1720 1778/1869/1778
f 2043/2134/2043 2042/2133/2042 2045/2136/2045
f 1762/1853/1762 1772/1863/1772 1724/1815/1724
f 1895/1986/1895 887/1749/887 888/1750/888
f 1748/1839/1748 902/1765/902 1785/1876/1785
f 1769/1860/1769 1778/1869/1778 1721/1812/1721
f 1890/1981/1890 886/1748/886 887/1749/887
f 2083/2174/2083 882/1744/882 883/1745/883
f 2089/2180/2089 1984/2075/1984 1990/2081/1990
f 1779/1870/1779 1782/1873/1782 1765/1856/1765
f 2062/2153/2062 878/1740/878 879/1741/879
f 1854/1945/1854 1766/1857/1766 1767/1858/1767
f 1751/1842/1751 1717/1808/1717 1777/1868/1777
f 863/1725/863 1887/1978/1887 862/1724/862
f 862/1724/862 1827/1918/1827 861/1723/861
f 2072/2163/2072 2147/2238/2147 1969/2060/1969
f 1913/2004/1913 940/1803/940 1916/2007/1916
f 1883/1974/1883 1882/1973/1882 1740/1831/1740
f 1849/1940/1849 1728/1819/1728 1729/1820/1729
f 1969/2060/1969 2071/2162/2071 2072/2163/2072
f 1807/1898/1807 1931/2022/1931 1929/2020/1929
f 1948/2039/1948 1942/2033/1942 1944/2035/1944
f 1888/1979/1888 1824/1915/1824 1887/1978/1887
f 1856/1947/1856 1855/1946/1855 943/1806/943
f 1742/1833/1742 1/1722/1 1792/1883/1792
f 1889/1980/1889 1826/1917/1826 1742/1833/1742
f 1755/1846/1755 1851/1942/1851 1762/1853/1762
f 1776/1867/1776 1766/1857/1766 1719/1810/1719
f 1885/1976/1885 1740/1831/1740 1741/1832/1741
f 1812/1903/1812 1711/1758/1711 1712/1759/1712
f 1740/1831/1740 1882/1973/1882 1739/1830/1739
f 2006/2097/2006 1822/1913/1822 1883/1974/1883
f 1723/1814/1723 1772/1863/1772 1770/1861/1770
f 1741/1832/1741 1742/1833/1742 1826/1917/1826
f 1852/1943/1852 1804/1895/1804 1851/1942/1851
f 1884/1975/1884 1739/1830/1739 1882/1973/1882
f 1760/1851/1760 1708/1755/1708 1709/1756/1709
f 1761/1852/1761 1769/1860/1769 1770/1861/1770
f 1997/2088/1997 2610/2701/2610 2605/2696/2605
f 2642/2733/2642 1898/1989/1898 1900/1991/1900
f 1770/1861/1770 1772/1863/1772 1764/1855/1764
f 1774/1865/1774 1773/1864/1773 1780/1871/1780
f 1797/1888/1797 1836/1927/1836 2037/2128/2037
f 1778/1869/1778 1771/1862/1771 1767/1858/1767
f 1897/1988/1897 1832/1923/1832 2021/2112/2021
f 1772/1863/1772 1762/1853/1762 1764/1855/1764
f 1766/1857/1766 1776/1867/1776 1767/1858/1767
f 1897/1988/1897 1831/1922/1831 1896/1987/1896
f 1776/1867/1776 1719/1810/1719 1720/1811/1720
f 1746/1837/1746 1727/1818/1727 1728/1819/1728
f 1848/1939/1848 1850/1941/1850 1926/2017/1926
f 1964/2055/1964 1967/2058/1967 1870/1961/1870
f 1774/1865/1774 1748/1839/1748 1785/1876/1785
f 1766/1857/1766 1777/1868/1777 1718/1809/1718
f 1729/1820/1729 1730/1821/1730 1835/1926/1835
f 1910/2001/1910 1909/2000/1909 1749/1840/1749
f 1726/1817/1726 1727/1818/1727 1746/1837/1746
f 922/1785/922 2159/2250/2159 921/1784/921
f 1726/1817/1726 1848/1939/1848 1763/1854/1763
f 1762/1853/1762 1724/1815/1724 1725/1816/1725
f 1785/1876/1785 1784/1875/1784 1774/1865/1774
f 1738/1829/1738 1739/1830/1739 1996/2087/1996
f 1839/1930/1839 1837/1928/1837 1905/1996/1905
f 2643/2734/2643 2642/2733/2642 2634/2725/2634
f 2115/2206/2115 1888/1979/1888 1998/2089/1998
f 1758/1849/1758 1759/1850/1759 1846/1937/1846
f 1798/1889/1798 2038/2129/2038 2040/2131/2040
f 1838/1929/1838 903/1766/903 904/1767/904
f 1878/1969/1878 1981/2072/1981 2101/2192/2101
f 1765/1856/1765 1713/1760/1713 1714/1761/1714
f 1830/1921/1830 1892/1983/1892 1829/1920/1829
f 901/1764/901 902/1765/902 1748/1839/1748
f 1781/1872/1781 1784/1875/1784 1785/1876/1785
f 1774/1865/1774 1715/1762/1715 1716/1763/1716
f 1782/1873/1782 1775/1866/1775 1783/1874/1783
f 901/1764/901 1748/1839/1748 1716/1763/1716
f 2171/2262/2171 1975/2066/1975 2082/2173/2082
f 1831/1922/1831 2024/2115/2024 2037/2128/2037
f 1756/1847/1756 1865/1956/1865 1864/1955/1864
f 1774/1865/1774 1784/1875/1784 1773/1864/1773
f 1848/1939/1848 1746/1837/1746 1849/1940/1849
f 1770/1861/1770 1769/1860/1769 1722/1813/1722
f 1782/1873/1782 1779/1870/1779 1756/1847/1756
f 1846/1937/1846 1752/1843/1752 1758/1849/1758
f 1801/1892/1801 2341/2432/2341 1844/1935/1844
f 1895/1986/1895 888/1750/888 1892/1983/1892
f 1759/1850/1759 1710/1757/1710 1711/1758/1711
f 1941/2032/1941 1917/2008/1917 1805/1896/1805
f 910/1773/910 911/1774/911 1983/2074/1983
f 1761/1852/1761 1859/1950/1859 1771/1862/1771
f 905/1768/905 1905/1996/1905 904/1767/904
f 1776/1867/1776 1778/1869/1778 1767/1858/1767
f 1912/2003/1912 1911/2002/1911 1910/2001/1910
f 1845/1936/1845 1924/2015/1924 1752/1843/1752
f 1777/1868/1777 1766/1857/1766 1768/1859/1768
f 883/1745/883 884/1746/884 1977/2068/1977
f 1988/2079/1988 1990/2081/1990 2100/2191/2100
f 2102/2193/2102 1988/2079/1988 913/1776/913
f 903/1766/903 1786/1877/1786 1785/1876/1785
f 1968/2059/1968 916/1779/916 917/1780/917
f 1716/1763/1716 1748/1839/1748 1774/1865/1774
f 1839/1930/1839 1906/1997/1906 1907/1998/1907
f 914/1777/914 915/1778/915 2067/2158/2067
f 1863/1954/1863 2279/2370/2279 1753/1844/1753
f 2091/2182/2091 2090/2181/2090 1879/1970/1879
f 1937/2028/1937 1938/2029/1938 1941/2032/1941
f 1731/1822/1731 1732/1823/1732 1896/1987/1896
f 1964/2055/1964 917/1780/917 918/1781/918
f 2245/2336/2245 2070/2161/2070 2232/2323/2232
f 2159/2250/2159 2076/2167/2076 2078/2169/2078
f 1710/1757/1710 1759/1850/1759 1758/1849/1758
f 2155/2246/2155 2077/2168/2077 2154/2245/2154
f 1765/1856/1765 1780/1871/1780 1779/1870/1779
f 1766/1857/1766 1854/1945/1854 1757/1848/1757
f 2069/2160/2069 1965/2056/1965 2068/2159/2068
f 1764/1855/1764 1762/1853/1762 1851/1942/1851
f 875/1737/875 876/1738/876 1956/2047/1956
f 1768/1859/1768 1757/1848/1757 1842/1933/1842
f 917/1780/917 1964/2055/1964 1968/2059/1968
f 1777/1868/1777 1768/1859/1768 1856/1947/1856
f 925/1788/925 926/1789/926 2079/2170/2079
f 2076/2167/2076 922/1785/922 923/1786/923
f 943/1806/943 944/1807/944 1751/1842/1751
f 1845/1936/1845 1844/1935/1844 1743/1834/1743
f 2156/2247/2156 2158/2249/2158 1873/1964/1873
f 2074/2165/2074 868/1730/868 869/1731/869
f 1778/1869/1778 1720/1811/1720 1721/1812/1721
f 2645/2736/2645 2172/2263/2172 2258/2349/2258
f 1769/1860/1769 1721/1812/1721 1722/1813/1722
f 1780/1871/1780 1714/1761/1714 1715/1762/1715
f 2166/2257/2166 2080/2171/2080 2169/2260/2169
f 1771/1862/1771 1769/1860/1769 1761/1852/1761
f 1826/1917/1826 1886/1977/1886 1823/1914/1823
f 1766/1857/1766 1757/1848/1757 1768/1859/1768
f 1857/1948/1857 1761/1852/1761 1770/1861/1770
f 1778/1869/1778 1769/1860/1769 1771/1862/1771
f 1859/1950/1859 1860/1951/1860 1808/1899/1808
f 1780/1871/1780 1765/1856/1765 1714/1761/1714
f 1719/1810/1719 1766/1857/1766 1718/1809/1718
f 1784/1875/1784 1781/1872/1781 1912/2003/1912
f 1717/1808/1717 1751/1842/1751 944/1807/944
f 1718/1809/1718 1777/1868/1777 1717/1808/1717
f 1753/1844/1753 1811/1902/1811 1810/1901/1810
f 1751/1842/1751 1777/1868/1777 1856/1947/1856
f 1722/1813/1722 1723/1814/1723 1770/1861/1770
f 1791/1882/1791 1827/1918/1827 1824/1915/1824
f 2260/2351/2260 927/1790/927 2081/2172/2081
f 1837/1928/1837 1909/2000/1909 1911/2002/1911
f 1713/1760/1713 1783/1874/1783 1712/1759/1712
f 932/1795/932 933/1796/933 2034/2125/2034
f 2036/2127/2036 2129/2220/2129 2034/2125/2034
f 935/1798/935 936/1799/936 2055/2146/2055
f 1809/1900/1809 1782/1873/1782 1756/1847/1756
f 2214/2305/2214 2215/2306/2215 2216/2307/2216
f 2027/2118/2027 1928/2019/1928 2023/2114/2023
f 2297/2388/2297 2310/2401/2310 2255/2346/2255
f 2034/2125/2034 2035/2126/2035 1901/1992/1901
f 1865/1956/1865 1779/1870/1779 1773/1864/1773
f 2133/2224/2133 937/1800/937 1921/2012/1921
f 1841/1932/1841 1916/2007/1916 1840/1931/1840
f 942/1805/942 1840/1931/1840 941/1804/941
f 2282/2373/2282 2344/2435/2344 2343/2434/2343
f 861/1723/861 1827/1918/1827 1889/1980/1889
f 1723/1814/1723 1724/1815/1724 1772/1863/1772
f 1734/1825/1734 1898/1989/1898 1733/1824/1733
f 1802/1893/1802 890/1752/890 891/1753/891
f 941/1804/941 1916/2007/1916 940/1803/940
f 1794/1885/1794 2018/2109/2018 1830/1921/1830
f 939/1802/939 940/1803/940 1913/2004/1913
f 938/1801/938 1921/2012/1921 937/1800/937
f 1876/1967/1876 1977/2068/1977 2198/2289/2198
f 2022/2113/2022 1897/1988/1897 2021/2112/2021
f 931/1794/931 932/1795/932 2129/2220/2129
f 903/1766/903 1785/1876/1785 902/1765/902
f 1/1722/1 861/1723/861 1792/1883/1792
f 2447/2538/2447 1818/1909/1818 2301/2392/2301
f 1810/1901/1810 1775/1866/1775 1863/1954/1863
f 1850/1941/1850 1925/2016/1925 1852/1943/1852
f 867/1729/867 2071/2162/2071 866/1728/866
f 1855/1946/1855 942/1805/942 943/1806/943
f 1841/1932/1841 1915/2006/1915 1913/2004/1913
f 2056/2147/2056 2058/2149/2058 2057/2148/2057
f 1833/1924/1833 2208/2299/2208 2210/2301/2210
f 1811/1902/1811 1759/1850/1759 1810/1901/1810
f 1753/1844/1753 2279/2370/2279 2283/2374/2283
f 1845/1936/1845 1752/1843/1752 1844/1935/1844
f 1829/1920/1829 1802/1893/1802 1794/1885/1794
f 1803/1894/1803 1849/1940/1849 1835/1926/1835
f 1850/1941/1850 1803/1894/1803 1797/1888/1797
f 1927/2018/1927 1804/1895/1804 1747/1838/1747
f 1860/1951/1860 1807/1898/1807 1933/2024/1933
f 1771/1862/1771 1859/1950/1859 1862/1953/1862
f 1935/2026/1935 1937/2028/1937 1808/1899/1808
f 1920/2011/1920 1768/1859/1768 1842/1933/1842
f 1806/1897/1806 1920/2011/1920 1840/1931/1840
f 1764/1855/1764 1858/1949/1858 1770/1861/1770
f 1927/2018/1927 1929/2020/1929 1931/2022/1931
f 1808/1899/1808 1860/1951/1860 1935/2026/1935
f 1771/1862/1771 1862/1953/1862 1767/1858/1767
f 1756/1847/1756 1864/1955/1864 1809/1900/1809
f 2282/2373/2282 2280/2371/2280 1749/1840/1749
f 1812/1903/1812 1759/1850/1759 1711/1758/1711
f 1810/1901/1810 1812/1903/1812 1783/1874/1783
f 2283/2374/2283 1811/1902/1811 1753/1844/1753
f 1811/1902/1811 1801/1892/1801 1846/1937/1846
f 1783/1874/1783 1812/1903/1812 1712/1759/1712
f 1759/1850/1759 1812/1903/1812 1810/1901/1810
f 2059/2150/2059 2060/2151/2060 1957/2048/1957
f 2398/2489/2398 2397/2488/2397 2489/2580/2489
f 2453/2544/2453 2455/2546/2455 2326/2417/2326
f 1986/2077/1986 2093/2184/2093 2095/2186/2095
f 920/1783/920 2069/2160/2069 919/1782/919
f 2141/2232/2141 2245/2336/2245 1869/1960/1869
f 1796/1887/1796 2363/2454/2363 2468/2559/2468
f 1888/1979/1888 2000/2091/2000 1824/1915/1824
f 1971/2062/1971 2515/2606/2515 2152/2243/2152
f 1815/1906/1815 2234/2325/2234 2235/2326/2235
f 928/1791/928 2081/2172/2081 927/1790/927
f 2080/2171/2080 2302/2393/2302 2167/2258/2167
f 885/1747/885 886/1748/886 2015/2106/2015
f 2179/2270/2179 2180/2271/2180 2181/2272/2181
f 2418/2509/2418 2044/2135/2044 2039/2130/2039
f 1839/1930/1839 1907/1998/1907 2038/2129/2038
f 1988/2079/1988 912/1775/912 913/1776/913
f 2106/2197/2106 1821/1912/1821 2104/2195/2104
f 2005/2096/2005 2008/2099/2008 2004/2095/2004
f 2443/2534/2443 1788/1879/1788 2441/2532/2441
f 1885/1976/1885 1826/1917/1826 1823/1914/1823
f 2005/2096/2005 2006/2097/2006 1790/1881/1790
f 1998/2089/1998 863/1725/863 864/1726/864
f 1824/1915/1824 1790/1881/1790 1886/1977/1886
f 2148/2239/2148 2073/2164/2073 2250/2341/2250
f 2607/2698/2607 2602/2693/2602 2610/2701/2610
f 1889/1980/1889 1742/1833/1742 1792/1883/1792
f 1826/1917/1826 1791/1882/1791 1886/1977/1886
f 1827/1918/1827 862/1724/862 1887/1978/1887
f 1791/1882/1791 1826/1917/1826 1889/1980/1889
f 2195/2286/2195 2117/2208/2117 2116/2207/2116
f 1891/1982/1891 2015/2106/2015 1890/1981/1890
f 1802/1893/1802 1829/1920/1829 890/1752/890
f 1830/1921/1830 1829/1920/1829 1794/1885/1794
f 1794/1885/1794 1845/1936/1845 1894/1985/1894
f 2019/2110/2019 2020/2111/2020 1895/1986/1895
f 1747/1838/1747 1925/2016/1925 1903/1994/1903
f 1836/1927/1836 1797/1888/1797 1835/1926/1835
f 1898/1989/1898 1734/1825/1734 1900/1991/1900
f 1735/1826/1735 1736/1827/1736 2033/2124/2033
f 2125/2216/2125 2126/2217/2126 2035/2126/2035
f 1818/1909/1818 2303/2394/2303 2301/2392/2301
f 1738/1829/1738 2611/2702/2611 2114/2205/2114
f 1953/2044/1953 2373/2464/2373 2293/2384/2293
f 1904/1995/1904 1730/1821/1730 1731/1822/1731
f 1803/1894/1803 1835/1926/1835 1797/1888/1797
f 1904/1995/1904 1835/1926/1835 1730/1821/1730
f 1836/1927/1836 1904/1995/1904 1896/1987/1896
f 1798/1889/1798 2048/2139/2048 1908/1999/1908
f 1838/1929/1838 1781/1872/1781 1786/1877/1786
f 903/1766/903 1838/1929/1838 1786/1877/1786
f 1905/1996/1905 1838/1929/1838 904/1767/904
f 1907/1998/1907 906/1769/906 907/1770/907
f 1839/1930/1839 2038/2129/2038 1908/1999/1908
f 1840/1931/1840 942/1805/942 1855/1946/1855
f 1840/1931/1840 1799/1890/1799 1841/1932/1841
f 2050/2141/2050 1915/2006/1915 1841/1932/1841
f 1913/2004/1913 2051/2142/2051 1922/2013/1922
f 1917/2008/1917 1842/1933/1842 1757/1848/1757
f 1842/1933/1842 1918/2009/1918 1920/2011/1920
f 1922/2013/1922 939/1802/939 1913/2004/1913
f 2359/2450/2359 2352/2443/2352 2353/2444/2353
f 1894/1985/1894 1743/1834/1743 2686/2777/2686
f 1846/1937/1846 1844/1935/1844 1752/1843/1752
f 1802/1893/1802 1924/2015/1924 1794/1885/1794
f 1924/2015/1924 1802/1893/1802 1847/1938/1847
f 1811/1902/1811 1846/1937/1846 1759/1850/1759
f 1844/1935/1844 1846/1937/1846 1801/1892/1801
f 1924/2015/1924 1847/1938/1847 1760/1851/1760
f 891/1753/891 1847/1938/1847 1802/1893/1802
f 1849/1940/1849 1746/1837/1746 1728/1819/1728
f 1850/1941/1850 1848/1939/1848 1803/1894/1803
f 1835/1926/1835 1849/1940/1849 1729/1820/1729
f 1848/1939/1848 1849/1940/1849 1803/1894/1803
f 1925/2016/1925 1850/1941/1850 1797/1888/1797
f 1926/2017/1926 1850/1941/1850 1755/1846/1755
f 1852/1943/1852 1851/1942/1851 1755/1846/1755
f 1858/1949/1858 1851/1942/1851 1804/1895/1804
f 1850/1941/1850 1852/1943/1852 1755/1846/1755
f 1747/1838/1747 1804/1895/1804 1852/1943/1852
f 1930/2021/1930 1747/1838/1747 1928/2019/1928
f 1939/2030/1939 1933/2024/1933 1932/2023/1932
f 1862/1953/1862 1854/1945/1854 1767/1858/1767
f 1917/2008/1917 1854/1945/1854 1805/1896/1805
f 1856/1947/1856 943/1806/943 1751/1842/1751
f 1840/1931/1840 1855/1946/1855 1806/1897/1806
f 1920/2011/1920 1856/1947/1856 1768/1859/1768
f 1855/1946/1855 1856/1947/1856 1806/1897/1806
f 1858/1949/1858 1857/1948/1857 1770/1861/1770
f 1860/1951/1860 1857/1948/1857 1807/1898/1807
f 1858/1949/1858 1764/1855/1764 1851/1942/1851
f 1857/1948/1857 1858/1949/1858 1807/1898/1807
f 1860/1951/1860 1859/1950/1859 1761/1852/1761
f 1862/1953/1862 1859/1950/1859 1808/1899/1808
f 1860/1951/1860 1761/1852/1761 1857/1948/1857
f 1935/2026/1935 1860/1951/1860 1754/1845/1754
f 1935/2026/1935 1754/1845/1754 1939/2030/1939
f 1947/2038/1947 1950/2041/1950 1944/2035/1944
f 1937/2028/1937 1862/1953/1862 1808/1899/1808
f 1854/1945/1854 1862/1953/1862 1805/1896/1805
f 1810/1901/1810 1863/1954/1863 1753/1844/1753
f 1782/1873/1782 1863/1954/1863 1775/1866/1775
f 1779/1870/1779 1865/1956/1865 1756/1847/1756
f 2280/2371/2280 1864/1955/1864 1749/1840/1749
f 1912/2003/1912 1773/1864/1773 1784/1875/1784
f 1838/1929/1838 1911/2002/1911 1781/1872/1781
f 1956/2047/1956 2059/2150/2059 1959/2050/1959
f 2376/2467/2376 2380/2471/2380 1866/1957/1866
f 880/1742/880 881/1743/881 2086/2177/2086
f 2327/2418/2327 2329/2420/2329 2335/2426/2335
f 2488/2579/2488 2459/2550/2459 2485/2576/2485
f 2311/2402/2311 2310/2401/2310 2308/2399/2308
f 916/1779/916 2231/2322/2231 2142/2233/2142
f 2103/2194/2103 2186/2277/2186 1995/2086/1995
f 1964/2055/1964 2068/2159/2068 1967/2058/1967
f 1966/2057/1966 2232/2323/2232 2070/2161/2070
f 2621/2712/2621 2622/2713/2622 2559/2650/2559
f 2115/2206/2115 2149/2240/2149 1999/2090/1999
f 2074/2165/2074 2075/2166/2075 1970/2061/1970
f 2227/2318/2227 2139/2230/2139 871/1733/871
f 2077/2168/2077 1972/2063/1972 2076/2167/2076
f 2140/2231/2140 2383/2474/2383 2235/2326/2235
f 2158/2249/2158 2297/2388/2297 2299/2390/2299
f 1972/2063/1972 2077/2168/2077 2156/2247/2156
f 2081/2172/2081 2082/2173/2082 1975/2066/1975
f 2262/2353/2262 930/1793/930 2131/2222/2131
f 885/1747/885 2015/2106/2015 2017/2108/2017
f 1978/2069/1978 1977/2068/1977 2174/2265/2174
f 2201/2292/2201 2267/2358/2267 2288/2379/2288
f 2063/2154/2063 2219/2310/2219 1961/2052/1961
f 2087/2178/2087 1980/2071/1980 909/1772/909
f 2038/2129/2038 1798/1889/1798 1908/1999/1908
f 2112/2203/2112 2092/2183/2092 2194/2285/2194
f 1980/2071/1980 1981/2072/1981 1878/1969/1878
f 2067/2158/2067 1989/2080/1989 2102/2193/2102
f 1869/1960/1869 1995/2086/1995 1992/2083/1992
f 2007/2098/2007 1822/1913/1822 2006/2097/2006
f 2011/2102/2011 2601/2692/2601 2013/2104/2013
f 1740/1831/1740 1885/1976/1885 1883/1974/1883
f 1884/1975/1884 1882/1973/1882 1822/1913/1822
f 1823/1914/1823 1886/1977/1886 2009/2100/2009
f 1822/1913/1822 1882/1973/1882 1883/1974/1883
f 2007/2098/2007 2012/2103/2012 2014/2105/2014
f 1884/1975/1884 1881/1972/1881 1996/2087/1996
f 1826/1917/1826 1885/1976/1885 1741/1832/1741
f 1883/1974/1883 1885/1976/1885 1823/1914/1823
f 1824/1915/1824 1886/1977/1886 1791/1882/1791
f 2009/2100/2009 1886/1977/1886 1790/1881/1790
f 1887/1978/1887 863/1725/863 1998/2089/1998
f 1827/1918/1827 1887/1978/1887 1824/1915/1824
f 2115/2206/2115 864/1726/864 865/1727/865
f 1824/1915/1824 2000/2091/2000 1790/1881/1790
f 861/1723/861 1889/1980/1889 1792/1883/1792
f 1791/1882/1791 1889/1980/1889 1827/1918/1827
f 1895/1986/1895 1890/1981/1890 887/1749/887
f 1890/1981/1890 1828/1919/1828 2195/2286/2195
f 2195/2286/2195 2116/2207/2116 2199/2290/2199
f 885/1747/885 2017/2108/2017 884/1746/884
f 1829/1920/1829 1892/1983/1892 889/1751/889
f 1895/1986/1895 1892/1983/1892 1830/1921/1830
f 2686/2777/2686 2281/2372/2281 2419/2510/2419
f 2019/2110/2019 1893/1984/1893 1793/1884/1793
f 1743/1834/1743 1894/1985/1894 1845/1936/1845
f 2018/2109/2018 1894/1985/1894 1893/1984/1893
f 2019/2110/2019 1895/1986/1895 1830/1921/1830
f 1890/1981/1890 1895/1986/1895 1828/1919/1828
f 2032/2123/2032 1732/1823/1732 1733/1824/1733
f 1836/1927/1836 1896/1987/1896 1831/1922/1831
f 2032/2123/2032 1896/1987/1896 1732/1823/1732
f 1897/1988/1897 2032/2123/2032 1898/1989/1898
f 1735/1826/1735 2123/2214/2123 1900/1991/1900
f 1897/1988/1897 1898/1989/1898 1832/1923/1832
f 2123/2214/2123 2033/2124/2033 2202/2293/2202
f 2123/2214/2123 2202/2293/2202 1899/1990/1899
f 1735/1826/1735 1900/1991/1900 1734/1825/1734
f 1900/1991/1900 1899/1990/1899 2642/2733/2642
f 2125/2216/2125 2034/2125/2034 933/1796/933
f 2034/2125/2034 2211/2302/2211 2036/2127/2036
f 2114/2205/2114 1737/1828/1737 1738/1829/1738
f 2595/2686/2595 2590/2681/2590 2592/2683/2592
f 2022/2113/2022 1831/1922/1831 1897/1988/1897
f 1927/2018/1927 1930/2021/1930 1853/1944/1853
f 1896/1987/1896 1904/1995/1904 1731/1822/1731
f 1835/1926/1835 1904/1995/1904 1836/1927/1836
f 1905/1996/1905 905/1768/905 1906/1997/1906
f 1838/1929/1838 1905/1996/1905 1837/1928/1837
f 1907/1998/1907 1906/1997/1906 906/1769/906
f 1905/1996/1905 1906/1997/1906 1839/1930/1839
f 2088/2179/2088 908/1771/908 1982/2073/1982
f 2038/2129/2038 2132/2223/2132 2040/2131/2040
f 2048/2139/2048 2043/2134/2043 2045/2136/2045
f 1837/1928/1837 1839/1930/1839 1908/1999/1908
f 1749/1840/1749 1864/1955/1864 1910/2001/1910
f 1837/1928/1837 1908/1999/1908 1909/2000/1909
f 1864/1955/1864 1865/1956/1865 1910/2001/1910
f 1910/2001/1910 1865/1956/1865 1912/2003/1912
f 1837/1928/1837 1911/2002/1911 1838/1929/1838
f 1911/2002/1911 1909/2000/1909 1910/2001/1910
f 1912/2003/1912 1865/1956/1865 1773/1864/1773
f 1781/1872/1781 1911/2002/1911 1912/2003/1912
f 1919/2010/1919 2050/2141/2050 1918/2009/1918
f 1921/2012/1921 1922/2013/1922 2052/2143/2052
f 1750/1841/1750 1943/2034/1943 1919/2010/1919
f 1914/2005/1914 1947/2038/1947 1952/2043/1952
f 2050/2141/2050 1919/2010/1919 2049/2140/2049
f 2054/2145/2054 2053/2144/2053 1952/2043/1952
f 1840/1931/1840 1916/2007/1916 941/1804/941
f 1913/2004/1913 1916/2007/1916 1841/1932/1841
f 1917/2008/1917 1757/1848/1757 1854/1945/1854
f 1918/2009/1918 1917/2008/1917 1750/1841/1750
f 1918/2009/1918 1750/1841/1750 1919/2010/1919
f 1920/2011/1920 1918/2009/1918 1799/1890/1799
f 1750/1841/1750 1941/2032/1941 1938/2029/1938
f 1915/2006/1915 2049/2140/2049 1914/2005/1914
f 1840/1931/1840 1920/2011/1920 1799/1890/1799
f 1920/2011/1920 1806/1897/1806 1856/1947/1856
f 938/1801/938 939/1802/939 1922/2013/1922
f 1923/2014/1923 2055/2146/2055 2216/2307/2216
f 1913/2004/1913 1915/2006/1915 2051/2142/2051
f 938/1801/938 1922/2013/1922 1921/2012/1921
f 2215/2306/2215 1923/2014/1923 2216/2307/2216
f 2035/2126/2035 2128/2219/2128 2206/2297/2206
f 1752/1843/1752 1924/2015/1924 1760/1851/1760
f 1794/1885/1794 1924/2015/1924 1845/1936/1845
f 1925/2016/1925 1797/1888/1797 2037/2128/2037
f 1852/1943/1852 1925/2016/1925 1747/1838/1747
f 1762/1853/1762 1926/2017/1926 1755/1846/1755
f 1848/1939/1848 1926/2017/1926 1763/1854/1763
f 1747/1838/1747 1903/1994/1903 2026/2117/2026
f 1927/2018/1927 1853/1944/1853 1929/2020/1929
f 2024/2115/2024 2023/2114/2023 2026/2117/2026
f 2023/2114/2023 1795/1886/1795 2028/2119/2028
f 1934/2025/1934 1929/2020/1929 1853/1944/1853
f 1860/1951/1860 1933/2024/1933 1754/1845/1754
f 1747/1838/1747 1930/2021/1930 1927/2018/1927
f 2612/2703/2612 1928/2019/1928 2027/2118/2027
f 1858/1949/1858 1931/2022/1931 1807/1898/1807
f 1927/2018/1927 1931/2022/1931 1804/1895/1804
f 1930/2021/1930 2612/2703/2612 1853/1944/1853
f 1935/2026/1935 1936/2027/1936 1861/1952/1861
f 1807/1898/1807 1929/2020/1929 1933/2024/1933
f 1933/2024/1933 1929/2020/1929 1934/2025/1934
f 2030/2121/2030 1934/2025/1934 1853/1944/1853
f 1933/2024/1933 1934/2025/1934 1932/2023/1932
f 1935/2026/1935 1939/2030/1939 1936/2027/1936
f 1937/2028/1937 1935/2026/1935 1861/1952/1861
f 2031/2122/2031 1945/2036/1945 1932/2023/1932
f 1939/2030/1939 1945/2036/1945 1936/2027/1936
f 1937/2028/1937 1861/1952/1861 1938/2029/1938
f 1937/2028/1937 1805/1896/1805 1862/1953/1862
f 1861/1952/1861 1949/2040/1949 1948/2039/1948
f 1750/1841/1750 1938/2029/1938 1943/2034/1943
f 1933/2024/1933 1939/2030/1939 1754/1845/1754
f 1945/2036/1945 1939/2030/1939 1932/2023/1932
f 1955/2046/1955 2057/2148/2057 1954/2045/1954
f 1914/2005/1914 1950/2041/1950 1947/2038/1947
f 1917/2008/1917 1941/2032/1941 1750/1841/1750
f 1937/2028/1937 1941/2032/1941 1805/1896/1805
f 1949/2040/1949 1861/1952/1861 1936/2027/1936
f 2135/2226/2135 2056/2147/2056 2217/2308/2217
f 1944/2035/1944 1943/2034/1943 1938/2029/1938
f 1919/2010/1919 1943/2034/1943 1950/2041/1950
f 1861/1952/1861 1944/2035/1944 1938/2029/1938
f 1944/2035/1944 1942/2033/1942 1947/2038/1947
f 2031/2122/2031 1932/2023/1932 2030/2121/2030
f 1946/2037/1946 1945/2036/1945 1940/2031/1940
f 1946/2037/1946 1949/2040/1949 1945/2036/1945
f 2135/2226/2135 1940/2031/1940 2031/2122/2031
f 1942/2033/1942 1951/2042/1951 1947/2038/1947
f 1947/2038/1947 1951/2042/1951 1952/2043/1952
f 1861/1952/1861 1948/2039/1948 1944/2035/1944
f 2134/2225/2134 1948/2039/1948 1946/2037/1946
f 1945/2036/1945 1949/2040/1949 1936/2027/1936
f 1948/2039/1948 1949/2040/1949 1946/2037/1946
f 1950/2041/1950 1914/2005/1914 2049/2140/2049
f 1944/2035/1944 1950/2041/1950 1943/2034/1943
f 2134/2225/2134 1942/2033/1942 1948/2039/1948
f 1952/2043/1952 1951/2042/1951 1800/1891/1800
f 2348/2439/2348 2425/2516/2425 2346/2437/2346
f 2053/2144/2053 2054/2145/2054 2052/2143/2052
f 2291/2382/2291 2135/2226/2135 1745/1836/1745
f 1800/1891/1800 1951/2042/1951 1955/2046/1955
f 2361/2452/2361 2363/2454/2363 2365/2456/2365
f 2353/2444/2353 2357/2448/2357 2358/2449/2358
f 1942/2033/1942 2134/2225/2134 2057/2148/2057
f 2349/2440/2349 1955/2046/1955 1954/2045/1954
f 2059/2150/2059 876/1738/876 877/1739/877
f 1866/1957/1866 1958/2049/1958 1960/2051/1960
f 2060/2151/2060 877/1739/877 878/1740/878
f 2224/2315/2224 2223/2314/2223 2374/2465/2374
f 2376/2467/2376 1866/1957/1866 2294/2385/2294
f 2061/2152/2061 2136/2227/2136 2436/2527/2436
f 2059/2150/2059 1956/2047/1956 876/1738/876
f 1959/2050/1959 1957/2048/1957 2382/2473/2382
f 1866/1957/1866 1960/2051/1960 1956/2047/1956
f 1960/2051/1960 1958/2049/1958 2136/2227/2136
f 2063/2154/2063 2138/2229/2138 2086/2177/2086
f 2219/2310/2219 2222/2313/2222 1961/2052/1961
f 2061/2152/2061 873/1735/873 874/1736/874
f 2151/2242/2151 1970/2061/1970 2075/2166/2075
f 2231/2322/2231 2070/2161/2070 2142/2233/2142
f 1992/2083/1992 1991/2082/1991 1989/2080/1989
f 2068/2159/2068 918/1781/918 919/1782/919
f 1870/1961/1870 1966/2057/1966 1968/2059/1968
f 2256/2347/2256 2078/2169/2078 2163/2254/2163
f 2230/2321/2230 2140/2231/2140 2236/2327/2236
f 2237/2328/2237 2233/2324/2233 2234/2325/2234
f 2141/2232/2141 1869/1960/1869 1993/2084/1993
f 2068/2159/2068 1964/2055/1964 918/1781/918
f 2236/2327/2236 2235/2326/2235 2234/2325/2234
f 1870/1961/1870 1968/2059/1968 1964/2055/1964
f 1968/2059/1968 1966/2057/1966 2231/2322/2231
f 2144/2235/2144 867/1729/867 868/1730/868
f 1969/2060/1969 1871/1962/1871 2148/2239/2148
f 2150/2241/2150 869/1731/869 870/1732/870
f 2145/2236/2145 2072/2163/2072 1970/2061/1970
f 2452/2543/2452 2473/2564/2473 2317/2408/2317
f 2494/2585/2494 2507/2598/2507 2511/2602/2511
f 2154/2245/2154 923/1786/923 924/1787/924
f 2160/2251/2160 2078/2169/2078 1972/2063/1972
f 2162/2253/2162 2161/2252/2161 1973/2064/1973
f 1965/2056/1965 2069/2160/2069 2230/2321/2230
f 2260/2351/2260 2169/2260/2169 2080/2171/2080
f 1974/2065/1974 2251/2342/2251 2155/2246/2155
f 2170/2261/2170 928/1791/928 929/1792/929
f 2171/2262/2171 2169/2260/2169 1975/2066/1975
f 2129/2220/2129 2131/2222/2131 931/1794/931
f 2666/2757/2666 2667/2758/2667 2663/2754/2663
f 2017/2108/2017 1977/2068/1977 884/1746/884
f 1977/2068/1977 1876/1967/1876 2174/2265/2174
f 2174/2265/2174 2175/2266/2175 2084/2175/2084
f 2178/2269/2178 2085/2176/2085 2177/2268/2177
f 2219/2310/2219 2221/2312/2221 2222/2313/2222
f 2179/2270/2179 2220/2311/2220 1979/2070/1979
f 2087/2178/2087 909/1772/909 910/1773/910
f 1982/2073/1982 1980/2071/1980 1878/1969/1878
f 2087/2178/2087 1983/2074/1983 1985/2076/1985
f 1986/2077/1986 2101/2192/2101 1985/2076/1985
f 2098/2189/2098 2039/2130/2039 2041/2132/2041
f 2088/2179/2088 1907/1998/1907 907/1770/907
f 911/1774/911 912/1775/912 2100/2191/2100
f 1983/2074/1983 1987/2078/1987 1985/2076/1985
f 1985/2076/1985 1987/2078/1987 1879/1970/1879
f 2100/2191/2100 1987/2078/1987 1983/2074/1983
f 1985/2076/1985 1879/1970/1879 2093/2184/2093
f 2087/2178/2087 1985/2076/1985 1981/2072/1981
f 1987/2078/1987 2091/2182/2091 1879/1970/1879
f 2097/2188/2097 1986/2077/1986 2096/2187/2096
f 2100/2191/2100 1983/2074/1983 911/1774/911
f 2091/2182/2091 1984/2075/1984 2089/2180/2089
f 913/1776/913 914/1777/914 2102/2193/2102
f 1988/2079/1988 1991/2082/1991 1990/2081/1990
f 1993/2084/1993 1869/1960/1869 1992/2083/1992
f 1990/2081/1990 1991/2082/1991 1880/1971/1880
f 2089/2180/2089 1990/2081/1990 1880/1971/1880
f 1990/2081/1990 1984/2075/1984 2100/2191/2100
f 1988/2079/1988 1989/2080/1989 1991/2082/1991
f 1989/2080/1989 1993/2084/1993 1992/2083/1992
f 1869/1960/1869 2246/2337/2246 1995/2086/1995
f 1991/2082/1991 1992/2083/1992 2186/2277/2186
f 1989/2080/1989 1963/2054/1963 1993/2084/1993
f 1993/2084/1993 1963/2054/1963 2141/2232/2141
f 1994/2085/1994 2107/2198/2107 2103/2194/2103
f 2103/2194/2103 2104/2195/2104 2186/2277/2186
f 2246/2337/2246 1869/1960/1869 2245/2336/2245
f 2103/2194/2103 1995/2086/1995 1994/2085/1994
f 1884/1975/1884 1996/2087/1996 1739/1830/1739
f 1881/1972/1881 2607/2698/2607 2611/2702/2611
f 2602/2693/2602 2607/2698/2607 2608/2699/2608
f 2204/2295/2204 1902/1993/1902 2203/2294/2203
f 1998/2089/1998 864/1726/864 2115/2206/2115
f 1887/1978/1887 1998/2089/1998 1888/1979/1888
f 2149/2240/2149 2073/2164/2073 1999/2090/1999
f 1888/1979/1888 2002/2093/2002 2001/2092/2001
f 1888/1979/1888 2001/2092/2001 2000/2091/2000
f 2000/2091/2000 2001/2092/2001 2008/2099/2008
f 2002/2093/2002 1888/1979/1888 1999/2090/1999
f 1825/1916/1825 2004/2095/2004 2001/2092/2001
f 2073/2164/2073 2002/2093/2002 1999/2090/1999
f 1825/1916/1825 2001/2092/2001 2002/2093/2002
f 2628/2719/2628 2623/2714/2623 1816/1907/1816
f 2013/2104/2013 2014/2105/2014 2012/2103/2012
f 2624/2715/2624 1825/1916/1825 2630/2721/2630
f 2005/2096/2005 2004/2095/2004 2003/2094/2003
f 2007/2098/2007 2006/2097/2006 2005/2096/2005
f 1790/1881/1790 2000/2091/2000 2008/2099/2008
f 1883/1974/1883 1823/1914/1823 2009/2100/2009
f 2007/2098/2007 2005/2096/2005 2003/2094/2003
f 2007/2098/2007 2003/2094/2003 2012/2103/2012
f 2014/2105/2014 1884/1975/1884 1822/1913/1822
f 2004/2095/2004 2008/2099/2008 2001/2092/2001
f 1790/1881/1790 2008/2099/2008 2005/2096/2005
f 1790/1881/1790 2006/2097/2006 2009/2100/2009
f 1883/1974/1883 2009/2100/2009 2006/2097/2006
f 2548/2639/2548 2622/2713/2622 2628/2719/2628
f 2452/2543/2452 2536/2627/2536 2316/2407/2316
f 2004/2095/2004 1825/1916/1825 2624/2715/2624
f 1884/1975/1884 2014/2105/2014 1881/1972/1881
f 2632/2723/2632 2616/2707/2616 2012/2103/2012
f 2012/2103/2012 2011/2102/2011 2013/2104/2013
f 2601/2692/2601 2011/2102/2011 2572/2663/2572
f 2577/2668/2577 2010/2101/2010 2565/2656/2565
f 2007/2098/2007 2014/2105/2014 1822/1913/1822
f 2014/2105/2014 2013/2104/2013 2608/2699/2608
f 1890/1981/1890 2015/2106/2015 886/1748/886
f 2017/2108/2017 2015/2106/2015 1891/1982/1891
f 2283/2374/2283 1801/1892/1801 1811/1902/1811
f 2264/2355/2264 2190/2281/2190 2266/2357/2266
f 2122/2213/2122 2198/2289/2198 2199/2290/2199
f 2017/2108/2017 2198/2289/2198 1977/2068/1977
f 1894/1985/1894 2018/2109/2018 1794/1885/1794
f 2019/2110/2019 2018/2109/2018 1893/1984/1893
f 2019/2110/2019 1830/1921/1830 2018/2109/2018
f 2020/2111/2020 2019/2110/2019 1793/1884/1793
f 2020/2111/2020 1793/1884/1793 2117/2208/2117
f 1828/1919/1828 1895/1986/1895 2020/2111/2020
f 2643/2734/2643 2636/2727/2636 2639/2730/2639
f 2021/2112/2021 1795/1886/1795 2022/2113/2022
f 2023/2114/2023 2022/2113/2022 1795/1886/1795
f 2024/2115/2024 1903/1994/1903 2037/2128/2037
f 1795/1886/1795 2639/2730/2639 2638/2729/2638
f 2026/2117/2026 2023/2114/2023 1928/2019/1928
f 1831/1922/1831 2022/2113/2022 2024/2115/2024
f 2023/2114/2023 2024/2115/2024 2022/2113/2022
f 2595/2686/2595 2593/2684/2593 2594/2685/2594
f 2373/2464/2373 2291/2382/2291 2293/2384/2293
f 1747/1838/1747 2026/2117/2026 1928/2019/1928
f 2024/2115/2024 2026/2117/2026 1903/1994/1903
f 2025/2116/2025 2029/2120/2029 2027/2118/2027
f 2030/2121/2030 2612/2703/2612 2029/2120/2029
f 2025/2116/2025 2027/2118/2027 2028/2119/2028
f 2023/2114/2023 2028/2119/2028 2027/2118/2027
f 2292/2383/2292 2029/2120/2029 2025/2116/2025
f 2029/2120/2029 1745/1836/1745 2030/2121/2030
f 2031/2122/2031 2030/2121/2030 1745/1836/1745
f 1934/2025/1934 2030/2121/2030 1932/2023/1932
f 2135/2226/2135 2031/2122/2031 1745/1836/1745
f 1945/2036/1945 2031/2122/2031 1940/2031/1940
f 1898/1989/1898 2032/2123/2032 1733/1824/1733
f 1896/1987/1896 2032/2123/2032 1897/1988/1897
f 1737/1828/1737 2204/2295/2204 2289/2380/2289
f 2203/2294/2203 2124/2215/2124 2202/2293/2202
f 2125/2216/2125 933/1796/933 934/1797/934
f 1901/1992/1901 2211/2302/2211 2034/2125/2034
f 2126/2217/2126 934/1797/934 935/1798/935
f 2035/2126/2035 2126/2217/2126 2128/2219/2128
f 2208/2299/2208 2130/2221/2130 2211/2302/2211
f 931/1794/931 2131/2222/2131 930/1793/930
f 2037/2128/2037 1836/1927/1836 1831/1922/1831
f 1925/2016/1925 2037/2128/2037 1903/1994/1903
f 1907/1998/1907 2088/2179/2088 2132/2223/2132
f 2097/2188/2097 2098/2189/2098 2099/2190/2099
f 2092/2183/2092 2278/2369/2278 2095/2186/2095
f 2040/2131/2040 2043/2134/2043 1798/1889/1798
f 1907/1998/1907 2132/2223/2132 2038/2129/2038
f 2044/2135/2044 2043/2134/2043 2040/2131/2040
f 2099/2190/2099 1982/2073/1982 1878/1969/1878
f 2039/2130/2039 2040/2131/2040 2041/2132/2041
f 2422/2513/2422 2044/2135/2044 2418/2509/2418
f 2118/2209/2118 2284/2375/2284 2120/2211/2120
f 2044/2135/2044 2040/2131/2040 2039/2130/2039
f 2282/2373/2282 2045/2136/2045 2042/2133/2042
f 2277/2368/2277 2417/2508/2417 2416/2507/2416
f 2042/2133/2042 2043/2134/2043 2044/2135/2044
f 1749/1840/1749 1909/2000/1909 2045/2136/2045
f 2048/2139/2048 2045/2136/2045 1909/2000/1909
f 2193/2284/2193 2269/2360/2269 2191/2282/2191
f 2119/2210/2119 2120/2211/2120 2285/2376/2285
f 2098/2189/2098 2337/2428/2337 2418/2509/2418
f 2423/2514/2423 2424/2515/2424 2466/2557/2466
f 1908/1999/1908 2048/2139/2048 1909/2000/1909
f 2043/2134/2043 2048/2139/2048 1798/1889/1798
f 2050/2141/2050 2049/2140/2049 1915/2006/1915
f 1950/2041/1950 2049/2140/2049 1919/2010/1919
f 1841/1932/1841 1799/1890/1799 2050/2141/2050
f 1918/2009/1918 2050/2141/2050 1799/1890/1799
f 1915/2006/1915 1914/2005/1914 2053/2144/2053
f 1921/2012/1921 2052/2143/2052 1843/1934/1843
f 1922/2013/1922 2051/2142/2051 2052/2143/2052
f 2052/2143/2052 2051/2142/2051 2053/2144/2053
f 1915/2006/1915 2053/2144/2053 2051/2142/2051
f 1914/2005/1914 1952/2043/1952 2053/2144/2053
f 2425/2516/2425 1952/2043/1952 1800/1891/1800
f 2052/2143/2052 2054/2145/2054 1843/1934/1843
f 2133/2224/2133 2055/2146/2055 936/1799/936
f 2128/2219/2128 2205/2296/2205 2127/2218/2127
f 2217/2308/2217 1946/2037/1946 1940/2031/1940
f 2058/2149/2058 1954/2045/1954 2057/2148/2057
f 1955/2046/1955 1951/2042/1951 2057/2148/2057
f 1942/2033/1942 2057/2148/2057 1951/2042/1951
f 2373/2464/2373 2056/2147/2056 2135/2226/2135
f 2058/2149/2058 1953/2044/1953 2687/2778/2687
f 2060/2151/2060 2059/2150/2059 877/1739/877
f 1959/2050/1959 2059/2150/2059 1957/2048/1957
f 2062/2153/2062 2060/2151/2060 878/1740/878
f 2226/2317/2226 1961/2052/1961 2222/2313/2222
f 2379/2470/2379 2381/2472/2381 2436/2527/2436
f 2061/2152/2061 2435/2526/2435 2064/2155/2064
f 879/1741/879 880/1742/880 2138/2229/2138
f 2060/2151/2060 2062/2153/2062 1961/2052/1961
f 1961/2052/1961 2062/2153/2062 2063/2154/2063
f 2062/2153/2062 879/1741/879 2138/2229/2138
f 2061/2152/2061 2064/2155/2064 873/1735/873
f 2644/2735/2644 2066/2157/2066 1962/2053/1962
f 2229/2320/2229 2644/2735/2644 2434/2525/2434
f 2153/2244/2153 1971/2062/1971 2152/2243/2152
f 1962/2053/1962 2066/2157/2066 2064/2155/2064
f 2066/2157/2066 2065/2156/2065 2227/2318/2227
f 2142/2233/2142 2067/2158/2067 915/1778/915
f 1989/2080/1989 2067/2158/2067 1963/2054/1963
f 2069/2160/2069 2068/2159/2068 919/1782/919
f 1967/2058/1967 2068/2159/2068 1965/2056/1965
f 2163/2254/2163 2078/2169/2078 2162/2253/2162
f 2163/2254/2163 2165/2256/2165 2069/2160/2069
f 2142/2233/2142 1963/2054/1963 2067/2158/2067
f 2233/2324/2233 2232/2323/2232 1966/2057/1966
f 2071/2162/2071 867/1729/867 2144/2235/2144
f 2250/2341/2250 2071/2162/2071 1969/2060/1969
f 2072/2163/2072 2144/2235/2144 2074/2165/2074
f 1970/2061/1970 1872/1963/1872 2145/2236/2145
f 2073/2164/2073 2148/2239/2148 2688/2779/2688
f 2073/2164/2073 1825/1916/1825 2002/2093/2002
f 2074/2165/2074 869/1731/869 2150/2241/2150
f 2072/2163/2072 2074/2165/2074 1970/2061/1970
f 2139/2230/2139 870/1732/870 871/1733/871
f 1970/2061/1970 2151/2242/2151 1872/1963/1872
f 2076/2167/2076 923/1786/923 2154/2245/2154
f 2078/2169/2078 2076/2167/2076 1972/2063/1972
f 924/1787/924 925/1788/925 2155/2246/2155
f 2156/2247/2156 1873/1964/1873 1972/2063/1972
f 2160/2251/2160 1972/2063/1972 1873/1964/1873
f 1973/2064/1973 2163/2254/2163 2162/2253/2162
f 2168/2259/2168 2079/2170/2079 926/1789/926
f 2155/2246/2155 2079/2170/2079 1974/2065/1974
f 2251/2342/2251 2167/2258/2167 1874/1965/1874
f 1974/2065/1974 2079/2170/2079 2168/2259/2168
f 2081/2172/2081 928/1791/928 2170/2261/2170
f 2260/2351/2260 2081/2172/2081 1975/2066/1975
f 2262/2353/2262 2261/2352/2261 929/1792/929
f 2171/2262/2171 1875/1966/1875 2169/2260/2169
f 1977/2068/1977 2083/2174/2083 883/1745/883
f 2085/2176/2085 2083/2174/2083 1978/2069/1978
f 2084/2175/2084 2175/2266/2175 2263/2354/2263
f 2177/2268/2177 2084/2175/2084 2265/2356/2265
f 2085/2176/2085 1978/2069/1978 2177/2268/2177
f 2086/2177/2086 2085/2176/2085 1979/2070/1979
f 2085/2176/2085 2086/2177/2086 881/1743/881
f 2063/2154/2063 2086/2177/2086 1979/2070/1979
f 1983/2074/1983 2087/2178/2087 910/1773/910
f 1980/2071/1980 2087/2178/2087 1981/2072/1981
f 908/1771/908 2088/2179/2088 907/1770/907
f 2132/2223/2132 2088/2179/2088 1982/2073/1982
f 1880/1971/1880 2186/2277/2186 2104/2195/2104
f 2089/2180/2089 1821/1912/1821 2090/2181/2090
f 2111/2202/2111 2112/2203/2112 2113/2204/2113
f 1879/1970/1879 2090/2181/2090 2093/2184/2093
f 1984/2075/1984 2091/2182/2091 1987/2078/1987
f 2089/2180/2089 2090/2181/2090 2091/2182/2091
f 2187/2278/2187 2189/2280/2189 2092/2183/2092
f 2093/2184/2093 1986/2077/1986 1985/2076/1985
f 2090/2181/2090 2094/2185/2094 2093/2184/2093
f 2093/2184/2093 2094/2185/2094 2095/2186/2095
f 2194/2285/2194 2090/2181/2090 1821/1912/1821
f 2094/2185/2094 2092/2183/2092 2095/2186/2095
f 2189/2280/2189 2417/2508/2417 2278/2369/2278
f 2096/2187/2096 2095/2186/2095 2277/2368/2277
f 2097/2188/2097 2096/2187/2096 1820/1911/1820
f 1986/2077/1986 2095/2186/2095 2096/2187/2096
f 2098/2189/2098 2097/2188/2097 1820/1911/1820
f 2097/2188/2097 1878/1969/1878 2101/2192/2101
f 2098/2189/2098 1820/1911/1820 2337/2428/2337
f 2099/2190/2099 2098/2189/2098 2041/2132/2041
f 2099/2190/2099 2041/2132/2041 2132/2223/2132
f 2097/2188/2097 2099/2190/2099 1878/1969/1878
f 2100/2191/2100 912/1775/912 1988/2079/1988
f 1987/2078/1987 2100/2191/2100 1984/2075/1984
f 1985/2076/1985 2101/2192/2101 1981/2072/1981
f 2097/2188/2097 2101/2192/2101 1986/2077/1986
f 2067/2158/2067 2102/2193/2102 914/1777/914
f 1988/2079/1988 2102/2193/2102 1989/2080/1989
f 2276/2367/2276 2110/2201/2110 2275/2366/2275
f 2089/2180/2089 2104/2195/2104 1821/1912/1821
f 1880/1971/1880 2104/2195/2104 2089/2180/2089
f 2107/2198/2107 2106/2197/2106 2109/2200/2109
f 2272/2363/2272 2182/2273/2182 2324/2415/2324
f 2111/2202/2111 2108/2199/2108 2112/2203/2112
f 2109/2200/2109 2104/2195/2104 2103/2194/2103
f 2106/2197/2106 2105/2196/2105 2111/2202/2111
f 2110/2201/2110 2107/2198/2107 1994/2085/1994
f 2105/2196/2105 2106/2197/2106 2107/2198/2107
f 2137/2228/2137 2179/2270/2179 2181/2272/2181
f 2112/2203/2112 2187/2278/2187 2092/2183/2092
f 2104/2195/2104 2109/2200/2109 2106/2197/2106
f 2103/2194/2103 2107/2198/2107 2109/2200/2109
f 2248/2339/2248 2110/2201/2110 1994/2085/1994
f 2110/2201/2110 1814/1905/1814 2275/2366/2275
f 2185/2276/2185 2336/2427/2336 2323/2414/2323
f 2187/2278/2187 2112/2203/2112 2108/2199/2108
f 2194/2285/2194 2092/2183/2092 2094/2185/2094
f 2106/2197/2106 2113/2204/2113 1821/1912/1821
f 2111/2202/2111 2113/2204/2113 2106/2197/2106
f 2194/2285/2194 2113/2204/2113 2112/2203/2112
f 2611/2702/2611 1738/1829/1738 1996/2087/1996
f 2204/2295/2204 2114/2205/2114 1997/2088/1997
f 2149/2240/2149 2115/2206/2115 865/1727/865
f 2115/2206/2115 1999/2090/1999 1888/1979/1888
f 1828/1919/1828 2020/2111/2020 2117/2208/2117
f 2119/2210/2119 2200/2291/2200 2116/2207/2116
f 2120/2211/2120 2121/2212/2121 2339/2430/2339
f 2200/2291/2200 2119/2210/2119 2016/2107/2016
f 2340/2431/2340 2339/2430/2339 2121/2212/2121
f 2282/2373/2282 2042/2133/2042 2421/2512/2421
f 2116/2207/2116 2117/2208/2117 2119/2210/2119
f 2120/2211/2120 2119/2210/2119 2117/2208/2117
f 1793/1884/1793 2121/2212/2121 2117/2208/2117
f 2046/2137/2046 2424/2515/2424 2423/2514/2423
f 2340/2431/2340 2338/2429/2338 2339/2430/2339
f 2120/2211/2120 2117/2208/2117 2121/2212/2121
f 2017/2108/2017 1891/1982/1891 2199/2290/2199
f 2200/2291/2200 2201/2292/2201 2288/2379/2288
f 1900/1991/1900 2123/2214/2123 1899/1990/1899
f 1735/1826/1735 2033/2124/2033 2123/2214/2123
f 2585/2676/2585 2587/2678/2587 2588/2679/2588
f 2634/2725/2634 2642/2733/2642 2202/2293/2202
f 2126/2217/2126 2125/2216/2125 934/1797/934
f 2034/2125/2034 2125/2216/2125 2035/2126/2035
f 935/1798/935 2055/2146/2055 2126/2217/2126
f 2205/2296/2205 2055/2146/2055 1923/2014/1923
f 2345/2436/2345 1923/2014/1923 2215/2306/2215
f 2035/2126/2035 2206/2297/2206 1901/1992/1901
f 2205/2296/2205 2126/2217/2126 2055/2146/2055
f 2206/2297/2206 2128/2219/2128 2127/2218/2127
f 2034/2125/2034 2129/2220/2129 932/1795/932
f 2131/2222/2131 2129/2220/2129 2036/2127/2036
f 2649/2740/2649 2130/2221/2130 2666/2757/2666
f 2036/2127/2036 2212/2303/2212 2131/2222/2131
f 2036/2127/2036 2211/2302/2211 2212/2303/2212
f 1976/2067/1976 2172/2263/2172 2173/2264/2173
f 2099/2190/2099 2132/2223/2132 1982/2073/1982
f 2132/2223/2132 2041/2132/2041 2040/2131/2040
f 937/1800/937 2133/2224/2133 936/1799/936
f 1843/1934/1843 2214/2305/2214 1921/2012/1921
f 2217/2308/2217 2134/2225/2134 1946/2037/1946
f 2057/2148/2057 2134/2225/2134 2056/2147/2056
f 2292/2383/2292 2218/2309/2218 2291/2382/2291
f 2373/2464/2373 2058/2149/2058 2056/2147/2056
f 1960/2051/1960 2136/2227/2136 874/1736/874
f 2436/2527/2436 2136/2227/2136 1958/2049/1958
f 2179/2270/2179 1979/2070/1979 2178/2269/2178
f 2180/2271/2180 2179/2270/2179 1877/1968/1877
f 2086/2177/2086 2138/2229/2138 880/1742/880
f 2062/2153/2062 2138/2229/2138 2063/2154/2063
f 2139/2230/2139 2227/2318/2227 2228/2319/2228
f 2139/2230/2139 2153/2244/2153 2150/2241/2150
f 2384/2475/2384 1973/2064/1973 2385/2476/2385
f 2236/2327/2236 2234/2325/2234 1870/1961/1870
f 2142/2233/2142 2141/2232/2141 1963/2054/1963
f 2245/2336/2245 2141/2232/2141 2070/2161/2070
f 916/1779/916 2142/2233/2142 915/1778/915
f 2141/2232/2141 2142/2233/2142 2070/2161/2070
f 2143/2234/2143 2237/2328/2237 2239/2330/2239
f 2249/2340/2249 2241/2332/2241 2247/2338/2247
f 2074/2165/2074 2144/2235/2144 868/1730/868
f 2071/2162/2071 2144/2235/2144 2072/2163/2072
f 2524/2615/2524 2528/2619/2528 2510/2601/2510
f 1969/2060/1969 2147/2238/2147 1871/1962/1871
f 2626/2717/2626 2623/2714/2623 2625/2716/2625
f 2146/2237/2146 2629/2720/2629 2147/2238/2147
f 2072/2163/2072 2145/2236/2145 2147/2238/2147
f 2146/2237/2146 2147/2238/2147 2145/2236/2145
f 2688/2779/2688 2148/2239/2148 1871/1962/1871
f 2250/2341/2250 2073/2164/2073 2149/2240/2149
f 865/1727/865 866/1728/866 2149/2240/2149
f 2250/2341/2250 2149/2240/2149 866/1728/866
f 2139/2230/2139 2150/2241/2150 870/1732/870
f 2074/2165/2074 2150/2241/2150 2075/2166/2075
f 2075/2166/2075 2152/2243/2152 2151/2242/2151
f 2152/2243/2152 2515/2606/2515 2516/2607/2516
f 2153/2244/2153 2152/2243/2152 2075/2166/2075
f 1971/2062/1971 2518/2609/2518 2515/2606/2515
f 2150/2241/2150 2153/2244/2153 2075/2166/2075
f 2153/2244/2153 2139/2230/2139 2228/2319/2228
f 2155/2246/2155 2154/2245/2154 924/1787/924
f 2076/2167/2076 2154/2245/2154 2077/2168/2077
f 2079/2170/2079 2155/2246/2155 925/1788/925
f 1974/2065/1974 2167/2258/2167 2251/2342/2251
f 2253/2344/2253 2155/2246/2155 2251/2342/2251
f 2253/2344/2253 2254/2345/2254 2156/2247/2156
f 2157/2248/2157 2252/2343/2252 2305/2396/2305
f 2308/2399/2308 2305/2396/2305 2306/2397/2306
f 2253/2344/2253 2251/2342/2251 2252/2343/2252
f 2158/2249/2158 2254/2345/2254 2297/2388/2297
f 2076/2167/2076 2159/2250/2159 922/1785/922
f 2256/2347/2256 2159/2250/2159 2078/2169/2078
f 2164/2255/2164 2160/2251/2160 1873/1964/1873
f 2160/2251/2160 2164/2255/2164 2162/2253/2162
f 1873/1964/1873 2158/2249/2158 2299/2390/2299
f 1787/1878/1787 2497/2588/2497 2394/2485/2394
f 1973/2064/1973 2165/2256/2165 2163/2254/2163
f 2078/2169/2078 2160/2251/2160 2162/2253/2162
f 920/1783/920 2256/2347/2256 2069/2160/2069
f 921/1784/921 2256/2347/2256 920/1783/920
f 1873/1964/1873 2299/2390/2299 2300/2391/2300
f 2162/2253/2162 2164/2255/2164 2161/2252/2161
f 2384/2475/2384 2165/2256/2165 1973/2064/1973
f 2165/2256/2165 2140/2231/2140 2230/2321/2230
f 2301/2392/2301 1875/1966/1875 2257/2348/2257
f 2303/2394/2303 2259/2350/2259 2302/2393/2302
f 2168/2259/2168 2167/2258/2167 1974/2065/1974
f 2302/2393/2302 2080/2171/2080 2166/2257/2166
f 927/1790/927 2168/2259/2168 926/1789/926
f 2167/2258/2167 2168/2259/2168 2080/2171/2080
f 2166/2257/2166 2169/2260/2169 1875/1966/1875
f 2260/2351/2260 2080/2171/2080 2168/2259/2168
f 2261/2352/2261 2170/2261/2170 929/1792/929
f 2081/2172/2081 2170/2261/2170 2082/2173/2082
f 2082/2173/2082 2172/2263/2172 2171/2262/2171
f 2171/2262/2171 2172/2263/2172 2645/2736/2645
f 2172/2263/2172 2082/2173/2082 2261/2352/2261
f 1976/2067/1976 2258/2349/2258 2172/2263/2172
f 2082/2173/2082 2170/2261/2170 2261/2352/2261
f 2262/2353/2262 2213/2304/2213 2173/2264/2173
f 2175/2266/2175 2174/2265/2174 1876/1967/1876
f 2177/2268/2177 2174/2265/2174 2084/2175/2084
f 2175/2266/2175 1876/1967/1876 2198/2289/2198
f 2263/2354/2263 2175/2266/2175 1819/1910/1819
f 2187/2278/2187 2188/2279/2188 1789/1880/1789
f 2181/2272/2181 2180/2271/2180 2184/2275/2184
f 2177/2268/2177 1877/1968/1877 2178/2269/2178
f 2174/2265/2174 2177/2268/2177 1978/2069/1978
f 2179/2270/2179 2178/2269/2178 1877/1968/1877
f 1979/2070/1979 2085/2176/2085 2178/2269/2178
f 1877/1968/1877 2265/2356/2265 2180/2271/2180
f 2179/2270/2179 2137/2228/2137 2220/2311/2220
f 2182/2273/2182 2184/2275/2184 2411/2502/2411
f 2183/2274/2183 2334/2425/2334 2221/2312/2221
f 2180/2271/2180 2271/2362/2271 2184/2275/2184
f 2137/2228/2137 2181/2272/2181 2183/2274/2183
f 2111/2202/2111 2185/2276/2185 2108/2199/2108
f 2105/2196/2105 2107/2198/2107 2276/2367/2276
f 2273/2364/2273 2183/2274/2183 2181/2272/2181
f 2273/2364/2273 2272/2363/2272 2183/2274/2183
f 2271/2362/2271 2180/2271/2180 2176/2267/2176
f 2184/2275/2184 2182/2273/2182 2272/2363/2272
f 2105/2196/2105 2185/2276/2185 2111/2202/2111
f 2271/2362/2271 2412/2503/2412 2411/2502/2411
f 1991/2082/1991 2186/2277/2186 1880/1971/1880
f 1995/2086/1995 2186/2277/2186 1992/2083/1992
f 2188/2279/2188 2187/2278/2187 2108/2199/2108
f 2189/2280/2189 2187/2278/2187 1789/1880/1789
f 2185/2276/2185 2410/2501/2410 2321/2412/2321
f 2321/2412/2321 2188/2279/2188 2108/2199/2108
f 1789/1880/1789 2193/2284/2193 2189/2280/2189
f 1820/1911/1820 2096/2187/2096 2277/2368/2277
f 2263/2354/2263 2264/2355/2264 2266/2357/2266
f 1789/1880/1789 2188/2279/2188 2192/2283/2192
f 2270/2361/2270 2319/2410/2319 2269/2360/2269
f 2416/2507/2416 2465/2556/2465 2337/2428/2337
f 2188/2279/2188 2321/2412/2321 2322/2413/2322
f 2192/2283/2192 2190/2281/2190 2270/2361/2270
f 2269/2360/2269 2193/2284/2193 1789/1880/1789
f 2191/2282/2191 2416/2507/2416 2417/2508/2417
f 2090/2181/2090 2194/2285/2194 2094/2185/2094
f 2113/2204/2113 2194/2285/2194 1821/1912/1821
f 1890/1981/1890 2195/2286/2195 1891/1982/1891
f 2117/2208/2117 2195/2286/2195 1828/1919/1828
f 2279/2370/2279 1809/1900/1809 2280/2371/2280
f 2419/2510/2419 2281/2372/2281 2196/2287/2196
f 2191/2282/2191 2269/2360/2269 2685/2776/2685
f 2284/2375/2284 2285/2376/2285 2120/2211/2120
f 2199/2290/2199 2198/2289/2198 2017/2108/2017
f 2175/2266/2175 2198/2289/2198 2122/2213/2122
f 2195/2286/2195 2199/2290/2199 1891/1982/1891
f 2200/2291/2200 2199/2290/2199 2116/2207/2116
f 2200/2291/2200 2016/2107/2016 2201/2292/2201
f 2199/2290/2199 2200/2291/2200 2122/2213/2122
f 2285/2376/2285 2197/2288/2197 2286/2377/2286
f 2319/2410/2319 2270/2361/2270 2264/2355/2264
f 2203/2294/2203 2202/2293/2202 2033/2124/2033
f 2634/2725/2634 2202/2293/2202 2124/2215/2124
f 2033/2124/2033 1736/1827/1736 2289/2380/2289
f 2203/2294/2203 1902/1993/1902 2594/2685/2594
f 2203/2294/2203 2033/2124/2033 2289/2380/2289
f 2114/2205/2114 2204/2295/2204 1737/1828/1737
f 2205/2296/2205 1923/2014/1923 2350/2441/2350
f 2128/2219/2128 2126/2217/2126 2205/2296/2205
f 2209/2300/2209 2206/2297/2206 2127/2218/2127
f 2206/2297/2206 2209/2300/2209 2210/2301/2210
f 2347/2438/2347 2350/2441/2350 2345/2436/2345
f 2347/2438/2347 2351/2442/2351 2207/2298/2207
f 2130/2221/2130 2208/2299/2208 1833/1924/1833
f 1901/1992/1901 2206/2297/2206 2208/2299/2208
f 2347/2438/2347 2209/2300/2209 2127/2218/2127
f 2207/2298/2207 2358/2449/2358 2210/2301/2210
f 2206/2297/2206 2210/2301/2210 2208/2299/2208
f 2207/2298/2207 2210/2301/2210 2209/2300/2209
f 2208/2299/2208 2211/2302/2211 1901/1992/1901
f 2212/2303/2212 2211/2302/2211 2130/2221/2130
f 2649/2740/2649 2212/2303/2212 2130/2221/2130
f 2212/2303/2212 2649/2740/2649 2650/2741/2650
f 2173/2264/2173 2213/2304/2213 1976/2067/1976
f 2131/2222/2131 2212/2303/2212 2213/2304/2213
f 2214/2305/2214 1843/1934/1843 2215/2306/2215
f 2133/2224/2133 1921/2012/1921 2214/2305/2214
f 2348/2439/2348 1843/1934/1843 2054/2145/2054
f 2127/2218/2127 2350/2441/2350 2347/2438/2347
f 2055/2146/2055 2133/2224/2133 2216/2307/2216
f 2216/2307/2216 2133/2224/2133 2214/2305/2214
f 2217/2308/2217 2056/2147/2056 2134/2225/2134
f 1940/2031/1940 2135/2226/2135 2217/2308/2217
f 2021/2112/2021 2639/2730/2639 1795/1886/1795
f 2363/2454/2363 2360/2451/2360 2430/2521/2430
f 2220/2311/2220 2063/2154/2063 1979/2070/1979
f 2221/2312/2221 2219/2310/2219 2137/2228/2137
f 2137/2228/2137 2219/2310/2219 2220/2311/2220
f 2063/2154/2063 2220/2311/2220 2219/2310/2219
f 2183/2274/2183 2221/2312/2221 2137/2228/2137
f 2221/2312/2221 1867/1958/1867 2222/2313/2222
f 2224/2315/2224 2222/2313/2222 1867/1958/1867
f 2226/2317/2226 2224/2315/2224 2225/2316/2225
f 2335/2426/2335 2272/2363/2272 2327/2418/2327
f 2294/2385/2294 2375/2466/2375 2376/2467/2376
f 2333/2424/2333 2329/2420/2329 2326/2417/2326
f 2382/2473/2382 2374/2465/2374 2294/2385/2294
f 1957/2048/1957 2060/2151/2060 2295/2386/2295
f 2060/2151/2060 1961/2052/1961 2226/2317/2226
f 2224/2315/2224 2226/2317/2226 2222/2313/2222
f 2226/2317/2226 2225/2316/2225 2295/2386/2295
f 2066/2157/2066 2227/2318/2227 871/1733/871
f 2228/2319/2228 2227/2318/2227 2065/2156/2065
f 2066/2157/2066 2644/2735/2644 2065/2156/2065
f 2153/2244/2153 2228/2319/2228 1971/2062/1971
f 2228/2319/2228 2229/2320/2229 2519/2610/2519
f 2228/2319/2228 2065/2156/2065 2644/2735/2644
f 2165/2256/2165 2230/2321/2230 2069/2160/2069
f 2236/2327/2236 2140/2231/2140 2235/2326/2235
f 1968/2059/1968 2231/2322/2231 916/1779/916
f 2070/2161/2070 2231/2322/2231 1966/2057/1966
f 2233/2324/2233 1966/2057/1966 1870/1961/1870
f 2245/2336/2245 2232/2323/2232 2143/2234/2143
f 2234/2325/2234 2233/2324/2233 1870/1961/1870
f 2143/2234/2143 2232/2323/2232 2233/2324/2233
f 2236/2327/2236 1870/1961/1870 1967/2058/1967
f 2237/2328/2237 2234/2325/2234 1815/1906/1815
f 2383/2474/2383 2384/2475/2384 2386/2477/2386
f 2388/2479/2388 2240/2331/2240 1815/1906/1815
f 1967/2058/1967 1965/2056/1965 2236/2327/2236
f 2230/2321/2230 2236/2327/2236 1965/2056/1965
f 2240/2331/2240 2239/2330/2239 2242/2333/2242
f 2233/2324/2233 2237/2328/2237 2143/2234/2143
f 2240/2331/2240 2238/2329/2238 2239/2330/2239
f 2272/2363/2272 2324/2415/2324 2327/2418/2327
f 2242/2333/2242 2237/2328/2237 1815/1906/1815
f 2241/2332/2241 2239/2330/2239 2238/2329/2238
f 2389/2480/2389 2388/2479/2388 1815/1906/1815
f 2387/2478/2387 2388/2479/2388 2389/2480/2389
f 2328/2419/2328 2332/2423/2332 2462/2553/2462
f 1994/2085/1994 1995/2086/1995 2246/2337/2246
f 2237/2328/2237 2242/2333/2242 2239/2330/2239
f 1815/1906/1815 2240/2331/2240 2242/2333/2242
f 1813/1904/1813 2375/2466/2375 2414/2505/2414
f 2238/2329/2238 2240/2331/2240 2244/2335/2244
f 2390/2481/2390 2240/2331/2240 2388/2479/2388
f 2464/2555/2464 2244/2335/2244 2243/2334/2243
f 2249/2340/2249 2143/2234/2143 2239/2330/2239
f 2248/2339/2248 2247/2338/2247 1814/1905/1814
f 2247/2338/2247 2246/2337/2246 2245/2336/2245
f 2110/2201/2110 2248/2339/2248 1814/1905/1814
f 2245/2336/2245 2143/2234/2143 2249/2340/2249
f 1814/1905/1814 2247/2338/2247 2241/2332/2241
f 1994/2085/1994 2246/2337/2246 2248/2339/2248
f 2247/2338/2247 2248/2339/2248 2246/2337/2246
f 2241/2332/2241 2249/2340/2249 2239/2330/2239
f 2245/2336/2245 2249/2340/2249 2247/2338/2247
f 2071/2162/2071 2250/2341/2250 866/1728/866
f 2148/2239/2148 2250/2341/2250 1969/2060/1969
f 2252/2343/2252 2251/2342/2251 1874/1965/1874
f 2156/2247/2156 2077/2168/2077 2253/2344/2253
f 2318/2409/2318 2302/2393/2302 2259/2350/2259
f 2157/2248/2157 2297/2388/2297 2254/2345/2254
f 2155/2246/2155 2253/2344/2253 2077/2168/2077
f 2254/2345/2254 2253/2344/2253 2252/2343/2252
f 2157/2248/2157 2254/2345/2254 2252/2343/2252
f 2156/2247/2156 2254/2345/2254 2158/2249/2158
f 2157/2248/2157 2305/2396/2305 2308/2399/2308
f 2399/2490/2399 2298/2389/2298 2299/2390/2299
f 2256/2347/2256 921/1784/921 2159/2250/2159
f 2069/2160/2069 2256/2347/2256 2163/2254/2163
f 2257/2348/2257 2645/2736/2645 2258/2349/2258
f 2662/2753/2662 2684/2775/2684 2670/2761/2670
f 2650/2741/2650 1976/2067/1976 2213/2304/2213
f 2656/2747/2656 2648/2739/2648 2654/2745/2654
f 2307/2398/2307 2445/2536/2445 2449/2540/2449
f 2252/2343/2252 1874/1965/1874 2318/2409/2318
f 2169/2260/2169 2260/2351/2260 1975/2066/1975
f 2168/2259/2168 927/1790/927 2260/2351/2260
f 2262/2353/2262 929/1792/929 930/1793/930
f 2172/2263/2172 2261/2352/2261 2173/2264/2173
f 2213/2304/2213 2262/2353/2262 2131/2222/2131
f 2261/2352/2261 2262/2353/2262 2173/2264/2173
f 2263/2354/2263 1819/1910/1819 2264/2355/2264
f 2265/2356/2265 2263/2354/2263 2176/2267/2176
f 1819/1910/1819 2267/2358/2267 2264/2355/2264
f 2190/2281/2190 2264/2355/2264 2270/2361/2270
f 2180/2271/2180 2265/2356/2265 2176/2267/2176
f 2265/2356/2265 1877/1968/1877 2177/2268/2177
f 2322/2413/2322 2412/2503/2412 2190/2281/2190
f 2263/2354/2263 2266/2357/2266 2176/2267/2176
f 2288/2379/2288 2267/2358/2267 1819/1910/1819
f 2287/2378/2287 2319/2410/2319 2201/2292/2201
f 2287/2378/2287 2201/2292/2201 2016/2107/2016
f 2685/2776/2685 2197/2288/2197 2424/2515/2424
f 1789/1880/1789 2192/2283/2192 2270/2361/2270
f 2269/2360/2269 2268/2359/2268 2685/2776/2685
f 2264/2355/2264 2267/2358/2267 2319/2410/2319
f 2270/2361/2270 2269/2360/2269 1789/1880/1789
f 2412/2503/2412 2176/2267/2176 2266/2357/2266
f 2185/2276/2185 2323/2414/2323 2410/2501/2410
f 2182/2273/2182 2410/2501/2410 2323/2414/2323
f 2457/2548/2457 2413/2504/2413 2453/2544/2453
f 2181/2272/2181 2184/2275/2184 2273/2364/2273
f 2272/2363/2272 2273/2364/2273 2184/2275/2184
f 2325/2416/2325 2327/2418/2327 2330/2421/2330
f 2323/2414/2323 2324/2415/2324 2182/2273/2182
f 2241/2332/2241 2415/2506/2415 1814/1905/1814
f 2336/2427/2336 2275/2366/2275 2274/2365/2274
f 2110/2201/2110 2276/2367/2276 2107/2198/2107
f 2336/2427/2336 2276/2367/2276 2275/2366/2275
f 2417/2508/2417 2189/2280/2189 2193/2284/2193
f 2416/2507/2416 2337/2428/2337 2277/2368/2277
f 2189/2280/2189 2278/2369/2278 2092/2183/2092
f 2277/2368/2277 2095/2186/2095 2278/2369/2278
f 1809/1900/1809 1864/1955/1864 2280/2371/2280
f 2279/2370/2279 2196/2287/2196 2281/2372/2281
f 1749/1840/1749 2045/2136/2045 2282/2373/2282
f 2279/2370/2279 2280/2371/2280 2343/2434/2343
f 2419/2510/2419 2196/2287/2196 2420/2511/2420
f 1844/1935/1844 2341/2432/2341 1743/1834/1743
f 2422/2513/2422 2042/2133/2042 2044/2135/2044
f 2279/2370/2279 2343/2434/2343 2196/2287/2196
f 2279/2370/2279 2281/2372/2281 2283/2374/2283
f 2283/2374/2283 2281/2372/2281 2341/2432/2341
f 2424/2515/2424 2284/2375/2284 2118/2209/2118
f 2285/2376/2285 2284/2375/2284 2197/2288/2197
f 2197/2288/2197 2685/2776/2685 2286/2377/2286
f 2285/2376/2285 2016/2107/2016 2119/2210/2119
f 2268/2359/2268 2319/2410/2319 2287/2378/2287
f 2285/2376/2285 2286/2377/2286 2287/2378/2287
f 2285/2376/2285 2287/2378/2287 2016/2107/2016
f 2268/2359/2268 2287/2378/2287 2286/2377/2286
f 2175/2266/2175 2288/2379/2288 1819/1910/1819
f 2200/2291/2200 2288/2379/2288 2122/2213/2122
f 1737/1828/1737 2289/2380/2289 1736/1827/1736
f 2203/2294/2203 2289/2380/2289 2204/2295/2204
f 2345/2436/2345 2346/2437/2346 2426/2517/2426
f 2346/2437/2346 1800/1891/1800 2349/2440/2349
f 1745/1836/1745 2029/2120/2029 2292/2383/2292
f 2291/2382/2291 2218/2309/2218 2293/2384/2293
f 2641/2732/2641 2638/2729/2638 2637/2728/2637
f 1745/1836/1745 2292/2383/2292 2291/2382/2291
f 2431/2522/2431 2364/2455/2364 2467/2558/2467
f 2352/2443/2352 2359/2450/2359 2361/2452/2361
f 2294/2385/2294 2374/2465/2374 2375/2466/2375
f 2294/2385/2294 1866/1957/1866 1959/2050/1959
f 2226/2317/2226 2295/2386/2295 2060/2151/2060
f 2382/2473/2382 2295/2386/2295 2225/2316/2225
f 2401/2492/2401 2385/2476/2385 2161/2252/2161
f 2243/2334/2243 2390/2481/2390 2394/2485/2394
f 2310/2401/2310 2297/2388/2297 2157/2248/2157
f 2299/2390/2299 2297/2388/2297 2255/2346/2255
f 2403/2494/2403 2400/2491/2400 2401/2492/2401
f 2161/2252/2161 2164/2255/2164 2300/2391/2300
f 2399/2490/2399 2299/2390/2299 2255/2346/2255
f 2300/2391/2300 2299/2390/2299 2298/2389/2298
f 2300/2391/2300 2298/2389/2298 2402/2493/2402
f 1873/1964/1873 2300/2391/2300 2164/2255/2164
f 1875/1966/1875 2301/2392/2301 2166/2257/2166
f 2447/2538/2447 2301/2392/2301 2257/2348/2257
f 2167/2258/2167 2302/2393/2302 1874/1965/1874
f 2303/2394/2303 2302/2393/2302 2166/2257/2166
f 2301/2392/2301 2303/2394/2303 2166/2257/2166
f 2307/2398/2307 2303/2394/2303 1818/1909/1818
f 2444/2535/2444 2481/2572/2481 2314/2405/2314
f 2314/2405/2314 2312/2403/2312 2304/2395/2304
f 2318/2409/2318 2305/2396/2305 2252/2343/2252
f 2306/2397/2306 2305/2396/2305 2259/2350/2259
f 2307/2398/2307 2306/2397/2306 2259/2350/2259
f 2306/2397/2306 2304/2395/2304 2308/2399/2308
f 2303/2394/2303 2307/2398/2307 2259/2350/2259
f 2307/2398/2307 1818/1909/1818 2445/2536/2445
f 2312/2403/2312 2311/2402/2311 2308/2399/2308
f 2157/2248/2157 2308/2399/2308 2310/2401/2310
f 2315/2406/2315 2317/2408/2317 2309/2400/2309
f 2398/2489/2398 2392/2483/2392 2393/2484/2393
f 2304/2395/2304 2312/2403/2312 2308/2399/2308
f 2255/2346/2255 2310/2401/2310 2408/2499/2408
f 2408/2499/2408 2438/2529/2438 2407/2498/2407
f 2311/2402/2311 2438/2529/2438 2408/2499/2408
f 2448/2539/2448 2442/2533/2442 2480/2571/2480
f 2309/2400/2309 2311/2402/2311 2312/2403/2312
f 2409/2500/2409 2440/2531/2440 2441/2532/2441
f 2314/2405/2314 2315/2406/2315 2312/2403/2312
f 2444/2535/2444 2314/2405/2314 2304/2395/2304
f 2315/2406/2315 2314/2405/2314 2313/2404/2313
f 2409/2500/2409 2452/2543/2452 2440/2531/2440
f 2312/2403/2312 2315/2406/2315 2309/2400/2309
f 2409/2500/2409 1788/1879/1788 2537/2628/2537
f 2511/2602/2511 1868/1959/1868 2494/2585/2494
f 2440/2531/2440 2315/2406/2315 2313/2404/2313
f 2504/2595/2504 2396/2487/2396 2508/2599/2508
f 2302/2393/2302 2318/2409/2318 1874/1965/1874
f 2305/2396/2305 2318/2409/2318 2259/2350/2259
f 2201/2292/2201 2319/2410/2319 2267/2358/2267
f 2269/2360/2269 2319/2410/2319 2268/2359/2268
f 2271/2362/2271 2176/2267/2176 2412/2503/2412
f 2188/2279/2188 2322/2413/2322 2192/2283/2192
f 2185/2276/2185 2321/2412/2321 2108/2199/2108
f 2321/2412/2321 2320/2411/2320 2322/2413/2322
f 2411/2502/2411 2412/2503/2412 2320/2411/2320
f 2192/2283/2192 2322/2413/2322 2190/2281/2190
f 2336/2427/2336 2185/2276/2185 2105/2196/2105
f 2324/2415/2324 2323/2414/2323 2274/2365/2274
f 2324/2415/2324 2274/2365/2274 2331/2422/2331
f 2223/2314/2223 2224/2315/2224 2326/2417/2326
f 2274/2365/2274 2332/2423/2332 2331/2422/2331
f 2497/2588/2497 2498/2589/2498 2464/2555/2464
f 2333/2424/2333 2224/2315/2224 1867/1958/1867
f 2326/2417/2326 2325/2416/2325 2453/2544/2453
f 2275/2366/2275 2332/2423/2332 2274/2365/2274
f 2327/2418/2327 2325/2416/2325 2329/2420/2329
f 2462/2553/2462 2332/2423/2332 2275/2366/2275
f 2415/2506/2415 2463/2554/2463 2464/2555/2464
f 2326/2417/2326 2329/2420/2329 2325/2416/2325
f 2329/2420/2329 2333/2424/2333 2334/2425/2334
f 2331/2422/2331 2327/2418/2327 2324/2415/2324
f 2330/2421/2330 2328/2419/2328 2531/2622/2531
f 2328/2419/2328 2330/2421/2330 2331/2422/2331
f 2331/2422/2331 2330/2421/2330 2327/2418/2327
f 2462/2553/2462 2275/2366/2275 1814/1905/1814
f 2328/2419/2328 2331/2422/2331 2332/2423/2332
f 2224/2315/2224 2333/2424/2333 2326/2417/2326
f 2334/2425/2334 2333/2424/2333 1867/1958/1867
f 2221/2312/2221 2334/2425/2334 1867/1958/1867
f 2335/2426/2335 2334/2425/2334 2183/2274/2183
f 2334/2425/2334 2335/2426/2335 2329/2420/2329
f 2183/2274/2183 2272/2363/2272 2335/2426/2335
f 2323/2414/2323 2336/2427/2336 2274/2365/2274
f 2276/2367/2276 2336/2427/2336 2105/2196/2105
f 2418/2509/2418 2337/2428/2337 2047/2138/2047
f 1820/1911/1820 2277/2368/2277 2337/2428/2337
f 2118/2209/2118 2120/2211/2120 2339/2430/2339
f 2686/2777/2686 1893/1984/1893 1894/1985/1894
f 2340/2431/2340 2121/2212/2121 1793/1884/1793
f 2339/2430/2339 2338/2429/2338 2420/2511/2420
f 1793/1884/1793 1893/1984/1893 2340/2431/2340
f 2686/2777/2686 2340/2431/2340 1893/1984/1893
f 2283/2374/2283 2341/2432/2341 1801/1892/1801
f 2686/2777/2686 2341/2432/2341 2281/2372/2281
f 2342/2433/2342 2422/2513/2422 2423/2514/2423
f 2343/2434/2343 2344/2435/2344 2196/2287/2196
f 2280/2371/2280 2282/2373/2282 2343/2434/2343
f 2282/2373/2282 2421/2512/2421 2344/2435/2344
f 2342/2433/2342 2423/2514/2423 2466/2557/2466
f 2118/2209/2118 2339/2430/2339 2420/2511/2420
f 2346/2437/2346 2345/2436/2345 2215/2306/2215
f 2345/2436/2345 2290/2381/2290 2347/2438/2347
f 2348/2439/2348 2346/2437/2346 2215/2306/2215
f 1955/2046/1955 2349/2440/2349 1800/1891/1800
f 2351/2442/2351 2347/2438/2347 2290/2381/2290
f 2209/2300/2209 2347/2438/2347 2207/2298/2207
f 1843/1934/1843 2348/2439/2348 2215/2306/2215
f 2054/2145/2054 1952/2043/1952 2425/2516/2425
f 2428/2519/2428 2369/2460/2369 2687/2778/2687
f 2345/2436/2345 2426/2517/2426 2290/2381/2290
f 2205/2296/2205 2350/2441/2350 2127/2218/2127
f 2345/2436/2345 2350/2441/2350 1923/2014/1923
f 2426/2517/2426 2355/2446/2355 2290/2381/2290
f 2210/2301/2210 2358/2449/2358 1833/1924/1833
f 2207/2298/2207 2351/2442/2351 2353/2444/2353
f 2355/2446/2355 2353/2444/2353 2351/2442/2351
f 2351/2442/2351 2290/2381/2290 2355/2446/2355
f 2353/2444/2353 2352/2443/2352 2357/2448/2357
f 2371/2462/2371 2356/2447/2356 2349/2440/2349
f 2369/2460/2369 2367/2458/2367 2368/2459/2368
f 2426/2517/2426 2356/2447/2356 2355/2446/2355
f 2355/2446/2355 2354/2445/2354 2359/2450/2359
f 1954/2045/1954 2687/2778/2687 2371/2462/2371
f 2354/2445/2354 2355/2446/2355 2356/2447/2356
f 2365/2456/2365 2352/2443/2352 2361/2452/2361
f 1976/2067/1976 2650/2741/2650 2675/2766/2675
f 2353/2444/2353 2358/2449/2358 2207/2298/2207
f 1833/1924/1833 2358/2449/2358 2357/2448/2357
f 2355/2446/2355 2359/2450/2359 2353/2444/2353
f 2361/2452/2361 2359/2450/2359 2362/2453/2362
f 2360/2451/2360 2361/2452/2361 2362/2453/2362
f 2430/2521/2430 2370/2461/2370 2431/2522/2431
f 2362/2453/2362 2359/2450/2359 2354/2445/2354
f 2363/2454/2363 2361/2452/2361 2360/2451/2360
f 2371/2462/2371 2372/2463/2372 2356/2447/2356
f 2428/2519/2428 1953/2044/1953 2293/2384/2293
f 2432/2523/2432 2587/2678/2587 2431/2522/2431
f 2363/2454/2363 1796/1887/1796 2365/2456/2365
f 2577/2668/2577 2565/2656/2565 2571/2662/2571
f 2366/2457/2366 2468/2559/2468 2363/2454/2363
f 2653/2744/2653 2654/2745/2654 2651/2742/2651
f 2352/2443/2352 2365/2456/2365 2655/2746/2655
f 2368/2459/2368 2360/2451/2360 2362/2453/2362
f 2431/2522/2431 2467/2558/2467 2366/2457/2366
f 2469/2560/2469 2293/2384/2293 2218/2309/2218
f 2370/2461/2370 2430/2521/2430 2368/2459/2368
f 2362/2453/2362 2372/2463/2372 2368/2459/2368
f 2368/2459/2368 2367/2458/2367 2370/2461/2370
f 2372/2463/2372 2362/2453/2362 2354/2445/2354
f 2687/2778/2687 2369/2460/2369 2371/2462/2371
f 2367/2458/2367 2428/2519/2428 2429/2520/2429
f 2430/2521/2430 2431/2522/2431 2366/2457/2366
f 1954/2045/1954 2371/2462/2371 2349/2440/2349
f 2371/2462/2371 2369/2460/2369 2372/2463/2372
f 2372/2463/2372 2354/2445/2354 2356/2447/2356
f 2368/2459/2368 2372/2463/2372 2369/2460/2369
f 2058/2149/2058 2373/2464/2373 1953/2044/1953
f 2291/2382/2291 2373/2464/2373 2135/2226/2135
f 2224/2315/2224 2374/2465/2374 2225/2316/2225
f 2375/2466/2375 2374/2465/2374 2223/2314/2223
f 2326/2417/2326 2455/2546/2455 2456/2547/2456
f 2376/2467/2376 2375/2466/2375 1813/1904/1813
f 2378/2469/2378 2376/2467/2376 1813/1904/1813
f 2378/2469/2378 2379/2470/2379 2380/2471/2380
f 2485/2576/2485 2484/2575/2484 2483/2574/2483
f 2381/2472/2381 2433/2524/2433 2434/2525/2434
f 1813/1904/1813 2414/2505/2414 2484/2575/2484
f 2379/2470/2379 2378/2469/2378 2377/2468/2377
f 2379/2470/2379 2377/2468/2377 2381/2472/2381
f 2380/2471/2380 1958/2049/1958 1866/1957/1866
f 2378/2469/2378 2380/2471/2380 2376/2467/2376
f 1958/2049/1958 2380/2471/2380 2379/2470/2379
f 2433/2524/2433 2381/2472/2381 2377/2468/2377
f 2435/2526/2435 2381/2472/2381 1962/2053/1962
f 2374/2465/2374 2382/2473/2382 2225/2316/2225
f 1959/2050/1959 2382/2473/2382 2294/2385/2294
f 2384/2475/2384 2383/2474/2383 2140/2231/2140
f 2391/2482/2391 2389/2480/2389 2383/2474/2383
f 2165/2256/2165 2384/2475/2384 2140/2231/2140
f 1973/2064/1973 2161/2252/2161 2385/2476/2385
f 2403/2494/2403 2401/2492/2401 2402/2493/2402
f 2386/2477/2386 2385/2476/2385 2401/2492/2401
f 2383/2474/2383 2386/2477/2386 2296/2387/2296
f 2384/2475/2384 2385/2476/2385 2386/2477/2386
f 2393/2484/2393 2387/2478/2387 2391/2482/2391
f 2244/2335/2244 2240/2331/2240 2390/2481/2390
f 2389/2480/2389 1815/1906/1815 2235/2326/2235
f 2390/2481/2390 2388/2479/2388 2387/2478/2387
f 2235/2326/2235 2383/2474/2383 2389/2480/2389
f 2391/2482/2391 2383/2474/2383 2296/2387/2296
f 2390/2481/2390 2387/2478/2387 2395/2486/2395
f 2244/2335/2244 2390/2481/2390 2243/2334/2243
f 2393/2484/2393 2392/2483/2392 2395/2486/2395
f 2387/2478/2387 2389/2480/2389 2391/2482/2391
f 2401/2492/2401 2296/2387/2296 2386/2477/2386
f 2476/2567/2476 2408/2499/2408 2407/2498/2407
f 2296/2387/2296 2406/2497/2406 2391/2482/2391
f 2439/2530/2439 2477/2568/2477 2400/2491/2400
f 2395/2486/2395 2394/2485/2394 2390/2481/2390
f 2491/2582/2491 2394/2485/2394 2392/2483/2392
f 2393/2484/2393 2395/2486/2395 2387/2478/2387
f 2394/2485/2394 2395/2486/2395 2392/2483/2392
f 2533/2624/2533 2407/2498/2407 2438/2529/2438
f 2378/2469/2378 2460/2551/2460 2377/2468/2377
f 2404/2495/2404 2405/2496/2405 2406/2497/2406
f 2499/2590/2499 2433/2524/2433 2461/2552/2461
f 2393/2484/2393 2406/2497/2406 2405/2496/2405
f 2489/2580/2489 2397/2488/2397 2487/2578/2487
f 2408/2499/2408 2399/2490/2399 2255/2346/2255
f 2399/2490/2399 1817/1908/1817 2475/2566/2475
f 2476/2567/2476 2439/2530/2439 2475/2566/2475
f 2397/2488/2397 2398/2489/2398 2405/2496/2405
f 2402/2493/2402 2401/2492/2401 2161/2252/2161
f 2404/2495/2404 2401/2492/2401 2400/2491/2400
f 2300/2391/2300 2402/2493/2402 2161/2252/2161
f 2403/2494/2403 2402/2493/2402 2298/2389/2298
f 2399/2490/2399 2403/2494/2403 2298/2389/2298
f 2403/2494/2403 2399/2490/2399 2475/2566/2475
f 2477/2568/2477 2405/2496/2405 2400/2491/2400
f 2296/2387/2296 2401/2492/2401 2404/2495/2404
f 2393/2484/2393 2405/2496/2405 2398/2489/2398
f 2400/2491/2400 2405/2496/2405 2404/2495/2404
f 2391/2482/2391 2406/2497/2406 2393/2484/2393
f 2404/2495/2404 2406/2497/2406 2296/2387/2296
f 2474/2565/2474 2534/2625/2534 2473/2564/2473
f 2400/2491/2400 2403/2494/2403 2475/2566/2475
f 2408/2499/2408 1817/1908/1817 2399/2490/2399
f 2310/2401/2310 2311/2402/2311 2408/2499/2408
f 2482/2573/2482 2536/2627/2536 2537/2628/2537
f 2452/2543/2452 2409/2500/2409 2536/2627/2536
f 2411/2502/2411 2410/2501/2410 2182/2273/2182
f 2321/2412/2321 2410/2501/2410 2320/2411/2320
f 2271/2362/2271 2411/2502/2411 2184/2275/2184
f 2410/2501/2410 2411/2502/2411 2320/2411/2320
f 2190/2281/2190 2412/2503/2412 2266/2357/2266
f 2320/2411/2320 2412/2503/2412 2322/2413/2322
f 2457/2548/2457 2325/2416/2325 2454/2545/2454
f 2414/2505/2414 2455/2546/2455 2483/2574/2483
f 2375/2466/2375 2223/2314/2223 2456/2547/2456
f 2496/2587/2496 2495/2586/2495 2458/2549/2458
f 2241/2332/2241 2238/2329/2238 2463/2554/2463
f 2497/2588/2497 2243/2334/2243 2394/2485/2394
f 2191/2282/2191 2046/2137/2046 2416/2507/2416
f 2465/2556/2465 2416/2507/2416 2046/2137/2046
f 2417/2508/2417 2277/2368/2277 2278/2369/2278
f 2191/2282/2191 2417/2508/2417 2193/2284/2193
f 2418/2509/2418 2047/2138/2047 2422/2513/2422
f 2098/2189/2098 2418/2509/2418 2039/2130/2039
f 2420/2511/2420 2196/2287/2196 2344/2435/2344
f 2686/2777/2686 2419/2510/2419 2338/2429/2338
f 2420/2511/2420 2344/2435/2344 2466/2557/2466
f 2338/2429/2338 2419/2510/2419 2420/2511/2420
f 2422/2513/2422 2421/2512/2421 2042/2133/2042
f 2344/2435/2344 2421/2512/2421 2342/2433/2342
f 2423/2514/2423 2422/2513/2422 2047/2138/2047
f 2422/2513/2422 2342/2433/2342 2421/2512/2421
f 2465/2556/2465 2423/2514/2423 2047/2138/2047
f 2685/2776/2685 2424/2515/2424 2046/2137/2046
f 2284/2375/2284 2424/2515/2424 2197/2288/2197
f 2424/2515/2424 2118/2209/2118 2466/2557/2466
f 2346/2437/2346 2425/2516/2425 1800/1891/1800
f 2054/2145/2054 2425/2516/2425 2348/2439/2348
f 2346/2437/2346 2349/2440/2349 2426/2517/2426
f 2356/2447/2356 2426/2517/2426 2349/2440/2349
f 2582/2673/2582 2568/2659/2568 2580/2671/2580
f 2550/2641/2550 2545/2636/2545 2443/2534/2443
f 2428/2519/2428 2293/2384/2293 2469/2560/2469
f 2369/2460/2369 2428/2519/2428 2367/2458/2367
f 2432/2523/2432 2470/2561/2470 2532/2623/2532
f 2370/2461/2370 2367/2458/2367 2470/2561/2470
f 2363/2454/2363 2430/2521/2430 2366/2457/2366
f 2368/2459/2368 2430/2521/2430 2360/2451/2360
f 2432/2523/2432 2370/2461/2370 2470/2561/2470
f 2431/2522/2431 2370/2461/2370 2432/2523/2432
f 2218/2309/2218 2471/2562/2471 2532/2623/2532
f 2598/2689/2598 2586/2677/2586 2585/2676/2585
f 2377/2468/2377 2460/2551/2460 2461/2552/2461
f 2434/2525/2434 2433/2524/2433 1868/1959/1868
f 2434/2525/2434 1868/1959/1868 2512/2603/2512
f 2381/2472/2381 2434/2525/2434 1962/2053/1962
f 2064/2155/2064 2435/2526/2435 1962/2053/1962
f 2436/2527/2436 2435/2526/2435 2061/2152/2061
f 2379/2470/2379 2436/2527/2436 1958/2049/1958
f 2435/2526/2435 2436/2527/2436 2381/2472/2381
f 2509/2600/2509 2521/2612/2521 2520/2611/2520
f 2461/2552/2461 2493/2584/2493 2490/2581/2490
f 2311/2402/2311 2309/2400/2309 2438/2529/2438
f 2533/2624/2533 2438/2529/2438 2309/2400/2309
f 2407/2498/2407 2533/2624/2533 2539/2630/2539
f 2439/2530/2439 2508/2599/2508 2477/2568/2477
f 2315/2406/2315 2440/2531/2440 2317/2408/2317
f 2441/2532/2441 2440/2531/2440 2313/2404/2313
f 2444/2535/2444 2480/2571/2480 2481/2572/2481
f 2409/2500/2409 2441/2532/2441 1788/1879/1788
f 2446/2537/2446 2442/2533/2442 2448/2539/2448
f 2550/2641/2550 2443/2534/2443 2480/2571/2480
f 2481/2572/2481 2441/2532/2441 2313/2404/2313
f 2674/2765/2674 2678/2769/2678 2671/2762/2671
f 2306/2397/2306 2449/2540/2449 2304/2395/2304
f 2480/2571/2480 2442/2533/2442 2550/2641/2550
f 2445/2536/2445 1818/1909/1818 2450/2541/2450
f 2449/2540/2449 2444/2535/2444 2304/2395/2304
f 2258/2349/2258 2674/2765/2674 2673/2764/2673
f 1796/1887/1796 2653/2744/2653 2365/2456/2365
f 2258/2349/2258 2673/2764/2673 2257/2348/2257
f 2447/2538/2447 2446/2537/2446 2450/2541/2450
f 2444/2535/2444 2445/2536/2445 2448/2539/2448
f 2448/2539/2448 2445/2536/2445 2450/2541/2450
f 2307/2398/2307 2449/2540/2449 2306/2397/2306
f 2444/2535/2444 2449/2540/2449 2445/2536/2445
f 2447/2538/2447 2450/2541/2450 1818/1909/1818
f 2448/2539/2448 2450/2541/2450 2446/2537/2446
f 2543/2634/2543 2547/2638/2547 2546/2637/2546
f 2541/2632/2541 2527/2618/2527 1816/1907/1816
f 2473/2564/2473 2452/2543/2452 2316/2407/2316
f 2440/2531/2440 2452/2543/2452 2317/2408/2317
f 2325/2416/2325 2330/2421/2330 2454/2545/2454
f 2455/2546/2455 2453/2544/2453 2413/2504/2413
f 2531/2622/2531 2415/2506/2415 2464/2555/2464
f 2497/2588/2497 1787/1878/1787 2496/2587/2496
f 2483/2574/2483 2455/2546/2455 2413/2504/2413
f 2375/2466/2375 2456/2547/2456 2414/2505/2414
f 2326/2417/2326 2456/2547/2456 2223/2314/2223
f 2414/2505/2414 2456/2547/2456 2455/2546/2455
f 2325/2416/2325 2457/2548/2457 2453/2544/2453
f 2498/2589/2498 2497/2588/2497 2496/2587/2496
f 2489/2580/2489 2392/2483/2392 2398/2489/2398
f 2484/2575/2484 2460/2551/2460 1813/1904/1813
f 2492/2583/2492 2495/2586/2495 2491/2582/2491
f 2433/2524/2433 2377/2468/2377 2461/2552/2461
f 1813/1904/1813 2460/2551/2460 2378/2469/2378
f 2460/2551/2460 2459/2550/2459 2461/2552/2461
f 2488/2579/2488 2490/2581/2490 2493/2584/2493
f 1868/1959/1868 2499/2590/2499 2494/2585/2494
f 1814/1905/1814 2415/2506/2415 2462/2553/2462
f 2462/2553/2462 2415/2506/2415 2328/2419/2328
f 2464/2555/2464 2463/2554/2463 2238/2329/2238
f 2415/2506/2415 2241/2332/2241 2463/2554/2463
f 2464/2555/2464 2238/2329/2238 2244/2335/2244
f 2464/2555/2464 2454/2545/2454 2531/2622/2531
f 2423/2514/2423 2465/2556/2465 2046/2137/2046
f 2337/2428/2337 2465/2556/2465 2047/2138/2047
f 2420/2511/2420 2466/2557/2466 2118/2209/2118
f 2342/2433/2342 2466/2557/2466 2344/2435/2344
f 2575/2666/2575 2467/2558/2467 2364/2455/2364
f 2427/2518/2427 2656/2747/2656 2468/2559/2468
f 2366/2457/2366 2467/2558/2467 2468/2559/2468
f 2427/2518/2427 2468/2559/2468 2467/2558/2467
f 2532/2623/2532 2469/2560/2469 2218/2309/2218
f 2428/2519/2428 2469/2560/2469 2429/2520/2429
f 2367/2458/2367 2429/2520/2429 2470/2561/2470
f 2470/2561/2470 2429/2520/2429 2532/2623/2532
f 2641/2732/2641 2292/2383/2292 2025/2116/2025
f 2590/2681/2590 2585/2676/2585 2588/2679/2588
f 2472/2563/2472 2533/2624/2533 2534/2625/2534
f 2437/2528/2437 2505/2596/2505 2504/2595/2504
f 2506/2597/2506 2507/2598/2507 2540/2631/2540
f 2473/2564/2473 2514/2605/2514 2474/2565/2474
f 2504/2595/2504 2474/2565/2474 2437/2528/2437
f 2474/2565/2474 2472/2563/2472 2534/2625/2534
f 2476/2567/2476 2475/2566/2475 1817/1908/1817
f 2400/2491/2400 2475/2566/2475 2439/2530/2439
f 2408/2499/2408 2476/2567/2476 1817/1908/1817
f 2539/2630/2539 2476/2567/2476 2407/2498/2407
f 2396/2487/2396 2478/2569/2478 2477/2568/2477
f 2477/2568/2477 2478/2569/2478 2405/2496/2405
f 2486/2577/2486 2489/2580/2489 2487/2578/2487
f 2405/2496/2405 2478/2569/2478 2397/2488/2397
f 2560/2651/2560 2564/2655/2564 2573/2664/2573
f 2547/2638/2547 2555/2646/2555 2546/2637/2546
f 2481/2572/2481 2480/2571/2480 2443/2534/2443
f 2448/2539/2448 2480/2571/2480 2444/2535/2444
f 2441/2532/2441 2481/2572/2481 2443/2534/2443
f 2314/2405/2314 2481/2572/2481 2313/2404/2313
f 2527/2618/2527 2541/2632/2541 2526/2617/2526
f 1872/1963/1872 2516/2607/2516 2530/2621/2530
f 2496/2587/2496 2483/2574/2483 2413/2504/2413
f 2483/2574/2483 2458/2549/2458 2485/2576/2485
f 2484/2575/2484 2414/2505/2414 2483/2574/2483
f 2460/2551/2460 2484/2575/2484 2459/2550/2459
f 2489/2580/2489 2492/2583/2492 2491/2582/2491
f 2459/2550/2459 2484/2575/2484 2485/2576/2485
f 2487/2578/2487 2397/2488/2397 2478/2569/2478
f 2494/2585/2494 2490/2581/2490 2501/2592/2501
f 2478/2569/2478 2396/2487/2396 2487/2578/2487
f 2503/2594/2503 2502/2593/2502 2487/2578/2487
f 2492/2583/2492 2485/2576/2485 2458/2549/2458
f 2488/2579/2488 2486/2577/2486 2490/2581/2490
f 2492/2583/2492 2486/2577/2486 2488/2579/2488
f 2394/2485/2394 2491/2582/2491 1787/1878/1787
f 2500/2591/2500 2501/2592/2501 2502/2593/2502
f 2461/2552/2461 2490/2581/2490 2494/2585/2494
f 2392/2483/2392 2489/2580/2489 2491/2582/2491
f 2486/2577/2486 2492/2583/2492 2489/2580/2489
f 2485/2576/2485 2492/2583/2492 2488/2579/2488
f 2495/2586/2495 2492/2583/2492 2458/2549/2458
f 2461/2552/2461 2459/2550/2459 2493/2584/2493
f 2488/2579/2488 2493/2584/2493 2459/2550/2459
f 2490/2581/2490 2502/2593/2502 2501/2592/2501
f 2494/2585/2494 2501/2592/2501 2507/2598/2507
f 2458/2549/2458 2483/2574/2483 2496/2587/2496
f 2491/2582/2491 2495/2586/2495 1787/1878/1787
f 2413/2504/2413 2457/2548/2457 2498/2589/2498
f 1787/1878/1787 2495/2586/2495 2496/2587/2496
f 2413/2504/2413 2498/2589/2498 2496/2587/2496
f 2464/2555/2464 2243/2334/2243 2497/2588/2497
f 2457/2548/2457 2454/2545/2454 2498/2589/2498
f 2464/2555/2464 2498/2589/2498 2454/2545/2454
f 2433/2524/2433 2499/2590/2499 1868/1959/1868
f 2461/2552/2461 2494/2585/2494 2499/2590/2499
f 2503/2594/2503 2504/2595/2504 2505/2596/2505
f 2437/2528/2437 2514/2605/2514 2540/2631/2540
f 2502/2593/2502 2490/2581/2490 2486/2577/2486
f 2500/2591/2500 2505/2596/2505 2507/2598/2507
f 2486/2577/2486 2487/2578/2487 2502/2593/2502
f 2503/2594/2503 2487/2578/2487 2396/2487/2396
f 2503/2594/2503 2396/2487/2396 2504/2595/2504
f 2500/2591/2500 2502/2593/2502 2503/2594/2503
f 2396/2487/2396 2477/2568/2477 2508/2599/2508
f 2474/2565/2474 2504/2595/2504 2472/2563/2472
f 2509/2600/2509 2506/2597/2506 2540/2631/2540
f 2503/2594/2503 2505/2596/2505 2500/2591/2500
f 2474/2565/2474 2514/2605/2514 2437/2528/2437
f 2229/2320/2229 2512/2603/2512 2513/2604/2513
f 2500/2591/2500 2507/2598/2507 2501/2592/2501
f 2517/2608/2517 2512/2603/2512 2511/2602/2511
f 2439/2530/2439 2476/2567/2476 2539/2630/2539
f 2504/2595/2504 2508/2599/2508 2539/2630/2539
f 2514/2605/2514 2473/2564/2473 2521/2612/2521
f 2524/2615/2524 2520/2611/2520 2521/2612/2521
f 2518/2609/2518 2506/2597/2506 2520/2611/2520
f 2524/2615/2524 2510/2601/2510 2520/2611/2520
f 2517/2608/2517 2507/2598/2507 2506/2597/2506
f 2434/2525/2434 2512/2603/2512 2229/2320/2229
f 1868/1959/1868 2511/2602/2511 2512/2603/2512
f 2512/2603/2512 2517/2608/2517 2513/2604/2513
f 2518/2609/2518 2513/2604/2513 2506/2597/2506
f 2519/2610/2519 2513/2604/2513 2518/2609/2518
f 2521/2612/2521 2473/2564/2473 2316/2407/2316
f 2540/2631/2540 2514/2605/2514 2509/2600/2509
f 1971/2062/1971 2519/2610/2519 2518/2609/2518
f 2529/2620/2529 2530/2621/2530 2528/2619/2528
f 2152/2243/2152 2516/2607/2516 2151/2242/2151
f 2510/2601/2510 2516/2607/2516 2515/2606/2515
f 2507/2598/2507 2517/2608/2517 2511/2602/2511
f 2506/2597/2506 2513/2604/2513 2517/2608/2517
f 2520/2611/2520 2506/2597/2506 2509/2600/2509
f 2515/2606/2515 2518/2609/2518 2510/2601/2510
f 2228/2319/2228 2519/2610/2519 1971/2062/1971
f 2229/2320/2229 2513/2604/2513 2519/2610/2519
f 2509/2600/2509 2514/2605/2514 2521/2612/2521
f 2510/2601/2510 2518/2609/2518 2520/2611/2520
f 2522/2613/2522 2316/2407/2316 2536/2627/2536
f 2521/2612/2521 2316/2407/2316 2522/2613/2522
f 2525/2616/2525 2522/2613/2522 2482/2573/2482
f 2521/2612/2521 2522/2613/2522 2524/2615/2524
f 2525/2616/2525 2482/2573/2482 2526/2617/2526
f 2523/2614/2523 2529/2620/2529 2528/2619/2528
f 2525/2616/2525 2524/2615/2524 2522/2613/2522
f 2528/2619/2528 2524/2615/2524 2523/2614/2523
f 2482/2573/2482 2538/2629/2538 2526/2617/2526
f 2524/2615/2524 2525/2616/2525 2523/2614/2523
f 2526/2617/2526 2451/2542/2451 2527/2618/2527
f 2523/2614/2523 2525/2616/2525 2526/2617/2526
f 2538/2629/2538 2537/2628/2537 2546/2637/2546
f 2527/2618/2527 2451/2542/2451 2555/2646/2555
f 2541/2632/2541 2529/2620/2529 2523/2614/2523
f 2510/2601/2510 2528/2619/2528 2530/2621/2530
f 1816/1907/1816 2549/2640/2549 2529/2620/2529
f 2530/2621/2530 2146/2237/2146 1872/1963/1872
f 2510/2601/2510 2530/2621/2530 2516/2607/2516
f 2530/2621/2530 2529/2620/2529 2549/2640/2549
f 2330/2421/2330 2531/2622/2531 2454/2545/2454
f 2415/2506/2415 2531/2622/2531 2328/2419/2328
f 2532/2623/2532 2429/2520/2429 2469/2560/2469
f 2588/2679/2588 2532/2623/2532 2471/2562/2471
f 2534/2625/2534 2533/2624/2533 2309/2400/2309
f 2539/2630/2539 2533/2624/2533 2472/2563/2472
f 2309/2400/2309 2317/2408/2317 2534/2625/2534
f 2534/2625/2534 2317/2408/2317 2473/2564/2473
f 2535/2626/2535 2550/2641/2550 2661/2752/2661
f 2553/2644/2553 2542/2633/2542 2547/2638/2547
f 2537/2628/2537 2536/2627/2536 2409/2500/2409
f 2522/2613/2522 2536/2627/2536 2482/2573/2482
f 2537/2628/2537 1788/1879/1788 2544/2635/2544
f 2526/2617/2526 2538/2629/2538 2451/2542/2451
f 2482/2573/2482 2537/2628/2537 2538/2629/2538
f 2546/2637/2546 2537/2628/2537 2544/2635/2544
f 2504/2595/2504 2539/2630/2539 2472/2563/2472
f 2439/2530/2439 2539/2630/2539 2508/2599/2508
f 2507/2598/2507 2505/2596/2505 2540/2631/2540
f 2437/2528/2437 2540/2631/2540 2505/2596/2505
f 2529/2620/2529 2541/2632/2541 1816/1907/1816
f 2526/2617/2526 2541/2632/2541 2523/2614/2523
f 2554/2645/2554 2542/2633/2542 2553/2644/2553
f 2542/2633/2542 2559/2650/2559 2548/2639/2548
f 2543/2634/2543 2544/2635/2544 2545/2636/2545
f 2543/2634/2543 2545/2636/2545 2551/2642/2551
f 2545/2636/2545 2544/2635/2544 1788/1879/1788
f 2546/2637/2546 2544/2635/2544 2543/2634/2543
f 2443/2534/2443 2545/2636/2545 1788/1879/1788
f 2545/2636/2545 2535/2626/2535 2551/2642/2551
f 2543/2634/2543 2553/2644/2553 2547/2638/2547
f 2538/2629/2538 2546/2637/2546 2451/2542/2451
f 2548/2639/2548 2547/2638/2547 2542/2633/2542
f 2628/2719/2628 2555/2646/2555 2548/2639/2548
f 2542/2633/2542 2560/2651/2560 2561/2652/2561
f 2630/2721/2630 2073/2164/2073 2688/2779/2688
f 1816/1907/1816 2623/2714/2623 2626/2717/2626
f 2530/2621/2530 2549/2640/2549 2146/2237/2146
f 2661/2752/2661 2550/2641/2550 2683/2774/2683
f 2545/2636/2545 2550/2641/2550 2535/2626/2535
f 2535/2626/2535 2552/2643/2552 2551/2642/2551
f 2557/2648/2557 2479/2570/2479 2554/2645/2554
f 2669/2760/2669 2664/2755/2664 2647/2738/2647
f 2554/2645/2554 2553/2644/2553 2557/2648/2557
f 2543/2634/2543 2551/2642/2551 2553/2644/2553
f 2557/2648/2557 2551/2642/2551 2552/2643/2552
f 2562/2653/2562 2554/2645/2554 2479/2570/2479
f 2561/2652/2561 2556/2647/2556 2559/2650/2559
f 2546/2637/2546 2555/2646/2555 2451/2542/2451
f 2547/2638/2547 2548/2639/2548 2555/2646/2555
f 2572/2663/2572 2617/2708/2617 2619/2710/2619
f 2011/2102/2011 2616/2707/2616 2617/2708/2617
f 2551/2642/2551 2557/2648/2557 2553/2644/2553
f 2479/2570/2479 2557/2648/2557 2552/2643/2552
f 2567/2658/2567 2570/2661/2570 2562/2653/2562
f 2563/2654/2563 2578/2669/2578 2570/2661/2570
f 2542/2633/2542 2554/2645/2554 2566/2657/2566
f 2617/2708/2617 2572/2663/2572 2011/2102/2011
f 2564/2655/2564 2566/2657/2566 2562/2653/2562
f 2565/2656/2565 2573/2664/2573 2564/2655/2564
f 2542/2633/2542 2561/2652/2561 2559/2650/2559
f 2561/2652/2561 2560/2651/2560 2573/2664/2573
f 2567/2658/2567 2562/2653/2562 2479/2570/2479
f 2564/2655/2564 2562/2653/2562 2558/2649/2558
f 2665/2756/2665 2657/2748/2657 2479/2570/2479
f 2427/2518/2427 2467/2558/2467 2575/2666/2575
f 2565/2656/2565 2564/2655/2564 2558/2649/2558
f 2566/2657/2566 2564/2655/2564 2560/2651/2560
f 2571/2662/2571 2565/2656/2565 2558/2649/2558
f 2565/2656/2565 2010/2101/2010 2569/2660/2569
f 2542/2633/2542 2566/2657/2566 2560/2651/2560
f 2554/2645/2554 2562/2653/2562 2566/2657/2566
f 2657/2748/2657 2567/2658/2567 2479/2570/2479
f 2567/2658/2567 2563/2654/2563 2570/2661/2570
f 2562/2653/2562 2570/2661/2570 2558/2649/2558
f 2583/2674/2583 2577/2668/2577 2568/2659/2568
f 2572/2663/2572 2569/2660/2569 2010/2101/2010
f 2556/2647/2556 2561/2652/2561 2573/2664/2573
f 2574/2665/2574 2578/2669/2578 2579/2670/2579
f 2580/2671/2580 2570/2661/2570 2578/2669/2578
f 2580/2671/2580 2558/2649/2558 2570/2661/2570
f 2571/2662/2571 2568/2659/2568 2577/2668/2577
f 2601/2692/2601 2010/2101/2010 2599/2690/2599
f 2632/2723/2632 2004/2095/2004 2624/2715/2624
f 2565/2656/2565 2569/2660/2569 2573/2664/2573
f 2573/2664/2573 2569/2660/2569 2556/2647/2556
f 2364/2455/2364 2586/2677/2586 2575/2666/2575
f 2571/2662/2571 2558/2649/2558 2580/2671/2580
f 2587/2678/2587 2586/2677/2586 2364/2455/2364
f 2575/2666/2575 2574/2665/2574 2579/2670/2579
f 2576/2667/2576 1834/1925/1834 2584/2675/2584
f 2575/2666/2575 2576/2667/2576 2582/2673/2582
f 2581/2672/2581 2583/2674/2583 2584/2675/2584
f 2583/2674/2583 2600/2691/2600 2577/2668/2577
f 2579/2670/2579 2578/2669/2578 2563/2654/2563
f 2578/2669/2578 2574/2665/2574 2580/2671/2580
f 2563/2654/2563 2648/2739/2648 2579/2670/2579
f 2579/2670/2579 2427/2518/2427 2575/2666/2575
f 2582/2673/2582 2580/2671/2580 2574/2665/2574
f 2568/2659/2568 2571/2662/2571 2580/2671/2580
f 2595/2686/2595 2596/2687/2596 2597/2688/2597
f 1997/2088/1997 2607/2698/2607 2610/2701/2610
f 2575/2666/2575 2582/2673/2582 2574/2665/2574
f 2582/2673/2582 2576/2667/2576 2584/2675/2584
f 2584/2675/2584 2583/2674/2583 2568/2659/2568
f 2609/2700/2609 2603/2694/2603 2602/2693/2602
f 2584/2675/2584 2568/2659/2568 2582/2673/2582
f 2584/2675/2584 1834/1925/1834 2597/2688/2597
f 2432/2523/2432 2532/2623/2532 2588/2679/2588
f 1834/1925/1834 2576/2667/2576 2598/2689/2598
f 2575/2666/2575 2586/2677/2586 2576/2667/2576
f 2587/2678/2587 2364/2455/2364 2431/2522/2431
f 2588/2679/2588 2587/2678/2587 2432/2523/2432
f 2586/2677/2586 2587/2678/2587 2585/2676/2585
f 2591/2682/2591 2588/2679/2588 2471/2562/2471
f 1834/1925/1834 2598/2689/2598 2590/2681/2590
f 2637/2728/2637 2636/2727/2636 2589/2680/2589
f 2638/2729/2638 2639/2730/2639 2636/2727/2636
f 2592/2683/2592 2588/2679/2588 2591/2682/2591
f 2588/2679/2588 2592/2683/2592 2590/2681/2590
f 2591/2682/2591 2471/2562/2471 2637/2728/2637
f 2591/2682/2591 2589/2680/2589 2592/2683/2592
f 2589/2680/2589 2593/2684/2593 2592/2683/2592
f 2594/2685/2594 2593/2684/2593 2124/2215/2124
f 2635/2726/2635 2593/2684/2593 2589/2680/2589
f 2124/2215/2124 2203/2294/2203 2594/2685/2594
f 2596/2687/2596 2594/2685/2594 1902/1993/1902
f 2595/2686/2595 1834/1925/1834 2590/2681/2590
f 2593/2684/2593 2595/2686/2595 2592/2683/2592
f 2595/2686/2595 2594/2685/2594 2596/2687/2596
f 2204/2295/2204 2605/2696/2605 1902/1993/1902
f 2596/2687/2596 2606/2697/2606 2597/2688/2597
f 2584/2675/2584 2597/2688/2597 2581/2672/2581
f 2595/2686/2595 2597/2688/2597 1834/1925/1834
f 2586/2677/2586 2598/2689/2598 2576/2667/2576
f 2590/2681/2590 2598/2689/2598 2585/2676/2585
f 2600/2691/2600 2010/2101/2010 2577/2668/2577
f 2596/2687/2596 1902/1993/1902 2604/2695/2604
f 2581/2672/2581 2600/2691/2600 2583/2674/2583
f 2010/2101/2010 2600/2691/2600 2599/2690/2599
f 2010/2101/2010 2601/2692/2601 2572/2663/2572
f 2601/2692/2601 2599/2690/2599 2609/2700/2609
f 2609/2700/2609 2602/2693/2602 2608/2699/2608
f 2599/2690/2599 2600/2691/2600 2603/2694/2603
f 2600/2691/2600 2581/2672/2581 2603/2694/2603
f 2581/2672/2581 2597/2688/2597 2606/2697/2606
f 2602/2693/2602 2603/2694/2603 2604/2695/2604
f 2603/2694/2603 2581/2672/2581 2606/2697/2606
f 1997/2088/1997 2605/2696/2605 2204/2295/2204
f 2604/2695/2604 1902/1993/1902 2605/2696/2605
f 2596/2687/2596 2604/2695/2604 2606/2697/2606
f 2603/2694/2603 2606/2697/2606 2604/2695/2604
f 1997/2088/1997 2114/2205/2114 2611/2702/2611
f 2608/2699/2608 2607/2698/2607 1881/1972/1881
f 2014/2105/2014 2608/2699/2608 1881/1972/1881
f 2609/2700/2609 2608/2699/2608 2013/2104/2013
f 2601/2692/2601 2609/2700/2609 2013/2104/2013
f 2603/2694/2603 2609/2700/2609 2599/2690/2599
f 2602/2693/2602 2604/2695/2604 2610/2701/2610
f 2605/2696/2605 2610/2701/2610 2604/2695/2604
f 1881/1972/1881 2611/2702/2611 1996/2087/1996
f 1997/2088/1997 2611/2702/2611 2607/2698/2607
f 2029/2120/2029 2612/2703/2612 2027/2118/2027
f 1853/1944/1853 2612/2703/2612 2030/2121/2030
f 2146/2237/2146 2549/2640/2549 2626/2717/2626
f 2569/2660/2569 2619/2710/2619 2556/2647/2556
f 2618/2709/2618 2621/2712/2621 2556/2647/2556
f 2625/2716/2625 2623/2714/2623 2614/2705/2614
f 2616/2707/2616 2011/2102/2011 2012/2103/2012
f 2620/2711/2620 2614/2705/2614 2621/2712/2621
f 2632/2723/2632 2012/2103/2012 2003/2094/2003
f 2616/2707/2616 2615/2706/2615 2617/2708/2617
f 2618/2709/2618 2617/2708/2617 2615/2706/2615
f 2619/2710/2619 2569/2660/2569 2572/2663/2572
f 2620/2711/2620 2618/2709/2618 2615/2706/2615
f 2618/2709/2618 2620/2711/2620 2621/2712/2621
f 2617/2708/2617 2618/2709/2618 2619/2710/2619
f 2556/2647/2556 2619/2710/2619 2618/2709/2618
f 2631/2722/2631 2615/2706/2615 2624/2715/2624
f 2620/2711/2620 2631/2722/2631 2633/2724/2633
f 2622/2713/2622 2621/2712/2621 2614/2705/2614
f 2559/2650/2559 2556/2647/2556 2621/2712/2621
f 2622/2713/2622 2614/2705/2614 2623/2714/2623
f 2559/2650/2559 2622/2713/2622 2548/2639/2548
f 2633/2724/2633 2614/2705/2614 2620/2711/2620
f 2628/2719/2628 1816/1907/1816 2527/2618/2527
f 2624/2715/2624 2630/2721/2630 2631/2722/2631
f 2615/2706/2615 2616/2707/2616 2632/2723/2632
f 2625/2716/2625 2688/2779/2688 2627/2718/2627
f 2629/2720/2629 2626/2717/2626 2627/2718/2627
f 1816/1907/1816 2626/2717/2626 2549/2640/2549
f 2627/2718/2627 2626/2717/2626 2625/2716/2625
f 2688/2779/2688 2625/2716/2625 2613/2704/2613
f 1871/1962/1871 2147/2238/2147 2629/2720/2629
f 2628/2719/2628 2527/2618/2527 2555/2646/2555
f 2622/2713/2622 2623/2714/2623 2628/2719/2628
f 2626/2717/2626 2629/2720/2629 2146/2237/2146
f 1871/1962/1871 2629/2720/2629 2627/2718/2627
f 2073/2164/2073 2630/2721/2630 1825/1916/1825
f 2631/2722/2631 2630/2721/2630 2613/2704/2613
f 2633/2724/2633 2631/2722/2631 2613/2704/2613
f 2615/2706/2615 2631/2722/2631 2620/2711/2620
f 2004/2095/2004 2632/2723/2632 2003/2094/2003
f 2615/2706/2615 2632/2723/2632 2624/2715/2624
f 2613/2704/2613 2625/2716/2625 2633/2724/2633
f 2614/2705/2614 2633/2724/2633 2625/2716/2625
f 2635/2726/2635 2124/2215/2124 2593/2684/2593
f 2635/2726/2635 2636/2727/2636 2634/2725/2634
f 2635/2726/2635 2589/2680/2589 2636/2727/2636
f 2124/2215/2124 2635/2726/2635 2634/2725/2634
f 2589/2680/2589 2591/2682/2591 2637/2728/2637
f 2028/2119/2028 2638/2729/2638 2025/2116/2025
f 2640/2731/2640 2637/2728/2637 2471/2562/2471
f 2641/2732/2641 2637/2728/2637 2640/2731/2640
f 1795/1886/1795 2638/2729/2638 2028/2119/2028
f 2637/2728/2637 2638/2729/2638 2636/2727/2636
f 1832/1923/1832 2643/2734/2643 2021/2112/2021
f 2639/2730/2639 2021/2112/2021 2643/2734/2643
f 2471/2562/2471 2218/2309/2218 2640/2731/2640
f 2641/2732/2641 2218/2309/2218 2292/2383/2292
f 2638/2729/2638 2641/2732/2641 2025/2116/2025
f 2218/2309/2218 2641/2732/2641 2640/2731/2640
f 2642/2733/2642 1832/1923/1832 1898/1989/1898
f 2202/2293/2202 2642/2733/2642 1899/1990/1899
f 2642/2733/2642 2643/2734/2643 1832/1923/1832
f 2636/2727/2636 2643/2734/2643 2634/2725/2634
f 2434/2525/2434 2644/2735/2644 1962/2053/1962
f 2228/2319/2228 2644/2735/2644 2229/2320/2229
f 2257/2348/2257 1875/1966/1875 2645/2736/2645
f 2645/2736/2645 1875/1966/1875 2171/2262/2171
f 2365/2456/2365 2653/2744/2653 2655/2746/2655
f 2427/2518/2427 2579/2670/2579 2656/2747/2656
f 2552/2643/2552 2658/2749/2658 2665/2756/2665
f 2652/2743/2652 2658/2749/2658 2660/2751/2660
f 2657/2748/2657 2563/2654/2563 2567/2658/2567
f 2651/2742/2651 2654/2745/2654 2669/2760/2669
f 2666/2757/2666 2130/2221/2130 1833/1924/1833
f 2682/2773/2682 2649/2740/2649 2668/2759/2668
f 2212/2303/2212 2650/2741/2650 2213/2304/2213
f 2682/2773/2682 2674/2765/2674 2675/2766/2675
f 2679/2770/2679 2678/2769/2678 2680/2771/2680
f 1833/1924/1833 2667/2758/2667 2666/2757/2666
f 2552/2643/2552 2535/2626/2535 2658/2749/2658
f 2677/2768/2677 2446/2537/2446 2672/2763/2672
f 2654/2745/2654 2653/2744/2653 1796/1887/1796
f 2655/2746/2655 2653/2744/2653 2651/2742/2651
f 1796/1887/1796 2468/2559/2468 2656/2747/2656
f 2654/2745/2654 2648/2739/2648 2669/2760/2669
f 2663/2754/2663 2655/2746/2655 2651/2742/2651
f 2655/2746/2655 2357/2448/2357 2352/2443/2352
f 2648/2739/2648 2656/2747/2656 2579/2670/2579
f 1796/1887/1796 2656/2747/2656 2654/2745/2654
f 2652/2743/2652 2664/2755/2664 2657/2748/2657
f 2657/2748/2657 2664/2755/2664 2563/2654/2563
f 2660/2751/2660 2658/2749/2658 2661/2752/2661
f 2665/2756/2665 2652/2743/2652 2657/2748/2657
f 2672/2763/2672 2446/2537/2446 2447/2538/2447
f 2662/2753/2662 2670/2761/2670 2660/2751/2660
f 2661/2752/2661 2658/2749/2658 2535/2626/2535
f 2660/2751/2660 2659/2750/2659 2662/2753/2662
f 2683/2774/2683 2550/2641/2550 2442/2533/2442
f 2659/2750/2659 2660/2751/2660 2661/2752/2661
f 2662/2753/2662 2659/2750/2659 2676/2767/2676
f 2680/2771/2680 2684/2775/2684 2679/2770/2679
f 2647/2738/2647 2684/2775/2684 2681/2772/2681
f 2682/2773/2682 2668/2759/2668 2646/2737/2646
f 2664/2755/2664 2652/2743/2652 2670/2761/2670
f 2563/2654/2563 2664/2755/2664 2648/2739/2648
f 2552/2643/2552 2665/2756/2665 2479/2570/2479
f 2652/2743/2652 2665/2756/2665 2658/2749/2658
f 2667/2758/2667 1833/1924/1833 2357/2448/2357
f 2668/2759/2668 2663/2754/2663 2646/2737/2646
f 2357/2448/2357 2655/2746/2655 2667/2758/2667
f 2663/2754/2663 2667/2758/2667 2655/2746/2655
f 2649/2740/2649 2666/2757/2666 2668/2759/2668
f 2663/2754/2663 2668/2759/2668 2666/2757/2666
f 2664/2755/2664 2669/2760/2669 2648/2739/2648
f 2651/2742/2651 2669/2760/2669 2647/2738/2647
f 2664/2755/2664 2670/2761/2670 2647/2738/2647
f 2660/2751/2660 2670/2761/2670 2652/2743/2652
f 2672/2763/2672 2676/2767/2676 2677/2768/2677
f 2673/2764/2673 2674/2765/2674 2671/2762/2671
f 2257/2348/2257 2672/2763/2672 2447/2538/2447
f 2676/2767/2676 2672/2763/2672 2671/2762/2671
f 2671/2762/2671 2672/2763/2672 2673/2764/2673
f 2257/2348/2257 2673/2764/2673 2672/2763/2672
f 2258/2349/2258 1976/2067/1976 2675/2766/2675
f 2674/2765/2674 2646/2737/2646 2678/2769/2678
f 2682/2773/2682 2650/2741/2650 2649/2740/2649
f 2258/2349/2258 2675/2766/2675 2674/2765/2674
f 2676/2767/2676 2671/2762/2671 2679/2770/2679
f 2676/2767/2676 2659/2750/2659 2677/2768/2677
f 2683/2774/2683 2659/2750/2659 2661/2752/2661
f 2446/2537/2446 2677/2768/2677 2683/2774/2683
f 2646/2737/2646 2663/2754/2663 2680/2771/2680
f 2676/2767/2676 2679/2770/2679 2662/2753/2662
f 2671/2762/2671 2678/2769/2678 2679/2770/2679
f 2646/2737/2646 2680/2771/2680 2678/2769/2678
f 2681/2772/2681 2680/2771/2680 2663/2754/2663
f 2684/2775/2684 2647/2738/2647 2670/2761/2670
f 2663/2754/2663 2651/2742/2651 2681/2772/2681
f 2647/2738/2647 2681/2772/2681 2651/2742/2651
f 2674/2765/2674 2682/2773/2682 2646/2737/2646
f 2650/2741/2650 2682/2773/2682 2675/2766/2675
f 2446/2537/2446 2683/2774/2683 2442/2533/2442
f 2659/2750/2659 2683/2774/2683 2677/2768/2677
f 2679/2770/2679 2684/2775/2684 2662/2753/2662
f 2681/2772/2681 2684/2775/2684 2680/2771/2680
f 2191/2282/2191 2685/2776/2685 2046/2137/2046
f 2286/2377/2286 2685/2776/2685 2268/2359/2268
f 2686/2777/2686 1743/1834/1743 2341/2432/2341
f 2340/2431/2340 2686/2777/2686 2338/2429/2338
f 2058/2149/2058 2687/2778/2687 1954/2045/1954
f 2428/2519/2428 2687/2778/2687 1953/2044/1953
f 2627/2718/2627 2688/2779/2688 1871/1962/1871
f 2630/2721/2630 2688/2779/2688 2613/2704/2613
s 1
usemtl FABRIC_1_FRONT_2194
f 2715/2899/2715 2714/2898/2714 32/2811/32
f 31/2810/31 2752/2936/2752 32/2811/32
f 2899/3083/2899 2900/3084/2900 3046/3230/3046
f 2899/3083/2899 2901/3085/2901 2977/3161/2977
f 2803/2987/2803 2870/3054/2870 2973/3157/2973
f 2743/2927/2743 2734/2918/2734 2736/2920/2736
f 2942/3126/2942 2943/3127/2943 49/2829/49
f 2723/2907/2723 2716/2900/2716 2713/2897/2713
f 2835/3019/2835 2899/3083/2899 3046/3230/3046
f 2944/3128/2944 2869/3053/2869 2770/2954/2770
f 2820/3004/2820 2825/3009/2825 2720/2904/2720
f 52/2832/52 51/2831/51 2980/3164/2980
f 3536/3720/3536 3529/3713/3529 3534/3718/3534
f 2734/2918/2734 2826/3010/2826 2724/2908/2724
f 2914/3098/2914 2841/3025/2841 2911/3095/2911
f 2911/3095/2911 63/2843/63 62/2842/62
f 2979/3163/2979 56/2836/56 2977/3161/2977
f 2692/2816/2692 2780/2964/2780 2693/2817/2693
f 58/2838/58 57/2837/57 2983/3167/2983
f 2690/2814/2690 2689/2813/2689 2716/2900/2716
f 3068/3252/3068 2997/3181/2997 59/2839/59
f 2964/3148/2964 2888/3072/2888 2890/3074/2890
f 3528/3712/3528 3524/3708/3524 3530/3714/3530
f 3086/3270/3086 3067/3251/3067 2903/3087/2903
f 2977/3161/2977 56/2836/56 55/2835/55
f 2691/2815/2691 2733/2917/2733 2692/2816/2692
f 2697/2821/2697 2708/2892/2708 42/2822/42
f 27/2806/27 2833/3017/2833 28/2807/28
f 30/2809/30 2751/2935/2751 31/2810/31
f 2708/2892/2708 43/2823/43 42/2822/42
f 2818/3002/2818 2771/2955/2771 2820/3004/2820
f 2753/2937/2753 2748/2932/2748 2751/2935/2751
f 2693/2817/2693 2727/2911/2727 2694/2818/2694
f 2749/2933/2749 2750/2934/2750 2748/2932/2748
f 2833/3017/2833 2832/3016/2832 28/2807/28
f 2694/2818/2694 2772/2956/2772 2695/2819/2695
f 3167/3351/3167 3089/3273/3089 3170/3354/3170
f 2868/3052/2868 2869/3053/2869 2804/2988/2804
f 2746/2930/2746 2747/2931/2747 2745/2929/2745
f 2697/2821/2697 2726/2910/2726 2708/2892/2708
f 44/2824/44 2817/3001/2817 45/2825/45
f 2803/2987/2803 2867/3051/2867 2804/2988/2804
f 2726/2910/2726 2822/3006/2822 2708/2892/2708
f 2781/2965/2781 2717/2901/2717 2814/2998/2814
f 2770/2954/2770 2776/2960/2776 2774/2958/2774
f 2881/3065/2881 84/2864/84 83/2863/83
f 2725/2909/2725 2696/2820/2696 2695/2819/2695
f 2746/2930/2746 2733/2917/2733 2723/2907/2723
f 2702/2870/2702 2701/2869/2701 2738/2922/2738
f 2868/3052/2868 47/2827/47 46/2826/46
f 2866/3050/2866 2942/3126/2942 2867/3051/2867
f 2734/2918/2734 2743/2927/2743 2706/2874/2706
f 2780/2964/2780 2733/2917/2733 2778/2962/2778
f 58/2838/58 2983/3167/2983 2984/3168/2984
f 75/2855/75 74/2854/74 3015/3199/3015
f 2851/3035/2851 2938/3122/2938 2929/3113/2929
f 2785/2969/2785 3201/3385/3201 2832/3016/2832
f 2925/3109/2925 3176/3360/3176 3105/3289/3105
f 3027/3211/3027 3401/3585/3401 2766/2950/2766
f 2713/2897/2713 2750/2934/2750 2747/2931/2747
f 3017/3201/3017 72/2852/72 71/2851/71
f 2778/2962/2778 2779/2963/2779 2894/3078/2894
f 3018/3202/3018 2925/3109/2925 3017/3201/3017
f 2756/2940/2756 2832/3016/2832 2755/2939/2755
f 2748/2932/2748 2750/2934/2750 2751/2935/2751
f 3418/3602/3418 3420/3604/3420 3610/3794/3610
f 2897/3081/2897 2738/2922/2738 3330/3514/3330
f 2863/3047/2863 2763/2947/2763 2801/2985/2801
f 2873/3057/2873 2874/3058/2874 2806/2990/2806
f 2756/2940/2756 2755/2939/2755 2753/2937/2753
f 30/2809/30 2756/2940/2756 2753/2937/2753
f 2871/3055/2871 2872/3056/2872 2805/2989/2805
f 2785/2969/2785 2833/3017/2833 2834/3018/2834
f 2809/2993/2809 2956/3140/2956 2768/2952/2768
f 2946/3130/2946 2872/3056/2872 2806/2990/2806
f 29/2808/29 28/2807/28 2832/3016/2832
f 3024/3208/3024 75/2855/75 3015/3199/3015
f 2758/2942/2758 2754/2938/2754 3243/3427/3243
f 3020/3204/3020 3112/3296/3112 3021/3205/3021
f 2861/3045/2861 1741/2890/1741 1740/2889/1740
f 2733/2917/2733 2732/2916/2732 2723/2907/2723
f 2744/2928/2744 2704/2872/2704 2703/2871/2703
f 3022/3206/3022 2927/3111/2927 3021/3205/3021
f 2731/2915/2731 2740/2924/2740 2729/2913/2729
f 3000/3184/3000 3003/3187/3003 65/2845/65
f 2729/2913/2729 2730/2914/2730 2960/3144/2960
f 2754/2938/2754 2758/2942/2758 2755/2939/2755
f 2960/3144/2960 2880/3064/2880 2810/2994/2810
f 3001/3185/3001 3000/3184/3000 64/2844/64
f 3111/3295/3111 3271/3455/3271 3248/3432/3248
f 2829/3013/2829 2830/3014/2830 2783/2967/2783
f 3110/3294/3110 3020/3204/3020 3109/3293/3109
f 2750/2934/2750 2749/2933/2749 2747/2931/2747
f 85/2865/85 84/2864/84 2711/2895/2711
f 2698/2866/2698 85/2865/85 2711/2895/2711
f 2743/2927/2743 2736/2920/2736 2828/3012/2828
f 2728/2912/2728 2829/3013/2829 2739/2923/2739
f 83/2863/83 82/2862/82 2808/2992/2808
f 2777/2961/2777 2823/3007/2823 2959/3143/2959
f 2701/2869/2701 2700/2868/2700 2740/2924/2740
f 2729/2913/2729 2700/2868/2700 2699/2867/2699
f 2742/2926/2742 2744/2928/2744 2735/2919/2735
f 2958/3142/2958 2808/2992/2808 2768/2952/2768
f 2727/2911/2727 2693/2817/2693 2780/2964/2780
f 2915/3099/2915 64/2844/64 63/2843/63
f 2758/2942/2758 2757/2941/2757 2786/2970/2786
f 2820/3004/2820 2772/2956/2772 2727/2911/2727
f 3131/3315/3131 3039/3223/3039 3128/3312/3128
f 2690/2814/2690 2732/2916/2732 2691/2815/2691
f 2859/3043/2859 2798/2982/2798 2855/3039/2855
f 2723/2907/2723 2747/2931/2747 2746/2930/2746
f 2745/2929/2745 2747/2931/2747 2749/2933/2749
f 33/2812/33 2714/2898/2714 2689/2813/2689
f 2716/2900/2716 2689/2813/2689 2714/2898/2714
f 32/2811/32 2714/2898/2714 33/2812/33
f 2744/2928/2744 2739/2923/2739 2735/2919/2735
f 30/2809/30 2753/2937/2753 2751/2935/2751
f 2734/2918/2734 2742/2926/2742 2735/2919/2735
f 32/2811/32 2752/2936/2752 2715/2899/2715
f 2716/2900/2716 2715/2899/2715 2713/2897/2713
f 63/2843/63 2911/3095/2911 2915/3099/2915
f 2709/2893/2709 2895/3079/2895 2969/3153/2969
f 2737/2921/2737 2738/2922/2738 2897/3081/2897
f 1728/2877/1728 2718/2902/2718 2828/3012/2828
f 2786/2970/2786 2741/2925/2741 2784/2968/2784
f 2749/2933/2749 2748/2932/2748 2758/2942/2758
f 3038/3222/3038 3040/3224/3040 3138/3322/3138
f 2734/2918/2734 2724/2908/2724 2736/2920/2736
f 2906/3090/2906 2908/3092/2908 2990/3174/2990
f 2716/2900/2716 2732/2916/2732 2690/2814/2690
f 2722/2906/2722 2823/3007/2823 2729/2913/2729
f 2986/3170/2986 3261/3445/3261 3263/3447/3263
f 2738/2922/2738 2740/2924/2740 2731/2915/2731
f 22/2801/22 2990/3174/2990 23/2802/23
f 2713/2897/2713 2715/2899/2715 2752/2936/2752
f 2906/3090/2906 22/2801/22 21/2800/21
f 2736/2920/2736 2724/2908/2724 2813/2997/2813
f 2731/2915/2731 2729/2913/2729 2823/3007/2823
f 55/2835/55 54/2834/54 2899/3083/2899
f 2907/3091/2907 2987/3171/2987 2988/3172/2988
f 3010/3194/3010 16/2795/16 3007/3191/3007
f 2822/3006/2822 43/2823/43 2708/2892/2708
f 2921/3105/2921 14/2793/14 2917/3101/2917
f 2732/2916/2732 2733/2917/2733 2691/2815/2691
f 2826/3010/2826 2734/2918/2734 2735/2919/2735
f 2921/3105/2921 15/2794/15 14/2793/14
f 2776/2960/2776 2773/2957/2773 2774/2958/2774
f 19/2798/19 18/2797/18 2993/3177/2993
f 3520/3704/3520 3525/3709/3525 3329/3513/3329
f 2711/2895/2711 2730/2914/2730 2698/2866/2698
f 3006/3190/3006 2918/3102/2918 3005/3189/3005
f 2917/3101/2917 14/2793/14 13/2792/13
f 11/2790/11 10/2789/10 3012/3196/3012
f 2697/2821/2697 2696/2820/2696 2726/2910/2726
f 2929/3113/2929 7/2786/7 3023/3207/3023
f 2725/2909/2725 2726/2910/2726 2696/2820/2696
f 24/2803/24 2985/3169/2985 25/2804/25
f 6/2785/6 2854/3038/2854 7/2786/7
f 2786/2970/2786 2784/2968/2784 2749/2933/2749
f 2843/3027/2843 2917/3101/2917 2920/3104/2920
f 2701/2869/2701 2740/2924/2740 2738/2922/2738
f 3320/3504/3320 3308/3492/3308 3073/3257/3073
f 29/2808/29 2756/2940/2756 30/2809/30
f 2929/3113/2929 8/2787/8 7/2786/7
f 2811/2995/2811 2812/2996/2812 2892/3076/2892
f 2702/2870/2702 2737/2921/2737 2703/2871/2703
f 2742/2926/2742 2704/2872/2704 2744/2928/2744
f 2737/2921/2737 2744/2928/2744 2703/2871/2703
f 2814/2998/2814 2815/2999/2815 2813/2997/2813
f 2887/3071/2887 2889/3073/2889 2886/3070/2886
f 2823/3007/2823 3330/3514/3330 2731/2915/2731
f 1731/2880/1731 1730/2879/1730 2892/3076/2892
f 2729/2913/2729 2740/2924/2740 2700/2868/2700
f 2882/3066/2882 1732/2881/1732 1731/2880/1731
f 2811/2995/2811 1730/2879/1730 1729/2878/1729
f 2738/2922/2738 2737/2921/2737 2702/2870/2702
f 2753/2937/2753 2755/2939/2755 2748/2932/2748
f 2739/2923/2739 2744/2928/2744 2737/2921/2737
f 2705/2873/2705 2734/2918/2734 2706/2874/2706
f 2747/2931/2747 2723/2907/2723 2713/2897/2713
f 2748/2932/2748 2755/2939/2755 2758/2942/2758
f 2743/2927/2743 2707/2875/2707 2706/2874/2706
f 31/2810/31 2751/2935/2751 2752/2936/2752
f 2707/2875/2707 2718/2902/2718 1727/2876/1727
f 2713/2897/2713 2752/2936/2752 2751/2935/2751
f 1728/2877/1728 1727/2876/1727 2718/2902/2718
f 2828/3012/2828 2782/2966/2782 1728/2877/1728
f 2739/2923/2739 2737/2921/2737 2728/2912/2728
f 2779/2963/2779 2746/2930/2746 2745/2929/2745
f 2954/3138/2954 1735/2884/1735 1734/2883/1734
f 2819/3003/2819 2818/3002/2818 2719/2903/2719
f 3033/3217/3033 2963/3147/2963 2962/3146/2962
f 2928/3112/2928 2862/3046/2862 2802/2986/2802
f 5/2784/5 2849/3033/2849 6/2785/6
f 2802/2986/2802 2862/3046/2862 2799/2983/2799
f 2881/3065/2881 2808/2992/2808 2810/2994/2810
f 2/2781/2 2860/3044/2860 2799/2983/2799
f 81/2861/81 80/2860/80 2871/3055/2871
f 2714/2898/2714 2715/2899/2715 2716/2900/2716
f 2799/2983/2799 3/2782/3 2/2781/2
f 2751/2935/2751 2750/2934/2750 2713/2897/2713
f 5/2784/5 2928/3112/2928 2849/3033/2849
f 2742/2926/2742 2734/2918/2734 2705/2873/2705
f 3186/3370/3186 2845/3029/2845 3030/3214/3030
f 4/2783/4 3/2782/3 2862/3046/2862
f 2699/2867/2699 2730/2914/2730 2729/2913/2729
f 2742/2926/2742 2705/2873/2705 2704/2872/2704
f 1/2780/1 1742/2891/1742 2764/2948/2764
f 2825/3009/2825 2820/3004/2820 2727/2911/2727
f 2801/2985/2801 2763/2947/2763 2800/2984/2800
f 2819/3003/2819 2773/2957/2773 2725/2909/2725
f 1741/2890/1741 2800/2984/2800 1742/2891/1742
f 1740/2889/1740 1739/2888/1739 2855/3039/2855
f 2699/2867/2699 2698/2866/2698 2730/2914/2730
f 2718/2902/2718 2707/2875/2707 2743/2927/2743
f 3028/3212/3028 2875/3059/2875 3029/3213/3029
f 1738/2887/1738 1737/2886/1737 2923/3107/2923
f 2909/3093/2909 2993/3177/2993 2994/3178/2994
f 3013/3197/3013 3092/3276/3092 3093/3277/3093
f 2732/2916/2732 2716/2900/2716 2723/2907/2723
f 3599/3783/3599 3417/3601/3417 3609/3793/3609
f 3074/3258/3074 2906/3090/2906 2907/3091/2907
f 1742/2891/1742 2800/2984/2800 2860/3044/2860
f 2/2781/2 1/2780/1 2764/2948/2764
f 2754/2938/2754 3201/3385/3201 3155/3339/3155
f 47/2827/47 2867/3051/2867 48/2828/48
f 78/2858/78 2873/3057/2873 79/2859/79
f 2946/3130/2946 2805/2989/2805 2872/3056/2872
f 3409/3593/3409 3412/3596/3412 3407/3591/3407
f 3574/3758/3574 3594/3778/3594 3628/3812/3628
f 2809/2993/2809 2805/2989/2805 2948/3132/2948
f 2959/3143/2959 2879/3063/2879 2957/3141/2957
f 2782/2966/2782 1729/2878/1729 1728/2877/1728
f 1731/2880/1731 2892/3076/2892 2882/3066/2882
f 2774/2958/2774 2719/2903/2719 2775/2959/2775
f 2804/2988/2804 2869/3053/2869 2945/3129/2945
f 2773/2957/2773 2819/3003/2819 2719/2903/2719
f 2725/2909/2725 2695/2819/2695 2772/2956/2772
f 2727/2911/2727 2772/2956/2772 2694/2818/2694
f 2772/2956/2772 2771/2955/2771 2819/3003/2819
f 2774/2958/2774 2773/2957/2773 2719/2903/2719
f 2726/2910/2726 2725/2909/2725 2773/2957/2773
f 2818/3002/2818 2895/3079/2895 2719/2903/2719
f 2817/3001/2817 2776/2960/2776 2770/2954/2770
f 2775/2959/2775 2895/3079/2895 2821/3005/2821
f 2770/2954/2770 2774/2958/2774 2775/2959/2775
f 43/2823/43 2776/2960/2776 44/2824/44
f 2773/2957/2773 2776/2960/2776 2726/2910/2726
f 3520/3704/3520 2777/2961/2777 2712/2896/2712
f 2728/2912/2728 2737/2921/2737 2897/3081/2897
f 2779/2963/2779 2733/2917/2733 2746/2930/2746
f 2784/2968/2784 2741/2925/2741 3129/3313/3129
f 2745/2929/2745 2784/2968/2784 2894/3078/2894
f 2733/2917/2733 2779/2963/2779 2778/2962/2778
f 2733/2917/2733 2780/2964/2780 2692/2816/2692
f 2780/2964/2780 2778/2962/2778 2825/3009/2825
f 2739/2923/2739 2829/3013/2829 2831/3015/2831
f 2898/3082/2898 2965/3149/2965 2783/2967/2783
f 2816/3000/2816 2736/2920/2736 2813/2997/2813
f 2782/2966/2782 2816/3000/2816 2811/2995/2811
f 2898/3082/2898 2783/2967/2783 2721/2905/2721
f 2831/3015/2831 2781/2965/2781 2826/3010/2826
f 2893/3077/2893 3128/3312/3128 3039/3223/3039
f 2745/2929/2745 2749/2933/2749 2784/2968/2784
f 26/2805/26 2834/3018/2834 27/2806/27
f 2905/3089/2905 2838/3022/2838 3070/3254/3070
f 2758/2942/2758 2786/2970/2786 2749/2933/2749
f 3132/3316/3132 2786/2970/2786 2757/2941/2757
f 2974/3158/2974 2975/3159/2975 2900/3084/2900
f 3254/3438/3254 3493/3677/3493 3150/3334/3150
f 3140/3324/3140 2976/3160/2976 3051/3235/3051
f 3155/3339/3155 3244/3428/3244 3243/3427/3243
f 3281/3465/3281 3276/3460/3276 3235/3419/3235
f 3156/3340/3156 2838/3022/2838 3076/3260/3076
f 2909/3093/2909 2994/3178/2994 3081/3265/3081
f 2998/3182/2998 3207/3391/3207 3088/3272/3088
f 2995/3179/2995 2996/3180/2996 2912/3096/2912
f 3364/3548/3364 3369/3553/3369 2793/2977/2793
f 3431/3615/3431 3440/3624/3440 3438/3622/3438
f 2840/3024/2840 3081/3265/3081 3084/3268/3084
f 3174/3358/3174 2929/3113/2929 3093/3277/3093
f 3288/3472/3288 3248/3432/3248 3289/3473/3289
f 3028/3212/3028 1736/2885/1736 1735/2884/1735
f 3306/3490/3306 2761/2945/2761 3304/3488/3304
f 3602/3786/3602 3604/3788/3604 3608/3792/3608
f 2953/3137/2953 3122/3306/3122 3121/3305/3121
f 70/2850/70 69/2849/69 3019/3203/3019
f 3020/3204/3020 2927/3111/2927 3109/3293/3109
f 2797/2981/2797 2930/3114/2930 2935/3119/2935
f 2849/3033/2849 2854/3038/2854 6/2785/6
f 2859/3043/2859 1739/2888/1739 2940/3124/2940
f 2859/3043/2859 3332/3516/3332 2798/2982/2798
f 2860/3044/2860 2/2781/2 2764/2948/2764
f 2802/2986/2802 2799/2983/2799 2763/2947/2763
f 2800/2984/2800 1741/2890/1741 2861/3045/2861
f 2763/2947/2763 2799/2983/2799 2860/3044/2860
f 2857/3041/2857 1740/2889/1740 2855/3039/2855
f 2798/2982/2798 2858/3042/2858 2857/3041/2857
f 2857/3041/2857 2858/3042/2858 2864/3048/2864
f 2852/3036/2852 2853/3037/2853 2930/3114/2930
f 3064/3248/3064 2836/3020/2836 3049/3233/3049
f 48/2828/48 2942/3126/2942 49/2829/49
f 46/2826/46 45/2825/45 2869/3053/2869
f 2804/2988/2804 2945/3129/2945 2870/3054/2870
f 2957/3141/2957 2956/3140/2956 2877/3061/2877
f 2809/2993/2809 2768/2952/2768 2808/2992/2808
f 78/2858/78 2950/3134/2950 2873/3057/2873
f 76/2856/76 2951/3135/2951 77/2857/77
f 2889/3073/2889 1733/2882/1733 1732/2881/1732
f 3123/3307/3123 3191/3375/3191 3186/3370/3186
f 2878/3062/2878 82/2862/82 81/2861/81
f 2879/3063/2879 2810/2994/2810 2958/3142/2958
f 2878/3062/2878 2808/2992/2808 82/2862/82
f 2809/2993/2809 2878/3062/2878 2871/3055/2871
f 2730/2914/2730 2711/2895/2711 2880/3064/2880
f 2711/2895/2711 2881/3065/2881 2880/3064/2880
f 2782/2966/2782 2811/2995/2811 1729/2878/1729
f 2811/2995/2811 2769/2953/2769 2812/2996/2812
f 2961/3145/2961 2815/2999/2815 2884/3068/2884
f 2884/3068/2884 2891/3075/2891 2883/3067/2883
f 2814/2998/2814 2813/2997/2813 2724/2908/2724
f 2813/2997/2813 2815/2999/2815 2816/3000/2816
f 2814/2998/2814 2724/2908/2724 2826/3010/2826
f 2815/2999/2815 2814/2998/2814 2717/2901/2717
f 2717/2901/2717 2884/3068/2884 2815/2999/2815
f 2816/3000/2816 2815/2999/2815 2769/2953/2769
f 2811/2995/2811 2816/3000/2816 2769/2953/2769
f 2816/3000/2816 2782/2966/2782 2828/3012/2828
f 2776/2960/2776 2817/3001/2817 44/2824/44
f 2869/3053/2869 2817/3001/2817 2770/2954/2770
f 2969/3153/2969 2720/2904/2720 2893/3077/2893
f 2969/3153/2969 2895/3079/2895 2818/3002/2818
f 2772/2956/2772 2819/3003/2819 2725/2909/2725
f 2818/3002/2818 2819/3003/2819 2771/2955/2771
f 2818/3002/2818 2820/3004/2820 2720/2904/2720
f 2772/2956/2772 2820/3004/2820 2771/2955/2771
f 3038/3222/3038 2821/3005/2821 2709/2893/2709
f 2945/3129/2945 2944/3128/2944 2821/3005/2821
f 2726/2910/2726 2776/2960/2776 2822/3006/2822
f 43/2823/43 2822/3006/2822 2776/2960/2776
f 2959/3143/2959 2823/3007/2823 2722/2906/2722
f 3330/3514/3330 2823/3007/2823 2777/2961/2777
f 3520/3704/3520 3524/3708/3524 3528/3712/3528
f 2824/3008/2824 3530/3714/3530 2830/3014/2830
f 2780/2964/2780 2825/3009/2825 2727/2911/2727
f 2970/3154/2970 2825/3009/2825 2778/2962/2778
f 2831/3015/2831 2826/3010/2826 2735/2919/2735
f 2814/2998/2814 2826/3010/2826 2781/2965/2781
f 2767/2951/2767 3193/3377/3193 3405/3589/3405
f 3037/3221/3037 3127/3311/3127 3415/3599/3415
f 2743/2927/2743 2828/3012/2828 2718/2902/2718
f 2816/3000/2816 2828/3012/2828 2736/2920/2736
f 2830/3014/2830 2829/3013/2829 2728/2912/2728
f 2831/3015/2831 2829/3013/2829 2783/2967/2783
f 2830/3014/2830 2728/2912/2728 2897/3081/2897
f 2721/2905/2721 2783/2967/2783 2830/3014/2830
f 2739/2923/2739 2831/3015/2831 2735/2919/2735
f 2965/3149/2965 2831/3015/2831 2783/2967/2783
f 2755/2939/2755 2832/3016/2832 2754/2938/2754
f 29/2808/29 2832/3016/2832 2756/2940/2756
f 2834/3018/2834 2833/3017/2833 27/2806/27
f 2832/3016/2832 2833/3017/2833 2785/2969/2785
f 3069/3253/3069 2986/3170/2986 3265/3449/3265
f 3155/3339/3155 3201/3385/3201 3202/3386/3202
f 2974/3158/2974 2899/3083/2899 54/2834/54
f 2899/3083/2899 3054/3238/3054 2901/3085/2901
f 50/2830/50 49/2829/49 2943/3127/2943
f 3149/3333/3149 3055/3239/3055 3148/3332/3148
f 2978/3162/2978 3057/3241/3057 3056/3240/3056
f 3473/3657/3473 3474/3658/3474 3323/3507/3323
f 2992/3176/2992 3076/3260/3076 3077/3261/3077
f 26/2805/26 3069/3253/3069 2834/3018/2834
f 2987/3171/2987 2906/3090/2906 21/2800/21
f 2908/3092/2908 2906/3090/2906 3075/3259/3075
f 3277/3461/3277 3279/3463/3279 3319/3503/3319
f 2839/3023/2839 2906/3090/2906 3074/3258/3074
f 2911/3095/2911 2995/3179/2995 2914/3098/2914
f 3182/3366/3182 3183/3367/3183 3516/3700/3516
f 3481/3665/3481 3486/3670/3486 3480/3664/3480
f 2847/3031/2847 2925/3109/2925 3108/3292/3108
f 2917/3101/2917 3005/3189/3005 2920/3104/2920
f 3205/3389/3205 3204/3388/3204 3083/3267/3083
f 3447/3631/3447 3445/3629/3445 2760/2944/2760
f 2843/3027/2843 2920/3104/2920 3169/3353/3169
f 1737/2886/1737 1736/2885/1736 3031/3215/3031
f 3334/3518/3334 2932/3116/2932 2933/3117/2933
f 3016/3200/3016 2924/3108/2924 3015/3199/3015
f 2951/3135/2951 2953/3137/2953 2874/3058/2874
f 3219/3403/3219 3268/3452/3268 2847/3031/2847
f 3102/3286/3102 2924/3108/2924 3016/3200/3016
f 3021/3205/3021 68/2848/68 67/2847/67
f 3248/3432/3248 3272/3456/3272 3622/3806/3622
f 5/2784/5 4/2783/4 2928/3112/2928
f 2797/2981/2797 2851/3035/2851 2854/3038/2854
f 2930/3114/2930 2853/3037/2853 2941/3125/2941
f 2797/2981/2797 2849/3033/2849 2852/3036/2852
f 2797/2981/2797 2852/3036/2852 2930/3114/2930
f 3013/3197/3013 3094/3278/3094 2922/3106/2922
f 2849/3033/2849 2850/3034/2850 2852/3036/2852
f 2852/3036/2852 2850/3034/2850 2853/3037/2853
f 2802/2986/2802 2865/3049/2865 2850/3034/2850
f 2802/2986/2802 2763/2947/2763 2863/3047/2863
f 2797/2981/2797 2854/3038/2854 2849/3033/2849
f 2854/3038/2854 2851/3035/2851 3023/3207/3023
f 2940/3124/2940 1739/2888/1739 1738/2887/1738
f 2857/3041/2857 2855/3039/2855 2798/2982/2798
f 2940/3124/2940 2923/3107/2923 3014/3198/3014
f 3331/3515/3331 3341/3525/3341 3343/3527/3343
f 2798/2982/2798 3340/3524/3340 2858/3042/2858
f 2857/3041/2857 2801/2985/2801 2861/3045/2861
f 2762/2946/2762 2941/3125/2941 2858/3042/2858
f 2865/3049/2865 2863/3047/2863 2864/3048/2864
f 1739/2888/1739 2859/3043/2859 2855/3039/2855
f 3333/3517/3333 3344/3528/3344 3014/3198/3014
f 1742/2891/1742 2860/3044/2860 2764/2948/2764
f 2763/2947/2763 2860/3044/2860 2800/2984/2800
f 2857/3041/2857 2861/3045/2861 1740/2889/1740
f 2800/2984/2800 2861/3045/2861 2801/2985/2801
f 2799/2983/2799 2862/3046/2862 3/2782/3
f 2928/3112/2928 2802/2986/2802 2850/3034/2850
f 2801/2985/2801 2864/3048/2864 2863/3047/2863
f 2941/3125/2941 2864/3048/2864 2858/3042/2858
f 2857/3041/2857 2864/3048/2864 2801/2985/2801
f 2941/3125/2941 2865/3049/2865 2864/3048/2864
f 2850/3034/2850 2865/3049/2865 2853/3037/2853
f 2802/2986/2802 2863/3047/2863 2865/3049/2865
f 3040/3224/3040 3136/3320/3136 3196/3380/3196
f 2981/3165/2981 3151/3335/3151 2902/3086/2902
f 2867/3051/2867 47/2827/47 2868/3052/2868
f 2866/3050/2866 2867/3051/2867 2803/2987/2803
f 2869/3053/2869 2868/3052/2868 46/2826/46
f 2867/3051/2867 2868/3052/2868 2804/2988/2804
f 2817/3001/2817 2869/3053/2869 45/2825/45
f 2775/2959/2775 2944/3128/2944 2770/2954/2770
f 3044/3228/3044 2972/3156/2972 3153/3337/3153
f 2803/2987/2803 2804/2988/2804 2870/3054/2870
f 80/2860/80 79/2859/79 2949/3133/2949
f 2809/2993/2809 2871/3055/2871 2805/2989/2805
f 2949/3133/2949 2871/3055/2871 80/2860/80
f 2872/3056/2872 2949/3133/2949 2873/3057/2873
f 2950/3134/2950 78/2858/78 77/2857/77
f 2872/3056/2872 2873/3057/2873 2806/2990/2806
f 2950/3134/2950 2951/3135/2951 2874/3058/2874
f 3185/3369/3185 2952/3136/2952 3118/3302/3118
f 2963/3147/2963 1733/2882/1733 2887/3071/2887
f 3029/3213/3029 2955/3139/2955 3028/3212/3028
f 2885/3069/2885 2883/3067/2883 2886/3070/2886
f 2966/3150/2966 2876/3060/2876 2886/3070/2886
f 2946/3130/2946 2947/3131/2947 2805/2989/2805
f 3521/3705/3521 3526/3710/3526 3525/3709/3525
f 2871/3055/2871 2878/3062/2878 81/2861/81
f 2808/2992/2808 2878/3062/2878 2809/2993/2809
f 2958/3142/2958 2957/3141/2957 2879/3063/2879
f 2879/3063/2879 2959/3143/2959 2960/3144/2960
f 2881/3065/2881 2711/2895/2711 84/2864/84
f 2960/3144/2960 2810/2994/2810 2879/3063/2879
f 2808/2992/2808 2881/3065/2881 83/2863/83
f 2880/3064/2880 2881/3065/2881 2810/2994/2810
f 2885/3069/2885 2882/3066/2882 2812/2996/2812
f 1732/2881/1732 2882/3066/2882 2889/3073/2889
f 2812/2996/2812 2769/2953/2769 2961/3145/2961
f 2883/3067/2883 2885/3069/2885 2961/3145/2961
f 2717/2901/2717 2781/2965/2781 2964/3148/2964
f 2890/3074/2890 2884/3068/2884 2717/2901/2717
f 2885/3069/2885 2812/2996/2812 2961/3145/2961
f 2883/3067/2883 2966/3150/2966 2886/3070/2886
f 2876/3060/2876 3032/3216/3032 2886/3070/2886
f 2882/3066/2882 2885/3069/2885 2886/3070/2886
f 2887/3071/2887 2886/3070/2886 3032/3216/3032
f 2963/3147/2963 2875/3059/2875 2954/3138/2954
f 2968/3152/2968 2967/3151/2967 3127/3311/3127
f 2890/3074/2890 2891/3075/2891 2884/3068/2884
f 2886/3070/2886 2889/3073/2889 2882/3066/2882
f 1733/2882/1733 2889/3073/2889 2887/3071/2887
f 2964/3148/2964 2890/3074/2890 2717/2901/2717
f 2891/3075/2891 2890/3074/2890 2888/3072/2888
f 2967/3151/2967 2968/3152/2968 3125/3309/3125
f 2966/3150/2966 2891/3075/2891 3125/3309/3125
f 2811/2995/2811 2892/3076/2892 1730/2879/1730
f 2882/3066/2882 2892/3076/2892 2812/2996/2812
f 2778/2962/2778 2894/3078/2894 2970/3154/2970
f 3039/3223/3039 3131/3315/3131 3135/3319/3135
f 2894/3078/2894 2893/3077/2893 2970/3154/2970
f 2745/2929/2745 2894/3078/2894 2779/2963/2779
f 2821/3005/2821 2895/3079/2895 2709/2893/2709
f 2719/2903/2719 2895/3079/2895 2775/2959/2775
f 2971/3155/2971 3038/3222/3038 3041/3225/3041
f 3200/3384/3200 3229/3413/3229 3253/3437/3253
f 3330/3514/3330 2738/2922/2738 2731/2915/2731
f 2830/3014/2830 2897/3081/2897 2824/3008/2824
f 3535/3719/3535 3414/3598/3414 3403/3587/3403
f 3404/3588/3404 3034/3218/3034 2898/3082/2898
f 2974/3158/2974 54/2834/54 53/2833/53
f 2835/3019/2835 3054/3238/3054 2899/3083/2899
f 2975/3159/2975 53/2833/53 52/2832/52
f 3045/3229/3045 2976/3160/2976 2787/2971/2787
f 3045/3229/3045 2978/3162/2978 3054/3238/3054
f 2979/3163/2979 2901/3085/2901 3056/3240/3056
f 3062/3246/3062 2943/3127/2943 2981/3165/2981
f 3047/3231/3047 2976/3160/2976 3046/3230/3046
f 3208/3392/3208 3210/3394/3210 2791/2975/2791
f 2912/3096/2912 2999/3183/2999 3088/3272/3088
f 2979/3163/2979 57/2837/57 56/2836/56
f 3065/3249/3065 2903/3087/2903 3067/3251/3067
f 3077/3261/3077 2908/3092/2908 2992/3176/2992
f 2838/3022/2838 2986/3170/2986 3070/3254/3070
f 2987/3171/2987 21/2800/21 20/2799/20
f 2839/3023/2839 3075/3259/3075 2906/3090/2906
f 2988/3172/2988 20/2799/20 19/2798/19
f 2989/3173/2989 3309/3493/3309 3398/3582/3398
f 3398/3582/3398 2991/3175/2991 3075/3259/3075
f 2905/3089/2905 3076/3260/3076 2838/3022/2838
f 3080/3264/3080 18/2797/18 17/2796/17
f 3072/3256/3072 2988/3172/2988 2909/3093/2909
f 3007/3191/3007 15/2794/15 3008/3192/3008
f 3091/3275/3091 3010/3194/3010 3007/3191/3007
f 2995/3179/2995 62/2842/62 61/2841/61
f 2915/3099/2915 2911/3095/2911 3163/3347/3163
f 2996/3180/2996 61/2841/61 60/2840/60
f 2912/3096/2912 2996/3180/2996 2999/3183/2999
f 2841/3025/2841 3164/3348/3164 3163/3347/3163
f 3004/3188/3004 3183/3367/3183 3000/3184/3000
f 2995/3179/2995 2911/3095/2911 62/2842/62
f 3088/3272/3088 2914/3098/2914 2912/3096/2912
f 3163/3347/3163 2911/3095/2911 2841/3025/2841
f 2915/3099/2915 2913/3097/2913 3001/3185/3001
f 3000/3184/3000 65/2845/65 64/2844/64
f 3180/3364/3180 2927/3111/2927 3022/3206/3022
f 3005/3189/3005 13/2792/13 12/2791/12
f 2921/3105/2921 2917/3101/2917 3416/3600/3416
f 3006/3190/3006 12/2791/12 11/2790/11
f 3089/3273/3089 3168/3352/3168 3170/3354/3170
f 3011/3195/3011 2919/3103/2919 3423/3607/3423
f 15/2794/15 3007/3191/3007 16/2795/16
f 3005/3189/3005 2917/3101/2917 13/2792/13
f 3167/3351/3167 3170/3354/3170 2918/3102/2918
f 3416/3600/3416 2917/3101/2917 2843/3027/2843
f 2921/3105/2921 2919/3103/2919 3008/3192/3008
f 3092/3276/3092 10/2789/10 9/2788/9
f 3089/3273/3089 3167/3351/3167 3165/3349/3165
f 1736/2885/1736 3028/3212/3028 3031/3215/3031
f 3014/3198/3014 2923/3107/2923 2845/3029/2845
f 3016/3200/3016 74/2854/74 73/2853/73
f 3117/3301/3117 3185/3369/3185 2846/3030/2846
f 3106/3290/3106 71/2851/71 70/2850/70
f 2847/3031/2847 3176/3360/3176 2925/3109/2925
f 3107/3291/3107 3177/3361/3177 3179/3363/3179
f 3108/3292/3108 2925/3109/2925 3018/3202/3018
f 3113/3297/3113 3021/3205/3021 67/2847/67
f 3181/3365/3181 2916/3100/2916 3182/3366/3182
f 2862/3046/2862 2928/3112/2928 4/2783/4
f 2849/3033/2849 2928/3112/2928 2850/3034/2850
f 2938/3122/2938 2851/3035/2851 2936/3120/2936
f 3012/3196/3012 3013/3197/3013 2922/3106/2922
f 2930/3114/2930 2762/2946/2762 2933/3117/2933
f 2935/3119/2935 2933/3117/2933 2939/3123/2939
f 3347/3531/3347 3346/3530/3346 3334/3518/3334
f 3375/3559/3375 3305/3489/3305 3374/3558/3374
f 2762/2946/2762 2858/3042/2858 3340/3524/3340
f 2797/2981/2797 2935/3119/2935 2936/3120/2936
f 3341/3525/3341 3342/3526/3342 3340/3524/3340
f 2932/3116/2932 2939/3123/2939 2933/3117/2933
f 3350/3534/3350 2939/3123/2939 2932/3116/2932
f 3353/3537/3353 3358/3542/3358 3351/3535/3351
f 2933/3117/2933 2935/3119/2935 2930/3114/2930
f 2936/3120/2936 2935/3119/2935 2934/3118/2934
f 3357/3541/3357 2938/3122/2938 2934/3118/2934
f 2797/2981/2797 2936/3120/2936 2851/3035/2851
f 2939/3123/2939 3349/3533/3349 2934/3118/2934
f 3098/3282/3098 2844/3028/2844 3094/3278/3094
f 2934/3118/2934 2938/3122/2938 2936/3120/2936
f 2938/3122/2938 2937/3121/2937 3175/3359/3175
f 3350/3534/3350 2932/3116/2932 3348/3532/3348
f 2935/3119/2935 2939/3123/2939 2934/3118/2934
f 2923/3107/2923 2940/3124/2940 1738/2887/1738
f 2859/3043/2859 2940/3124/2940 2856/3040/2856
f 2930/3114/2930 2941/3125/2941 2762/2946/2762
f 2865/3049/2865 2941/3125/2941 2853/3037/2853
f 2867/3051/2867 2942/3126/2942 48/2828/48
f 2943/3127/2943 2942/3126/2942 2866/3050/2866
f 2973/3157/2973 3043/3227/3043 2803/2987/2803
f 2980/3164/2980 51/2831/51 3062/3246/3062
f 2775/2959/2775 2821/3005/2821 2944/3128/2944
f 2945/3129/2945 2821/3005/2821 2765/2949/2765
f 2945/3129/2945 2765/2949/2765 2870/3054/2870
f 2869/3053/2869 2944/3128/2944 2945/3129/2945
f 2806/2990/2806 3121/3305/3121 3027/3211/3027
f 2946/3130/2946 2766/2950/2766 2947/3131/2947
f 3522/3706/3522 2948/3132/2948 2947/3131/2947
f 2948/3132/2948 2877/3061/2877 2956/3140/2956
f 2805/2989/2805 2947/3131/2947 2948/3132/2948
f 3522/3706/3522 3521/3705/3521 3527/3711/3527
f 2873/3057/2873 2949/3133/2949 79/2859/79
f 2871/3055/2871 2949/3133/2949 2872/3056/2872
f 2951/3135/2951 2950/3134/2950 77/2857/77
f 2873/3057/2873 2950/3134/2950 2874/3058/2874
f 3024/3208/3024 76/2856/76 75/2855/75
f 3120/3304/3120 3024/3208/3024 2924/3108/2924
f 3521/3705/3521 3531/3715/3531 3526/3710/3526
f 3121/3305/3121 2806/2990/2806 2874/3058/2874
f 3119/3303/3119 3024/3208/3024 3120/3304/3120
f 3118/3302/3118 3122/3306/3122 2953/3137/2953
f 2963/3147/2963 2954/3138/2954 1734/2883/1734
f 3028/3212/3028 2954/3138/2954 2875/3059/2875
f 3397/3581/3397 3393/3577/3393 3396/3580/3396
f 2923/3107/2923 3030/3214/3030 2845/3029/2845
f 2948/3132/2948 2956/3140/2956 2809/2993/2809
f 2957/3141/2957 2877/3061/2877 2712/2896/2712
f 2957/3141/2957 2712/2896/2712 2959/3143/2959
f 2768/2952/2768 2956/3140/2956 2957/3141/2957
f 2808/2992/2808 2958/3142/2958 2810/2994/2810
f 2957/3141/2957 2958/3142/2958 2768/2952/2768
f 2777/2961/2777 2959/3143/2959 2712/2896/2712
f 2960/3144/2960 2959/3143/2959 2722/2906/2722
f 2729/2913/2729 2960/3144/2960 2722/2906/2722
f 2880/3064/2880 2960/3144/2960 2730/2914/2730
f 2815/2999/2815 2961/3145/2961 2769/2953/2769
f 2961/3145/2961 2884/3068/2884 2883/3067/2883
f 2876/3060/2876 2966/3150/2966 2968/3152/2968
f 2962/3146/2962 3415/3599/3415 3033/3217/3033
f 1733/2882/1733 2963/3147/2963 1734/2883/1734
f 2963/3147/2963 2887/3071/2887 3032/3216/3032
f 2965/3149/2965 2964/3148/2964 2781/2965/2781
f 2827/3011/2827 2888/3072/2888 2964/3148/2964
f 2965/3149/2965 2781/2965/2781 2831/3015/2831
f 3034/3218/3034 2965/3149/2965 2898/3082/2898
f 2883/3067/2883 2891/3075/2891 2966/3150/2966
f 3125/3309/3125 3035/3219/3035 3408/3592/3408
f 3126/3310/3126 2891/3075/2891 2888/3072/2888
f 3402/3586/3402 3411/3595/3411 3410/3594/3410
f 3036/3220/3036 3127/3311/3127 3405/3589/3405
f 3032/3216/3032 3037/3221/3037 2962/3146/2962
f 2720/2904/2720 2969/3153/2969 2818/3002/2818
f 3039/3223/3039 2969/3153/2969 2893/3077/2893
f 2893/3077/2893 2720/2904/2720 2970/3154/2970
f 2970/3154/2970 2720/2904/2720 2825/3009/2825
f 3039/3223/3039 3041/3225/3041 2709/2893/2709
f 3196/3380/3196 3136/3320/3136 2972/3156/2972
f 3064/3248/3064 3229/3413/3229 3200/3384/3200
f 3043/3227/3043 2866/3050/2866 2803/2987/2803
f 2765/2949/2765 3137/3321/3137 2870/3054/2870
f 2821/3005/2821 3138/3322/3138 2765/2949/2765
f 2975/3159/2975 2974/3158/2974 53/2833/53
f 2899/3083/2899 2974/3158/2974 2900/3084/2900
f 2980/3164/2980 2975/3159/2975 52/2832/52
f 3052/3236/3052 3051/3235/3051 3053/3237/3053
f 3047/3231/3047 2900/3084/2900 2975/3159/2975
f 3047/3231/3047 3051/3235/3051 2976/3160/2976
f 2899/3083/2899 2977/3161/2977 55/2835/55
f 2979/3163/2979 2977/3161/2977 2901/3085/2901
f 3148/3332/3148 2978/3162/2978 2787/2971/2787
f 3061/3245/3061 3059/3243/3059 3060/3244/3060
f 2901/3085/2901 3054/3238/3054 3056/3240/3056
f 2979/3163/2979 3058/3242/3058 2983/3167/2983
f 51/2831/51 50/2830/50 3062/3246/3062
f 2980/3164/2980 2902/3086/2902 3048/3232/3048
f 2943/3127/2943 2866/3050/2866 3139/3323/3139
f 2902/3086/2902 2980/3164/2980 2981/3165/2981
f 58/2838/58 2984/3168/2984 3068/3252/3068
f 3086/3270/3086 2999/3183/2999 2996/3180/2996
f 2979/3163/2979 2983/3167/2983 57/2837/57
f 2984/3168/2984 2983/3167/2983 2904/3088/2904
f 2904/3088/2904 3066/3250/3066 2984/3168/2984
f 3067/3251/3067 3068/3252/3068 2984/3168/2984
f 3077/3261/3077 2985/3169/2985 24/2803/24
f 3070/3254/3070 2985/3169/2985 2905/3089/2905
f 3256/3440/3256 2788/2972/2788 3258/3442/3258
f 3252/3436/3252 3249/3433/3249 3194/3378/3194
f 2988/3172/2988 2987/3171/2987 20/2799/20
f 2906/3090/2906 2987/3171/2987 2907/3091/2907
f 2993/3177/2993 2988/3172/2988 19/2798/19
f 3072/3256/3072 2909/3093/2909 2840/3024/2840
f 3311/3495/3311 2988/3172/2988 3072/3256/3072
f 3073/3257/3073 3310/3494/3310 3311/3495/3311
f 2906/3090/2906 2990/3174/2990 22/2801/22
f 3077/3261/3077 2990/3174/2990 2908/3092/2908
f 3280/3464/3280 3294/3478/3294 3284/3468/3284
f 3295/3479/3295 3156/3340/3156 2992/3176/2992
f 2905/3089/2905 2985/3169/2985 3077/3261/3077
f 3078/3262/3078 2992/3176/2992 2908/3092/2908
f 2993/3177/2993 18/2797/18 3080/3264/3080
f 2988/3172/2988 2993/3177/2993 2909/3093/2909
f 3010/3194/3010 17/2796/17 16/2795/16
f 2909/3093/2909 3081/3265/3081 2840/3024/2840
f 2996/3180/2996 2995/3179/2995 61/2841/61
f 2914/3098/2914 2995/3179/2995 2912/3096/2912
f 60/2840/60 2997/3181/2997 2996/3180/2996
f 2982/3166/2982 3067/3251/3067 3086/3270/3086
f 59/2839/59 2997/3181/2997 60/2840/60
f 3086/3270/3086 2997/3181/2997 2982/3166/2982
f 2998/3182/2998 3086/3270/3086 3206/3390/3206
f 3088/3272/3088 2841/3025/2841 2914/3098/2914
f 2996/3180/2996 2997/3181/2997 3086/3270/3086
f 3088/3272/3088 2999/3183/2999 2998/3182/2998
f 3000/3184/3000 3001/3185/3001 3004/3188/3004
f 3003/3187/3003 3000/3184/3000 2916/3100/2916
f 2915/3099/2915 3001/3185/3001 64/2844/64
f 3004/3188/3004 3001/3185/3001 2913/3097/2913
f 3160/3344/3160 2791/2975/2791 3164/3348/3164
f 3162/3346/3162 3002/3186/3002 3004/3188/3004
f 2916/3100/2916 3181/3365/3181 3114/3298/3114
f 66/2846/66 65/2845/65 3003/3187/3003
f 3162/3346/3162 3004/3188/3004 2913/3097/2913
f 3004/3188/3004 3002/3186/3002 3183/3367/3183
f 3006/3190/3006 3005/3189/3005 12/2791/12
f 2920/3104/2920 3005/3189/3005 2918/3102/2918
f 3012/3196/3012 3006/3190/3006 11/2790/11
f 3095/3279/3095 3089/3273/3089 3165/3349/3165
f 3007/3191/3007 3008/3192/3008 3011/3195/3011
f 2994/3178/2994 3080/3264/3080 3010/3194/3010
f 2921/3105/2921 3008/3192/3008 15/2794/15
f 3011/3195/3011 3008/3192/3008 2919/3103/2919
f 3423/3607/3423 3416/3600/3416 3090/3274/3090
f 3423/3607/3423 3422/3606/3422 3009/3193/3009
f 3007/3191/3007 3011/3195/3011 3091/3275/3091
f 3082/3266/3082 3010/3194/3010 2910/3094/2910
f 2919/3103/2919 3416/3600/3416 3423/3607/3423
f 3091/3275/3091 3011/3195/3011 3009/3193/3009
f 3012/3196/3012 10/2789/10 3092/3276/3092
f 3012/3196/3012 2922/3106/2922 3165/3349/3165
f 9/2788/9 8/2787/8 3174/3358/3174
f 3095/3279/3095 3094/3278/3094 2844/3028/2844
f 2859/3043/2859 3344/3528/3344 3332/3516/3332
f 2940/3124/2940 3014/3198/3014 2856/3040/2856
f 3016/3200/3016 3015/3199/3015 74/2854/74
f 3024/3208/3024 3015/3199/3015 2924/3108/2924
f 3105/3289/3105 3103/3287/3103 3104/3288/3104
f 2846/3030/2846 2924/3108/2924 3102/3286/3102
f 3017/3201/3017 71/2851/71 3106/3290/3106
f 3105/3289/3105 3017/3201/3017 2925/3109/2925
f 3018/3202/3018 3106/3290/3106 3019/3203/3019
f 3177/3361/3177 3107/3291/3107 3108/3292/3108
f 69/2849/69 68/2848/68 3112/3296/3112
f 3019/3203/3019 2926/3110/2926 3177/3361/3177
f 2926/3110/2926 3019/3203/3019 3020/3204/3020
f 3019/3203/3019 69/2849/69 3112/3296/3112
f 3113/3297/3113 67/2847/67 66/2846/66
f 3020/3204/3020 3021/3205/3021 2927/3111/2927
f 3003/3187/3003 3114/3298/3114 66/2846/66
f 3182/3366/3182 3115/3299/3115 3181/3365/3181
f 2854/3038/2854 3023/3207/3023 7/2786/7
f 2851/3035/2851 2929/3113/2929 3023/3207/3023
f 2846/3030/2846 3025/3209/3025 3120/3304/3120
f 76/2856/76 3024/3208/3024 2951/3135/2951
f 3122/3306/3122 3118/3302/3118 2952/3136/2952
f 3119/3303/3119 2953/3137/2953 2951/3135/2951
f 3576/3760/3576 3400/3584/3400 3580/3764/3580
f 2946/3130/2946 3027/3211/3027 2766/2950/2766
f 2806/2990/2806 3027/3211/3027 2946/3130/2946
f 3576/3760/3576 3026/3210/3026 3122/3306/3122
f 3028/3212/3028 1735/2884/1735 2954/3138/2954
f 3031/3215/3031 2955/3139/2955 3030/3214/3030
f 3033/3217/3033 3029/3213/3029 2875/3059/2875
f 2807/2991/2807 3415/3599/3415 3192/3376/3192
f 3124/3308/3124 2923/3107/2923 1737/2886/1737
f 3187/3371/3187 3186/3370/3186 3030/3214/3030
f 2955/3139/2955 3031/3215/3031 3028/3212/3028
f 3030/3214/3030 2923/3107/2923 3124/3308/3124
f 3037/3221/3037 3032/3216/3032 2876/3060/2876
f 2963/3147/2963 3032/3216/3032 2962/3146/2962
f 3029/3213/3029 3033/3217/3033 2807/2991/2807
f 2963/3147/2963 3033/3217/3033 2875/3059/2875
f 2827/3011/2827 2964/3148/2964 3034/3218/3034
f 2965/3149/2965 3034/3218/3034 2964/3148/2964
f 3126/3310/3126 2888/3072/2888 3413/3597/3413
f 2827/3011/2827 3034/3218/3034 3404/3588/3404
f 3629/3813/3629 3192/3376/3192 3193/3377/3193
f 3415/3599/3415 2962/3146/2962 3037/3221/3037
f 2876/3060/2876 2968/3152/2968 3037/3221/3037
f 3037/3221/3037 2968/3152/2968 3127/3311/3127
f 2709/2893/2709 2969/3153/2969 3039/3223/3039
f 3038/3222/3038 2971/3155/2971 3040/3224/3040
f 3128/3312/3128 2893/3077/2893 2894/3078/2894
f 3131/3315/3131 3128/3312/3128 3134/3318/3134
f 3040/3224/3040 2971/3155/2971 3136/3320/3136
f 3137/3321/3137 3040/3224/3040 2973/3157/2973
f 2709/2893/2709 3041/3225/3041 3038/3222/3038
f 3041/3225/3041 3039/3223/3039 3135/3319/3135
f 3152/3336/3152 3154/3338/3154 3063/3247/3063
f 3154/3338/3154 3153/3337/3153 3229/3413/3229
f 2973/3157/2973 3196/3380/3196 3044/3228/3044
f 3139/3323/3139 3043/3227/3043 3042/3226/3042
f 3042/3226/3042 3043/3227/3043 3044/3228/3044
f 2973/3157/2973 3044/3228/3044 3043/3227/3043
f 2978/3162/2978 3045/3229/3045 2787/2971/2787
f 3046/3230/3046 3045/3229/3045 2835/3019/2835
f 3047/3231/3047 3046/3230/3046 2900/3084/2900
f 3045/3229/3045 3046/3230/3046 2976/3160/2976
f 2975/3159/2975 3048/3232/3048 3047/3231/3047
f 3049/3233/3049 3053/3237/3053 3048/3232/3048
f 2980/3164/2980 3048/3232/3048 2975/3159/2975
f 3049/3233/3049 3048/3232/3048 2902/3086/2902
f 2902/3086/2902 3151/3335/3151 3064/3248/3064
f 2836/3020/2836 3052/3236/3052 3049/3233/3049
f 3143/3327/3143 3147/3331/3147 3141/3325/3141
f 2787/2971/2787 2976/3160/2976 3140/3324/3140
f 3047/3231/3047 3048/3232/3048 3053/3237/3053
f 3140/3324/3140 3051/3235/3051 3050/3234/3050
f 2836/3020/2836 3230/3414/3230 3146/3330/3146
f 3051/3235/3051 3052/3236/3052 3050/3234/3050
f 3052/3236/3052 3053/3237/3053 3049/3233/3049
f 3047/3231/3047 3053/3237/3053 3051/3235/3051
f 3045/3229/3045 3054/3238/3054 2835/3019/2835
f 3056/3240/3056 3054/3238/3054 2978/3162/2978
f 3144/3328/3144 2787/2971/2787 3140/3324/3140
f 2759/2943/2759 3254/3438/3254 3150/3334/3150
f 3148/3332/3148 3057/3241/3057 2978/3162/2978
f 2983/3167/2983 3058/3242/3058 2904/3088/2904
f 3496/3680/3496 3483/3667/3483 3061/3245/3061
f 3059/3243/3059 3466/3650/3466 3066/3250/3066
f 2979/3163/2979 3056/3240/3056 3058/3242/3058
f 3060/3244/3060 3056/3240/3056 3057/3241/3057
f 2904/3088/2904 3058/3242/3058 3059/3243/3059
f 3060/3244/3060 3059/3243/3059 3058/3242/3058
f 3056/3240/3056 3060/3244/3060 3058/3242/3058
f 3061/3245/3061 3060/3244/3060 3057/3241/3057
f 3496/3680/3496 3057/3241/3057 3055/3239/3055
f 2837/3021/2837 3059/3243/3059 3061/3245/3061
f 2943/3127/2943 3062/3246/3062 50/2830/50
f 2980/3164/2980 3062/3246/3062 2981/3165/2981
f 3151/3335/3151 2981/3165/2981 3152/3336/3152
f 3042/3226/3042 3044/3228/3044 3153/3337/3153
f 2902/3086/2902 3064/3248/3064 3049/3233/3049
f 3064/3248/3064 3063/3247/3063 3229/3413/3229
f 3059/3243/3059 3066/3250/3066 2904/3088/2904
f 3456/3640/3456 3452/3636/3452 3453/3637/3453
f 3466/3650/3466 3059/3243/3059 2837/3021/2837
f 2984/3168/2984 3066/3250/3066 3065/3249/3065
f 3068/3252/3068 3067/3251/3067 2982/3166/2982
f 3065/3249/3065 3067/3251/3067 2984/3168/2984
f 2997/3181/2997 3068/3252/3068 2982/3166/2982
f 58/2838/58 3068/3252/3068 59/2839/59
f 26/2805/26 25/2804/25 3069/3253/3069
f 25/2804/25 2985/3169/2985 3070/3254/3070
f 2986/3170/2986 3069/3253/3069 3070/3254/3070
f 25/2804/25 3070/3254/3070 3069/3253/3069
f 3260/3444/3260 3261/3445/3261 2838/3022/2838
f 3249/3433/3249 3223/3407/3223 3194/3378/3194
f 3073/3257/3073 3072/3256/3072 2840/3024/2840
f 3073/3257/3073 3311/3495/3311 3072/3256/3072
f 3084/3268/3084 3085/3269/3085 2840/3024/2840
f 3293/3477/3293 3308/3492/3308 3315/3499/3315
f 3311/3495/3311 3074/3258/3074 2907/3091/2907
f 3398/3582/3398 3074/3258/3074 2989/3173/2989
f 3398/3582/3398 3075/3259/3075 2839/3023/2839
f 3078/3262/3078 3075/3259/3075 2991/3175/2991
f 3077/3261/3077 3076/3260/3076 2905/3089/2905
f 3156/3340/3156 3076/3260/3076 2992/3176/2992
f 24/2803/24 23/2802/23 3077/3261/3077
f 3077/3261/3077 23/2802/23 2990/3174/2990
f 3075/3259/3075 3078/3262/3078 2908/3092/2908
f 2991/3175/2991 3286/3470/3286 3295/3479/3295
f 3286/3470/3286 3287/3471/3287 3266/3450/3266
f 3256/3440/3256 3079/3263/3079 3240/3424/3240
f 3010/3194/3010 3080/3264/3080 17/2796/17
f 2993/3177/2993 3080/3264/3080 2994/3178/2994
f 2994/3178/2994 3082/3266/3082 3081/3265/3081
f 3082/3266/3082 3083/3267/3083 3084/3268/3084
f 3010/3194/3010 3082/3266/3082 2994/3178/2994
f 3082/3266/3082 2910/3094/2910 3083/3267/3083
f 3428/3612/3428 3432/3616/3432 3422/3606/3422
f 3084/3268/3084 3083/3267/3083 3158/3342/3158
f 3082/3266/3082 3084/3268/3084 3081/3265/3081
f 3083/3267/3083 3204/3388/3204 3158/3342/3158
f 3327/3511/3327 3318/3502/3318 3328/3512/3328
f 2840/3024/2840 3085/3269/3085 3320/3504/3320
f 3206/3390/3206 3086/3270/3086 2903/3087/2903
f 2999/3183/2999 3086/3270/3086 2998/3182/2998
f 3458/3642/3458 3452/3636/3452 3456/3640/3456
f 3470/3654/3470 3468/3652/3468 3469/3653/3469
f 3206/3390/3206 3207/3391/3207 2998/3182/2998
f 3160/3344/3160 3088/3272/3088 3208/3392/3208
f 3213/3397/3213 3168/3352/3168 3089/3273/3089
f 2918/3102/2918 3006/3190/3006 3167/3351/3167
f 3090/3274/3090 3416/3600/3416 3173/3357/3173
f 2790/2974/2790 3158/3342/3158 3204/3388/3204
f 3432/3616/3432 3091/3275/3091 3009/3193/3009
f 2910/3094/2910 3010/3194/3010 3091/3275/3091
f 3092/3276/3092 9/2788/9 3174/3358/3174
f 3012/3196/3012 3092/3276/3092 3013/3197/3013
f 3101/3285/3101 3093/3277/3093 3175/3359/3175
f 3013/3197/3013 3096/3280/3096 3094/3278/3094
f 3096/3280/3096 3013/3197/3013 3093/3277/3093
f 3510/3694/3510 2793/2977/2793 3509/3693/3509
f 3089/3273/3089 3095/3279/3095 2844/3028/2844
f 2922/3106/2922 3094/3278/3094 3095/3279/3095
f 3100/3284/3100 3096/3280/3096 3101/3285/3101
f 3351/3535/3351 3354/3538/3354 3353/3537/3353
f 3098/3282/3098 3094/3278/3094 3099/3283/3099
f 3097/3281/3097 3098/3282/3098 3099/3283/3099
f 3099/3283/3099 3094/3278/3094 3096/3280/3096
f 3097/3281/3097 3510/3694/3510 3215/3399/3215
f 3096/3280/3096 3093/3277/3093 3101/3285/3101
f 3100/3284/3100 3099/3283/3099 3096/3280/3096
f 3358/3542/3358 3357/3541/3357 3349/3533/3349
f 3099/3283/3099 3100/3284/3100 3361/3545/3361
f 3175/3359/3175 3093/3277/3093 2929/3113/2929
f 2937/3121/2937 3100/3284/3100 3101/3285/3101
f 3016/3200/3016 3105/3289/3105 3104/3288/3104
f 3104/3288/3104 3102/3286/3102 3016/3200/3016
f 3178/3362/3178 2796/2980/2796 3269/3453/3269
f 3418/3602/3418 3102/3286/3102 3104/3288/3104
f 3105/3289/3105 3016/3200/3016 73/2853/73
f 3418/3602/3418 3417/3601/3417 3419/3603/3419
f 73/2853/73 72/2852/72 3105/3289/3105
f 3105/3289/3105 72/2852/72 3017/3201/3017
f 3019/3203/3019 3106/3290/3106 70/2850/70
f 3017/3201/3017 3106/3290/3106 3018/3202/3018
f 3110/3294/3110 3111/3295/3111 3179/3363/3179
f 3219/3403/3219 3217/3401/3217 3178/3362/3178
f 3177/3361/3177 3108/3292/3108 3018/3202/3018
f 3219/3403/3219 3108/3292/3108 3107/3291/3107
f 2927/3111/2927 3180/3364/3180 3116/3300/3116
f 3110/3294/3110 3109/3293/3109 2848/3032/2848
f 2848/3032/2848 3271/3455/3271 3110/3294/3110
f 3020/3204/3020 3110/3294/3110 2926/3110/2926
f 3271/3455/3271 3272/3456/3272 3248/3432/3248
f 3217/3401/3217 2796/2980/2796 3178/3362/3178
f 3021/3205/3021 3112/3296/3112 68/2848/68
f 3019/3203/3019 3112/3296/3112 3020/3204/3020
f 3114/3298/3114 3113/3297/3113 66/2846/66
f 3021/3205/3021 3113/3297/3113 3022/3206/3022
f 2916/3100/2916 3114/3298/3114 3003/3187/3003
f 3113/3297/3113 3114/3298/3114 3022/3206/3022
f 2848/3032/2848 3109/3293/3109 3116/3300/3116
f 3116/3300/3116 3109/3293/3109 2927/3111/2927
f 3220/3404/3220 3221/3405/3221 3184/3368/3184
f 3115/3299/3115 3220/3404/3220 3116/3300/3116
f 3117/3301/3117 2846/3030/2846 3419/3603/3419
f 3552/3736/3552 3577/3761/3577 3579/3763/3579
f 3119/3303/3119 3118/3302/3118 2953/3137/2953
f 3185/3369/3185 3118/3302/3118 3025/3209/3025
f 3024/3208/3024 3119/3303/3119 2951/3135/2951
f 3118/3302/3118 3119/3303/3119 3025/3209/3025
f 2846/3030/2846 3120/3304/3120 2924/3108/2924
f 3119/3303/3119 3120/3304/3120 3025/3209/3025
f 2953/3137/2953 3121/3305/3121 2874/3058/2874
f 3027/3211/3027 3121/3305/3121 3026/3210/3026
f 3576/3760/3576 3122/3306/3122 2952/3136/2952
f 3121/3305/3121 3122/3306/3122 3026/3210/3026
f 3190/3374/3190 2807/2991/2807 3192/3376/3192
f 3189/3373/3189 3389/3573/3389 3123/3307/3123
f 1737/2886/1737 3031/3215/3031 3124/3308/3124
f 3030/3214/3030 3124/3308/3124 3031/3215/3031
f 2966/3150/2966 3125/3309/3125 2968/3152/2968
f 3126/3310/3126 3125/3309/3125 2891/3075/2891
f 3413/3597/3413 2888/3072/2888 2827/3011/2827
f 3125/3309/3125 3126/3310/3126 3035/3219/3035
f 3405/3589/3405 3127/3311/3127 2967/3151/2967
f 3127/3311/3127 3036/3220/3036 3415/3599/3415
f 2894/3078/2894 3129/3313/3129 3128/3312/3128
f 3131/3315/3131 3132/3316/3132 3130/3314/3130
f 2784/2968/2784 3129/3313/3129 2894/3078/2894
f 2741/2925/2741 3132/3316/3132 3134/3318/3134
f 2757/2941/2757 3243/3427/3243 3203/3387/3203
f 3224/3408/3224 3131/3315/3131 3130/3314/3130
f 2741/2925/2741 3134/3318/3134 3129/3313/3129
f 3223/3407/3223 3224/3408/3224 3194/3378/3194
f 2786/2970/2786 3132/3316/3132 2741/2925/2741
f 3246/3430/3246 2757/2941/2757 3203/3387/3203
f 3133/3317/3133 3223/3407/3223 3195/3379/3195
f 2971/3155/2971 3041/3225/3041 3135/3319/3135
f 3129/3313/3129 3134/3318/3134 3128/3312/3128
f 3132/3316/3132 3131/3315/3131 3134/3318/3134
f 3131/3315/3131 3133/3317/3133 3135/3319/3135
f 3133/3317/3133 3195/3379/3195 3135/3319/3135
f 3195/3379/3195 2971/3155/2971 3135/3319/3135
f 3136/3320/3136 3195/3379/3195 3197/3381/3197
f 2870/3054/2870 3137/3321/3137 2973/3157/2973
f 3138/3322/3138 3137/3321/3137 2765/2949/2765
f 3038/3222/3038 3138/3322/3138 2821/3005/2821
f 3137/3321/3137 3138/3322/3138 3040/3224/3040
f 3043/3227/3043 3139/3323/3139 2866/3050/2866
f 3152/3336/3152 3139/3323/3139 3042/3226/3042
f 3143/3327/3143 3140/3324/3140 3050/3234/3050
f 3142/3326/3142 3144/3328/3144 3143/3327/3143
f 3146/3330/3146 3143/3327/3143 3050/3234/3050
f 3147/3331/3147 3235/3419/3235 3141/3325/3141
f 3291/3475/3291 3150/3334/3150 3198/3382/3198
f 3148/3332/3148 2787/2971/2787 3149/3333/3149
f 3050/3234/3050 3052/3236/3052 3146/3330/3146
f 3142/3326/3142 3143/3327/3143 3141/3325/3141
f 3143/3327/3143 3144/3328/3144 3140/3324/3140
f 3144/3328/3144 3142/3326/3142 3149/3333/3149
f 3064/3248/3064 3200/3384/3200 2836/3020/2836
f 3267/3451/3267 3235/3419/3235 3145/3329/3145
f 2836/3020/2836 3146/3330/3146 3052/3236/3052
f 3146/3330/3146 3145/3329/3145 3147/3331/3147
f 3146/3330/3146 3147/3331/3147 3143/3327/3143
f 3238/3422/3238 3236/3420/3236 3267/3451/3267
f 2787/2971/2787 3144/3328/3144 3149/3333/3149
f 3057/3241/3057 3148/3332/3148 3055/3239/3055
f 3142/3326/3142 3150/3334/3150 3149/3333/3149
f 3150/3334/3150 3493/3677/3493 3149/3333/3149
f 3198/3382/3198 3150/3334/3150 3142/3326/3142
f 3254/3438/3254 2759/2943/2759 3325/3509/3325
f 3152/3336/3152 2981/3165/2981 2943/3127/2943
f 3064/3248/3064 3151/3335/3151 3063/3247/3063
f 3152/3336/3152 2943/3127/2943 3139/3323/3139
f 3063/3247/3063 3151/3335/3151 3152/3336/3152
f 3136/3320/3136 3197/3381/3197 2972/3156/2972
f 3230/3414/3230 3145/3329/3145 3146/3330/3146
f 3152/3336/3152 3042/3226/3042 3154/3338/3154
f 3042/3226/3042 3153/3337/3153 3154/3338/3154
f 3202/3386/3202 2785/2969/2785 2834/3018/2834
f 3285/3469/3285 3244/3428/3244 3155/3339/3155
f 3295/3479/3295 2992/3176/2992 3078/3262/3078
f 3260/3444/3260 3079/3263/3079 3256/3440/3256
f 3424/3608/3424 3422/3606/3422 3090/3274/3090
f 2792/2976/2792 3427/3611/3427 3424/3608/3424
f 3318/3502/3318 3158/3342/3158 2790/2974/2790
f 3084/3268/3084 3158/3342/3158 3085/3269/3085
f 3458/3642/3458 3456/3640/3456 3465/3649/3465
f 3160/3344/3160 3208/3392/3208 2791/2975/2791
f 3486/3670/3486 3164/3348/3164 2791/2975/2791
f 2841/3025/2841 3088/3272/3088 3160/3344/3160
f 3484/3668/3484 3497/3681/3497 3485/3669/3485
f 3517/3701/3517 3515/3699/3515 3516/3700/3516
f 3163/3347/3163 3162/3346/3162 2913/3097/2913
f 3162/3346/3162 3161/3345/3161 3517/3701/3517
f 2915/3099/2915 3163/3347/3163 2913/3097/2913
f 3164/3348/3164 2841/3025/2841 3160/3344/3160
f 3161/3345/3161 3162/3346/3162 3164/3348/3164
f 3163/3347/3163 3164/3348/3164 3162/3346/3162
f 3012/3196/3012 3165/3349/3165 3006/3190/3006
f 3095/3279/3095 3165/3349/3165 2922/3106/2922
f 3215/3399/3215 3216/3400/3216 2844/3028/2844
f 3427/3611/3427 3433/3617/3433 3426/3610/3426
f 3165/3349/3165 3167/3351/3167 3006/3190/3006
f 2844/3028/2844 3213/3397/3213 3089/3273/3089
f 3172/3356/3172 3430/3614/3430 3171/3355/3171
f 3169/3353/3169 3171/3355/3171 3173/3357/3173
f 2918/3102/2918 3169/3353/3169 2920/3104/2920
f 3171/3355/3171 3169/3353/3169 3168/3352/3168
f 3168/3352/3168 3169/3353/3169 3170/3354/3170
f 2918/3102/2918 3170/3354/3170 3169/3353/3169
f 3172/3356/3172 3171/3355/3171 3168/3352/3168
f 3173/3357/3173 3171/3355/3171 2792/2976/2792
f 3213/3397/3213 3172/3356/3172 3168/3352/3168
f 3476/3660/3476 3430/3614/3430 3166/3350/3166
f 2792/2976/2792 3424/3608/3424 3425/3609/3425
f 3169/3353/3169 3173/3357/3173 2843/3027/2843
f 2929/3113/2929 3174/3358/3174 8/2787/8
f 3092/3276/3092 3174/3358/3174 3093/3277/3093
f 2938/3122/2938 3175/3359/3175 2929/3113/2929
f 2937/3121/2937 3101/3285/3101 3175/3359/3175
f 3421/3605/3421 3176/3360/3176 2847/3031/2847
f 3105/3289/3105 3176/3360/3176 3103/3287/3103
f 3019/3203/3019 3177/3361/3177 3018/3202/3018
f 3179/3363/3179 3177/3361/3177 2926/3110/2926
f 3268/3452/3268 3269/3453/3269 3247/3431/3247
f 3219/3403/3219 3178/3362/3178 3268/3452/3268
f 3110/3294/3110 3179/3363/3179 2926/3110/2926
f 3217/3401/3217 3179/3363/3179 3111/3295/3111
f 3022/3206/3022 3114/3298/3114 3181/3365/3181
f 3116/3300/3116 3180/3364/3180 3115/3299/3115
f 3115/3299/3115 3180/3364/3180 3181/3365/3181
f 3022/3206/3022 3181/3365/3181 3180/3364/3180
f 3183/3367/3183 3182/3366/3182 2916/3100/2916
f 3182/3366/3182 2842/3026/2842 3221/3405/3221
f 3183/3367/3183 2916/3100/2916 3000/3184/3000
f 3517/3701/3517 3516/3700/3516 3002/3186/3002
f 3515/3699/3515 3518/3702/3518 3491/3675/3491
f 3301/3485/3301 3297/3481/3297 3302/3486/3302
f 2846/3030/2846 3185/3369/3185 3025/3209/3025
f 3185/3369/3185 3117/3301/3117 3598/3782/3598
f 3187/3371/3187 3030/3214/3030 2955/3139/2955
f 3389/3573/3389 3390/3574/3390 3123/3307/3123
f 3189/3373/3189 3187/3371/3187 3190/3374/3190
f 3123/3307/3123 3186/3370/3186 3187/3371/3187
f 3123/3307/3123 3187/3371/3187 3189/3373/3189
f 3190/3374/3190 2955/3139/2955 3029/3213/3029
f 3190/3374/3190 3187/3371/3187 2955/3139/2955
f 3192/3376/3192 3629/3813/3629 3188/3372/3188
f 2807/2991/2807 3190/3374/3190 3029/3213/3029
f 3188/3372/3188 3189/3373/3189 3190/3374/3190
f 3337/3521/3337 3333/3517/3333 3335/3519/3335
f 3186/3370/3186 3191/3375/3191 3338/3522/3338
f 3193/3377/3193 3192/3376/3192 3036/3220/3036
f 3188/3372/3188 3190/3374/3190 3192/3376/3192
f 3405/3589/3405 3193/3377/3193 3036/3220/3036
f 2767/2951/2767 3597/3781/3597 3629/3813/3629
f 3130/3314/3130 3246/3430/3246 3245/3429/3245
f 3250/3434/3250 3264/3448/3264 3259/3443/3259
f 3197/3381/3197 3195/3379/3195 2896/3080/2896
f 3136/3320/3136 2971/3155/2971 3195/3379/3195
f 3044/3228/3044 3196/3380/3196 2972/3156/2972
f 3040/3224/3040 3196/3380/3196 2973/3157/2973
f 2896/3080/2896 3223/3407/3223 3249/3433/3249
f 3153/3337/3153 2972/3156/2972 3226/3410/3226
f 3142/3326/3142 3141/3325/3141 3198/3382/3198
f 3141/3325/3141 3276/3460/3276 3291/3475/3291
f 3327/3511/3327 3470/3654/3470 3326/3510/3326
f 3495/3679/3495 3492/3676/3492 3493/3677/3493
f 3226/3410/3226 3227/3411/3227 3253/3437/3253
f 2836/3020/2836 3200/3384/3200 3230/3414/3230
f 2832/3016/2832 3201/3385/3201 2754/2938/2754
f 3202/3386/3202 3201/3385/3201 2785/2969/2785
f 3202/3386/3202 3265/3449/3265 3263/3447/3263
f 3202/3386/3202 3263/3447/3263 3285/3469/3285
f 3203/3387/3203 3244/3428/3244 3245/3429/3245
f 3132/3316/3132 3246/3430/3246 3130/3314/3130
f 3205/3389/3205 3083/3267/3083 2910/3094/2910
f 3157/3341/3157 3323/3507/3323 3324/3508/3324
f 3205/3389/3205 3432/3616/3432 3428/3612/3428
f 3204/3388/3204 3205/3389/3205 3428/3612/3428
f 3206/3390/3206 2903/3087/2903 3465/3649/3465
f 3207/3391/3207 3206/3390/3206 3159/3343/3159
f 3212/3396/3212 3159/3343/3159 3456/3640/3456
f 3088/3272/3088 3207/3391/3207 3208/3392/3208
f 3207/3391/3207 3159/3343/3159 3212/3396/3212
f 3211/3395/3211 3209/3393/3209 3210/3394/3210
f 3450/3634/3450 3446/3630/3446 3455/3639/3455
f 3464/3648/3464 3484/3668/3484 3209/3393/3209
f 3211/3395/3211 3210/3394/3210 3208/3392/3208
f 3209/3393/3209 3484/3668/3484 3480/3664/3480
f 3211/3395/3211 3208/3392/3208 3207/3391/3207
f 3211/3395/3211 3087/3271/3087 3613/3797/3613
f 3087/3271/3087 3211/3395/3211 3212/3396/3212
f 3207/3391/3207 3212/3396/3212 3211/3395/3211
f 3098/3282/3098 3215/3399/3215 2844/3028/2844
f 3172/3356/3172 3213/3397/3213 3166/3350/3166
f 3513/3697/3513 3512/3696/3512 3500/3684/3500
f 2844/3028/2844 3216/3400/3216 3213/3397/3213
f 3097/3281/3097 3215/3399/3215 3098/3282/3098
f 3215/3399/3215 3214/3398/3214 3216/3400/3216
f 3508/3692/3508 3214/3398/3214 3507/3691/3507
f 3213/3397/3213 3216/3400/3216 3508/3692/3508
f 3179/3363/3179 3217/3401/3217 3107/3291/3107
f 3217/3401/3217 3111/3295/3111 3288/3472/3288
f 3297/3481/3297 3298/3482/3298 3296/3480/3296
f 3601/3785/3601 3582/3766/3582 3603/3787/3603
f 3108/3292/3108 3219/3403/3219 2847/3031/2847
f 3217/3401/3217 3219/3403/3219 3107/3291/3107
f 3221/3405/3221 3220/3404/3220 3115/3299/3115
f 3220/3404/3220 3184/3368/3184 3623/3807/3623
f 3182/3366/3182 3221/3405/3221 3115/3299/3115
f 3221/3405/3221 2842/3026/2842 3614/3798/3614
f 3366/3550/3366 3369/3553/3369 3364/3548/3364
f 3288/3472/3288 3273/3457/3273 2796/2980/2796
f 3195/3379/3195 3223/3407/3223 2896/3080/2896
f 3224/3408/3224 3223/3407/3223 3133/3317/3133
f 3131/3315/3131 3224/3408/3224 3133/3317/3133
f 3245/3429/3245 3224/3408/3224 3130/3314/3130
f 3231/3415/3231 3232/3416/3232 3239/3423/3239
f 2896/3080/2896 3275/3459/3275 3197/3381/3197
f 2972/3156/2972 3197/3381/3197 3226/3410/3226
f 3226/3410/3226 3197/3381/3197 3227/3411/3227
f 3275/3459/3275 3249/3433/3249 3251/3435/3251
f 3239/3423/3239 3233/3417/3233 3236/3420/3236
f 3317/3501/3317 3319/3503/3319 3315/3499/3315
f 3501/3685/3501 3494/3678/3494 3483/3667/3483
f 3154/3338/3154 3229/3413/3229 3063/3247/3063
f 3253/3437/3253 3229/3413/3229 3153/3337/3153
f 3231/3415/3231 3200/3384/3200 3253/3437/3253
f 3230/3414/3230 3200/3384/3200 3231/3415/3231
f 3232/3416/3232 3227/3411/3227 3251/3435/3251
f 3231/3415/3231 3227/3411/3227 3232/3416/3232
f 3233/3417/3233 3225/3409/3225 3259/3443/3259
f 3232/3416/3232 3225/3409/3225 3233/3417/3233
f 3237/3421/3237 3233/3417/3233 2788/2972/2788
f 3230/3414/3230 3238/3422/3238 3145/3329/3145
f 3237/3421/3237 2788/2972/2788 3242/3426/3242
f 3276/3460/3276 3141/3325/3141 3235/3419/3235
f 3145/3329/3145 3235/3419/3235 3147/3331/3147
f 3235/3419/3235 3234/3418/3234 3281/3465/3281
f 3239/3423/3239 3238/3422/3238 3230/3414/3230
f 3233/3417/3233 3237/3421/3237 3241/3425/3241
f 3256/3440/3256 3240/3424/3240 3242/3426/3242
f 3241/3425/3241 3237/3421/3237 3234/3418/3234
f 3239/3423/3239 3230/3414/3230 3231/3415/3231
f 3236/3420/3236 3241/3425/3241 3267/3451/3267
f 3233/3417/3233 3239/3423/3239 3232/3416/3232
f 3238/3422/3238 3239/3423/3239 3236/3420/3236
f 3284/3468/3284 3079/3263/3079 3266/3450/3266
f 3242/3426/3242 3283/3467/3283 3237/3421/3237
f 3267/3451/3267 3234/3418/3234 3235/3419/3235
f 3233/3417/3233 3241/3425/3241 3236/3420/3236
f 3256/3440/3256 3242/3426/3242 2788/2972/2788
f 3240/3424/3240 3282/3466/3282 3283/3467/3283
f 2758/2942/2758 3243/3427/3243 2757/2941/2757
f 3155/3339/3155 3243/3427/3243 2754/2938/2754
f 3245/3429/3245 3244/3428/3244 3071/3255/3071
f 3243/3427/3243 3244/3428/3244 3203/3387/3203
f 3252/3436/3252 3225/3409/3225 3249/3433/3249
f 3245/3429/3245 3194/3378/3194 3224/3408/3224
f 2757/2941/2757 3246/3430/3246 3132/3316/3132
f 3245/3429/3245 3246/3430/3246 3203/3387/3203
f 3610/3794/3610 3586/3770/3586 3609/3793/3609
f 3421/3605/3421 3268/3452/3268 3247/3431/3247
f 3272/3456/3272 2848/3032/2848 3116/3300/3116
f 3248/3432/3248 3222/3406/3222 3289/3473/3289
f 3245/3429/3245 3274/3458/3274 3252/3436/3252
f 3225/3409/3225 3232/3416/3232 3251/3435/3251
f 3245/3429/3245 3071/3255/3071 3274/3458/3274
f 3261/3445/3261 2986/3170/2986 2838/3022/2838
f 3275/3459/3275 3227/3411/3227 3197/3381/3197
f 3225/3409/3225 3251/3435/3251 3249/3433/3249
f 3245/3429/3245 3252/3436/3252 3194/3378/3194
f 3225/3409/3225 3252/3436/3252 3250/3434/3250
f 3226/3410/3226 3253/3437/3253 3153/3337/3153
f 3231/3415/3231 3253/3437/3253 3227/3411/3227
f 3325/3509/3325 2759/2943/2759 3319/3503/3319
f 3228/3412/3228 3495/3679/3495 3493/3677/3493
f 3234/3418/3234 3282/3466/3282 3281/3465/3281
f 3255/3439/3255 3279/3463/3279 3277/3461/3277
f 3259/3443/3259 3257/3441/3257 3258/3442/3258
f 3260/3444/3260 3156/3340/3156 3079/3263/3079
f 3274/3458/3274 3262/3446/3262 3264/3448/3264
f 3258/3442/3258 3260/3444/3260 3256/3440/3256
f 3258/3442/3258 2788/2972/2788 3259/3443/3259
f 3260/3444/3260 3258/3442/3258 3257/3441/3257
f 3233/3417/3233 3259/3443/3259 2788/2972/2788
f 3225/3409/3225 3250/3434/3250 3259/3443/3259
f 3260/3444/3260 3257/3441/3257 3261/3445/3261
f 3260/3444/3260 2838/3022/2838 3156/3340/3156
f 3257/3441/3257 3262/3446/3262 3261/3445/3261
f 2834/3018/2834 3265/3449/3265 3202/3386/3202
f 3264/3448/3264 3262/3446/3262 3257/3441/3257
f 3244/3428/3244 3285/3469/3285 3071/3255/3071
f 3261/3445/3261 3262/3446/3262 3263/3447/3263
f 3285/3469/3285 3262/3446/3262 3071/3255/3071
f 3259/3443/3259 3264/3448/3264 3257/3441/3257
f 3264/3448/3264 3250/3434/3250 3274/3458/3274
f 3069/3253/3069 3265/3449/3265 2834/3018/2834
f 2986/3170/2986 3263/3447/3263 3265/3449/3265
f 3286/3470/3286 3266/3450/3266 3079/3263/3079
f 3280/3464/3280 3279/3463/3279 3255/3439/3255
f 3238/3422/3238 3267/3451/3267 3145/3329/3145
f 3234/3418/3234 3267/3451/3267 3241/3425/3241
f 3269/3453/3269 3268/3452/3268 3178/3362/3178
f 3247/3431/3247 3420/3604/3420 3421/3605/3421
f 2796/2980/2796 3298/3482/3298 3297/3481/3297
f 3270/3454/3270 3269/3453/3269 3300/3484/3300
f 3270/3454/3270 3218/3402/3218 3610/3794/3610
f 3247/3431/3247 3269/3453/3269 3270/3454/3270
f 3110/3294/3110 3271/3455/3271 3111/3295/3111
f 3272/3456/3272 3271/3455/3271 2848/3032/2848
f 3623/3807/3623 3116/3300/3116 3220/3404/3220
f 3624/3808/3624 3622/3806/3622 3623/3807/3623
f 3296/3480/3296 3298/3482/3298 3313/3497/3313
f 3313/3497/3313 3222/3406/3222 3312/3496/3312
f 3274/3458/3274 3071/3255/3071 3262/3446/3262
f 3252/3436/3252 3274/3458/3274 3250/3434/3250
f 3249/3433/3249 3275/3459/3275 2896/3080/2896
f 3227/3411/3227 3275/3459/3275 3251/3435/3251
f 3255/3439/3255 3277/3461/3277 3276/3460/3276
f 3291/3475/3291 2759/2943/2759 3150/3334/3150
f 3292/3476/3292 3279/3463/3279 3280/3464/3280
f 3291/3475/3291 3277/3461/3277 2759/2943/2759
f 3310/3494/3310 3293/3477/3293 3309/3493/3309
f 3308/3492/3308 3293/3477/3293 3073/3257/3073
f 3281/3465/3281 3282/3466/3282 3294/3478/3294
f 3279/3463/3279 3278/3462/3278 3319/3503/3319
f 3287/3471/3287 3280/3464/3280 3266/3450/3266
f 3292/3476/3292 3280/3464/3280 2789/2973/2789
f 3234/3418/3234 3283/3467/3283 3282/3466/3282
f 3276/3460/3276 3281/3465/3281 3255/3439/3255
f 3284/3468/3284 3282/3466/3282 3240/3424/3240
f 3255/3439/3255 3294/3478/3294 3280/3464/3280
f 3237/3421/3237 3283/3467/3283 3234/3418/3234
f 3240/3424/3240 3283/3467/3283 3242/3426/3242
f 3079/3263/3079 3284/3468/3284 3240/3424/3240
f 3280/3464/3280 3284/3468/3284 3266/3450/3266
f 3202/3386/3202 3285/3469/3285 3155/3339/3155
f 3262/3446/3262 3285/3469/3285 3263/3447/3263
f 3079/3263/3079 3156/3340/3156 3295/3479/3295
f 3287/3471/3287 3286/3470/3286 2991/3175/2991
f 3398/3582/3398 3287/3471/3287 2991/3175/2991
f 3280/3464/3280 3287/3471/3287 2789/2973/2789
f 3217/3401/3217 3288/3472/3288 2796/2980/2796
f 3248/3432/3248 3288/3472/3288 3111/3295/3111
f 3222/3406/3222 3273/3457/3273 3289/3473/3289
f 3288/3472/3288 3289/3473/3289 3273/3457/3273
f 3565/3749/3565 3568/3752/3568 3569/3753/3569
f 3359/3543/3359 3363/3547/3363 3558/3742/3558
f 3141/3325/3141 3291/3475/3291 3198/3382/3198
f 3277/3461/3277 3291/3475/3291 3276/3460/3276
f 2789/2973/2789 3398/3582/3398 3309/3493/3309
f 3279/3463/3279 3292/3476/3292 3278/3462/3278
f 3278/3462/3278 3292/3476/3292 3293/3477/3293
f 3292/3476/3292 2789/2973/2789 3309/3493/3309
f 3281/3465/3281 3294/3478/3294 3255/3439/3255
f 3284/3468/3284 3294/3478/3294 3282/3466/3282
f 2991/3175/2991 3295/3479/3295 3078/3262/3078
f 3079/3263/3079 3295/3479/3295 3286/3470/3286
f 3304/3488/3304 3299/3483/3299 3302/3486/3302
f 2796/2980/2796 3297/3481/3297 3269/3453/3269
f 3302/3486/3302 3299/3483/3299 3301/3485/3301
f 3270/3454/3270 3300/3484/3300 3218/3402/3218
f 2796/2980/2796 3273/3457/3273 3298/3482/3298
f 3313/3497/3313 3298/3482/3298 3273/3457/3273
f 3602/3786/3602 3605/3789/3605 3575/3759/3575
f 3612/3796/3612 3300/3484/3300 3301/3485/3301
f 3269/3453/3269 3297/3481/3297 3300/3484/3300
f 3301/3485/3301 3300/3484/3300 3297/3481/3297
f 3302/3486/3302 3297/3481/3297 3296/3480/3296
f 3586/3770/3586 3218/3402/3218 3611/3795/3611
f 3313/3497/3313 3314/3498/3314 3296/3480/3296
f 3302/3486/3302 3296/3480/3296 3303/3487/3303
f 3304/3488/3304 3307/3491/3307 3306/3490/3306
f 2761/2945/2761 3605/3789/3605 3608/3792/3608
f 3302/3486/3302 3303/3487/3303 3304/3488/3304
f 3307/3491/3307 3303/3487/3303 3290/3474/3290
f 3558/3742/3558 3364/3548/3364 2793/2977/2793
f 3376/3560/3376 3356/3540/3356 3377/3561/3377
f 3307/3491/3307 3304/3488/3304 3303/3487/3303
f 3306/3490/3306 3305/3489/3305 3382/3566/3382
f 3617/3801/3617 3618/3802/3618 3290/3474/3290
f 3306/3490/3306 3307/3491/3307 3305/3489/3305
f 3318/3502/3318 3316/3500/3316 3317/3501/3317
f 3278/3462/3278 3293/3477/3293 3315/3499/3315
f 3310/3494/3310 3309/3493/3309 2989/3173/2989
f 3292/3476/3292 3309/3493/3309 3293/3477/3293
f 3310/3494/3310 2989/3173/2989 3311/3495/3311
f 3073/3257/3073 3293/3477/3293 3310/3494/3310
f 3074/3258/3074 3311/3495/3311 2989/3173/2989
f 2988/3172/2988 3311/3495/3311 2907/3091/2907
f 3374/3558/3374 3618/3802/3618 3372/3556/3372
f 3303/3487/3303 3314/3498/3314 3290/3474/3290
f 3222/3406/3222 3313/3497/3313 3273/3457/3273
f 3313/3497/3313 3312/3496/3312 3314/3498/3314
f 3296/3480/3296 3314/3498/3314 3303/3487/3303
f 3617/3801/3617 3314/3498/3314 3312/3496/3312
f 3317/3501/3317 3315/3499/3315 3308/3492/3308
f 3319/3503/3319 3317/3501/3317 3316/3500/3316
f 3317/3501/3317 3308/3492/3308 3321/3505/3321
f 3326/3510/3326 3228/3412/3228 3325/3509/3325
f 3308/3492/3308 3320/3504/3320 3321/3505/3321
f 3325/3509/3325 3319/3503/3319 3316/3500/3316
f 3158/3342/3158 3318/3502/3318 3085/3269/3085
f 3318/3502/3318 2790/2974/2790 3328/3512/3328
f 3319/3503/3319 2759/2943/2759 3277/3461/3277
f 3315/3499/3315 3319/3503/3319 3278/3462/3278
f 2840/3024/2840 3320/3504/3320 3073/3257/3073
f 3321/3505/3321 3320/3504/3320 3085/3269/3085
f 3085/3269/3085 3318/3502/3318 3321/3505/3321
f 3317/3501/3317 3321/3505/3321 3318/3502/3318
f 3324/3508/3324 2790/2974/2790 3204/3388/3204
f 3328/3512/3328 3324/3508/3324 3323/3507/3323
f 3427/3611/3427 3436/3620/3436 3424/3608/3424
f 3473/3657/3473 3467/3651/3467 3461/3645/3461
f 3157/3341/3157 3324/3508/3324 3204/3388/3204
f 3328/3512/3328 3323/3507/3323 3322/3506/3322
f 3326/3510/3326 3325/3509/3325 3316/3500/3316
f 3254/3438/3254 3325/3509/3325 3228/3412/3228
f 3327/3511/3327 3326/3510/3326 3316/3500/3316
f 3326/3510/3326 3199/3383/3199 3495/3679/3495
f 3318/3502/3318 3327/3511/3327 3316/3500/3316
f 3327/3511/3327 3322/3506/3322 3470/3654/3470
f 3324/3508/3324 3328/3512/3328 2790/2974/2790
f 3327/3511/3327 3328/3512/3328 3322/3506/3322
f 3521/3705/3521 3525/3709/3525 2712/2896/2712
f 3535/3719/3535 3534/3718/3534 2710/2894/2710
f 3528/3712/3528 3330/3514/3330 2777/2961/2777
f 2897/3081/2897 3330/3514/3330 2824/3008/2824
f 3338/3522/3338 3014/3198/3014 2845/3029/2845
f 3337/3521/3337 3331/3515/3331 3343/3527/3343
f 3344/3528/3344 2859/3043/2859 2856/3040/2856
f 3342/3526/3342 3341/3525/3341 3334/3518/3334
f 3335/3519/3335 3338/3522/3338 3191/3375/3191
f 2794/2978/2794 3335/3519/3335 3191/3375/3191
f 3342/3526/3342 2933/3117/2933 2762/2946/2762
f 3347/3531/3347 3345/3529/3345 3346/3530/3346
f 3335/3519/3335 2794/2978/2794 3339/3523/3339
f 3338/3522/3338 3335/3519/3335 3333/3517/3333
f 3380/3564/3380 2761/2945/2761 3306/3490/3306
f 3346/3530/3346 2932/3116/2932 3334/3518/3334
f 3339/3523/3339 3337/3521/3337 3335/3519/3335
f 3337/3521/3337 3339/3523/3339 3362/3546/3362
f 3014/3198/3014 3338/3522/3338 3333/3517/3333
f 3338/3522/3338 2845/3029/2845 3186/3370/3186
f 3383/3567/3383 3384/3568/3384 3381/3565/3381
f 3339/3523/3339 3336/3520/3336 3362/3546/3362
f 2798/2982/2798 3332/3516/3332 3340/3524/3340
f 3340/3524/3340 3332/3516/3332 3341/3525/3341
f 3343/3527/3343 3341/3525/3341 3332/3516/3332
f 3334/3518/3334 3341/3525/3341 3331/3515/3331
f 2933/3117/2933 3342/3526/3342 3334/3518/3334
f 2762/2946/2762 3340/3524/3340 3342/3526/3342
f 3344/3528/3344 3343/3527/3343 3332/3516/3332
f 3337/3521/3337 3343/3527/3343 3333/3517/3333
f 3014/3198/3014 3344/3528/3344 2856/3040/2856
f 3343/3527/3343 3344/3528/3344 3333/3517/3333
f 3560/3744/3560 3345/3529/3345 3347/3531/3347
f 3346/3530/3346 3345/3529/3345 3348/3532/3348
f 3347/3531/3347 3334/3518/3334 3331/3515/3331
f 3345/3529/3345 3386/3570/3386 3348/3532/3348
f 3362/3546/3362 3331/3515/3331 3337/3521/3337
f 3347/3531/3347 3362/3546/3362 3560/3744/3560
f 2931/3115/2931 3351/3535/3351 3348/3532/3348
f 2932/3116/2932 3346/3530/3346 3348/3532/3348
f 3350/3534/3350 3351/3535/3351 3349/3533/3349
f 3358/3542/3358 3349/3533/3349 3351/3535/3351
f 3351/3535/3351 3350/3534/3350 3348/3532/3348
f 2939/3123/2939 3350/3534/3350 3349/3533/3349
f 3354/3538/3354 3351/3535/3351 2931/3115/2931
f 3361/3545/3361 3355/3539/3355 3359/3543/3359
f 3360/3544/3360 3354/3538/3354 2931/3115/2931
f 3352/3536/3352 3366/3550/3366 3364/3548/3364
f 3363/3547/3363 3359/3543/3359 3353/3537/3353
f 2937/3121/2937 3355/3539/3355 3100/3284/3100
f 3377/3561/3377 3360/3544/3360 3385/3569/3385
f 3353/3537/3353 3354/3538/3354 3352/3536/3352
f 3355/3539/3355 2937/3121/2937 3357/3541/3357
f 3359/3543/3359 3355/3539/3355 3353/3537/3353
f 3305/3489/3305 3307/3491/3307 3374/3558/3374
f 3360/3544/3360 3367/3551/3367 3354/3538/3354
f 2938/3122/2938 3357/3541/3357 2937/3121/2937
f 3349/3533/3349 3357/3541/3357 2934/3118/2934
f 3353/3537/3353 3355/3539/3355 3358/3542/3358
f 3357/3541/3357 3358/3542/3358 3355/3539/3355
f 3353/3537/3353 3352/3536/3352 3363/3547/3363
f 3097/3281/3097 3099/3283/3099 3361/3545/3361
f 3370/3554/3370 3385/3569/3385 3386/3570/3386
f 3371/3555/3371 3367/3551/3367 3360/3544/3360
f 3355/3539/3355 3361/3545/3361 3100/3284/3100
f 3097/3281/3097 3361/3545/3361 3359/3543/3359
f 3560/3744/3560 3362/3546/3362 3336/3520/3336
f 3331/3515/3331 3362/3546/3362 3347/3531/3347
f 3364/3548/3364 3363/3547/3363 3352/3536/3352
f 3363/3547/3363 3364/3548/3364 3558/3742/3558
f 3352/3536/3352 3367/3551/3367 3366/3550/3366
f 3356/3540/3356 3373/3557/3373 3371/3555/3371
f 3312/3496/3312 3620/3804/3620 3617/3801/3617
f 3504/3688/3504 3569/3753/3569 3571/3755/3571
f 3352/3536/3352 3354/3538/3354 3367/3551/3367
f 3365/3549/3365 3566/3750/3566 3369/3553/3369
f 3371/3555/3371 3360/3544/3360 3356/3540/3356
f 3365/3549/3365 3366/3550/3366 3367/3551/3367
f 3562/3746/3562 3564/3748/3564 3567/3751/3567
f 3475/3659/3475 3478/3662/3478 3435/3619/3435
f 3365/3549/3365 3369/3553/3369 3366/3550/3366
f 3369/3553/3369 3368/3552/3368 3511/3695/3511
f 3339/3523/3339 3379/3563/3379 3336/3520/3336
f 3376/3560/3376 3381/3565/3381 3380/3564/3380
f 3375/3559/3375 3374/3558/3374 3372/3556/3372
f 3365/3549/3365 3367/3551/3367 3371/3555/3371
f 3314/3498/3314 3617/3801/3617 3290/3474/3290
f 3373/3557/3373 3627/3811/3627 3371/3555/3371
f 3373/3557/3373 3356/3540/3356 3375/3559/3375
f 3619/3803/3619 3627/3811/3627 3372/3556/3372
f 3290/3474/3290 3374/3558/3374 3307/3491/3307
f 3375/3559/3375 3372/3556/3372 3373/3557/3373
f 3356/3540/3356 3376/3560/3376 3375/3559/3375
f 3305/3489/3305 3375/3559/3375 3382/3566/3382
f 3377/3561/3377 3356/3540/3356 3360/3544/3360
f 3376/3560/3376 3370/3554/3370 3381/3565/3381
f 3385/3569/3385 3360/3544/3360 2931/3115/2931
f 3370/3554/3370 3376/3560/3376 3377/3561/3377
f 3383/3567/3383 3379/3563/3379 3384/3568/3384
f 3397/3581/3397 3390/3574/3390 3391/3575/3391
f 3339/3523/3339 2794/2978/2794 3379/3563/3379
f 3123/3307/3123 3390/3574/3390 3191/3375/3191
f 3380/3564/3380 3382/3566/3382 3376/3560/3376
f 3380/3564/3380 3378/3562/3378 3394/3578/3394
f 3381/3565/3381 3370/3554/3370 3383/3567/3383
f 3380/3564/3380 3381/3565/3381 3378/3562/3378
f 3376/3560/3376 3382/3566/3382 3375/3559/3375
f 3306/3490/3306 3382/3566/3382 3380/3564/3380
f 3559/3743/3559 3383/3567/3383 3370/3554/3370
f 3336/3520/3336 3379/3563/3379 3383/3567/3383
f 3396/3580/3396 3384/3568/3384 3379/3563/3379
f 3381/3565/3381 3384/3568/3384 3378/3562/3378
f 3386/3570/3386 3385/3569/3385 2931/3115/2931
f 3370/3554/3370 3377/3561/3377 3385/3569/3385
f 3348/3532/3348 3386/3570/3386 2931/3115/2931
f 3386/3570/3386 3345/3529/3345 3559/3743/3559
f 3555/3739/3555 3596/3780/3596 3556/3740/3556
f 3395/3579/3395 3378/3562/3378 3396/3580/3396
f 3189/3373/3189 3628/3812/3628 3389/3573/3389
f 3391/3575/3391 3390/3574/3390 3388/3572/3388
f 3628/3812/3628 3189/3373/3189 3188/3372/3188
f 3390/3574/3390 3389/3573/3389 3388/3572/3388
f 3388/3572/3388 3594/3778/3594 3391/3575/3391
f 3191/3375/3191 3390/3574/3390 2794/2978/2794
f 3391/3575/3391 3387/3571/3387 3393/3577/3393
f 3393/3577/3393 3397/3581/3397 3391/3575/3391
f 3591/3775/3591 3555/3739/3555 3587/3771/3587
f 3380/3564/3380 3394/3578/3394 2761/2945/2761
f 3590/3774/3590 3393/3577/3393 3387/3571/3387
f 3396/3580/3396 3393/3577/3393 3392/3576/3392
f 3378/3562/3378 3395/3579/3395 3394/3578/3394
f 3394/3578/3394 3395/3579/3395 3606/3790/3606
f 3378/3562/3378 3384/3568/3384 3396/3580/3396
f 3607/3791/3607 3392/3576/3392 3590/3774/3590
f 3396/3580/3396 3379/3563/3379 3397/3581/3397
f 3392/3576/3392 3395/3579/3395 3396/3580/3396
f 3379/3563/3379 2794/2978/2794 3397/3581/3397
f 3390/3574/3390 3397/3581/3397 2794/2978/2794
f 3398/3582/3398 2789/2973/2789 3287/3471/3287
f 3074/3258/3074 3398/3582/3398 2839/3023/2839
f 3577/3761/3577 3552/3736/3552 3554/3738/3554
f 3556/3740/3556 3550/3734/3550 3557/3741/3557
f 3027/3211/3027 3580/3764/3580 3401/3585/3401
f 3533/3717/3533 2710/2894/2710 3538/3722/3538
f 3580/3764/3580 3027/3211/3027 3026/3210/3026
f 3400/3584/3400 3539/3723/3539 3401/3585/3401
f 3533/3717/3533 3544/3728/3544 2710/2894/2710
f 3411/3595/3411 3408/3592/3408 3410/3594/3410
f 3404/3588/3404 2898/3082/2898 3537/3721/3537
f 3529/3713/3529 3537/3721/3537 3530/3714/3530
f 3537/3721/3537 2898/3082/2898 2721/2905/2721
f 3404/3588/3404 3403/3587/3403 3414/3598/3414
f 2967/3151/2967 3408/3592/3408 3407/3591/3407
f 3405/3589/3405 2967/3151/2967 3407/3591/3407
f 3546/3730/3546 3542/3726/3542 3543/3727/3543
f 3405/3589/3405 3412/3596/3412 2767/2951/2767
f 2967/3151/2967 3125/3309/3125 3408/3592/3408
f 3407/3591/3407 3406/3590/3406 3548/3732/3548
f 3408/3592/3408 3035/3219/3035 3410/3594/3410
f 3406/3590/3406 3407/3591/3407 3408/3592/3408
f 3542/3726/3542 3547/3731/3547 3548/3732/3548
f 3409/3593/3409 3548/3732/3548 3547/3731/3547
f 3035/3219/3035 3413/3597/3413 3410/3594/3410
f 2827/3011/2827 3404/3588/3404 3414/3598/3414
f 3541/3725/3541 3547/3731/3547 3542/3726/3542
f 3406/3590/3406 3408/3592/3408 3411/3595/3411
f 3407/3591/3407 3412/3596/3412 3405/3589/3405
f 3596/3780/3596 3412/3596/3412 3409/3593/3409
f 3126/3310/3126 3413/3597/3413 3035/3219/3035
f 2827/3011/2827 3410/3594/3410 3413/3597/3413
f 3402/3586/3402 3410/3594/3410 3414/3598/3414
f 3414/3598/3414 3410/3594/3410 2827/3011/2827
f 3192/3376/3192 3415/3599/3415 3036/3220/3036
f 3415/3599/3415 2807/2991/2807 3033/3217/3033
f 2921/3105/2921 3416/3600/3416 2919/3103/2919
f 3173/3357/3173 3416/3600/3416 2843/3027/2843
f 3102/3286/3102 3418/3602/3418 3419/3603/3419
f 3218/3402/3218 3586/3770/3586 3610/3794/3610
f 3104/3288/3104 3103/3287/3103 3418/3602/3418
f 3420/3604/3420 3418/3602/3418 3103/3287/3103
f 3117/3301/3117 3419/3603/3419 3417/3601/3417
f 3102/3286/3102 3419/3603/3419 2846/3030/2846
f 3420/3604/3420 3103/3287/3103 3421/3605/3421
f 3270/3454/3270 3610/3794/3610 3247/3431/3247
f 3176/3360/3176 3421/3605/3421 3103/3287/3103
f 3268/3452/3268 3421/3605/3421 2847/3031/2847
f 3090/3274/3090 3425/3609/3425 3424/3608/3424
f 3428/3612/3428 3422/3606/3422 3157/3341/3157
f 3011/3195/3011 3423/3607/3423 3009/3193/3009
f 3090/3274/3090 3422/3606/3422 3423/3607/3423
f 3430/3614/3430 3434/3618/3434 2792/2976/2792
f 3422/3606/3422 3424/3608/3424 3436/3620/3436
f 3090/3274/3090 3173/3357/3173 3425/3609/3425
f 2792/2976/2792 3425/3609/3425 3173/3357/3173
f 3450/3634/3450 3439/3623/3439 3446/3630/3446
f 3436/3620/3436 3437/3621/3437 3422/3606/3422
f 3430/3614/3430 2792/2976/2792 3171/3355/3171
f 3427/3611/3427 3426/3610/3426 3441/3625/3441
f 3204/3388/3204 3428/3612/3428 3157/3341/3157
f 3205/3389/3205 2910/3094/2910 3432/3616/3432
f 3214/3398/3214 3505/3689/3505 3507/3691/3507
f 3435/3619/3435 3445/3629/3445 3433/3617/3433
f 3166/3350/3166 3430/3614/3430 3172/3356/3172
f 3430/3614/3430 3429/3613/3429 3434/3618/3434
f 3442/3626/3442 3426/3610/3426 3444/3628/3444
f 3437/3621/3437 3438/3622/3438 3157/3341/3157
f 3091/3275/3091 3432/3616/3432 2910/3094/2910
f 3422/3606/3422 3432/3616/3432 3009/3193/3009
f 3434/3618/3434 3427/3611/3427 2792/2976/2792
f 3433/3617/3433 3429/3613/3429 3435/3619/3435
f 3429/3613/3429 3433/3617/3433 3434/3618/3434
f 3427/3611/3427 3434/3618/3434 3433/3617/3433
f 3476/3660/3476 3462/3646/3462 3475/3659/3475
f 3429/3613/3429 3475/3659/3475 3435/3619/3435
f 3441/3625/3441 3436/3620/3436 3427/3611/3427
f 3437/3621/3437 3436/3620/3436 3431/3615/3431
f 3438/3622/3438 3437/3621/3437 3431/3615/3431
f 3422/3606/3422 3437/3621/3437 3157/3341/3157
f 3440/3624/3440 3431/3615/3431 3442/3626/3442
f 3157/3341/3157 3438/3622/3438 3323/3507/3323
f 3453/3637/3453 3451/3635/3451 3087/3271/3087
f 3440/3624/3440 3473/3657/3473 3438/3622/3438
f 3431/3615/3431 3441/3625/3441 3442/3626/3442
f 3467/3651/3467 3459/3643/3459 3461/3645/3461
f 3441/3625/3441 3426/3610/3426 3442/3626/3442
f 3436/3620/3436 3441/3625/3441 3431/3615/3431
f 3445/3629/3445 3444/3628/3444 3426/3610/3426
f 3440/3624/3440 3442/3626/3442 3446/3630/3446
f 3447/3631/3447 3448/3632/3448 3443/3627/3443
f 3444/3628/3444 3446/3630/3446 3442/3626/3442
f 3426/3610/3426 3433/3617/3433 3445/3629/3445
f 3446/3630/3446 3444/3628/3444 3443/3627/3443
f 2760/2944/2760 3445/3629/3445 3435/3619/3435
f 3443/3627/3443 3444/3628/3444 3445/3629/3445
f 3446/3630/3446 3443/3627/3443 3455/3639/3455
f 3439/3623/3439 3467/3651/3467 3446/3630/3446
f 3447/3631/3447 2760/2944/2760 3497/3681/3497
f 3443/3627/3443 3445/3629/3445 3447/3631/3447
f 3484/3668/3484 3485/3669/3485 3479/3663/3479
f 3484/3668/3484 3464/3648/3464 3448/3632/3448
f 3455/3639/3455 3448/3632/3448 3464/3648/3464
f 3613/3797/3613 3449/3633/3449 3464/3648/3464
f 3451/3635/3451 3449/3633/3449 3613/3797/3613
f 3451/3635/3451 3450/3634/3450 3449/3633/3449
f 3087/3271/3087 3456/3640/3456 3453/3637/3453
f 3451/3635/3451 3453/3637/3453 3454/3638/3454
f 3199/3383/3199 3470/3654/3470 3469/3653/3469
f 3450/3634/3450 3451/3635/3451 3454/3638/3454
f 3087/3271/3087 3212/3396/3212 3456/3640/3456
f 3450/3634/3450 3454/3638/3454 3439/3623/3439
f 3452/3636/3452 3460/3644/3460 3453/3637/3453
f 3457/3641/3457 3471/3655/3471 3469/3653/3469
f 3448/3632/3448 3455/3639/3455 3443/3627/3443
f 3450/3634/3450 3455/3639/3455 3449/3633/3449
f 3465/3649/3465 3159/3343/3159 3206/3390/3206
f 3465/3649/3465 3065/3249/3065 3458/3642/3458
f 3439/3623/3439 3454/3638/3454 3459/3643/3459
f 3459/3643/3459 3454/3638/3454 3460/3644/3460
f 3065/3249/3065 3466/3650/3466 3458/3642/3458
f 3458/3642/3458 3466/3650/3466 3482/3666/3482
f 3454/3638/3454 3453/3637/3453 3460/3644/3460
f 3459/3643/3459 3457/3641/3457 3461/3645/3461
f 3460/3644/3460 3452/3636/3452 3472/3656/3472
f 3457/3641/3457 3459/3643/3459 3460/3644/3460
f 3468/3652/3468 3461/3645/3461 3457/3641/3457
f 3473/3657/3473 3461/3645/3461 3474/3658/3474
f 3513/3697/3513 3514/3698/3514 3512/3696/3512
f 3489/3673/3489 3477/3661/3477 3502/3686/3502
f 3478/3662/3478 3499/3683/3499 3435/3619/3435
f 3519/3703/3519 3516/3700/3516 3515/3699/3515
f 3613/3797/3613 3464/3648/3464 3209/3393/3209
f 3455/3639/3455 3464/3648/3464 3449/3633/3449
f 3465/3649/3465 3456/3640/3456 3159/3343/3159
f 3065/3249/3065 3465/3649/3465 2903/3087/2903
f 3066/3250/3066 3466/3650/3466 3065/3249/3065
f 3482/3666/3482 3466/3650/3466 2837/3021/2837
f 3446/3630/3446 3467/3651/3467 3440/3624/3440
f 3459/3643/3459 3467/3651/3467 3439/3623/3439
f 3468/3652/3468 3457/3641/3457 3469/3653/3469
f 3474/3658/3474 3468/3652/3468 3322/3506/3322
f 3460/3644/3460 3472/3656/3472 3457/3641/3457
f 3496/3680/3496 3501/3685/3501 3483/3667/3483
f 3470/3654/3470 3199/3383/3199 3326/3510/3326
f 3322/3506/3322 3468/3652/3468 3470/3654/3470
f 3452/3636/3452 3482/3666/3482 3472/3656/3472
f 3055/3239/3055 3149/3333/3149 3493/3677/3493
f 3482/3666/3482 3452/3636/3452 3458/3642/3458
f 3457/3641/3457 3472/3656/3472 3471/3655/3471
f 3438/3622/3438 3473/3657/3473 3323/3507/3323
f 3467/3651/3467 3473/3657/3473 3440/3624/3440
f 3468/3652/3468 3474/3658/3474 3461/3645/3461
f 3323/3507/3323 3474/3658/3474 3322/3506/3322
f 3476/3660/3476 3475/3659/3475 3429/3613/3429
f 3462/3646/3462 3503/3687/3503 3478/3662/3478
f 3430/3614/3430 3476/3660/3476 3429/3613/3429
f 3476/3660/3476 3166/3350/3166 3507/3691/3507
f 3503/3687/3503 3462/3646/3462 3505/3689/3505
f 3489/3673/3489 3488/3672/3488 3485/3669/3485
f 3462/3646/3462 3478/3662/3478 3475/3659/3475
f 3477/3661/3477 3498/3682/3498 3499/3683/3499
f 3518/3702/3518 3486/3670/3486 3481/3665/3481
f 3210/3394/3210 3480/3664/3480 2791/2975/2791
f 3209/3393/3209 3480/3664/3480 3210/3394/3210
f 3480/3664/3480 3479/3663/3479 3481/3665/3481
f 3479/3663/3479 3487/3671/3487 3481/3665/3481
f 3487/3671/3487 3491/3675/3491 3481/3665/3481
f 2837/3021/2837 3061/3245/3061 3483/3667/3483
f 3472/3656/3472 3482/3666/3482 3471/3655/3471
f 3471/3655/3471 3482/3666/3482 3483/3667/3483
f 3483/3667/3483 3482/3666/3482 2837/3021/2837
f 3484/3668/3484 3448/3632/3448 3497/3681/3497
f 3480/3664/3480 3484/3668/3484 3479/3663/3479
f 3485/3669/3485 3498/3682/3498 3489/3673/3489
f 3479/3663/3479 3488/3672/3488 3487/3671/3487
f 3164/3348/3164 3486/3670/3486 3161/3345/3161
f 3480/3664/3480 3486/3670/3486 2791/2975/2791
f 3488/3672/3488 3479/3663/3479 3485/3669/3485
f 3491/3675/3491 3487/3671/3487 3573/3757/3573
f 3498/3682/3498 3485/3669/3485 3497/3681/3497
f 3463/3647/3463 3487/3671/3487 3488/3672/3488
f 3503/3687/3503 3502/3686/3502 3477/3661/3477
f 3463/3647/3463 3488/3672/3488 3489/3673/3489
f 3506/3690/3506 3463/3647/3463 3489/3673/3489
f 3221/3405/3221 3614/3798/3614 3184/3368/3184
f 3573/3757/3573 3487/3671/3487 3463/3647/3463
f 3490/3674/3490 3614/3798/3614 3519/3703/3519
f 3495/3679/3495 3228/3412/3228 3326/3510/3326
f 3199/3383/3199 3469/3653/3469 3494/3678/3494
f 3228/3412/3228 3493/3677/3493 3254/3438/3254
f 3492/3676/3492 3501/3685/3501 3493/3677/3493
f 3469/3653/3469 3471/3655/3471 3494/3678/3494
f 3483/3667/3483 3494/3678/3494 3471/3655/3471
f 3199/3383/3199 3494/3678/3494 3495/3679/3495
f 3492/3676/3492 3495/3679/3495 3494/3678/3494
f 3057/3241/3057 3496/3680/3496 3061/3245/3061
f 3501/3685/3501 3496/3680/3496 3055/3239/3055
f 3447/3631/3447 3497/3681/3497 3448/3632/3448
f 3498/3682/3498 3497/3681/3497 2760/2944/2760
f 3499/3683/3499 3498/3682/3498 2760/2944/2760
f 3477/3661/3477 3489/3673/3489 3498/3682/3498
f 3435/3619/3435 3499/3683/3499 2760/2944/2760
f 3477/3661/3477 3499/3683/3499 3478/3662/3478
f 3567/3751/3567 3561/3745/3561 3626/3810/3626
f 3502/3686/3502 3506/3690/3506 3489/3673/3489
f 3493/3677/3493 3501/3685/3501 3055/3239/3055
f 3494/3678/3494 3501/3685/3501 3492/3676/3492
f 3477/3661/3477 3478/3662/3478 3503/3687/3503
f 3500/3684/3500 3504/3688/3504 3506/3690/3506
f 3462/3646/3462 3507/3691/3507 3505/3689/3505
f 3502/3686/3502 3503/3687/3503 3513/3697/3513
f 3563/3747/3563 3500/3684/3500 3512/3696/3512
f 3504/3688/3504 3565/3749/3565 3569/3753/3569
f 3214/3398/3214 3509/3693/3509 3505/3689/3505
f 3509/3693/3509 2793/2977/2793 3511/3695/3511
f 3500/3684/3500 3506/3690/3506 3502/3686/3502
f 3463/3647/3463 3506/3690/3506 3504/3688/3504
f 3476/3660/3476 3507/3691/3507 3462/3646/3462
f 3508/3692/3508 3507/3691/3507 3166/3350/3166
f 3213/3397/3213 3508/3692/3508 3166/3350/3166
f 3214/3398/3214 3508/3692/3508 3216/3400/3216
f 3510/3694/3510 3509/3693/3509 3214/3398/3214
f 2793/2977/2793 3369/3553/3369 3511/3695/3511
f 3215/3399/3215 3510/3694/3510 3214/3398/3214
f 3510/3694/3510 3097/3281/3097 3558/3742/3558
f 3512/3696/3512 3511/3695/3511 3368/3552/3368
f 3509/3693/3509 3511/3695/3511 3514/3698/3514
f 3564/3748/3564 3562/3746/3562 3563/3747/3563
f 3502/3686/3502 3513/3697/3513 3500/3684/3500
f 3503/3687/3503 3505/3689/3505 3513/3697/3513
f 3514/3698/3514 3513/3697/3513 3505/3689/3505
f 3509/3693/3509 3514/3698/3514 3505/3689/3505
f 3512/3696/3512 3514/3698/3514 3511/3695/3511
f 3515/3699/3515 3517/3701/3517 3518/3702/3518
f 3519/3703/3519 3491/3675/3491 3490/3674/3490
f 3182/3366/3182 3516/3700/3516 2842/3026/2842
f 3002/3186/3002 3516/3700/3516 3183/3367/3183
f 3162/3346/3162 3517/3701/3517 3002/3186/3002
f 3518/3702/3518 3517/3701/3517 3161/3345/3161
f 3486/3670/3486 3518/3702/3518 3161/3345/3161
f 3491/3675/3491 3518/3702/3518 3481/3665/3481
f 3516/3700/3516 3519/3703/3519 2842/3026/2842
f 3491/3675/3491 3519/3703/3519 3515/3699/3515
f 2712/2896/2712 2877/3061/2877 3527/3711/3527
f 3520/3704/3520 3329/3513/3329 3524/3708/3524
f 3527/3711/3527 2948/3132/2948 3522/3706/3522
f 3522/3706/3522 2766/2950/2766 3532/3716/3532
f 2947/3131/2947 2766/2950/2766 3522/3706/3522
f 3401/3585/3401 3523/3707/3523 3532/3716/3532
f 3523/3707/3523 3401/3585/3401 3539/3723/3539
f 3526/3710/3526 3329/3513/3329 3525/3709/3525
f 3529/3713/3529 3524/3708/3524 3329/3513/3329
f 2830/3014/2830 3530/3714/3530 2721/2905/2721
f 2712/2896/2712 3525/3709/3525 3520/3704/3520
f 3522/3706/3522 3531/3715/3531 3521/3705/3521
f 3523/3707/3523 3539/3723/3539 3538/3722/3538
f 3526/3710/3526 3538/3722/3538 3534/3718/3534
f 2712/2896/2712 3527/3711/3527 3521/3705/3521
f 2948/3132/2948 3527/3711/3527 2877/3061/2877
f 3330/3514/3330 3528/3712/3528 2824/3008/2824
f 3520/3704/3520 3528/3712/3528 2777/2961/2777
f 3534/3718/3534 3329/3513/3329 3526/3710/3526
f 3537/3721/3537 3529/3713/3529 3403/3587/3403
f 3528/3712/3528 3530/3714/3530 2824/3008/2824
f 3529/3713/3529 3530/3714/3530 3524/3708/3524
f 3532/3716/3532 3531/3715/3531 3522/3706/3522
f 3523/3707/3523 3526/3710/3526 3531/3715/3531
f 3401/3585/3401 3532/3716/3532 2766/2950/2766
f 3531/3715/3531 3532/3716/3532 3523/3707/3523
f 3540/3724/3540 3533/3717/3533 3539/3723/3539
f 3545/3729/3545 3544/3728/3544 3533/3717/3533
f 3402/3586/3402 3543/3727/3543 3542/3726/3542
f 3529/3713/3529 3329/3513/3329 3534/3718/3534
f 3414/3598/3414 3535/3719/3535 3402/3586/3402
f 3536/3720/3536 3403/3587/3403 3529/3713/3529
f 3534/3718/3534 3535/3719/3535 3536/3720/3536
f 3403/3587/3403 3536/3720/3536 3535/3719/3535
f 3404/3588/3404 3537/3721/3537 3403/3587/3403
f 3530/3714/3530 3537/3721/3537 2721/2905/2721
f 3534/3718/3534 3538/3722/3538 2710/2894/2710
f 3523/3707/3523 3538/3722/3538 3526/3710/3526
f 3540/3724/3540 3539/3723/3539 3400/3584/3400
f 3538/3722/3538 3539/3723/3539 3533/3717/3533
f 3576/3760/3576 3540/3724/3540 3400/3584/3400
f 3540/3724/3540 3399/3583/3399 3545/3729/3545
f 3552/3736/3552 3583/3767/3583 3553/3737/3553
f 3406/3590/3406 3411/3595/3411 3542/3726/3542
f 3411/3595/3411 3402/3586/3402 3542/3726/3542
f 3402/3586/3402 3535/3719/3535 3543/3727/3543
f 3535/3719/3535 2710/2894/2710 3543/3727/3543
f 2710/2894/2710 3544/3728/3544 3546/3730/3546
f 3533/3717/3533 3540/3724/3540 3545/3729/3545
f 3546/3730/3546 3544/3728/3544 3541/3725/3541
f 3551/3735/3551 3545/3729/3545 3399/3583/3399
f 3541/3725/3541 3544/3728/3544 3545/3729/3545
f 3542/3726/3542 3546/3730/3546 3541/3725/3541
f 2710/2894/2710 3546/3730/3546 3543/3727/3543
f 3549/3733/3549 3557/3741/3557 3553/3737/3553
f 3541/3725/3541 3550/3734/3550 3547/3731/3547
f 3407/3591/3407 3548/3732/3548 3409/3593/3409
f 3542/3726/3542 3548/3732/3548 3406/3590/3406
f 3549/3733/3549 3583/3767/3583 3585/3769/3585
f 3556/3740/3556 3409/3593/3409 3547/3731/3547
f 3541/3725/3541 3545/3729/3545 3551/3735/3551
f 3553/3737/3553 3557/3741/3557 3550/3734/3550
f 3551/3735/3551 3399/3583/3399 3554/3738/3554
f 3541/3725/3541 3551/3735/3551 3550/3734/3550
f 3554/3738/3554 3399/3583/3399 3577/3761/3577
f 3581/3765/3581 3552/3736/3552 3579/3763/3579
f 3550/3734/3550 3551/3735/3551 3553/3737/3553
f 3553/3737/3553 3551/3735/3551 3554/3738/3554
f 3577/3761/3577 3399/3583/3399 3576/3760/3576
f 3553/3737/3553 3554/3738/3554 3552/3736/3552
f 3587/3771/3587 3557/3741/3557 3549/3733/3549
f 3595/3779/3595 3591/3775/3591 3593/3777/3593
f 3550/3734/3550 3556/3740/3556 3547/3731/3547
f 3596/3780/3596 3555/3739/3555 3595/3779/3595
f 3587/3771/3587 3549/3733/3549 3585/3769/3585
f 3556/3740/3556 3557/3741/3557 3555/3739/3555
f 3510/3694/3510 3558/3742/3558 2793/2977/2793
f 3359/3543/3359 3558/3742/3558 3097/3281/3097
f 3383/3567/3383 3559/3743/3559 3336/3520/3336
f 3386/3570/3386 3559/3743/3559 3370/3554/3370
f 3336/3520/3336 3559/3743/3559 3560/3744/3560
f 3345/3529/3345 3560/3744/3560 3559/3743/3559
f 3624/3808/3624 3616/3800/3616 3570/3754/3570
f 3563/3747/3563 3565/3749/3565 3500/3684/3500
f 3512/3696/3512 3564/3748/3564 3563/3747/3563
f 3568/3752/3568 3565/3749/3565 3562/3746/3562
f 3564/3748/3564 3512/3696/3512 3368/3552/3368
f 3565/3749/3565 3563/3747/3563 3562/3746/3562
f 3368/3552/3368 3566/3750/3566 3564/3748/3564
f 3627/3811/3627 3566/3750/3566 3365/3549/3365
f 3562/3746/3562 3626/3810/3626 3568/3752/3568
f 3500/3684/3500 3565/3749/3565 3504/3688/3504
f 3369/3553/3369 3566/3750/3566 3368/3552/3368
f 3371/3555/3371 3627/3811/3627 3365/3549/3365
f 3566/3750/3566 3567/3751/3567 3564/3748/3564
f 3627/3811/3627 3619/3803/3619 3567/3751/3567
f 3621/3805/3621 3625/3809/3625 3630/3814/3630
f 3571/3755/3571 3615/3799/3615 3573/3757/3573
f 3568/3752/3568 3625/3809/3625 3572/3756/3572
f 3504/3688/3504 3571/3755/3571 3463/3647/3463
f 3561/3745/3561 3617/3801/3617 3630/3814/3630
f 3616/3800/3616 3614/3798/3614 3615/3799/3615
f 3572/3756/3572 3571/3755/3571 3569/3753/3569
f 3571/3755/3571 3572/3756/3572 3615/3799/3615
f 3568/3752/3568 3572/3756/3572 3569/3753/3569
f 3616/3800/3616 3615/3799/3615 3570/3754/3570
f 3491/3675/3491 3573/3757/3573 3490/3674/3490
f 3463/3647/3463 3571/3755/3571 3573/3757/3573
f 3595/3779/3595 3555/3739/3555 3591/3775/3591
f 3574/3758/3574 3593/3777/3593 3594/3778/3594
f 3587/3771/3587 3589/3773/3589 3591/3775/3591
f 3583/3767/3583 3549/3733/3549 3553/3737/3553
f 3578/3762/3578 3577/3761/3577 3576/3760/3576
f 3540/3724/3540 3576/3760/3576 3399/3583/3399
f 3578/3762/3578 3576/3760/3576 2952/3136/2952
f 3579/3763/3579 2795/2979/2795 3581/3765/3581
f 3598/3782/3598 2952/3136/2952 3185/3369/3185
f 3579/3763/3579 3578/3762/3578 3598/3782/3598
f 3578/3762/3578 3579/3763/3579 3577/3761/3577
f 3599/3783/3599 3579/3763/3579 3598/3782/3598
f 3401/3585/3401 3580/3764/3580 3400/3584/3400
f 3026/3210/3026 3576/3760/3576 3580/3764/3580
f 3581/3765/3581 2795/2979/2795 3584/3768/3584
f 3552/3736/3552 3581/3765/3581 3583/3767/3583
f 3582/3766/3582 3584/3768/3584 3586/3770/3586
f 3604/3788/3604 3301/3485/3301 3299/3483/3299
f 3600/3784/3600 3581/3765/3581 3584/3768/3584
f 3583/3767/3583 3600/3784/3600 3585/3769/3585
f 3586/3770/3586 3584/3768/3584 2795/2979/2795
f 3601/3785/3601 3600/3784/3600 3582/3766/3582
f 3601/3785/3601 3585/3769/3585 3600/3784/3600
f 3557/3741/3557 3587/3771/3587 3555/3739/3555
f 3609/3793/3609 3586/3770/3586 2795/2979/2795
f 3588/3772/3588 3611/3795/3611 3612/3796/3612
f 3589/3773/3589 3585/3769/3585 3601/3785/3601
f 3587/3771/3587 3585/3769/3585 3589/3773/3589
f 3601/3785/3601 3602/3786/3602 3575/3759/3575
f 3586/3770/3586 3588/3772/3588 3603/3787/3603
f 3590/3774/3590 3589/3773/3589 3575/3759/3575
f 3589/3773/3589 3590/3774/3590 3591/3775/3591
f 3607/3791/3607 3575/3759/3575 3605/3789/3605
f 3393/3577/3393 3590/3774/3590 3392/3576/3392
f 3590/3774/3590 3592/3776/3592 3591/3775/3591
f 3592/3776/3592 3593/3777/3593 3591/3775/3591
f 3590/3774/3590 3387/3571/3387 3592/3776/3592
f 3593/3777/3593 3592/3776/3592 3387/3571/3387
f 3594/3778/3594 3593/3777/3593 3387/3571/3387
f 3574/3758/3574 3595/3779/3595 3593/3777/3593
f 3391/3575/3391 3594/3778/3594 3387/3571/3387
f 3594/3778/3594 3388/3572/3388 3628/3812/3628
f 3596/3780/3596 3595/3779/3595 3597/3781/3597
f 2767/2951/2767 3412/3596/3412 3596/3780/3596
f 3556/3740/3556 3596/3780/3596 3409/3593/3409
f 3595/3779/3595 3574/3758/3574 3597/3781/3597
f 3574/3758/3574 3628/3812/3628 3629/3813/3629
f 2767/2951/2767 3596/3780/3596 3597/3781/3597
f 3598/3782/3598 3578/3762/3578 2952/3136/2952
f 3599/3783/3599 3598/3782/3598 3117/3301/3117
f 3417/3601/3417 3599/3783/3599 3117/3301/3117
f 2795/2979/2795 3579/3763/3579 3599/3783/3599
f 3581/3765/3581 3600/3784/3600 3583/3767/3583
f 3582/3766/3582 3600/3784/3600 3584/3768/3584
f 3582/3766/3582 3586/3770/3586 3603/3787/3603
f 3589/3773/3589 3601/3785/3601 3575/3759/3575
f 3604/3788/3604 3602/3786/3602 3603/3787/3603
f 3299/3483/3299 3304/3488/3304 3608/3792/3608
f 3604/3788/3604 3603/3787/3603 3588/3772/3588
f 3601/3785/3601 3603/3787/3603 3602/3786/3602
f 3301/3485/3301 3604/3788/3604 3588/3772/3588
f 3608/3792/3608 3604/3788/3604 3299/3483/3299
f 2761/2945/2761 3394/3578/3394 3606/3790/3606
f 3607/3791/3607 3590/3774/3590 3575/3759/3575
f 3392/3576/3392 3606/3790/3606 3395/3579/3395
f 2761/2945/2761 3606/3790/3606 3605/3789/3605
f 3605/3789/3605 3606/3790/3606 3607/3791/3607
f 3392/3576/3392 3607/3791/3607 3606/3790/3606
f 2761/2945/2761 3608/3792/3608 3304/3488/3304
f 3602/3786/3602 3608/3792/3608 3605/3789/3605
f 3599/3783/3599 3609/3793/3609 2795/2979/2795
f 3609/3793/3609 3417/3601/3417 3610/3794/3610
f 3418/3602/3418 3610/3794/3610 3417/3601/3417
f 3610/3794/3610 3420/3604/3420 3247/3431/3247
f 3218/3402/3218 3300/3484/3300 3612/3796/3612
f 3588/3772/3588 3586/3770/3586 3611/3795/3611
f 3588/3772/3588 3612/3796/3612 3301/3485/3301
f 3218/3402/3218 3612/3796/3612 3611/3795/3611
f 3211/3395/3211 3613/3797/3613 3209/3393/3209
f 3451/3635/3451 3613/3797/3613 3087/3271/3087
f 3519/3703/3519 3614/3798/3614 2842/3026/2842
f 3614/3798/3614 3490/3674/3490 3615/3799/3615
f 3573/3757/3573 3615/3799/3615 3490/3674/3490
f 3570/3754/3570 3615/3799/3615 3572/3756/3572
f 3624/3808/3624 3570/3754/3570 3621/3805/3621
f 3184/3368/3184 3614/3798/3614 3616/3800/3616
f 3620/3804/3620 3312/3496/3312 3222/3406/3222
f 3567/3751/3567 3619/3803/3619 3561/3745/3561
f 3290/3474/3290 3618/3802/3618 3374/3558/3374
f 3561/3745/3561 3618/3802/3618 3617/3801/3617
f 3372/3556/3372 3618/3802/3618 3619/3803/3619
f 3561/3745/3561 3619/3803/3619 3618/3802/3618
f 3620/3804/3620 3222/3406/3222 3621/3805/3621
f 3617/3801/3617 3620/3804/3620 3630/3814/3630
f 3621/3805/3621 3222/3406/3222 3622/3806/3622
f 3625/3809/3625 3621/3805/3621 3570/3754/3570
f 3248/3432/3248 3622/3806/3622 3222/3406/3222
f 3623/3807/3623 3622/3806/3622 3272/3456/3272
f 3623/3807/3623 3272/3456/3272 3116/3300/3116
f 3624/3808/3624 3623/3807/3623 3184/3368/3184
f 3616/3800/3616 3624/3808/3624 3184/3368/3184
f 3621/3805/3621 3622/3806/3622 3624/3808/3624
f 3572/3756/3572 3625/3809/3625 3570/3754/3570
f 3630/3814/3630 3568/3752/3568 3561/3745/3561
f 3568/3752/3568 3626/3810/3626 3561/3745/3561
f 3562/3746/3562 3567/3751/3567 3626/3810/3626
f 3627/3811/3627 3373/3557/3373 3372/3556/3372
f 3566/3750/3566 3627/3811/3627 3567/3751/3567
f 3389/3573/3389 3628/3812/3628 3388/3572/3388
f 3629/3813/3629 3628/3812/3628 3188/3372/3188
f 2767/2951/2767 3629/3813/3629 3193/3377/3193
f 3574/3758/3574 3629/3813/3629 3597/3781/3597
f 3621/3805/3621 3630/3814/3630 3620/3804/3620
f 3568/3752/3568 3630/3814/3630 3625/3809/3625
