v 0.042479176074266434 0.4771783947944641 0.0862659215927124
v 0.036918237805366516 0.4642646908760071 0.09596630185842514
v 0.04730591922998428 0.4589959979057312 0.08746424317359924
v 0.05304354429244995 0.4680282473564148 0.07649540156126022
v 0.044281091541051865 0.45061999559402466 0.09558609127998352
v 0.034428127110004425 0.4529990255832672 0.1017717644572258
v 0.05409959331154823 0.45132288336753845 0.07889258116483688
v 0.059026386588811874 0.45716363191604614 0.06721211224794388
v 0.06101357564330101 0.4144488573074341 0.07496791332960129
v 0.064787358045578 0.40866750478744507 0.0661061629652977
v 0.06370221078395844 0.42098268866539 0.06524311751127243
v 0.059110671281814575 0.42356690764427185 0.07410353422164917
v 0.059612471610307693 0.38853538036346436 0.07557374238967896
v 0.05373774841427803 0.3812367022037506 0.08512323349714279
v 0.05565769970417023 0.37094762921333313 0.0765470638871193
v 0.0603608563542366 0.37791961431503296 0.06571052223443985
v 0.02225971408188343 0.3978883624076843 0.10567707568407059
v 0.02736635133624077 0.3914949297904968 0.10557141900062561
v 0.03149353712797165 0.39792799949645996 0.10389136523008347
v 0.025597337633371353 0.40360191464424133 0.10378068685531616
v 0.0134156858548522 0.4082103371620178 0.10953636467456818
v 0.014616868458688259 0.4131370186805725 0.10578272491693497
v 0.009742958471179008 0.4175282418727875 0.10985172539949417
v 0.00931944977492094 0.4121295213699341 0.11471042037010193
v 0.01681005395948887 0.3926047086715698 0.1061173528432846
v 0.022244131192564964 0.3859739601612091 0.1057545617222786
v 0.017827779054641724 0.4034886956214905 0.10609489679336548
v 0.01565154641866684 0.3993716835975647 0.10851196199655533
v 0.012373093515634537 0.3948405086994171 0.11900415271520615
v 0.013904876075685024 0.3993644714355469 0.11709334701299667
v 0.010699483565986156 0.40137845277786255 0.12323436886072159
v 0.00956363882869482 0.3959149122238159 0.12334008514881134
v 0.015315009281039238 0.3928056061267853 0.11033079773187637
v 0.01561685185879469 0.39606383442878723 0.1125682145357132
v 0.013247591443359852 0.39265176653862 0.1152053028345108
v 0.011938887648284435 0.39006513357162476 0.11248299479484558
v 0.012527331709861755 0.40398329496383667 0.11278396844863892
v 0.00957217626273632 0.4070573151111603 0.11906406283378601
v 0.005758026614785194 0.4093691110610962 0.12524305284023285
v 0.006560315378010273 0.4020770490169525 0.12969328463077545
v 0.03756876662373543 0.37767431139945984 0.10110461711883545
v 0.03290918096899986 0.3847702443599701 0.10419076681137085
v 0.027676615864038467 0.3800961971282959 0.10493631660938263
v 0.03208838403224945 0.37434956431388855 0.10286541283130646
v 0.012973930686712265 0.38694217801094055 0.10959730297327042
v 0.016206692904233932 0.3719322979450226 0.11165586113929749
v 0.016566326841711998 0.37564074993133545 0.11126899719238281
v 0.010659219697117805 0.37708497047424316 0.11482318490743637
v 0.010980355553328991 0.3735540509223938 0.11518924683332443
v 0.04224903881549835 0.3626824617385864 0.09368002414703369
v 0.03632548823952675 0.3621422350406647 0.09814532101154327
v 0.036512721329927444 0.3553815484046936 0.09632876515388489
v 0.04215652123093605 0.35423314571380615 0.09088084846735
v 0.034256454557180405 0.34967806935310364 0.09601382911205292
v 0.04035048931837082 0.34618157148361206 0.0887964740395546
v 0.030942490324378014 0.3329550325870514 0.09058056771755219
v 0.03606521338224411 0.338714063167572 0.08937295526266098
v 0.03045414574444294 0.3445051610469818 0.09706083685159683
v 0.025484273210167885 0.34002649784088135 0.10050690919160843
v 0.01428776141256094 0.34565144777297974 0.10849017649888992
v 0.00873313844203949 0.3447023034095764 0.1112450361251831
v 0.012888781726360321 0.33271053433418274 0.11016760021448135
v 0.01918555237352848 0.3357284665107727 0.10595353692770004
v 0.015618550591170788 0.365637868642807 0.10826630145311356
v 0.01932039111852646 0.36522507667541504 0.105645552277565
v 0.01977398246526718 0.36707013845443726 0.10763634741306305
v 0.015927188098430634 0.36856022477149963 0.11069806665182114
v 0.022941723465919495 0.3647463321685791 0.10375747084617615
v 0.024554923176765442 0.3644237816333771 0.1031658947467804
v 0.024420954287052155 0.36586034297943115 0.10427557677030563
v 0.022890496999025345 0.36540907621383667 0.1043093353509903
v 0.021026097238063812 0.3651113510131836 0.10479699820280075
v 0.019850952550768852 0.3634277582168579 0.10529404878616333
v 0.021967682987451553 0.3640728294849396 0.10417049378156662
v 0.0165072213858366 0.36308524012565613 0.10805249214172363
v 0.004725303966552019 0.36206820607185364 0.1161755844950676
v 0.008318630047142506 0.36231452226638794 0.11482158303260803
v 0.006959361489862204 0.3662887215614319 0.11342044919729233
v 0.0038960459642112255 0.3664228916168213 0.11443403363227844
v 0.02284412644803524 0.3677419424057007 0.10566553473472595
v 0.025199459865689278 0.3693753182888031 0.10526198893785477
v 0.021731996908783913 0.37255340814590454 0.10792608559131622
v 0.020485971122980118 0.3697050213813782 0.10789825767278671
v 0.028003398329019547 0.37135082483291626 0.10477349162101746
v 0.026605602353811264 0.36683398485183716 0.10355138778686523
v 0.029757054522633553 0.3675667345523834 0.10270334035158157
v 0.02378874085843563 0.36281123757362366 0.1030857190489769
v 0.02641715295612812 0.3610439598560333 0.10175880789756775
v 0.027183400467038155 0.3637324273586273 0.10266885161399841
v 0.02439287304878235 0.35823747515678406 0.10250459611415863
v 0.02149099111557007 0.36126092076301575 0.10427193343639374
v 0.01824372634291649 0.35999688506126404 0.10710932314395905
v 0.014021260663866997 0.3589136600494385 0.11088189482688904
v 0.016338275745511055 0.35408103466033936 0.10833580046892166
v 0.020963963121175766 0.3558446764945984 0.10497531294822693
v 0.023827405646443367 0.37611594796180725 0.10676111280918121
v 0.031103219836950302 0.3629305362701416 0.10077652335166931
v 0.0346023328602314 0.36886876821517944 0.10028359293937683
v 0.030747300013899803 0.35829874873161316 0.09985075145959854
v 0.028641415759921074 0.35410937666893005 0.10006379336118698
v 0.024896878749132156 0.3506372570991516 0.10184817761182785
v 0.019876880571246147 0.3478201925754547 0.10514821857213974
v 0.015129730105400085 0.3231428265571594 0.09994736313819885
v 0.02308819070458412 0.3273873031139374 0.09596452862024307
v 0.03246486186981201 0.4449746906757355 0.10105223953723907
v 0.04099822789430618 0.44349759817123413 0.09814746677875519
v 0.04147985205054283 0.4352741539478302 0.09482486546039581
v 0.04330022633075714 0.4374324381351471 0.09430862218141556
v 0.038220301270484924 0.43948525190353394 0.09724953770637512
v 0.037493571639060974 0.43668094277381897 0.09699239581823349
v 0.053831055760383606 0.42607322335243225 0.07992544025182724
v 0.04940301552414894 0.42840734124183655 0.08460192382335663
v 0.04972122609615326 0.42467185854911804 0.08375592529773712
v 0.05543878301978111 0.4196721017360687 0.0802498608827591
v 0.04269573837518692 0.41832730174064636 0.0920945554971695
v 0.046786095947027206 0.4191433787345886 0.08868145942687988
v 0.043088577687740326 0.4258676767349243 0.09031253308057785
v 0.04020247608423233 0.42532333731651306 0.09295005351305008
v 0.03669522702693939 0.4250929057598114 0.09520571678876877
v 0.03265465050935745 0.42540255188941956 0.096676304936409
v 0.03294505551457405 0.41995692253112793 0.09671027213335037
v 0.03784197196364403 0.41882574558258057 0.09495149552822113
v 0.031713422387838364 0.4406525194644928 0.09875529259443283
v 0.024393944069743156 0.4399419128894806 0.09881534427404404
v 0.02584357000887394 0.4368641674518585 0.098222516477108
v 0.03203315660357475 0.4374484717845917 0.0986250787973404
v 0.01589830033481121 0.42969125509262085 0.09459392726421356
v 0.01701507903635502 0.4322545528411865 0.09529529511928558
v 0.013713197782635689 0.4337698221206665 0.09640341252088547
v 0.012874136678874493 0.42944255471229553 0.09603212773799896
v 0.015129601582884789 0.4264376759529114 0.096343033015728
v 0.017156977206468582 0.4280722439289093 0.09502389281988144
v 0.033892180770635605 0.4986342489719391 0.08063865453004837
v 0.029197217896580696 0.483455628156662 0.09457679837942123
v 0.04827190935611725 0.49012795090675354 0.07120629400014877
v 0.058778390288352966 0.47729766368865967 0.06254375725984573
v 0.06438539922237396 0.46219444274902344 0.05465804412961006
v 0.04907228425145149 0.3657778203487396 0.08622515946626663
v 0.049921561032533646 0.3563062846660614 0.08116084337234497
v 0.05678209289908409 0.3612505793571472 0.06855296343564987
v 0.05464963614940643 0.35118788480758667 0.06451971083879471
v 0.04782421886920929 0.34614717960357666 0.07845812290906906
v 0.03455626964569092 0.3286823630332947 0.07708539813756943
v 0.04282980039715767 0.3361448645591736 0.07712902873754501
v 0.04940664395689964 0.3415108025074005 0.06010930985212326
v 0.05583279952406883 0.3511389493942261 0.0433613657951355
v 0.05941302329301834 0.35883069038391113 0.050042930990457535
v 0.05887241289019585 0.36471596360206604 0.029769770801067352
v 0.050265148282051086 0.34326979517936707 0.03361212834715843
v 0.05578901618719101 0.36287909746170044 0.022006582468748093
v 0.037221673876047134 0.3109242022037506 0.03965397924184799
v 0.03972397372126579 0.29967790842056274 0.03652216121554375
v 0.04913513362407684 0.3045835793018341 0.02404857613146305
v 0.04812420532107353 0.3156724274158478 0.027355391532182693
v 0.06126245856285095 0.3677789568901062 0.056648850440979004
v 0.06459420174360275 0.43112996220588684 0.055822812020778656
v 0.060837578028440475 0.4322831630706787 0.06688806414604187
v 0.06693501025438309 0.417608380317688 0.054603658616542816
v 0.06794735044240952 0.48781630396842957 0.0267182644456625
v 0.06317608803510666 0.4842913746833801 0.045504841953516006
v 0.06950786709785461 0.467577189207077 0.04097814857959747
v 0.07286828756332397 0.47159847617149353 0.024878747761249542
v 0.04176716133952141 0.523456335067749 0.030700527131557465
v 0.03921157121658325 0.5136582851409912 0.05862859636545181
v 0.0523594431579113 0.5011813640594482 0.052235882729291916
v 0.05628841742873192 0.5087977051734924 0.02923000603914261
v 0.07524528354406357 0.47163593769073486 0.009837817400693893
v 0.07565967738628387 0.46936118602752686 -0.00789987575262785
v 0.0700404942035675 0.48289310932159424 -0.01771983876824379
v 0.0692368596792221 0.48896950483322144 0.003991102334111929
v 0.058189474046230316 0.5008920431137085 -0.02711918205022812
v 0.0578974150121212 0.5078436136245728 -0.00039053833461366594
v 0.05465225875377655 0.3486334979534149 0.014240831136703491
v 0.05592012405395508 0.36656901240348816 0.00967987347394228
v 0.04687671363353729 0.3285779058933258 0.03148749843239784
v 0.05345972999930382 0.3333781063556671 0.01574414223432541
v 0.040528375655412674 0.5130285024642944 -0.032811250537633896
v 0.04097774252295494 0.5232273936271667 -0.00267387880012393
v 0.06210418790578842 0.4411827623844147 -0.05046211928129196
v 0.06490872800350189 0.458831250667572 -0.045561231672763824
v 0.07266741991043091 0.4491315484046936 -0.0285570677369833
v 0.06960396468639374 0.4344441890716553 -0.03507053479552269
v 0.05098225548863411 0.44849592447280884 -0.06697331368923187
v 0.05286690220236778 0.46924176812171936 -0.06153309345245361
v 0.04979557543992996 0.38855814933776855 -0.0400104857981205
v 0.04365374520421028 0.37274929881095886 -0.03166436776518822
v 0.03472736477851868 0.37322741746902466 -0.0425223670899868
v 0.04029875248670578 0.38904935121536255 -0.05439862236380577
v 0.05082136020064354 0.44593387842178345 0.08838386833667755
v 0.04705797880887985 0.4406380355358124 0.09330937266349792
v 0.05040714144706726 0.43680837750434875 0.08789493888616562
v 0.05450543761253357 0.4398699998855591 0.08164924383163452
v 0.05794835463166237 0.4424208998680115 0.07157027721405029
v 0.06180589646100998 0.4448789060115814 0.059868812561035156
v 0.07141856849193573 0.45273393392562866 0.03582432493567467
v 0.0752730518579483 0.45783093571662903 0.022263212129473686
v 0.07744564116001129 0.45625144243240356 -0.003104942385107279
v 0.07700065523386002 0.4579507112503052 0.010681424289941788
v 0.07478155940771103 0.43762320280075073 -0.018381768837571144
v 0.07192636281251907 0.42846590280532837 -0.022254398092627525
v 0.054961685091257095 0.3747970163822174 -0.0055949026718735695
v 0.05144825205206871 0.35398027300834656 -0.002123202895745635
v 0.04493168741464615 0.35594046115875244 -0.014709209091961384
v 0.04944170266389847 0.3740466237068176 -0.01949349232017994
v 0.03058684803545475 0.3571455180644989 -0.03467632085084915
v 0.03754217177629471 0.3568609952926636 -0.0251581110060215
v 0.0501861646771431 0.3222251832485199 -0.0011600208235904574
v 0.05088826268911362 0.3091357350349426 -0.00493529811501503
v 0.04671867564320564 0.3114546835422516 -0.018880078569054604
v 0.044742096215486526 0.32395392656326294 -0.01448781043291092
v 0.040324848145246506 0.3111037015914917 -0.03088517114520073
v 0.030963880941271782 0.31008559465408325 -0.03924032673239708
v 0.029197735711932182 0.324596643447876 -0.03486861288547516
v 0.037152137607336044 0.3247917592525482 -0.026418861001729965
v 0.01866518147289753 0.2924097180366516 0.05102703347802162
v 0.019835103303194046 0.2831134498119354 0.047853656113147736
v 0.0305588748306036 0.2861350178718567 0.0423608124256134
v 0.028013991191983223 0.29587963223457336 0.04487843066453934
v 0.05382051318883896 0.29839396476745605 -0.009930746629834175
v 0.05081681162118912 0.30190157890319824 -0.024547351524233818
v 0.056616805493831635 0.3886982202529907 -0.0260916817933321
v 0.0603904202580452 0.39174529910087585 -0.014818798750638962
v 0.044697701930999756 0.3012080192565918 -0.036977995187044144
v 0.0365288108587265 0.3401038348674774 -0.0237108264118433
v 0.04370872676372528 0.3385484516620636 -0.013288398273289204
v 0.019976386800408363 0.35820966958999634 -0.042334895581007004
v 0.023668605834245682 0.373650461435318 -0.05240224674344063
v 0.019933871924877167 0.4084447920322418 0.10384320467710495
v 0.02303355559706688 0.4230208396911621 0.09732279926538467
v 0.02366972528398037 0.42670363187789917 0.09665537625551224
v 0.019838597625494003 0.42741385102272034 0.09590685367584229
v 0.018665289506316185 0.42450058460235596 0.09682366997003555
v 0.01165007520467043 0.46542659401893616 0.10628905892372131
v 0.010197851806879044 0.44819071888923645 0.10780666768550873
v 0.02293732389807701 0.45227888226509094 0.10628149658441544
v 0.024552255868911743 0.46624132990837097 0.10258631408214569
v 0.04963534697890282 0.39406105875968933 0.09373809397220612
v 0.04082046449184418 0.4002554714679718 0.09967640042304993
v 0.037738531827926636 0.3914386034011841 0.10255130380392075
v 0.04349905624985695 0.38387808203697205 0.09832931309938431
v 0.04670128598809242 0.42993271350860596 0.08760140091180801
v 0.04828602448105812 0.4320027530193329 0.08732898533344269
v 0.0457933284342289 0.4318366050720215 0.08985301852226257
v 0.04018121957778931 0.3706454634666443 0.09758862107992172
v 0.046965017914772034 0.3749268054962158 0.09239368885755539
v 0.06649657338857651 0.40276363492012024 0.05467043071985245
v 0.05686776712536812 0.43243318796157837 0.07638309895992279
v 0.020464302971959114 0.5336825251579285 0.03338310122489929
v 0.019817352294921875 0.5219720005989075 0.0653444156050682
v 0.02008754387497902 0.5235006809234619 -0.03370771184563637
v 0.020327098667621613 0.5333932638168335 -0.002367110690101981
v 0.03670915961265564 0.4769238531589508 -0.07294832170009613
v 0.03541851043701172 0.45433053374290466 -0.07926403731107712
v 0.0175746101886034 0.45956704020500183 -0.08744432032108307
v 0.018143367022275925 0.48488694429397583 -0.07856900244951248
v 0.02785399928689003 0.39004382491111755 -0.06495150923728943
v 0.02169235236942768 0.3097800612449646 -0.04462471231818199
v 0.019559873268008232 0.32577893137931824 -0.04091685637831688
v 0.01782248169183731 0.503239095211029 0.08641642332077026
v 0.014941489323973656 0.4841763973236084 0.09981072694063187
v 0.06691841036081314 0.44767266511917114 0.04734647274017334
v 0.06039480119943619 0.4058550298213959 0.07878774404525757
v 0.05571429431438446 0.4136015772819519 0.08342122286558151
v 0.05330350250005722 0.40968599915504456 0.08816039562225342
v 0.057394400238990784 0.39927351474761963 0.08432289958000183
v 0.06287536770105362 0.39691874384880066 0.0698806494474411
v 0.06365262717008591 0.3887214660644531 0.057489123195409775
v 0.06443127989768982 0.38051140308380127 0.043524064123630524
v 0.06180538609623909 0.37017548084259033 0.036380358040332794
v 0.07428786158561707 0.4624652862548828 -0.022253280505537987
v 0.06656991690397263 0.4744073450565338 -0.03786594420671463
v 0.05607578903436661 0.4873306155204773 -0.04857620224356651
v 0.03899424150586128 0.4970950484275818 -0.057106658816337585
v 0.07599659264087677 0.4522775709629059 -0.015518855303525925
v 0.019262144342064857 0.5064973831176758 -0.059789370745420456
v 0.01008846890181303 0.3814089000225067 0.1137920543551445
v 0.017093058675527573 0.38105836510658264 0.10935759544372559
v 0.008541509509086609 0.3853735327720642 0.11346463859081268
v 0.009672905318439007 0.3579389750957489 0.11386045068502426
v 0.0055915373377501965 0.3574461340904236 0.11546880751848221
v 0.006572725251317024 0.3521374464035034 0.11245829612016678
v 0.01130619179457426 0.3528079688549042 0.11100450903177261
v 0.015594638884067535 0.31884118914604187 0.08446108549833298
v 0.02476443164050579 0.3229094445705414 0.0804649144411087
v 0.017655085772275925 0.301529198884964 0.05567338690161705
v 0.026524748653173447 0.3053168058395386 0.04904809594154358
v 0.00845099613070488 0.3936139643192291 0.11753624677658081
v 0.006931097246706486 0.3939661383628845 0.11781863868236542
v 0.006730685476213694 0.3929307460784912 0.115680992603302
v 0.008645967580378056 0.39282548427581787 0.11542105674743652
v 0.021576043218374252 0.3662716746330261 0.10574562847614288
v 0.00631839269772172 0.3737204372882843 0.11734241247177124
v 0.0033386903814971447 0.37349259853363037 0.11801190674304962
v 0.003610819112509489 0.36995333433151245 0.11652419716119766
v 0.006635526195168495 0.37006521224975586 0.11595479398965836
v 0.03922228142619133 0.3302982449531555 0.05576120316982269
v 0.03631846606731415 0.3217397928237915 0.04513963311910629
v 0.05251774191856384 0.3059665560722351 0.01045740395784378
v 0.052578818053007126 0.3191498816013336 0.013579166494309902
v 0.05076472461223602 0.33717334270477295 -0.00010485756502021104
v 0.028801998123526573 0.3418380916118622 -0.03334498777985573
v 0.01975313574075699 0.3423047661781311 -0.03996787220239639
v -0.0025147483684122562 0.3442734479904175 -0.04581757262349129
v -0.003669070079922676 0.35886719822883606 -0.05052020773291588
v 0.009127798490226269 0.35852986574172974 -0.04835600033402443
v 0.008427281863987446 0.34351709485054016 -0.04361555352807045
v 0.02604450099170208 0.3199600577354431 0.06520868092775345
v 0.016280977055430412 0.31550124287605286 0.07072080671787262
v 0.016795746982097626 0.3101194202899933 0.061590347439050674
v 0.025850100442767143 0.31437787413597107 0.055190082639455795
v 0.0032869272399693727 0.39083510637283325 0.11876660585403442
v 0.0019656543154269457 0.3899267017841339 0.1203303411602974
v 0.002375153126195073 0.38775238394737244 0.11754141002893448
v 0.004165067803114653 0.38973313570022583 0.11678832024335861
v 0.009440315887331963 0.39090391993522644 0.11375106871128082
v 0.007261505350470543 0.3899182677268982 0.1138027235865593
v 0.007658971939235926 0.38807377219200134 0.11367475241422653
v 0.009894846938550472 0.39344510436058044 0.1182156577706337
v 0.010289870202541351 0.3921167254447937 0.11559044569730759
v 0.005427844822406769 0.394351601600647 0.12275876849889755
v 0.008114881813526154 0.3941563069820404 0.12117484211921692
v 0.005470268428325653 0.3945908546447754 0.12760835886001587
v 0.004783100448548794 0.39193397760391235 0.11732415854930878
v 0.005252617411315441 0.39072227478027344 0.1156848594546318
v 0.008363503962755203 0.3918381631374359 0.11416279524564743
v 0.006769685074687004 0.39156654477119446 0.11425807327032089
v 0.00564960902556777 0.39432063698768616 0.12070213258266449
v 0.007383289281278849 0.3941110670566559 0.11944296956062317
v 0.00540070841088891 0.4154289662837982 0.11998388916254044
v -0.00021265167742967606 0.4164332449436188 0.1222715899348259
v -0.0003624528180807829 0.4098682701587677 0.12769044935703278
v -0.00044437882024794817 0.40231630206108093 0.13260366022586823
v -0.00036560403532348573 0.3943537771701813 0.1305202841758728
v 0.009167005307972431 0.30754339694976807 0.0644572526216507
v 0.00992906279861927 0.2991043031215668 0.05873119831085205
v -0.0011648497311398387 0.4832707345485687 0.10180027782917023
v -0.001108998665586114 0.4637606143951416 0.10683809220790863
v 0.022208254784345627 0.3650690019130707 0.10415151715278625
v 0.023497989401221275 0.4441332221031189 0.10135609656572342
v 0.0474812276661396 0.40819188952445984 0.09369827061891556
v 0.027049243450164795 0.40950915217399597 0.10090794414281845
v 0.03346334025263786 0.4052513837814331 0.1008542999625206
v 0.03338482975959778 0.41287556290626526 0.09824800491333008
v 0.027526376768946648 0.4156302809715271 0.09879080951213837
v 0.014562531374394894 0.44109079241752625 0.10169350355863571
v 0.005986413918435574 0.4374500513076782 0.10671977698802948
v 0.009650963358581066 0.435491681098938 0.10056935250759125
v 0.009109603241086006 0.42901626229286194 0.10031674802303314
v 0.006164367776364088 0.42823535203933716 0.10803288221359253
v 0.010374289005994797 0.42153996229171753 0.10454308241605759
v 0.012097024358808994 0.4239252805709839 0.0992114320397377
v 0.04411723464727402 0.4335465729236603 0.09233290702104568
v 0.046297337859869 0.43493205308914185 0.09071245789527893
v 0.015576140023767948 0.41710540652275085 0.10196336358785629
v 0.021087734028697014 0.4132772386074066 0.10094190388917923
v 0.021986883133649826 0.41814643144607544 0.09854359179735184
v 0.016799703240394592 0.4206992983818054 0.09863447397947311
v 0.0400405079126358 0.410085529088974 0.0968708023428917
v 0.052359357476234436 0.4322017431259155 0.0829395055770874
v 0.04906536266207695 0.4213612675666809 0.08547206223011017
v 0.06403262168169022 0.3967466354370117 -0.006833547260612249
v 0.06035326048731804 0.38603857159614563 -0.00019045863882638514
v 0.0659303367137909 0.37697333097457886 0.01838652789592743
v 0.06316585093736649 0.37308958172798157 0.02146046794950962
v 0.05866464599967003 0.3756200075149536 0.017091039568185806
v 0.06399550288915634 0.3793024718761444 0.01431313343346119
v 0.07537511736154556 0.42767205834388733 -0.00034148391569033265
v 0.07534147799015045 0.43427714705467224 -0.00427429610863328
v 0.07570244371891022 0.43546196818351746 0.0026731090620160103
v 0.07471432536840439 0.42809224128723145 0.0021882846485823393
v 0.07458093762397766 0.4313109219074249 0.008319191634654999
v 0.07488764077425003 0.43488532304763794 0.010433326475322247
v 0.0738004818558693 0.42685210704803467 0.011982062831521034
v 0.0738934800028801 0.426891952753067 0.008660538122057915
v 0.07650703936815262 0.44529157876968384 0.010752086527645588
v 0.07460953295230865 0.4435006082057953 0.02062116004526615
v 0.07301591336727142 0.43186765909194946 0.018090136349201202
v 0.06829012185335159 0.4299992322921753 0.041021838784217834
v 0.06888920813798904 0.41900521516799927 0.02876310981810093
v 0.0704350396990776 0.42667078971862793 0.02390463836491108
v 0.0712449923157692 0.43825864791870117 0.030258653685450554
v 0.06430400162935257 0.37744569778442383 0.025587696582078934
v 0.06492389738559723 0.3847072720527649 0.029115866869688034
v 0.05800999328494072 0.3790377974510193 0.008942612446844578
v -0.0024528326466679573 0.46984049677848816 -0.08641102910041809
v -0.0024501110892742872 0.49536487460136414 -0.07430654019117355
v 0.05896322801709175 0.4236219823360443 -0.05086308345198631
v 0.04833042994141579 0.42782512307167053 -0.06648522615432739
v 0.06608094274997711 0.4194073975086212 -0.03577248007059097
v 0.06922528892755508 0.4164630174636841 -0.022570017725229263
v 0.03615199401974678 0.4338383078575134 -0.07911481708288193
v 0.021089768037199974 0.43388864398002625 -0.0855611190199852
v 0.0687536746263504 0.4126839339733124 0.04219655692577362
v 0.06758209317922592 0.40687352418899536 0.030370207503437996
v 0.05520114302635193 0.40549811720848083 -0.04724935069680214
v 0.04495130851864815 0.40841448307037354 -0.06252733618021011
v 0.06198002025485039 0.40333759784698486 -0.03293755277991295
v 0.06554599106311798 0.40421876311302185 -0.020359167829155922
v 0.031318310648202896 0.41386911273002625 -0.07509574294090271
v 0.013334622606635094 0.38882651925086975 -0.07135739922523499
v 0.014941545203328133 0.41020700335502625 -0.08127675205469131
v 0.06814314424991608 0.38768425583839417 0.01810620166361332
v 0.06671945750713348 0.385776549577713 0.022315341979265213
v 0.0665038600564003 0.37970829010009766 0.02125297300517559
v 0.06927607208490372 0.3818912208080292 0.0193661879748106
v 0.06688207387924194 0.39727547764778137 0.04191167280077934
v 0.0667629987001419 0.3952685296535492 0.029891284182667732
v 0.005727145820856094 0.42145994305610657 0.11462167650461197
v -0.0001576791109982878 0.429895281791687 0.11186320334672928
v -0.00011863258259836584 0.4229826331138611 0.11714857816696167
v -0.00042059816769324243 0.4381316304206848 0.10867128521203995
v -0.0019284137524664402 0.5376614928245544 0.004545992240309715
v -0.0016757871489971876 0.5361994504928589 0.03602707013487816
v -0.0022790913935750723 0.5160520672798157 -0.052956126630306244
v -0.0020867381244897842 0.5309624075889587 -0.025763152167201042
v 0.004141189157962799 0.34433645009994507 0.11284933239221573
v 0.006561949849128723 0.3312055766582489 0.1125141903758049
v 0.00535858329385519 0.3812454044818878 0.11630525439977646
v 0.0025377392303198576 0.38064560294151306 0.11694906651973724
v 0.0029670745134353638 0.37701380252838135 0.11767871677875519
v 0.0059085204266011715 0.3775045573711395 0.1169709861278534
v 0.017889976501464844 0.43765512108802795 0.09750755876302719
v 0.01084083504974842 0.3742417097091675 -0.0585409477353096
v 0.009044298902153969 0.326765239238739 -0.04448375105857849
v 0.010524199344217777 0.31051701307296753 -0.04763052240014076
v 0.035297147929668427 0.29910042881965637 -0.04590873792767525
v 0.024178847670555115 0.2975432276725769 -0.05125734210014343
v 0.0021793425548821688 0.3842598795890808 0.11680373549461365
v 0.004763009026646614 0.3847928047180176 0.11580358445644379
v 0.004913860931992531 0.39366716146469116 0.11928042024374008
v 0.01108933612704277 0.369676798582077 0.11413101106882095
v 0.0046676332131028175 0.3875458538532257 0.1156434640288353
v 0.005369473714381456 0.38951319456100464 0.11535943299531937
v 0.00045525081804953516 0.38720816373825073 0.11823685467243195
v 0.0007074736640788615 0.3839433789253235 0.11701595783233643
v 0.027956519275903702 0.4215167760848999 0.09756499528884888
v 0.028182128444314003 0.42602357268333435 0.09709006547927856
v 0.00278579443693161 0.3916585147380829 0.12393870949745178
v 0.0035529022570699453 0.3926689922809601 0.12140701711177826
v -0.00041795498691499233 0.3907869756221771 0.12461557984352112
v 0.04210122674703598 0.28932666778564453 0.033412277698516846
v 0.05046830698847771 0.29272928833961487 0.020278166979551315
v 0.0013484322698786855 0.37330856919288635 0.11813050508499146
v 0.0015291073359549046 0.36967089772224426 0.11679459363222122
v -0.0017519118264317513 0.5240442156791687 0.06836851686239243
v -0.0021272574085742235 0.3870529234409332 -0.07228174805641174
v -0.0021906911861151457 0.4051375389099121 -0.08152072131633759
v 0.06897924095392227 0.41214796900749207 0.021418217569589615
v 0.07058215141296387 0.408351331949234 0.01668926700949669
v 0.07202855497598648 0.4149738848209381 0.01423294935375452
v 0.07045168429613113 0.4193934202194214 0.018921229988336563
v 0.010706198401749134 0.29013073444366455 0.05443105846643448
v 0.05400089547038078 0.2952374219894409 0.005254080053418875
v 0.012267191894352436 0.29741981625556946 -0.05444195494055748
v 0.04643933102488518 0.42827874422073364 0.08714096248149872
v 0.045143403112888336 0.4269253611564636 0.08815790712833405
v 0.020531224086880684 0.4350191652774811 0.09668318927288055
v -0.0024706723634153605 0.43534091114997864 -0.08834527432918549
v 0.01244775578379631 0.36257094144821167 0.1118977814912796
v 0.01099388673901558 0.3661443293094635 0.11135778576135635
v -0.0016774287214502692 0.328387051820755 -0.045611992478370667
v 0.008605417795479298 0.31306907534599304 0.07344207912683487
v 0.0005400505615398288 0.389410138130188 0.1211724579334259
v -0.003240853315219283 0.37305229902267456 -0.060183268040418625
v 0.07442975044250488 0.4209137558937073 0.005992024205625057
v 0.0759577602148056 0.41951513290405273 0.009088343940675259
v 0.07542283833026886 0.4165749251842499 0.008830412290990353
v 0.07380758970975876 0.4173092246055603 0.007317606825381517
v 0.07678409665822983 0.4226975440979004 0.013370905071496964
v 0.07780957221984863 0.4196067750453949 0.01131132896989584
v 0.07950623333454132 0.42209702730178833 0.010489709675312042
v 0.07817622274160385 0.4257041811943054 0.011848416179418564
v 0.07263737916946411 0.42423251271247864 0.01559447031468153
v 0.07451283186674118 0.41928601264953613 0.01414700411260128
v 0.0804477334022522 0.4238462448120117 0.008880123496055603
v 0.08034425228834152 0.42660418152809143 0.010071240365505219
v 0.07772986590862274 0.42815062403678894 0.008754078298807144
v 0.07450307905673981 0.4278588891029358 0.005510812159627676
v 0.08265548199415207 0.4274067282676697 0.006758144591003656
v 0.07910884916782379 0.4294467568397522 0.004702467005699873
v 0.08519627153873444 0.426934152841568 0.0019697367679327726
v 0.0807170495390892 0.4294373393058777 -0.00035370257683098316
v 0.08651018887758255 0.42366066575050354 -0.003018503775820136
v 0.08117726445198059 0.42543768882751465 -0.005158690270036459
v 0.06759511679410934 0.39334484934806824 0.022287258878350258
v 0.06797316670417786 0.3941401541233063 0.015831584110856056
v 0.08694081753492355 0.4184509813785553 -0.006014314480125904
v 0.08089371025562286 0.41918379068374634 -0.007467365823686123
v 0.08618061244487762 0.41162556409835815 -0.007494335062801838
v 0.08053489029407501 0.4121408760547638 -0.008894494734704494
v 0.08444134145975113 0.4044571816921234 -0.006892474368214607
v 0.07967278361320496 0.4046321213245392 -0.00842828769236803
v 0.08283840864896774 0.3975442051887512 -0.004997849930077791
v 0.07823392748832703 0.39652255177497864 -0.006375007331371307
v 0.08052622526884079 0.39091598987579346 -0.0010588616132736206
v 0.07578463852405548 0.3878221809864044 -0.001925717224366963
v 0.08200672268867493 0.424892395734787 0.000943108752835542
v 0.08305582404136658 0.4217974841594696 -0.002594709862023592
v 0.07344722002744675 0.4238249957561493 -0.0013867061352357268
v 0.08100783079862595 0.42553749680519104 0.005438094027340412
v 0.0735481008887291 0.41176867485046387 0.0018212307477369905
v 0.0720796063542366 0.4138273298740387 0.002027637790888548
v 0.07297829538583755 0.41213494539260864 0.0031250212341547012
v 0.0717703178524971 0.4108085334300995 0.0006770475883968174
v 0.06951967626810074 0.40088149905204773 0.016910400241613388
v 0.07087770104408264 0.4009479284286499 0.013362147845327854
v 0.07133610546588898 0.4065445363521576 0.013425895944237709
v 0.06930799782276154 0.3969268500804901 0.012913533486425877
v 0.06856977194547653 0.39833933115005493 0.011728813871741295
v 0.06828870624303818 0.4018211364746094 0.011958678252995014
v 0.06763773411512375 0.4063425660133362 0.011760738678276539
v 0.06906835734844208 0.39677220582962036 0.010232766158878803
v 0.06997834146022797 0.3950374126434326 0.010848944075405598
v 0.06791352480649948 0.3980681896209717 0.009589607827365398
v 0.06757494807243347 0.39895009994506836 0.010561930015683174
v 0.06662493199110031 0.40110164880752563 0.009639930911362171
v 0.0671924352645874 0.4042045772075653 0.007282730657607317
v 0.06820118427276611 0.40260881185531616 0.022393571212887764
v 0.06860285997390747 0.39985987544059753 -0.0007141983951441944
v 0.06539325416088104 0.39166611433029175 0.0031599807552993298
v 0.07733505964279175 0.38648509979248047 0.004548077471554279
v 0.07396207749843597 0.38077229261398315 0.004701749887317419
v 0.07159069925546646 0.3787741959095001 0.01676764152944088
v 0.07298728823661804 0.3769603371620178 0.011308972723782063
v 0.07222036272287369 0.4186706244945526 -0.0033440340775996447
v 0.07191801816225052 0.41296645998954773 -0.0046990178525447845
v 0.0635468065738678 0.38509634137153625 0.009358707815408707
v 0.07106877118349075 0.4067028760910034 -0.004050298593938351
v 0.07881244271993637 0.39512622356414795 -0.00014464950072579086
v 0.0756801962852478 0.39197686314582825 0.0035838086623698473
v 0.08126827329397202 0.3996937870979309 -0.003098666900768876
v 0.07054420560598373 0.391726553440094 0.012421781197190285
v 0.07169690728187561 0.3859390318393707 0.014681111089885235
v 0.07469269633293152 0.3851618468761444 0.01011299341917038
v 0.0727982223033905 0.39102381467819214 0.008034668862819672
v 0.07756278663873672 0.39834311604499817 0.0016519144410267472
v 0.07392940670251846 0.3962192237377167 0.004217307548969984
v 0.0746246725320816 0.4012589752674103 0.0015478945570066571
v 0.07135053724050522 0.3993067741394043 0.003976074513047934
v 0.0696929320693016 0.3974932134151459 0.007287702988833189
v 0.07129672169685364 0.39505282044410706 0.007571932394057512
v 0.0677948072552681 0.40156009793281555 0.003560950281098485
v 0.07127348333597183 0.4046560525894165 0.0013712226646021008
v 0.06751193106174469 0.39909985661506653 0.007267523091286421
v 0.0772818848490715 0.4039823114871979 0.0009333292837254703
v 0.07969854772090912 0.4074714481830597 0.0005800935323350132
v 0.07760244607925415 0.410094290971756 0.002416613046079874
v 0.07467058300971985 0.40738633275032043 0.0011334597365930676
v 0.0817996934056282 0.405393123626709 -0.00501125305891037
v 0.08188895881175995 0.40598344802856445 -0.0017431840533390641
v 0.08008506894111633 0.4017152488231659 -0.00046103334170766175
v 0.08267435431480408 0.4111667275428772 -0.002631198847666383
v 0.0826239362359047 0.41175588965415955 -0.0055250744335353374
v 0.08107084780931473 0.41125258803367615 -0.0003127663803752512
v 0.07969722896814346 0.4123659133911133 0.0016503509832546115
v 0.08240706473588943 0.4197169542312622 -0.0005581901641562581
v 0.08268611133098602 0.4160234034061432 -0.0020626091863960028
v 0.08343777060508728 0.41755110025405884 -0.004716652445495129
v 0.0816839188337326 0.41486334800720215 0.00014930596807971597
v 0.08113163709640503 0.4178067445755005 0.0011227392824366689
v 0.07982879132032394 0.4162161350250244 0.002200476126745343
v 0.08049281686544418 0.41450366377830505 0.0011314782314002514
v 0.07839050889015198 0.4235346019268036 0.007393817882984877
v 0.07714129984378815 0.42196762561798096 0.008764373138546944
v 0.0796220526099205 0.42353641986846924 0.004833439830690622
v 0.07744825631380081 0.42380353808403015 0.005398216191679239
v 0.07827166467905045 0.42146626114845276 0.004654841031879187
v 0.07608939707279205 0.4228813946247101 0.0056496369652450085
v 0.07732570916414261 0.4195840358734131 0.005124106537550688
v 0.07530724257230759 0.4173647165298462 0.005051140673458576
v 0.0234635341912508 0.2612910568714142 0.044715967029333115
v 0.02166820876300335 0.2722667455673218 0.04550310596823692
v 0.011745857074856758 0.2692193388938904 0.048047687858343124
v 0.012550254352390766 0.25871801376342773 0.046369727700948715
v 0.07869521528482437 0.41780906915664673 0.003926900215446949
v 0.07976867258548737 0.41993188858032227 0.0027780095115303993
v 0.0810379609465599 0.4224937856197357 0.0017466085264459252
v 0.0762951448559761 0.4138706624507904 0.0031303996220231056
v 0.07760673016309738 0.4128347635269165 0.0029297531582415104
v 0.07859834283590317 0.4142216444015503 0.0028569900896400213
v 0.07718084007501602 0.41573208570480347 0.0038374243304133415
v 0.07157737016677856 0.41053831577301025 0.012268364429473877
v 0.06972885876893997 0.4090118110179901 0.009059718810021877
v 0.07008342444896698 0.40640193223953247 0.005225706845521927
v 0.055430274456739426 0.24871981143951416 0.03137201815843582
v 0.06915440410375595 0.256547212600708 0.019377268850803375
v 0.06363514065742493 0.2642842233181 0.01597961224615574
v 0.05084221810102463 0.25796064734458923 0.027115944772958755
v 0.06542159616947174 0.22621026635169983 0.0494375079870224
v 0.06734190881252289 0.20845161378383636 0.060145583003759384
v 0.08491452038288116 0.21386002004146576 0.053436409682035446
v 0.08582901954650879 0.23553960025310516 0.035557132214307785
v 0.08404767513275146 0.19584065675735474 0.06774352490901947
v 0.06756588816642761 0.1917981207370758 0.0722193494439125
v 0.08130296319723129 0.14842747151851654 0.10556332021951675
v 0.08221601694822311 0.16354086995124817 0.09323251992464066
v 0.06622470915317535 0.16206365823745728 0.09746082872152328
v 0.06553701311349869 0.14670875668525696 0.10929300636053085
v 0.10632865875959396 0.07432061433792114 0.13957951962947845
v 0.09440319985151291 0.07627251744270325 0.1446426808834076
v 0.08757659047842026 0.060204435139894485 0.14316333830356598
v 0.10082995146512985 0.05606939271092415 0.13699352741241455
v 0.14128823578357697 0.17289772629737854 0.06182771548628807
v 0.15038102865219116 0.16385413706302643 0.05904804542660713
v 0.15311123430728912 0.18271015584468842 0.053483814001083374
v 0.1428372710943222 0.19118322432041168 0.05459989979863167
v 0.09643113613128662 0.2696276009082794 -0.011200010776519775
v 0.08951755613088608 0.272076815366745 -0.013777385465800762
v 0.08493529260158539 0.2592321038246155 0.0065495287999510765
v 0.09219251573085785 0.2559446096420288 0.011849692091345787
v 0.14682874083518982 0.08713735640048981 0.0888359323143959
v 0.14129583537578583 0.09632690250873566 0.09822004288434982
v 0.13934104144573212 0.08463166654109955 0.10542289912700653
v 0.14346078038215637 0.0751761719584465 0.09714286774396896
v 0.11371228843927383 0.0029717409051954746 0.08405495434999466
v 0.1006941869854927 0.0024085708428174257 0.09906121343374252
v 0.0999174639582634 -0.015007301233708858 0.10014315694570541
v 0.11394275724887848 -0.014722048304975033 0.08452507108449936
v 0.14498808979988098 0.023381143808364868 0.0223091971129179
v 0.14115391671657562 0.007845624350011349 0.021063409745693207
v 0.1400841474533081 0.00810177344828844 -0.0036227230448275805
v 0.14334440231323242 0.022599326446652412 -0.003335533896461129
v 0.10838810354471207 0.14821399748325348 0.0952749103307724
v 0.1099066436290741 0.1638156622648239 0.08334298431873322
v 0.09687098115682602 0.16400189697742462 0.08831046521663666
v 0.09563913196325302 0.14889106154441833 0.10065029561519623
v 0.3267240524291992 0.22067850828170776 0.015636969357728958
v 0.3014252781867981 0.22133073210716248 0.016996322199702263
v 0.3023669123649597 0.20542167127132416 0.018268371000885963
v 0.3274739980697632 0.20464752614498138 0.01660555973649025
v 0.1427289843559265 -0.07974327355623245 0.04013250395655632
v 0.1445382535457611 -0.09636419266462326 0.04406604915857315
v 0.1450762301683426 -0.0929180160164833 0.01870451122522354
v 0.14268825948238373 -0.07657629251480103 0.015828855335712433
v 0.19483749568462372 0.24522589147090912 0.02918476052582264
v 0.19484347105026245 0.26213711500167847 0.012092869728803635
v 0.18184171617031097 0.2643745243549347 0.012091266922652721
v 0.18055808544158936 0.24804508686065674 0.030675336718559265
v 0.14383158087730408 0.13668480515480042 0.07242988049983978
v 0.14671973884105682 0.14897985756397247 0.06557314842939377
v 0.13920052349567413 0.1571969836950302 0.06998815387487411
v 0.13646675646305084 0.14299845695495605 0.07823087275028229
v 0.15323930978775024 0.05089344084262848 -0.007976318709552288
v 0.15622852742671967 0.06744816899299622 -0.010691393166780472
v 0.1578650325536728 0.06807207316160202 0.009677940048277378
v 0.15542280673980713 0.05169125646352768 0.014772758819162846
v 0.15175773203372955 0.03680163621902466 0.019098931923508644
v 0.149297297000885 0.03583680838346481 -0.005316885653883219
v 0.12885841727256775 0.14563582837581635 0.08388619869947433
v 0.13021521270275116 0.16262100636959076 0.07409434765577316
v 0.12111377716064453 0.16351233422756195 0.0784943476319313
v 0.11934205889701843 0.14713335037231445 0.08975782245397568
v 0.07838942855596542 0.04609116539359093 0.13631460070610046
v 0.09392286837100983 0.04082775488495827 0.12820647656917572
v 0.13791485130786896 -0.10047662258148193 0.06868883222341537
v 0.13688819110393524 -0.08335356414318085 0.06425541639328003
v 0.12581028044223785 -0.08714599907398224 0.0850052461028099
v 0.12621964514255524 -0.10450858622789383 0.08977184444665909
v 0.08502864092588425 0.01801048219203949 0.1092478558421135
v 0.0993490144610405 0.01773323304951191 0.09855463355779648
v 0.10238371789455414 0.0290235485881567 0.10799849778413773
v 0.0875672698020935 0.03030758909881115 0.11643870174884796
v 0.1107008159160614 -0.10755209624767303 0.10786683857440948
v 0.11046649515628815 -0.09024164825677872 0.1024751141667366
v 0.0935453400015831 -0.09217263013124466 0.11811279505491257
v 0.09368547052145004 -0.11148630082607269 0.12444407492876053
v 0.08303634822368622 0.17929008603096008 0.08081535249948502
v 0.0670052245259285 0.17659129202365875 0.08493193238973618
v 0.12591487169265747 0.07404836267232895 0.12463363260030746
v 0.11714471876621246 0.07374545186758041 0.13259927928447723
v 0.11283852159976959 0.054957762360572815 0.12953780591487885
v 0.12320353835821152 0.056337714195251465 0.12124327570199966
v 0.16148877143859863 0.136580690741539 0.04364308714866638
v 0.1698164939880371 0.14978154003620148 0.038067590445280075
v 0.16539062559604645 0.1702146977186203 0.04876489192247391
v 0.15832160413265228 0.15128172934055328 0.05357908830046654
v 0.1498650312423706 -0.10868166387081146 0.02058381587266922
v 0.1484420895576477 -0.11219456791877747 0.04674094170331955
v 0.11321166157722473 -0.1259012371301651 0.11189848929643631
v 0.09555607289075851 -0.13055923581123352 0.12878701090812683
v 0.20128275454044342 0.1466253250837326 -0.02733580581843853
v 0.199269637465477 0.1501007378101349 -0.015311102382838726
v 0.19003315269947052 0.13747577369213104 -0.012396125122904778
v 0.19276343286037445 0.1347135603427887 -0.02455763705074787
v 0.05518496409058571 0.07757816463708878 0.14622148871421814
v 0.06404883414506912 0.057954397052526474 0.1433129608631134
v 0.07669642567634583 0.07029697299003601 0.14709819853305817
v 0.06977079808712006 0.08624192327260971 0.14668819308280945
v 0.11931762844324112 0.04092201590538025 0.11141665279865265
v 0.10760139673948288 0.03943885117769241 0.11979473382234573
v 0.11572705209255219 0.030165687203407288 0.09878528863191605
v 0.03928671032190323 0.0687725767493248 0.14135926961898804
v 0.04929809644818306 0.044818613678216934 0.13292796909809113
v 0.05027812346816063 0.17332519590854645 0.088579460978508
v 0.049588799476623535 0.15913282334804535 0.10053880512714386
v 0.05045740678906441 0.1883474737405777 0.07731614261865616
v 0.049576595425605774 0.20408226549625397 0.0665626972913742
v 0.032577432692050934 0.2005736082792282 0.07113523781299591
v 0.033170949667692184 0.18477480113506317 0.08144880086183548
v 0.047498513013124466 0.22053317725658417 0.057850901037454605
v 0.031069835647940636 0.21673887968063354 0.06302208453416824
v 0.040182653814554214 0.24341608583927155 0.04099065810441971
v 0.036920465528964996 0.2534250319004059 0.036577049642801285
v 0.1530519276857376 0.1379454880952835 0.05915241688489914
v 0.14972920715808868 0.1266326904296875 0.06503723561763763
v 0.12905198335647583 -0.1216028556227684 0.09309723228216171
v 0.11013997346162796 0.20540092885494232 -0.0967990979552269
v 0.12580424547195435 0.21127867698669434 -0.08903183788061142
v 0.12489445507526398 0.19453945755958557 -0.09355584532022476
v 0.10933773964643478 0.18789976835250854 -0.10146700590848923
v 0.10279408097267151 0.2565457224845886 0.013554474338889122
v 0.10401832312345505 0.27026575803756714 -0.010370202362537384
v 0.1765386015176773 0.15140236914157867 -0.06468150019645691
v 0.1762693226337433 0.14199227094650269 -0.060387108474969864
v 0.1658460944890976 0.13323931396007538 -0.06332656741142273
v 0.16512644290924072 0.1444547027349472 -0.06740878522396088
v 0.20125725865364075 0.14757509529590607 -0.046702925115823746
v 0.19990107417106628 0.15380144119262695 -0.0532311350107193
v 0.21322514116764069 0.16163885593414307 -0.05599663406610489
v 0.2143937647342682 0.15546242892742157 -0.04946310073137283
v 0.13978104293346405 -0.09008948504924774 -0.004425643943250179
v 0.13687682151794434 -0.07371407002210617 -0.007731154561042786
v 0.11998388171195984 0.033950325101614 -0.06500112265348434
v 0.1286737024784088 0.0501164011657238 -0.06452583521604538
v 0.13794241845607758 0.04252641648054123 -0.04748663678765297
v 0.13057515025138855 0.027227988466620445 -0.04672923684120178
v 0.01666930690407753 0.17265205085277557 -0.09996072202920914
v 0.035501878708601 0.1760154515504837 -0.1033947765827179
v 0.03525077551603317 0.16116788983345032 -0.10579130798578262
v 0.016348082572221756 0.157936230301857 -0.10190727561712265
v 0.07409607619047165 0.20508188009262085 -0.10219793766736984
v 0.053619880229234695 0.19634899497032166 -0.10312303155660629
v 0.053042784333229065 0.21006208658218384 -0.09895903617143631
v 0.07398870587348938 0.21963465213775635 -0.0971338078379631
v 0.09227794408798218 0.19751869142055511 -0.10331917554140091
v 0.09160902351140976 0.18019689619541168 -0.10753729194402695
v 0.1492759883403778 0.05346423387527466 -0.028367487713694572
v 0.15278570353984833 0.06972432136535645 -0.02870868891477585
v 0.16109637916088104 0.09301143884658813 -0.031215310096740723
v 0.16623352468013763 0.10178643465042114 -0.03201372176408768
v 0.16728252172470093 0.10147444903850555 -0.01807352527976036
v 0.1625407487154007 0.09236453473567963 -0.016168693080544472
v 0.0824659913778305 0.27673429250717163 -0.01627923734486103
v 0.08954674005508423 0.2781071364879608 -0.03629973530769348
v 0.0808795690536499 0.2814163267612457 -0.03881610184907913
v 0.048452138900756836 0.255967378616333 -0.07943614572286606
v 0.058498315513134 0.260907381772995 -0.07518085837364197
v 0.06116257980465889 0.25532838702201843 -0.0784299448132515
v 0.04841790720820427 0.2497531622648239 -0.08283974975347519
v 0.037594087421894073 0.09409559518098831 -0.11078472435474396
v 0.039384353905916214 0.07225026190280914 -0.1065748855471611
v 0.017550066113471985 0.07321278750896454 -0.10742979496717453
v 0.01675526797771454 0.09368035197257996 -0.11110354959964752
v 0.17118774354457855 0.11243392527103424 -0.043434951454401016
v 0.16949473321437836 0.11716616898775101 -0.05200473591685295
v 0.17918817698955536 0.12645182013511658 -0.050715651363134384
v 0.18130454421043396 0.12147951126098633 -0.04354085028171539
v 0.16170762479305267 0.10886730998754501 -0.05298338457942009
v 0.16417446732521057 0.10436034202575684 -0.04342113062739372
v 0.1588229238986969 0.0955892950296402 -0.043750397861003876
v 0.15567880868911743 0.10034513473510742 -0.05492104962468147
v 0.13656967878341675 0.06530872732400894 -0.06217198818922043
v 0.1439453512430191 0.07982130348682404 -0.059292640537023544
v 0.14907458424568176 0.07430659979581833 -0.04492250457406044
v 0.1438615918159485 0.058578360825777054 -0.046379704028367996
v 0.018191007897257805 0.006039989180862904 -0.08775653690099716
v 0.017709780484437943 0.026854826137423515 -0.09672905504703522
v 0.03724728152155876 0.02600640244781971 -0.0953027680516243
v 0.03702801465988159 0.0044216588139534 -0.08878164738416672
v 0.20663055777549744 0.16752497851848602 0.0033243955112993717
v 0.22208714485168457 0.17042642831802368 -0.00042347252019681036
v 0.21941061317920685 0.17874909937381744 0.01321745291352272
v 0.20572037994861603 0.1750609129667282 0.01666243188083172
v 0.21947507560253143 0.1823202222585678 -0.06783028692007065
v 0.21829143166542053 0.18902800977230072 -0.06929836422204971
v 0.22875714302062988 0.19363851845264435 -0.07063249498605728
v 0.2296152114868164 0.18736068904399872 -0.06972645968198776
v 0.24455629289150238 0.16339705884456635 -0.0154569698497653
v 0.264786958694458 0.1619415581226349 -0.018302440643310547
v 0.2611105442047119 0.16960151493549347 -0.004597328137606382
v 0.24008554220199585 0.1705407202243805 -0.0025748135522007942
v 0.11314748227596283 0.27383336424827576 -0.03672708198428154
v 0.10558202862739563 0.27549004554748535 -0.035795483738183975
v 0.11171922832727432 0.270976722240448 -0.00995338149368763
v 0.23014512658119202 0.1554890125989914 -0.03447006270289421
v 0.22944670915603638 0.15658679604530334 -0.044648177921772
v 0.24622589349746704 0.1590307056903839 -0.04952187091112137
v 0.2471494972705841 0.15696415305137634 -0.03879397734999657
v 0.32612279057502747 0.23570048809051514 0.007569530978798866
v 0.30085715651512146 0.23624253273010254 0.008818015456199646
v 0.2882743775844574 0.1586785763502121 -0.03352260962128639
v 0.26697662472724915 0.15785126388072968 -0.03101371042430401
v 0.2673850655555725 0.15757139027118683 -0.043045565485954285
v 0.2894511818885803 0.16019976139068604 -0.046180903911590576
v 0.1242019459605217 0.012387515045702457 -0.045689161866903305
v 0.11212965846061707 0.017922354862093925 -0.06288495659828186
v 0.115555040538311 -0.08564970642328262 -0.04213932156562805
v 0.11142436414957047 -0.06830267608165741 -0.04523424059152603
v 0.12559214234352112 -0.07072541862726212 -0.02856680564582348
v 0.12954995036125183 -0.08751694858074188 -0.02508043311536312
v 0.14404088258743286 -0.10606877505779266 -0.003413520520552993
v 0.11898783594369888 -0.10318401455879211 -0.040507178753614426
v 0.13340726494789124 -0.10428982973098755 -0.023843569681048393
v 0.0646362379193306 0.2890925407409668 -0.03459601104259491
v 0.07268743962049484 0.28528523445129395 -0.03779170662164688
v 0.06244382634758949 0.2817188501358032 -0.05421873927116394
v 0.05601642280817032 0.2879120707511902 -0.04925331473350525
v 0.17923696339130402 -0.2122911661863327 -0.008793484419584274
v 0.18300023674964905 -0.2149367481470108 0.02202548272907734
v 0.1846272051334381 -0.23895186185836792 0.014806381426751614
v 0.17915679514408112 -0.2389550507068634 -0.01480083167552948
v 0.03293532878160477 0.2701479494571686 -0.07181444019079208
v 0.029672566801309586 0.2794516980648041 -0.06562524288892746
v 0.04374562203884125 0.2832123935222626 -0.05915305018424988
v 0.048841167241334915 0.2756637930870056 -0.06487756222486496
v 0.17744223773479462 -0.18720614910125732 -0.005687505938112736
v 0.18034203350543976 -0.19110579788684845 0.02343985065817833
v 0.06744806468486786 0.28416967391967773 -0.01630519889295101
v 0.07513803243637085 0.2802092134952545 -0.017016258090734482
v 0.06500425189733505 0.27753230929374695 0.0005018293159082532
v 0.0722193494439125 0.271862268447876 0.0005811199080199003
v 0.058044105768203735 0.2725391387939453 0.01520790159702301
v 0.17946946620941162 -0.22083425521850586 0.04781101271510124
v 0.1838289350271225 -0.24571116268634796 0.04411168396472931
v 0.05009857937693596 0.293814480304718 -0.04344857111573219
v 0.0392693355679512 0.2906644940376282 -0.05307523161172867
v 0.026765888556838036 0.288112074136734 -0.058593474328517914
v 0.01375561486929655 0.28678658604621887 -0.06188713386654854
v -0.0005037025548517704 0.2867235243320465 -0.06266514956951141
v -0.0006086350767873228 0.29710206389427185 -0.056177593767642975
v 0.15642613172531128 -0.12373529374599457 0.02179236151278019
v 0.15157708525657654 -0.12134024500846863 -0.0040702843107283115
v 0.12740440666675568 -0.3425450623035431 -0.08442032337188721
v 0.1294766068458557 -0.3574300706386566 -0.0736033171415329
v 0.09647242724895477 -0.35693299770355225 -0.08249685913324356
v 0.099280945956707 -0.34675779938697815 -0.09232443571090698
v 0.0272971224039793 -0.3309725821018219 -0.09847670793533325
v 0.06585261970758438 -0.3418673574924469 -0.09801071882247925
v 0.06062185764312744 -0.3521118462085724 -0.08578453212976456
v 0.024371638894081116 -0.3402054011821747 -0.08478308469057083
v 0.03473793715238571 -0.2191668003797531 -0.11107853055000305
v 0.03551412746310234 -0.19786407053470612 -0.10441748797893524
v 0.06517639756202698 -0.19790813326835632 -0.1035122498869896
v 0.0653417557477951 -0.21906223893165588 -0.11104684323072433
v 0.14090873301029205 -0.12002512812614441 -0.02585461549460888
v 0.12611399590969086 -0.11952844262123108 -0.04315070062875748
v 0.15396857261657715 -0.12733973562717438 0.04869583621621132
v 0.1833428293466568 -0.38063398003578186 0.056197430938482285
v 0.17950819432735443 -0.41702714562416077 0.052710652351379395
v 0.18422681093215942 -0.4116562008857727 0.014316673390567303
v 0.19125410914421082 -0.3759726285934448 0.015452012419700623
v 0.15223030745983124 -0.4060438275337219 -0.045484937727451324
v 0.12074040621519089 -0.4035487174987793 -0.06034593656659126
v 0.12588518857955933 -0.3787238299846649 -0.06648993492126465
v 0.15825821459293365 -0.37743210792541504 -0.05055316165089607
v 0.07671777158975601 -0.13452187180519104 0.14335034787654877
v 0.07782073318958282 -0.1547456830739975 0.14548511803150177
v 0.09729869663715363 -0.14965161681175232 0.1307937204837799
v 0.0173493605107069 -0.14448484778404236 0.16490566730499268
v 0.016483251005411148 -0.1649637371301651 0.16712141036987305
v 0.03705739229917526 -0.162207692861557 0.163644939661026
v 0.038460925221443176 -0.14116857945919037 0.16110984981060028
v 0.02569948323071003 -0.2713351249694824 0.14184178411960602
v 0.030193928629159927 -0.24910089373588562 0.14823484420776367
v 0.0134279141202569 -0.2505728602409363 0.15191034972667694
v 0.011958964169025421 -0.2712787985801697 0.14494094252586365
v 0.1691388487815857 -0.22651444375514984 0.07156067341566086
v 0.16609875857830048 -0.20617999136447906 0.07434071600437164
v 0.14876052737236023 -0.21243759989738464 0.09512906521558762
v 0.15133795142173767 -0.2323921173810959 0.09285152703523636
v 0.05516202375292778 -0.36116766929626465 -0.06724733114242554
v 0.02207496389746666 -0.3474733829498291 -0.06586561352014542
v 0.1637321263551712 -0.3830920159816742 0.09348892420530319
v 0.1617598533630371 -0.42078733444213867 0.0893111601471901
v 0.13370126485824585 -0.42452889680862427 0.11772280186414719
v 0.13643282651901245 -0.38941818475723267 0.12013427913188934
v 0.10307498276233673 -0.39158034324645996 0.13139547407627106
v 0.09980738162994385 -0.4236632287502289 0.1281324177980423
v 0.011220334097743034 -0.33547443151474 0.07819737493991852
v 0.010668149217963219 -0.3477104902267456 0.07958628982305527
v 0.02779615856707096 -0.33360734581947327 0.10268785804510117
v 0.023036744445562363 -0.3190712630748749 0.10463374108076096
v 0.030675575137138367 -0.3039398193359375 -0.11244452744722366
v 0.06404851377010345 -0.30962231755256653 -0.11266759037971497
v 0.0647628977894783 -0.3262653648853302 -0.10696283727884293
v 0.029719866812229156 -0.320202112197876 -0.10586444288492203
v 0.1082320287823677 -0.1201000064611435 -0.056592587381601334
v 0.10208112746477127 -0.1027742549777031 -0.052926912903785706
v 0.08406295627355576 -0.10265035927295685 -0.060997236520051956
v 0.08120401948690414 -0.08317646384239197 -0.06230021268129349
v 0.09922227263450623 -0.08419956266880035 -0.054635997861623764
v 0.08019188791513443 0.034312713891267776 -0.08873779326677322
v 0.08916960656642914 0.052114199846982956 -0.09248360991477966
v 0.10588894784450531 0.04143952578306198 -0.07986967265605927
v 0.09787891805171967 0.02531900815665722 -0.07710673660039902
v 0.0540226474404335 0.1818353831768036 -0.10662128776311874
v 0.05453396961092949 0.16639915108680725 -0.10945688933134079
v 0.08333928883075714 -0.39390626549720764 -0.06635097414255142
v 0.08649822324514389 -0.425491064786911 -0.05910944566130638
v 0.050959017127752304 -0.4173266291618347 -0.05388952046632767
v 0.041190005838871 -0.3770066499710083 -0.05636231601238251
v 0.14642798900604248 -0.43550562858581543 -0.04183254390954971
v 0.17519068717956543 -0.4072045087814331 -0.020700866356492043
v 0.1670667827129364 -0.4389539957046509 -0.019540421664714813
v 0.1734234094619751 -0.45019280910491943 0.05078054964542389
v 0.1770814210176468 -0.44470855593681335 0.013406542129814625
v 0.12912213802337646 -0.45715442299842834 0.11402250826358795
v 0.09562525898218155 -0.4548487365245819 0.12286707758903503
v 0.01569773629307747 -0.4172811806201935 0.08706475794315338
v 0.014872013591229916 -0.4407919645309448 0.07695002108812332
v 0.034038394689559937 -0.44605472683906555 0.09938269108533859
v 0.03673715889453888 -0.4205290377140045 0.10806144773960114
v 0.06542885303497314 -0.27133914828300476 0.12523284554481506
v 0.07472739368677139 -0.2942030131816864 0.12432225048542023
v 0.10366120934486389 -0.2760981023311615 0.11991818994283676
v 0.10109900683164597 -0.254427045583725 0.11858687549829483
v 0.03943297266960144 -0.11953481286764145 0.15729071199893951
v 0.022376898676156998 -0.12336955964565277 0.16094566881656647
v 0.07560627907514572 -0.1142234057188034 0.13910634815692902
v 0.05690234154462814 -0.11657524853944778 0.15039268136024475
v 0.05719907581806183 -0.1380709707736969 0.15439055860042572
v 0.04464717581868172 -0.0322510302066803 0.14176464080810547
v 0.042077772319316864 -0.05215524882078171 0.14633838832378387
v 0.06176324933767319 -0.052524302154779434 0.13681963086128235
v 0.06486142426729202 -0.03309505432844162 0.13222365081310272
v 0.06813157349824905 -0.013016697950661182 0.12813986837863922
v 0.047422464936971664 -0.011914882808923721 0.13723427057266235
v 0.04823991283774376 0.0251630712300539 0.1234724223613739
v 0.06809665262699127 0.0207816269248724 0.11794891953468323
v 0.07006701081991196 0.034557171165943146 0.12508481740951538
v 0.0329870879650116 0.1693863421678543 0.09166736155748367
v 0.03258969634771347 0.15455850958824158 0.10221228003501892
v 0.17483405768871307 -0.24960428476333618 0.07025250047445297
v 0.013102240860462189 -0.3837243914604187 -0.029231557622551918
v 0.021811744198203087 -0.41635605692863464 -0.034965358674526215
v 0.0068382699973881245 -0.421548992395401 -0.006618510000407696
v 0.0036183439660817385 -0.3948756754398346 0.001456787227652967
v 0.17587311565876007 -0.19876627624034882 0.050208400934934616
v 0.14107853174209595 -0.11668024957180023 0.07160398364067078
v 0.14571206271648407 -0.13261903822422028 0.07362358272075653
v 0.13978946208953857 0.02752428874373436 0.05220634117722511
v 0.1357240080833435 0.008192089386284351 0.04554117098450661
v 0.08493798226118088 0.0798807367682457 0.14636214077472687
v 0.08286718279123306 0.09156801551580429 0.14457762241363525
v 0.1824585348367691 -0.374298095703125 -0.022891977801918983
v 0.12398108839988708 -0.48727619647979736 0.1083943322300911
v 0.0910055860877037 -0.4854915142059326 0.1157851368188858
v 0.08583587408065796 -0.5147978663444519 0.10773427039384842
v 0.11816948652267456 -0.5164642930030823 0.10210712999105453
v 0.00751841627061367 -0.46199920773506165 0.04006115719676018
v 0.011081225238740444 -0.49090585112571716 0.029666801914572716
v 0.017120789736509323 -0.49504777789115906 0.0549791045486927
v 0.01535333413630724 -0.46718260645866394 0.0660334974527359
v 0.015132398344576359 -0.5198161602020264 0.02124691754579544
v 0.017502551898360252 -0.547825038433075 0.012445180676877499
v 0.020105378702282906 -0.553125262260437 0.03603047877550125
v 0.019444311037659645 -0.5244170427322388 0.04678630083799362
v 0.15654239058494568 -0.4561287462711334 0.08704295009374619
v 0.15902073681354523 -0.5106028914451599 0.04811105504631996
v 0.1656527817249298 -0.4815024435520172 0.05005711317062378
v 0.15002916753292084 -0.4862695634365082 0.08377018570899963
v 0.14421464502811432 -0.5154609084129333 0.07951857894659042
v 0.11860786378383636 -0.4327268898487091 -0.05433192849159241
v 0.0038169852923601866 -0.412870317697525 0.062462180852890015
v 0.004793768748641014 -0.4350297451019287 0.05152178555727005
v 0.021351797506213188 -0.48533105850219727 -0.018735161051154137
v 0.013844722881913185 -0.4536198675632477 -0.01310860738158226
v 0.031018521636724472 -0.4519476890563965 -0.03745356574654579
v 0.038201525807380676 -0.484032541513443 -0.04027223587036133
v 0.14168034493923187 -0.492337703704834 -0.03767130523920059
v 0.14381419122219086 -0.4644751250743866 -0.03867621347308159
v 0.1624382585287094 -0.468946248292923 -0.01615864969789982
v 0.15836495161056519 -0.4972460865974426 -0.014863213524222374
v 0.16997851431369781 -0.4750143885612488 0.015355203300714493
v 0.16357198357582092 -0.5038594603538513 0.015006914734840393
v 0.1475130319595337 -0.5662518739700317 0.04417378082871437
v 0.15277300775051117 -0.5387065410614014 0.04596251994371414
v 0.1378360092639923 -0.54350346326828 0.07559417188167572
v 0.13154864311218262 -0.5706581473350525 0.07135046273469925
v 0.15410403907299042 -0.5590203404426575 0.01285827998071909
v 0.1585075408220291 -0.5315902829170227 0.01372396107763052
v 0.15139487385749817 -0.5520051717758179 -0.01439566258341074
v 0.15513910353183746 -0.524895191192627 -0.01486225426197052
v 0.13786572217941284 -0.5462080836296082 -0.03530154004693031
v 0.14036861062049866 -0.5192840695381165 -0.03700100630521774
v 0.11894745379686356 -0.5422665476799011 -0.04983188956975937
v 0.11906827241182327 -0.515864908695221 -0.05143832787871361
v 0.09332223236560822 -0.5133616924285889 -0.057286083698272705
v 0.09616651386022568 -0.5400722026824951 -0.0555928498506546
v 0.07228906452655792 -0.5390844345092773 -0.05388292297720909
v 0.0678180381655693 -0.5121545791625977 -0.0540936253964901
v 0.033006299287080765 -0.5417433977127075 -0.029912209138274193
v 0.02778756432235241 -0.5145093202590942 -0.02428208291530609
v 0.04436469078063965 -0.5128442049026489 -0.04328057914972305
v 0.05003407225012779 -0.5398995876312256 -0.045686569064855576
v 0.05156479775905609 -0.6476051211357117 -0.04854227602481842
v 0.045475855469703674 -0.6194069981575012 -0.04638984426856041
v 0.06500512361526489 -0.6175373792648315 -0.05169070512056351
v 0.07036018371582031 -0.6452757120132446 -0.05140480026602745
v 0.08769381791353226 -0.6431595087051392 -0.05512238293886185
v 0.0839642733335495 -0.6165865063667297 -0.05231107026338577
v 0.10192040354013443 -0.616037130355835 -0.05302432179450989
v 0.10629957914352417 -0.6423963308334351 -0.05561880022287369
v 0.13249756395816803 -0.6220110654830933 -0.03159794956445694
v 0.1349392980337143 -0.6478833556175232 -0.033412858843803406
v 0.12275785952806473 -0.6436215043067932 -0.048856932669878006
v 0.11939093470573425 -0.6176013350486755 -0.046821437776088715
v 0.14619271457195282 -0.6282700300216675 -0.013254006393253803
v 0.14617027342319489 -0.65334153175354 -0.014291012659668922
v 0.1471777856349945 -0.6352697014808655 0.010889061726629734
v 0.14414039254188538 -0.659907877445221 0.009340922348201275
v 0.13244813680648804 -0.6413083672523499 0.035648997873067856
v 0.12919315695762634 -0.6651195883750916 0.032718200236558914
v 0.021756727248430252 -0.6326572895050049 0.004961012396961451
v 0.020881954580545425 -0.6272517442703247 -0.014932314865291119
v 0.026462147012352943 -0.6544039249420166 -0.021916698664426804
v 0.0254189595580101 -0.6597580313682556 -0.0014564167940989137
v 0.04741106554865837 -0.6425090432167053 0.04612227901816368
v 0.050392698496580124 -0.6680299043655396 0.03466610237956047
v 0.06504175066947937 -0.6689383387565613 0.05559587478637695
v 0.06524989753961563 -0.6446400880813599 0.0662776455283165
v 0.1427137553691864 -0.5922385454177856 0.04239816591143608
v 0.15010897815227509 -0.5850390195846558 0.012179913930594921
v 0.14780651032924652 -0.5778789520263672 -0.013868221081793308
v 0.13463294506072998 -0.5718422532081604 -0.03322777524590492
v 0.03700311481952667 -0.5674564838409424 -0.035882577300071716
v 0.055109504610300064 -0.5653732419013977 -0.048085764050483704
v 0.020413151010870934 -0.5804458260536194 0.025757331401109695
v 0.01846999302506447 -0.5747942924499512 0.00346095091663301
v 0.09485223889350891 -0.6220543384552002 0.07810013741254807
v 0.11979178339242935 -0.621316134929657 0.0638604611158371
v 0.1254672259092331 -0.5964478850364685 0.06750603020191193
v 0.09938304871320724 -0.5968264937400818 0.08192984014749527
v 0.14854846894741058 -0.6102725267410278 0.011539832688868046
v 0.14591002464294434 -0.6030246019363403 -0.013442616909742355
v 0.1328841894865036 -0.5969582200050354 -0.03175673633813858
v 0.10000608116388321 -0.5909882187843323 -0.052055273205041885
v 0.11848363280296326 -0.5928253531455994 -0.04626775532960892
v 0.08042211830615997 -0.5905353426933289 -0.051988981664180756
v 0.04116901755332947 -0.5929211974143982 -0.04177545756101608
v 0.05997869744896889 -0.5909075736999512 -0.05040023848414421
v 0.021627210080623627 -0.6071103811264038 0.015174606814980507
v 0.01965557225048542 -0.601086437702179 -0.005874435883015394
v 0.08989201486110687 -0.6692206859588623 0.06295987218618393
v 0.11418119817972183 -0.6680435538291931 0.053179387003183365
v 0.1155356615781784 -0.6449616551399231 0.05808323994278908
v 0.09149616956710815 -0.6468148231506348 0.07285664230585098
v 0.08969218283891678 -0.6904711723327637 0.051911331713199615
v 0.06782354414463043 -0.6908664107322693 0.04483918473124504
v 0.10954394936561584 -0.6693699955940247 -0.05786940082907677
v 0.09241035580635071 -0.6702442169189453 -0.058325983583927155
v 0.1254669576883316 -0.6705527901649475 -0.05079881101846695
v 0.1410522311925888 -0.6852057576179504 0.008792022243142128
v 0.1471041738986969 -0.6781890988349915 -0.016768626868724823
v 0.1271246373653412 -0.6904709935188293 0.031771499663591385
v 0.11101529747247696 -0.689620316028595 0.047224920243024826
v 0.04015496000647545 -0.7093386650085449 -0.028548624366521835
v 0.0384889580309391 -0.7126048803329468 -0.010637840256094933
v 0.03180743381381035 -0.6845161318778992 -0.006982768420130014
v 0.03431789204478264 -0.6813063621520996 -0.02468291111290455
v 0.06091061979532242 -0.7035341858863831 -0.055583130568265915
v 0.05857893452048302 -0.6753751635551453 -0.046742912381887436
v 0.07545632869005203 -0.672892689704895 -0.05199500918388367
v 0.07729975879192352 -0.7000709176063538 -0.06480094790458679
v 0.11466655135154724 -0.6971079111099243 -0.06610828638076782
v 0.09592534601688385 -0.6974671483039856 -0.0688820481300354
v 0.13171693682670593 -0.697118878364563 -0.058206211775541306
v 0.14777159690856934 -0.7054506540298462 -0.018600771203637123
v 0.14564047753810883 -0.6997263431549072 -0.0421777218580246
v 0.13956448435783386 -0.6730559468269348 -0.03729744628071785
v 0.1408122330904007 -0.7121367454528809 0.01023618970066309
v 0.12043657153844833 -0.7471258044242859 0.0280858613550663
v 0.14301571249961853 -0.7408888936042786 0.010116348043084145
v 0.1187806949019432 -0.7178375124931335 0.03071759082376957
v 0.09763994067907333 -0.8428938984870911 0.015221250243484974
v 0.09810586273670197 -0.876562237739563 0.010064402595162392
v 0.11981678009033203 -0.873583197593689 0.009634111076593399
v 0.12222371250391006 -0.8401902914047241 0.015186342410743237
v 0.04132229462265968 -0.7391014695167542 -0.03546958416700363
v 0.04165106266736984 -0.7413826584815979 -0.014924013055860996
v 0.07910715788602829 -0.7294139862060547 -0.07595305889844894
v 0.06058351323008537 -0.73321932554245 -0.06631134450435638
v 0.15484383702278137 -0.7640853524208069 -0.023896053433418274
v 0.15241025388240814 -0.7593554258346558 -0.04999469593167305
v 0.14971521496772766 -0.7287019491195679 -0.04540850967168808
v 0.15150077641010284 -0.7340531945228577 -0.01951109804213047
v 0.04330951347947121 -0.8361721634864807 -0.028023406863212585
v 0.04070135951042175 -0.8038643002510071 -0.0246148519217968
v 0.04085841774940491 -0.8019232749938965 -0.046267371624708176
v 0.043645359575748444 -0.8346742391586304 -0.04809040203690529
v 0.07777342200279236 -0.761070191860199 -0.08380301296710968
v 0.07823807746171951 -0.7939371466636658 -0.08799735456705093
v 0.06039002537727356 -0.7969841957092285 -0.07789741456508636
v 0.05931057408452034 -0.7647270560264587 -0.07340909540653229
v 0.15209931135177612 -0.8311296105384827 -0.029075678437948227
v 0.15114760398864746 -0.8281815648078918 -0.05318018049001694
v 0.15349401533603668 -0.792513370513916 -0.052672386169433594
v 0.15498870611190796 -0.7964030504226685 -0.02699548378586769
v 0.12268730252981186 -0.7762506008148193 0.02489388734102249
v 0.12436159700155258 -0.8075332641601562 0.020018350332975388
v 0.14580599963665009 -0.8016377091407776 0.0011340464698150754
v 0.14594386518001556 -0.7704393863677979 0.0056379204615950584
v 0.09578616172075272 -0.7788377404212952 0.025172485038638115
v 0.09781265258789062 -0.8097735643386841 0.020465346053242683
v 0.05681741610169411 -0.9049195647239685 -0.04772390052676201
v 0.056563910096883774 -0.908484935760498 -0.0311861801892519
v 0.0495934821665287 -0.8717666864395142 -0.029765674844384193
v 0.04984426498413086 -0.8690652847290039 -0.048184916377067566
v 0.08058227598667145 -0.828131914138794 -0.08789090067148209
v 0.0835280492901802 -0.864037275314331 -0.08372317999601364
v 0.0673818290233612 -0.8657143115997314 -0.0753195732831955
v 0.06282861530780792 -0.8306177854537964 -0.078490249812603
v 0.1418902724981308 -0.9052048921585083 -0.03251032531261444
v 0.13987666368484497 -0.9030755162239075 -0.05294317379593849
v 0.14620016515254974 -0.8655534386634827 -0.05299156531691551
v 0.14745040237903595 -0.8675287961959839 -0.031216831877827644
v 0.11781372874975204 -0.9098279476165771 0.003734433092176914
v 0.135836660861969 -0.90749192237854 -0.010371624492108822
v 0.1397876888513565 -0.8702014088630676 -0.00580435199663043
v 0.09776242822408676 -0.9121429920196533 0.004833719693124294
v 0.09716900438070297 -0.947650134563446 0.0013844422064721584
v 0.11428701132535934 -0.945753276348114 0.0009130947291851044
v 0.06207995489239693 -0.9400320053100586 -0.04683103412389755
v 0.06340395659208298 -0.9425802826881409 -0.031856074929237366
v 0.07336069643497467 -0.9366862773895264 -0.06810401380062103
v 0.07170163840055466 -0.9017077088356018 -0.07131362706422806
v 0.08563925325870514 -0.8995047211647034 -0.07896629720926285
v 0.08611590415239334 -0.934287965297699 -0.07561691105365753
v 0.11928123980760574 -0.9015896320343018 -0.07709607481956482
v 0.11671584844589233 -0.9359338283538818 -0.0730099007487297
v 0.10171951353549957 -0.9340841174125671 -0.07740215957164764
v 0.10279335081577301 -0.8997671604156494 -0.08110856264829636
v 0.13265684247016907 -0.9373250603675842 -0.051518309861421585
v 0.12623648345470428 -0.9365082383155823 -0.06464003026485443
v 0.13209553062915802 -0.901975154876709 -0.0677865669131279
v 0.13632869720458984 -0.9391897320747375 -0.03284752368927002
v 0.13095156848430634 -0.9427953362464905 -0.01182039175182581
v 0.0027082960586994886 -0.3582940101623535 -0.006199975498020649
v 0.009477047249674797 -0.3639020025730133 -0.017536833882331848
v 0.0018316585337743163 -0.3783644139766693 0.012791093438863754
v -0.0006843501469120383 -0.37023860216140747 0.02457495592534542
v 0.03270937129855156 -0.5029467940330505 0.08003821223974228
v 0.03354548662900925 -0.4733855128288269 0.09014008939266205
v 0.031412091106176376 -0.559442400932312 0.05925985053181648
v 0.032840095460414886 -0.5320813059806824 0.07088107615709305
v 0.03138202801346779 -0.586546003818512 0.04783037304878235
v 0.03215895593166351 -0.6395692825317383 0.025733835995197296
v 0.03205731138586998 -0.6131397485733032 0.03646646440029144
v 0.03462610021233559 -0.6649584174156189 0.01593056134879589
v 0.04066988453269005 -0.6900851726531982 0.01088324747979641
v 0.046057891100645065 -0.7171725630760193 0.008735494688153267
v 0.051940664649009705 -0.7735126614570618 0.0012857925612479448
v 0.0505465567111969 -0.7443442344665527 0.005150843411684036
v 0.04122058302164078 -0.7720944881439209 -0.020060263574123383
v 0.05452018231153488 -0.8386789560317993 -0.0064040361903607845
v 0.05251235142350197 -0.8051411509513855 -0.002557288156822324
v 0.06486508995294571 -0.9116021990776062 -0.014660565182566643
v 0.05913734436035156 -0.8749424815177917 -0.010585645213723183
v 0.07132429629564285 -0.9453920125961304 -0.017028221860527992
v 0.07332203537225723 -0.3662743866443634 0.12987083196640015
v 0.0767783597111702 -0.3407973647117615 0.12925422191619873
v 0.04857083037495613 -0.35369446873664856 0.12140776216983795
v 0.04435861110687256 -0.373801052570343 0.11936970055103302
v 0.002547383774071932 -0.34614887833595276 0.04696240276098251
v 0.0008120003039948642 -0.3521314859390259 0.04600900411605835
v 0.004257657565176487 -0.3519867956638336 0.06140602380037308
v 0.005552074871957302 -0.34380048513412476 0.0607478953897953
v 0.13836754858493805 -0.617301881313324 0.03989950567483902
v 0.11813527345657349 -0.5677019357681274 -0.04738541319966316
v 0.07636643201112747 -0.5648470520973206 -0.05264533311128616
v 0.09807144105434418 -0.5656304955482483 -0.05315237492322922
v 0.045915912836790085 -0.618044912815094 0.05818916857242584
v 0.06732044368982315 -0.620409369468689 0.07443012297153473
v 0.07092621922492981 -0.5951302647590637 0.08157961815595627
v 0.047931354492902756 -0.5919843912124634 0.06806474179029465
v 0.09294087439775467 -0.7521693110466003 0.028560874983668327
v 0.06874486804008484 -0.7489385604858398 0.0207576435059309
v 0.07160104811191559 -0.7771750688552856 0.01622050441801548
v 0.09194332361221313 -0.7276789546012878 0.03310884162783623
v 0.137811541557312 -0.7256066799163818 -0.06481605023145676
v 0.12025966495275497 -0.7253357768058777 -0.07525089383125305
v 0.10026086121797562 -0.7575459480285645 -0.08704971522092819
v 0.09983054548501968 -0.7266096472740173 -0.0786839947104454
v 0.12256769090890884 -0.7558226585388184 -0.08335227519273758
v 0.053725842386484146 -0.5395010709762573 0.08961024880409241
v 0.05034499242901802 -0.565599262714386 0.07930167764425278
v 0.07583420723676682 -0.5694116950035095 0.09027253836393356
v 0.08071617037057877 -0.542835533618927 0.09917221963405609
v 0.10704059153795242 -0.05046207457780838 -0.04845058172941208
v 0.12081651389598846 -0.05356113612651825 -0.03261125832796097
v 0.1391066014766693 0.05276988446712494 0.093242347240448
v 0.12990975379943848 0.04518367350101471 0.10248950868844986
v 0.12818169593811035 0.03351016715168953 0.08775734156370163
v 0.13919806480407715 0.04087582975625992 0.07581019401550293
v 0.14705048501491547 0.051691822707653046 0.06739721447229385
v 0.14571203291416168 0.06309095025062561 0.08513274043798447
v 0.1518356204032898 0.06427204608917236 0.05995020270347595
v 0.1501438021659851 0.07556380331516266 0.0770031064748764
v 0.16530609130859375 0.12799175083637238 0.0287332683801651
v 0.17339932918548584 0.139252707362175 0.023371051996946335
v 0.026279721409082413 0.024956226348876953 0.1281660944223404
v 0.026427779346704483 0.007583740632981062 0.13578641414642334
v 0.048853520303964615 0.00720969820395112 0.13142988085746765
v 0.057363513857126236 -0.15888270735740662 0.156813383102417
v 0.0731898844242096 -0.2427440732717514 0.13361160457134247
v 0.04983352869749069 -0.24663323163986206 0.14183774590492249
v 0.042564697563648224 -0.2717149555683136 0.1355932354927063
v 0.008823612704873085 -0.3228703737258911 0.10208646953105927
v 0.001769980532117188 -0.3314327299594879 0.08478254824876785
v 0.0012472188100218773 -0.3409731984138489 0.061997730284929276
v 0.0010986357228830457 -0.3439333438873291 0.04629925265908241
v 0.055944520980119705 0.0007726140320301056 -0.08559810370206833
v 0.056777406483888626 0.022161975502967834 -0.09119889885187149
v 0.01666879653930664 0.18615807592868805 -0.09730514138936996
v 0.035023778676986694 0.18979625403881073 -0.10050370544195175
v 0.03355909511446953 0.21508529782295227 -0.0941772609949112
v 0.016473248600959778 0.2110503762960434 -0.09254652261734009
v 0.015982400625944138 0.2222287803888321 -0.09000653773546219
v 0.032186537981033325 0.22623038291931152 -0.09087596088647842
v 0.015219391323626041 0.2768228352069855 -0.0690733790397644
v 0.016423534601926804 0.26667872071266174 -0.07485384494066238
v -0.0008534902590326965 -0.34971845149993896 0.02905825525522232
v -0.0013796929270029068 -0.3525077700614929 0.020213725045323372
v -0.0005843428079970181 -0.35784000158309937 0.042538292706012726
v 0.017581893131136894 -0.3967554569244385 0.09563899785280228
v 0.02068878524005413 -0.3793122172355652 0.10170679539442062
v 0.0059122079983353615 -0.38099101185798645 0.07878530025482178
v 0.0043382663279771805 -0.39518579840660095 0.07199099659919739
v 0.1951112300157547 -0.3386378586292267 0.020648624747991562
v 0.18582512438297272 -0.3436039388179779 0.060382261872291565
v 0.09089666604995728 -0.37276747822761536 -0.07143215835094452
v 0.3364740014076233 0.16754120588302612 -0.0487157478928566
v 0.31236281991004944 0.16355545818805695 -0.04792758449912071
v 0.31395596265792847 0.17119775712490082 -0.05933590233325958
v 0.33787474036216736 0.17562654614448547 -0.059334646910429
v 0.060809485614299774 0.09508752822875977 -0.10995257645845413
v 0.06741587817668915 0.06926246732473373 -0.10291581600904465
v 0.07852457463741302 0.2659256160259247 0.002745608566328883
v 0.13127319514751434 0.2719404697418213 -0.004623857326805592
v 0.1207410916686058 0.27109622955322266 -0.008074184879660606
v 0.1218109279870987 0.25985246896743774 0.01528262160718441
v 0.13092263042926788 0.26116278767585754 0.01869727112352848
v 0.13691765069961548 0.23049768805503845 -0.07581518590450287
v 0.12566150724887848 0.22765229642391205 -0.08248364925384521
v 0.12481263279914856 0.2441246658563614 -0.07192926108837128
v 0.13531780242919922 0.24577637016773224 -0.06581684947013855
v 0.06412827223539352 -0.24245315790176392 -0.11656303703784943
v 0.033365629613399506 -0.24198655784130096 -0.1158544048666954
v 0.039137743413448334 -0.058802202343940735 -0.07156075537204742
v 0.03741176798939705 -0.03863263875246048 -0.07703622430562973
v 0.056429702788591385 -0.04181680828332901 -0.07540541142225266
v 0.058908239006996155 -0.061661411076784134 -0.07038123160600662
v 0.09014249593019485 0.08253629505634308 -0.10142853856086731
v 0.10326556861400604 0.06750905513763428 -0.09158550947904587
v 0.03532043471932411 0.09181401133537292 0.14002756774425507
v 0.05138266459107399 0.09741511940956116 0.14171458780765533
v 0.04993452876806259 0.11425115913152695 0.1331249326467514
v 0.03318047150969505 0.11028354614973068 0.1327432096004486
v 0.2811136543750763 0.19314146041870117 -0.07145971804857254
v 0.288812518119812 0.1784375011920929 -0.06698720157146454
v 0.2656995952129364 0.17236973345279694 -0.06395833194255829
v 0.2598719298839569 0.18099968135356903 -0.06881816685199738
v 0.16088548302650452 -0.3506608307361603 -0.05760154128074646
v 0.18667058646678925 -0.33295756578445435 -0.025812635198235512
v 0.13198146224021912 -0.023114679381251335 -0.022828182205557823
v 0.13052715361118317 -0.04025431349873543 -0.017630422487854958
v 0.11877289414405823 -0.036689069122076035 -0.037659186869859695
v 0.12080204486846924 -0.019984325394034386 -0.04359545558691025
v 0.13838094472885132 0.02377747744321823 -0.02604513056576252
v 0.13378334045410156 0.009414241649210453 -0.025787387043237686
v 0.14484407007694244 0.037865012884140015 -0.027549829334020615
v 0.20167458057403564 0.1447528451681137 -0.03867043927311897
v 0.19239433109760284 0.13347068428993225 -0.03583917394280434
v 0.1910393387079239 0.13590942323207855 -0.044158514589071274
v 0.040351107716560364 -0.39600810408592224 0.11462881416082382
v 0.049812350422143936 -0.314867228269577 0.11887291818857193
v 0.04290777072310448 -0.3001534938812256 0.12037970125675201
v 0.00046932484838180244 -0.34435543417930603 0.03273671865463257
v 0.0008510312181897461 -0.34357261657714844 0.033518191426992416
v 0.05344902351498604 0.282033234834671 0.016746867448091507
v 0.058393314480781555 0.2851831316947937 0.0019533270969986916
v 0.2471412718296051 0.1583367884159088 -0.027459148317575455
v 0.22911874949932098 0.15779028832912445 -0.023536374792456627
v 0.17357876896858215 0.11029631644487381 -0.01991690695285797
v 0.18298348784446716 0.12063421308994293 -0.022112064063549042
v 0.18084856867790222 0.12435348331928253 -0.00810787919908762
v 0.1721985787153244 0.11353761702775955 -0.004503872245550156
v 0.1732073426246643 0.10985128581523895 -0.03285872936248779
v 0.18296998739242554 0.11959562450647354 -0.03395391255617142
v 0.13217094540596008 0.17901532351970673 0.06426400691270828
v 0.1328480839729309 0.1966150552034378 0.05561961606144905
v 0.12246844917535782 0.1992226243019104 0.05755254253745079
v 0.1220153272151947 0.18165108561515808 0.06778299808502197
v 0.11106342077255249 0.1811085343360901 0.07151871174573898
v 0.1117812991142273 0.19953316450119019 0.05978815257549286
v 0.09898926317691803 0.19810053706169128 0.06295706331729889
v 0.097905233502388 0.18036779761314392 0.07586512714624405
v 0.07523014396429062 0.24852512776851654 0.02599024586379528
v 0.06048744171857834 0.24032315611839294 0.04030221328139305
v 0.04406353458762169 0.23417943716049194 0.049640994518995285
v 0.029034627601504326 0.2302505224943161 0.05601706728339195
v 0.01670846715569496 0.25544294714927673 -0.07980383932590485
v 0.03697434812784195 0.25906819105148315 -0.07848825305700302
v 0.032667454332113266 0.24705791473388672 -0.08398374170064926
v 0.015822332352399826 0.24383684992790222 -0.08378957211971283
v 0.0009087087237276137 0.24225200712680817 -0.0831790342926979
v 0.0005354770692065358 0.2531782388687134 -0.07956193387508392
v 0.04730707406997681 0.2688283622264862 0.027044108137488365
v 0.035002559423446655 0.26464128494262695 0.03741325065493584
v 0.024716366082429886 0.2503065764904022 0.04492335766553879
v 0.3273382782936096 0.24611206352710724 -0.005119465757161379
v 0.3026695251464844 0.246961772441864 -0.004706828389316797
v 0.05701949819922447 0.29421693086624146 -0.029796557500958443
v 0.05968478322029114 0.29022008180618286 -0.013644427992403507
v 0.32843276858329773 0.2504968047142029 -0.021520745009183884
v 0.30363139510154724 0.25145137310028076 -0.02154625579714775
v 0.11370279639959335 0.23867323994636536 0.03296641632914543
v 0.12326237559318542 0.24057793617248535 0.03241494297981262
v 0.11233223229646683 0.25806376338005066 0.014086117036640644
v 0.04456756263971329 0.2790714502334595 0.029514487832784653
v 0.03340804576873779 0.27539685368537903 0.03990771248936653
v 0.19361738860607147 -0.3018292784690857 0.029150426387786865
v 0.18345209956169128 -0.30631783604621887 0.06408541649580002
v 0.14055408537387848 -0.06315109878778458 0.03518592193722725
v 0.13599218428134918 -0.06629633903503418 0.05876004323363304
v 0.001649030135013163 -0.032469067722558975 0.14728854596614838
v 0.00030535031692124903 -0.052233628928661346 0.151748389005661
v 0.021245542913675308 -0.05233665555715561 0.15101194381713867
v 0.02340691350400448 -0.0320109948515892 0.14651767909526825
v 0.0034112620633095503 0.023787787184119225 0.1288548707962036
v 0.003088883589953184 0.005998380482196808 0.13604281842708588
v 0.011188452132046223 0.280029833316803 0.050773151218891144
v 0.03885782137513161 -0.09604942053556442 0.15325285494327545
v 0.040038980543613434 -0.07310932129621506 0.1502184420824051
v 0.01951189897954464 -0.07440269738435745 0.1540992259979248
v 0.017887428402900696 -0.100347138941288 0.15662631392478943
v 0.00864974781870842 -0.12537622451782227 0.16280941665172577
v 0.007040966302156448 -0.1370677947998047 0.1646052449941635
v 0.02137298695743084 -0.28872519731521606 0.13452602922916412
v 0.01082600373774767 -0.2880523204803467 0.13684029877185822
v 0.23927389085292816 0.22450710833072662 0.0253263171762228
v 0.23856864869594574 0.24232807755470276 0.017749130725860596
v 0.2221505045890808 0.24314531683921814 0.022255783900618553
v 0.22357910871505737 0.22429518401622772 0.02903350256383419
v 0.07636267691850662 -0.09280559420585632 0.13345356285572052
v 0.05770443007349968 -0.09379090368747711 0.14573787152767181
v 0.1566157191991806 0.12552334368228912 0.048625584691762924
v 0.1594419777393341 0.11653395742177963 0.03358638286590576
v 0.02591114491224289 0.04316715523600578 0.13065844774246216
v 0.06683126091957092 0.10260695964097977 0.14125214517116547
v 0.06574507802724838 0.11749620735645294 0.13206635415554047
v 0.0816567987203598 0.1059902235865593 0.13838747143745422
v 0.08090957999229431 0.11993708461523056 0.12898945808410645
v 0.0004044374218210578 -0.33902567625045776 0.01838834397494793
v -0.0003074123233091086 -0.3474213778972626 0.026495568454265594
v 0.22239792346954346 0.22948451340198517 -0.06529533118009567
v 0.22478218376636505 0.2207898199558258 -0.06830400973558426
v 0.21321655809879303 0.2164081186056137 -0.06848897784948349
v 0.21091152727603912 0.2264958918094635 -0.06596437096595764
v 0.0006476372363977134 -0.4058306813240051 0.0335538387298584
v 0.00012478041753638536 -0.38985469937324524 0.043784599751234055
v 0.0176259595900774 -0.34940487146377563 -0.043881192803382874
v 0.0040852660313248634 -0.3458540439605713 -0.029909372329711914
v 0.000272582343313843 -0.342255175113678 -0.03151722252368927
v 0.0008543006260879338 -0.33446118235588074 -0.045231614261865616
v 0.06220797449350357 -0.4518853425979614 0.11623304337263107
v 0.0663875937461853 -0.42213016748428345 0.12333767861127853
v 0.059323638677597046 -0.48163098096847534 0.10794766992330551
v 0.05626152083277702 -0.5113337635993958 0.09911374747753143
v 0.05497622862458229 -0.6925214529037476 0.026794524863362312
v 0.06533069163560867 -0.7197540402412415 0.026478784158825874
v 0.07380320876836777 -0.8082108497619629 0.011293843388557434
v 0.07550610601902008 -0.841354250907898 0.00624319352209568
v 0.07750238478183746 -0.8767780065536499 0.0012580391485244036
v 0.08278318494558334 -0.9475374817848206 -0.006136443465948105
v 0.07988949865102768 -0.9133362174034119 -0.003084012074396014
v 0.33027881383895874 0.24791909754276276 -0.03751082345843315
v 0.3331262171268463 0.24062587320804596 -0.05095400661230087
v 0.307146281003952 0.24006980657577515 -0.05328188091516495
v 0.30364862084388733 0.2484782189130783 -0.03913995251059532
v 0.28641295433044434 0.1619507223367691 -0.020042503252625465
v 0.3085157871246338 0.1628786027431488 -0.021436333656311035
v 0.3067097067832947 0.1692706197500229 -0.007722770795226097
v 0.2837798297405243 0.16916696727275848 -0.006240224465727806
v 0.33165204524993896 0.16384226083755493 -0.022938938811421394
v 0.31026890873908997 0.160566508769989 -0.03511601686477661
v 0.33400988578796387 0.1634472757577896 -0.036455124616622925
v 0.33788061141967773 0.1875629723072052 -0.06707534939050674
v 0.31396836042404175 0.1830657571554184 -0.06746670603752136
v 0.3111841678619385 0.1982363611459732 -0.0711553767323494
v 0.3368360698223114 0.20211161673069 -0.06997308880090714
v 0.33508792519569397 0.2295202612876892 -0.061097610741853714
v 0.3364565372467041 0.21630693972110748 -0.067743681371212
v 0.3110785186290741 0.21423879265785217 -0.06923364847898483
v 0.3102554380893707 0.22850953042507172 -0.06289159506559372
v 0.3279249668121338 0.19024522602558136 0.011890292167663574
v 0.30333057045936584 0.19096899032592773 0.01339650060981512
v 0.3048183023929596 0.17898280918598175 0.004374050535261631
v 0.3289240598678589 0.17794890701770782 0.0033064214512705803
v 0.23833541572093964 0.2559853196144104 0.0034679125528782606
v 0.22150683403015137 0.2584446668624878 0.007845932617783546
v 0.18017756938934326 0.16052937507629395 0.03007972612977028
v 0.19160716235637665 0.16948916018009186 0.021722519770264626
v 0.19375795125961304 0.1816975176334381 0.03390166535973549
v 0.18048104643821716 0.17535652220249176 0.04009171947836876
v 0.27703630924224854 0.23750616610050201 0.011490513570606709
v 0.27906325459480286 0.24945169687271118 -0.0031266554724425077
v 0.2569994628429413 0.25276774168014526 -0.00015900035214144737
v 0.2563546895980835 0.23998387157917023 0.014690842479467392
v 0.27924320101737976 0.19101257622241974 0.015678465366363525
v 0.2563280463218689 0.19051600992679596 0.01894618198275566
v 0.25796663761138916 0.1791832447052002 0.008602780289947987
v 0.2810765504837036 0.1793818175792694 0.006208490580320358
v 0.26703646779060364 0.16231495141983032 -0.05424433946609497
v 0.29003971815109253 0.16675859689712524 -0.057837165892124176
v 0.22380925714969635 0.20488257706165314 0.030097518116235733
v 0.23918074369430542 0.20582738518714905 0.026869580149650574
v 0.15414901077747345 0.11440946906805038 0.05385817214846611
v 0.16639791429042816 0.10428743064403534 -0.0011863426771014929
v 0.1620481163263321 0.09434577822685242 0.0018077995628118515
v 0.13150553405284882 0.05960534140467644 0.11282972246408463
v 0.13243502378463745 0.074860580265522 0.11646218597888947
v 0.15653131902217865 0.07170388847589493 0.03164854645729065
v 0.15372619032859802 0.05616786703467369 0.038138680160045624
v 0.13688510656356812 0.07563671469688416 0.10977478325366974
v 0.13817386329174042 0.06557608395814896 0.10485375672578812
v 0.0862366333603859 0.0032566189765930176 0.11224840581417084
v 0.026421360671520233 0.24025826156139374 0.048753172159194946
v 0.2560961842536926 0.20553813874721527 0.02350502833724022
v 0.25641220808029175 0.22311639785766602 0.02215815894305706
v 0.24280580878257751 0.17370496690273285 -0.06513803452253342
v 0.24532505869865417 0.16569247841835022 -0.05886469781398773
v 0.22787407040596008 0.16064894199371338 -0.053580306470394135
v 0.22691603004932404 0.16790223121643066 -0.06061552092432976
v 0.12342897802591324 0.10759134590625763 -0.09121353924274445
v 0.1304326057434082 0.09639184176921844 -0.08258996903896332
v 0.11754307150840759 0.08236435055732727 -0.08773057907819748
v 0.10810186713933945 0.09473652392625809 -0.09760548174381256
v 0.22325745224952698 0.24518777430057526 -0.055771395564079285
v 0.21038371324539185 0.245470330119133 -0.0555536262691021
v 0.2124149352312088 0.2542268931865692 -0.04549083486199379
v 0.2271418273448944 0.25274544954299927 -0.046740397810935974
v 0.21562373638153076 0.2614808678627014 -0.03125981241464615
v 0.2197176218032837 0.264830082654953 -0.012358244508504868
v 0.2367345243692398 0.26193520426750183 -0.015440789051353931
v 0.23217441141605377 0.2591959834098816 -0.0335099957883358
v 0.1884443610906601 -0.2667604088783264 0.006650147028267384
v 0.1813313364982605 -0.2652212977409363 -0.023209603503346443
v 0.11584543436765671 -0.14439325034618378 0.11413802951574326
v 0.1327473521232605 -0.13896073400974274 0.09525955468416214
v 0.10107947885990143 -0.23227334022521973 0.12344954162836075
v 0.008789287880063057 -0.359116792678833 0.08131244778633118
v 0.026560219004750252 -0.34961840510368347 0.10489118844270706
v 0.0025641859974712133 -0.4287751615047455 0.023239322006702423
v 0.18750174343585968 -0.26905959844589233 0.03576540946960449
v 0.013102496042847633 -0.4875774383544922 0.005502250976860523
v 0.00730669591575861 -0.45758718252182007 0.013894695788621902
v 0.0636412501335144 -0.4843851625919342 -0.05349118635058403
v 0.058423105627298355 -0.4531152546405792 -0.05338813737034798
v 0.08922672271728516 -0.4571715295314789 -0.058080270886421204
v 0.09106966108083725 -0.4862757921218872 -0.05761466175317764
v 0.118556447327137 -0.4610421359539032 -0.052573565393686295
v 0.11828693002462387 -0.4890258014202118 -0.051997482776641846
v 0.10537098348140717 -0.5715310573577881 0.0875496193766594
v 0.10069821029901505 -0.7915095090866089 -0.09122388064861298
v 0.12238603830337524 -0.8264573812484741 -0.08580920845270157
v 0.10147922486066818 -0.8270374536514282 -0.0905301496386528
v 0.12301290035247803 -0.7896329164505005 -0.08691354095935822
v 0.14084844291210175 -0.7563909292221069 -0.07062745094299316
v 0.1413889080286026 -0.7898430824279785 -0.07347061485052109
v 0.1433265209197998 -0.8348265886306763 -0.001897212816402316
v 0.10257866978645325 -0.8632729649543762 -0.08632179349660873
v 0.12135174125432968 -0.8641960620880127 -0.0816911980509758
v 0.14009688794612885 -0.8262815475463867 -0.07287908345460892
v 0.13666310906410217 -0.864109456539154 -0.0703580230474472
v 0.0004415881121531129 -0.37840360403060913 0.05279243364930153
v 0.0009606489329598844 -0.33289676904678345 -0.06130823865532875
v 0.1629660576581955 -0.31544822454452515 0.09816158562898636
v 0.16444335877895355 -0.34717315435409546 0.09501811861991882
v 0.07758601009845734 -0.3164946436882019 0.12645716965198517
v 0.10577329248189926 -0.301839143037796 0.12485800683498383
v 0.11149757355451584 -0.07261206209659576 0.0971364751458168
v 0.09468867629766464 -0.07363484799861908 0.11222025752067566
v 0.11306974291801453 -0.03419055417180061 0.08712289482355118
v 0.1124010980129242 -0.05391916632652283 0.09169798344373703
v 0.12588253617286682 -0.05116073042154312 0.0741012692451477
v 0.12604089081287384 -0.032237619161605835 0.06941907852888107
v 0.13996566832065582 -0.027764832600951195 0.02504606917500496
v 0.13945914804935455 -0.045815933495759964 0.029880844056606293
v 0.13812468945980072 -0.043245233595371246 0.005438859108835459
v 0.1386556774377823 -0.025455879047513008 0.00036342389648780227
v 0.13272063434123993 -0.057186342775821686 -0.012359630316495895
v 0.13973833620548248 -0.06041504070162773 0.010857985354959965
v 0.07386363297700882 -0.024883532896637917 -0.0744849443435669
v 0.0742003321647644 -0.004331672098487616 -0.07977735996246338
v 0.091027170419693 -0.009755645878612995 -0.07161575555801392
v 0.09039308875799179 -0.028904037550091743 -0.0655064508318901
v 0.03228917345404625 -0.2917339503765106 0.12808479368686676
v 0.0021789215970784426 -0.3605666756629944 0.06100565567612648
v 0.07008258253335953 -0.3933967649936676 0.127916157245636
v 0.10585460811853409 -0.35954609513282776 0.1320311725139618
v 0.1374853253364563 -0.354482501745224 0.12064424902200699
v 0.22624190151691437 0.16308410465717316 -0.012269732542335987
v 0.1564081609249115 0.12486384063959122 -0.06686122715473175
v 0.15463826060295105 0.1363517940044403 -0.07174687087535858
v 0.2555786073207855 0.2580176591873169 -0.018649660050868988
v 0.2507123649120331 0.255319207906723 -0.036442454904317856
v 0.23737016320228577 0.1900213360786438 0.02249091863632202
v 0.20819586515426636 0.2436434030532837 0.026379233226180077
v 0.19492942094802856 0.22335480153560638 0.03776973485946655
v 0.20927955210208893 0.22332559525966644 0.033301036804914474
v 0.12828077375888824 -0.2415931075811386 0.10743708163499832
v 0.13143205642700195 -0.264531672000885 0.10965452343225479
v 0.15578921139240265 -0.2553640604019165 0.09300025552511215
v 0.0006863547605462372 -0.346533864736557 -0.013501273468136787
v 0.0004214892105665058 -0.3408893644809723 -0.021060481667518616
v 0.051303472369909286 -0.33367109298706055 0.12065712362527847
v 0.021558361127972603 -0.544252872467041 -0.009874644689261913
v 0.017948206514120102 -0.5167898535728455 -0.0020060883834958076
v 0.024264100939035416 -0.5704666376113892 -0.01778535358607769
v 0.02707025222480297 -0.5963025093078613 -0.025760233402252197
v 0.030208289623260498 -0.6227738261222839 -0.03341471403837204
v 0.03610895201563835 -0.6495055556297302 -0.03916517272591591
v 0.044387754052877426 -0.6774190664291382 -0.03900309279561043
v 0.04866316542029381 -0.7064444422721863 -0.043543215841054916
v 0.04082294926047325 -0.7701342105865479 -0.041829437017440796
v 0.04783809557557106 -0.7360973954200745 -0.052748434245586395
v 0.047262243926525116 -0.7673235535621643 -0.05937575921416283
v 0.04825407266616821 -0.7996645569801331 -0.06344899535179138
v 0.056540995836257935 -0.8674562573432922 -0.06296605616807938
v 0.05085829645395279 -0.8327974677085876 -0.06466540694236755
v 0.06236588954925537 -0.9027451276779175 -0.06081494688987732
v 0.06600189954042435 -0.9381229877471924 -0.05891267955303192
v -0.0005158126004971564 -0.3435273766517639 0.012609091587364674
v -0.0003494876727927476 -0.34567856788635254 0.0006831134669482708
v 0.10282168537378311 0.2367960661649704 0.03353246673941612
v 0.16898514330387115 0.12026957422494888 0.012216568924486637
v 0.17701153457164764 0.13041244447231293 0.0075480700470507145
v 0.22134888172149658 0.18890142440795898 0.025611450895667076
v 0.001339931390248239 -0.32753029465675354 -0.07754940539598465
v 0.0009178338805213571 -0.31905248761177063 -0.09172412008047104
v 0.28687140345573425 0.22554317116737366 -0.06540241837501526
v 0.2824208736419678 0.23842576146125793 -0.056895285844802856
v 0.2367011457681656 0.17914940416812897 0.01095499936491251
v 0.18175747990608215 0.1510867178440094 0.016215292736887932
v 0.19125638902187347 0.16156211495399475 0.009002657607197762
v 0.5257514119148254 0.24590855836868286 -0.019150087609887123
v 0.545166015625 0.2422589808702469 -0.019138766452670097
v 0.5450044274330139 0.24701644480228424 -0.029891572892665863
v 0.5250552296638489 0.2500370442867279 -0.03096868470311165
v 0.525333046913147 0.2369343340396881 -0.010115760378539562
v 0.544420599937439 0.233200341463089 -0.011231176555156708
v 0.5216134190559387 0.17992912232875824 -0.02857477404177189
v 0.5415898561477661 0.1814744621515274 -0.032862260937690735
v 0.5409267544746399 0.18885712325572968 -0.02173316851258278
v 0.5210118293762207 0.1882670521736145 -0.017600420862436295
v 0.5618254542350769 0.21878889203071594 -0.00941962469369173
v 0.5431358218193054 0.22183839976787567 -0.007359289098531008
v 0.5415520668029785 0.20954421162605286 -0.008342386223375797
v 0.5606063604354858 0.20773492753505707 -0.011383919045329094
v 0.5220723748207092 0.18039274215698242 -0.05656953901052475
v 0.5026190876960754 0.17661146819591522 -0.05270422622561455
v 0.5019338726997375 0.18511934578418732 -0.06354643404483795
v 0.5214289426803589 0.18937191367149353 -0.06611692160367966
v 0.4403310716152191 0.18207959830760956 -0.006416619755327702
v 0.4241023361682892 0.18431010842323303 -0.0009766931179910898
v 0.4266253411769867 0.173415407538414 -0.010216157883405685
v 0.442792683839798 0.17198699712753296 -0.01656920835375786
v 0.4854808747768402 0.2534123659133911 -0.019229374825954437
v 0.5057682991027832 0.24953532218933105 -0.0189802385866642
v 0.5044745206832886 0.2524152100086212 -0.03189769759774208
v 0.4834420680999756 0.25428736209869385 -0.0330522283911705
v 0.4817967116832733 0.21673639118671417 -0.0005003964179195464
v 0.4599514901638031 0.22003142535686493 0.00016827489889692515
v 0.4585495889186859 0.2047397345304489 -0.0013081780634820461
v 0.4799991846084595 0.20168331265449524 -0.0033303326927125454
v 0.4622993469238281 0.25488215684890747 -0.03482700511813164
v 0.46443772315979004 0.2565249800682068 -0.020788272842764854
v 0.5223442912101746 0.2116309404373169 -0.005217500030994415
v 0.5024915337562561 0.21393457055091858 -0.0024260401260107756
v 0.5007848739624023 0.20012184977531433 -0.0060727340169250965
v 0.5210475921630859 0.19908663630485535 -0.009774832986295223
v 0.5607173442840576 0.1879342794418335 -0.059876699000597
v 0.5415306687355042 0.18423137068748474 -0.058922819793224335
v 0.5408591628074646 0.19339291751384735 -0.06713445484638214
v 0.5602294206619263 0.19711457192897797 -0.06694025546312332
v 0.5601466298103333 0.19814112782478333 -0.017290981486439705
v 0.5407204031944275 0.1985200047492981 -0.01364617794752121
v 0.5604068040847778 0.1897505223751068 -0.0256491806358099
v 0.5632396936416626 0.24036014080047607 -0.05206362158060074
v 0.5426853895187378 0.2411501556634903 -0.05498262494802475
v 0.5438562035560608 0.24604643881320953 -0.04229132458567619
v 0.5639447569847107 0.2440783828496933 -0.04016519710421562
v 0.4807537794113159 0.17896194756031036 -0.018754292279481888
v 0.5013028979301453 0.17903141677379608 -0.023800764232873917
v 0.5005907416343689 0.18799781799316406 -0.013349113054573536
v 0.479823499917984 0.18872252106666565 -0.00945181306451559
v 0.4854027330875397 0.24491636455059052 -0.007842663675546646
v 0.5056154131889343 0.24063466489315033 -0.008947542868554592
v 0.5219388604164124 0.2413145899772644 -0.05761352553963661
v 0.5010018348693848 0.24042701721191406 -0.05955842509865761
v 0.5024657845497131 0.2489200085401535 -0.046050481498241425
v 0.5233502984046936 0.24780255556106567 -0.044294051826000214
v 0.47988423705101013 0.22390401363372803 -0.06861191242933273
v 0.5002087950706482 0.22728604078292847 -0.0682513490319252
v 0.5000724196434021 0.21205124258995056 -0.07100723683834076
v 0.47993147373199463 0.20772846043109894 -0.06976675242185593
v 0.4618752598762512 0.1718011349439621 -0.024745676666498184
v 0.4599733054637909 0.17990708351135254 -0.01271128375083208
v 0.482832670211792 0.17333994805812836 -0.047329146414995193
v 0.4632416069507599 0.16997170448303223 -0.040496665984392166
v 0.4627660810947418 0.17647027969360352 -0.05424702912569046
v 0.48223719000816345 0.18095238506793976 -0.05959928035736084
v 0.42429277300834656 0.24013547599315643 -0.0027963242027908564
v 0.4408324658870697 0.23883526027202606 -0.0017657188000157475
v 0.44253718852996826 0.251286119222641 -0.01012561284005642
v 0.4250480830669403 0.2516408860683441 -0.012646478600800037
v 0.4427439272403717 0.2571652829647064 -0.023350881412625313
v 0.42461636662483215 0.2559376657009125 -0.0267901960760355
v 0.3983837068080902 0.24665039777755737 -0.044825565069913864
v 0.4097588360309601 0.24833367764949799 -0.04352007806301117
v 0.40821731090545654 0.236847922205925 -0.0517258457839489
v 0.39741531014442444 0.23587656021118164 -0.05310127139091492
v 0.441598504781723 0.21277357637882233 -0.06871017068624496
v 0.4601840376853943 0.2190975844860077 -0.0688851997256279
v 0.46040230989456177 0.2020363211631775 -0.06786055862903595
v 0.4414297640323639 0.1957307904958725 -0.06555136293172836
v 0.426829993724823 0.17701339721679688 -0.05427541956305504
v 0.4425637125968933 0.18175756931304932 -0.059129469096660614
v 0.4445566236972809 0.17164620757102966 -0.048373594880104065
v 0.4295026361942291 0.1682908535003662 -0.04202313721179962
v 0.37480801343917847 0.16900677978992462 -0.03967522457242012
v 0.38982564210891724 0.1701781302690506 -0.04082942381501198
v 0.3891964256763458 0.16627629101276398 -0.027489593252539635
v 0.37387892603874207 0.1663282811641693 -0.026619626209139824
v 0.3856317102909088 0.17636725306510925 -0.0006086939247325063
v 0.38505515456199646 0.18809744715690613 0.007760109379887581
v 0.36992397904396057 0.1887722909450531 0.008937204256653786
v 0.3705645501613617 0.17682960629463196 0.0003273861948400736
v 0.374162495136261 0.2450336515903473 -0.006044863723218441
v 0.3876712918281555 0.24421797692775726 -0.005007337778806686
v 0.3874196708202362 0.2518009543418884 -0.019787859171628952
v 0.37400564551353455 0.2511483132839203 -0.021925531327724457
v 0.4264830946922302 0.2068914771080017 -0.06811587512493134
v 0.423691987991333 0.18948201835155487 -0.06272180378437042
v 0.3991706669330597 0.1753799021244049 -0.0025403855834156275
v 0.41234833002090454 0.17440970242023468 -0.005608297418802977
v 0.4105426073074341 0.18548451364040375 0.003263444174081087
v 0.39800316095352173 0.18690763413906097 0.005892580840736628
v 0.3965596556663513 0.21525488793849945 0.007773938123136759
v 0.40894004702568054 0.2129478007555008 0.005424594506621361
v 0.40952473878860474 0.2273811548948288 0.002740071853622794
v 0.39836961030960083 0.22937323153018951 0.004118653945624828
v 0.39877384901046753 0.2428257167339325 -0.004041046369820833
v 0.4105426073074341 0.24154727160930634 -0.0032771085388958454
v 0.41083040833473206 0.25175943970680237 -0.014999283477663994
v 0.39883145689964294 0.25183629989624023 -0.01714317873120308
v 0.4167228937149048 0.2048722356557846 -0.06679493933916092
v 0.40835246443748474 0.20177270472049713 -0.06596340984106064
v 0.40666553378105164 0.2139350175857544 -0.06381216645240784
v 0.41514846682548523 0.21764689683914185 -0.06398274004459381
v 0.41623786091804504 0.16667525470256805 -0.03539751097559929
v 0.41466331481933594 0.17404285073280334 -0.04793499410152435
v 0.4225078821182251 0.21075382828712463 0.0027577634900808334
v 0.40948352217674255 0.19892790913581848 0.007091177627444267
v 0.4230343699455261 0.1970541775226593 0.0033685395028442144
v 0.410482257604599 0.2545101046562195 -0.029575278982520103
v 0.3759412169456482 0.17442475259304047 -0.050441622734069824
v 0.3595897853374481 0.17158153653144836 -0.04963916912674904
v 0.3602619767189026 0.17932984232902527 -0.059311188757419586
v 0.3763110637664795 0.18197743594646454 -0.059533461928367615
v 0.3581368029117584 0.16696424782276154 -0.03813759237527847
v 0.35622450709342957 0.1658433973789215 -0.025169681757688522
v 0.3515052795410156 0.18959152698516846 0.010314633138477802
v 0.35233426094055176 0.1773240864276886 0.0017746927915140986
v 0.35117343068122864 0.20415523648262024 0.014451215043663979
v 0.36993682384490967 0.20349006354808807 0.012625575996935368
v 0.36988818645477295 0.21857309341430664 0.01131588127464056
v 0.3505955636501312 0.2192254364490509 0.013697098940610886
v 0.35184288024902344 0.24539487063884735 -0.005570781882852316
v 0.35306254029273987 0.2502638101577759 -0.021676573902368546
v 0.37430334091186523 0.24925391376018524 -0.0362008698284626
v 0.3550625145435333 0.24798187613487244 -0.0370519682765007
v 0.38748055696487427 0.16857218742370605 -0.013033212162554264
v 0.40114566683769226 0.16779273748397827 -0.015180999413132668
v 0.5208290219306946 0.22958073019981384 -0.06701250374317169
v 0.541587233543396 0.23117826879024506 -0.0646967962384224
v 0.5406369566917419 0.21822062134742737 -0.06963930279016495
v 0.5202992558479309 0.2156023532152176 -0.07099820673465729
v 0.5403597354888916 0.2052631825208664 -0.07054952532052994
v 0.5601089596748352 0.20842766761779785 -0.06919429451227188
v 0.5043700933456421 0.22816966474056244 -0.003095000982284546
v 0.5241393446922302 0.2250356525182724 -0.005177350249141455
v 0.5631113052368164 0.22981862723827362 -0.01189795695245266
v 0.4231596887111664 0.22519344091415405 0.0012011266080662608
v 0.43896639347076416 0.22322970628738403 0.00045840113307349384
v 0.39685332775115967 0.2237207442522049 -0.058783434331417084
v 0.3868466019630432 0.22212398052215576 -0.06083768606185913
v 0.3866575062274933 0.23425404727458954 -0.054658230394124985
v 0.42546069622039795 0.2234562784433365 -0.0633615031838417
v 0.4214012026786804 0.23686644434928894 -0.05186546593904495
v 0.44073015451431274 0.24353232979774475 -0.04983977600932121
v 0.4409709870815277 0.23045308887958527 -0.06240496411919594
v 0.399167537689209 0.19864128530025482 -0.06535579264163971
v 0.3888790011405945 0.19583731889724731 -0.0655779242515564
v 0.3878854811191559 0.2092752903699875 -0.06542495638132095
v 0.397904634475708 0.2115563601255417 -0.06426757574081421
v 0.37206339836120605 0.2330418825149536 0.005763594061136246
v 0.38660821318626404 0.23134265840053558 0.004929204937070608
v 0.3582669794559479 0.2306128442287445 -0.059010423719882965
v 0.3577239513397217 0.24083557724952698 -0.04968632012605667
v 0.3747629225254059 0.242686927318573 -0.0476207509636879
v 0.3745250701904297 0.2325243055820465 -0.05635390430688858
v 0.38716959953308105 0.24471689760684967 -0.04617896303534508
v 0.35871830582618713 0.21818198263645172 -0.06554631888866425
v 0.3748612105846405 0.22034364938735962 -0.06286865472793579
v 0.3508102595806122 0.2339581549167633 0.007188658230006695
v 0.37601301074028015 0.19346731901168823 -0.0656144917011261
v 0.3599066734313965 0.1909669190645218 -0.06614755094051361
v 0.359415203332901 0.20471437275409698 -0.06809673458337784
v 0.3755210340023041 0.20712460577487946 -0.06652354449033737
v 0.520500659942627 0.20170900225639343 -0.07072052359580994
v 0.5006966590881348 0.1976940929889679 -0.06949825584888458
v 0.42928966879844666 0.16652695834636688 -0.025195281952619553
v 0.44480523467063904 0.16726092994213104 -0.03252871707081795
v 0.41494742035865784 0.16707384586334229 -0.01924268715083599
v 0.5222685933113098 0.1767696589231491 -0.043014559894800186
v 0.5418996214866638 0.17967742681503296 -0.04662199318408966
v 0.482076495885849 0.17268432676792145 -0.03202800452709198
v 0.5022315979003906 0.1744745373725891 -0.03796621784567833
v 0.4802376329898834 0.23865798115730286 -0.06061023473739624
v 0.4017331898212433 0.17897090315818787 -0.05297442525625229
v 0.4120255708694458 0.1823529452085495 -0.05683454871177673
v 0.40278202295303345 0.17176389694213867 -0.04338109865784645
v 0.3536805510520935 0.16933059692382812 -0.010617738589644432
v 0.3722158372402191 0.16918037831783295 -0.012276116758584976
v 0.41564157605171204 0.19440440833568573 -0.06487138569355011
v 0.33002138137817383 0.1690366417169571 -0.009058114141225815
v 0.42324399948120117 0.2505863606929779 -0.04146646708250046
v 0.3873869776725769 0.251459538936615 -0.03414754942059517
v 0.3988806903362274 0.25298887491226196 -0.03191601112484932
v 0.5643807649612427 0.2441808432340622 -0.028424803167581558
v 0.4838182330131531 0.23162895441055298 -0.0013936046743765473
v 0.4380471706390381 0.20789103209972382 0.00040847412310540676
v 0.4387493133544922 0.19421884417533875 -0.0010018181055784225
v 0.39007315039634705 0.17636513710021973 -0.05122658982872963
v 0.38978251814842224 0.18399472534656525 -0.059960294514894485
v 0.4002707600593567 0.18691620230674744 -0.060954321175813675
v 0.38465508818626404 0.2025185376405716 0.011167499236762524
v 0.3839873969554901 0.21737180650234222 0.009648525156080723
v 0.5610227584838867 0.18303291499614716 -0.049030549824237823
v 0.3972371220588684 0.20091333985328674 0.009470758028328419
v 0.44130435585975647 0.25333306193351746 -0.03775995224714279
v 0.01651640422642231 0.19898934662342072 -0.09487760812044144
v 0.0001773702970240265 0.185238316655159 -0.09518051892518997
v 0.0004420461773406714 0.19755291938781738 -0.09282761812210083
v 0.14885686337947845 0.04236660152673721 0.04458930715918541
v 0.1126822754740715 0.019098298624157906 0.08684885501861572
v 0.125998392701149 0.02168547920882702 0.07219868898391724
v 0.16314725577831268 0.11021577566862106 0.016409948468208313
v 0.1593056470155716 0.0988207757472992 0.02088514156639576
v 0.1951867789030075 0.15429772436618805 -0.0038017972838133574
v 0.18596810102462769 0.14299313724040985 0.0015039397403597832
v 0.15459086000919342 0.07812203466892242 0.05222431197762489
v 0.0738501027226448 0.4300732910633087 -0.00927139911800623
v 0.07196731120347977 0.4234720468521118 -0.011646616272628307
v 0.07648620754480362 0.44279319047927856 -0.009803054854273796
v 0.007503905333578587 -0.11285063624382019 0.15897658467292786
v -0.005583955906331539 -0.13835284113883972 0.1633681356906891
v -0.005703310016542673 -0.15008530020713806 0.16493399441242218
v 0.07388494163751602 0.4151199758052826 0.0036633284762501717
v 0.0719054788351059 0.4089376926422119 6.20350256212987e-05
v 0.07585524767637253 0.4118533432483673 0.0024838822428137064
v 0.07383761554956436 0.41701817512512207 0.00576045224443078
v 0.07351773232221603 0.41608214378356934 0.005415065214037895
v 0.07714477181434631 0.4452592730522156 0.0005553496885113418
v 0.06976792216300964 0.4157353937625885 -0.012157419696450233
v 0.06757837533950806 0.40676239132881165 -0.010608225129544735
v 0.07486364990472794 0.43188127875328064 0.005832417868077755
v 0.04853111878037453 -0.12248767167329788 -0.07361124455928802
v 0.053746458142995834 -0.14023098349571228 -0.08004496246576309
v 0.027822069823741913 -0.14006909728050232 -0.0819958746433258
v 0.02458041161298752 -0.12284084409475327 -0.07447364181280136
v 0.0002611938980408013 -0.15504948794841766 -0.08950468897819519
v -0.000584566907491535 -0.1381862610578537 -0.08239805698394775
v 0.031587038189172745 -0.1593126654624939 -0.08959487080574036
v 0.15161922574043274 -0.1915980875492096 -0.058818403631448746
v 0.1477217823266983 -0.16956529021263123 -0.0555233396589756
v 0.1633501648902893 -0.16717194020748138 -0.03201766312122345
v 0.167558491230011 -0.1883028745651245 -0.03432315215468407
v 0.1669037938117981 -0.15066173672676086 -0.004956859163939953
v 0.17304758727550507 -0.16718804836273193 -0.004875840153545141
v 0.1564074009656906 -0.14945968985557556 -0.029951244592666626
v 0.17043276131153107 -0.1539527177810669 0.023281393572688103
v 0.1758582442998886 -0.1710885763168335 0.023671530187129974
v 0.16666482388973236 -0.15968115627765656 0.05055264011025429
v 0.1717757135629654 -0.1783764660358429 0.05076887831091881
v 0.16151729226112366 -0.18637123703956604 0.07482217252254486
v 0.1453702300786972 -0.19405044615268707 0.09619737416505814
v 0.12659168243408203 -0.22109559178352356 0.11064227670431137
v 0.12469559907913208 -0.20236247777938843 0.11413630098104477
v 0.1017317920923233 -0.21032148599624634 0.12819543480873108
v 0.0772324800491333 -0.2175714075565338 0.14028088748455048
v 0.05414938926696777 -0.22297807037830353 0.14928662776947021
v 0.033502914011478424 -0.2263847291469574 0.1553744524717331
v 0.014795434661209583 -0.2280016988515854 0.1586601287126541
v -0.0018255506874993443 -0.22882908582687378 0.15855208039283752
v -0.0006546312943100929 -0.25160229206085205 0.1521758884191513
v 0.10023843497037888 0.21706272661685944 0.049490366131067276
v 0.08164966106414795 0.2731820046901703 -0.056571945548057556
v 0.0973367691040039 0.2761329114437103 -0.035086870193481445
v 0.09011764824390411 0.2702564299106598 -0.05631059780716896
v 0.11110487580299377 0.22235296666622162 -0.09052301943302155
v 0.0931830033659935 0.213972806930542 -0.09774982184171677
v 0.0936688780784607 0.2297351062297821 -0.09059813618659973
v 0.1112401932477951 0.2402634620666504 -0.08071345090866089
v 0.07252325117588043 0.263581246137619 -0.07003992795944214
v 0.06746784597635269 0.2662665545940399 -0.06919992715120316
v 0.07860326021909714 0.25962990522384644 -0.07221382856369019
v 0.06465035676956177 0.24952208995819092 -0.08197823911905289
v 0.0482894629240036 0.2419258952140808 -0.08626473695039749
v 0.1320987194776535 0.27066072821617126 -0.02972378022968769
v 0.14377908408641815 0.2703298330307007 -0.024800002574920654
v 0.14285464584827423 0.260112464427948 -0.04575856029987335
v 0.1335037797689438 0.2603743076324463 -0.051013197749853134
v 0.13802766799926758 0.21512161195278168 -0.08231475949287415
v 0.14748334884643555 0.21808631718158722 -0.07681750506162643
v 0.14873680472373962 0.20353588461875916 -0.08050109446048737
v 0.1383439302444458 0.19961895048618317 -0.0862947627902031
v 0.179959237575531 0.26881688833236694 -0.010695141740143299
v 0.1924663484096527 0.26814699172973633 -0.009854182600975037
v 0.18870829045772552 0.26394394040107727 -0.03001582808792591
v 0.17671865224838257 0.2629469931125641 -0.031469959765672684
v 0.14578871428966522 0.23271915316581726 -0.0698898658156395
v 0.08238187432289124 0.10213331133127213 -0.10829837620258331
v 0.10108091682195663 0.1101834625005722 -0.10402379930019379
v 0.11731528490781784 0.11952529847621918 -0.09812548756599426
v 0.15308940410614014 0.14831571280956268 -0.07537618279457092
v 0.14515002071857452 0.12712633609771729 -0.07741550356149673
v 0.142962247133255 0.14012126624584198 -0.08138880133628845
v 0.16419023275375366 0.15607225894927979 -0.07171549648046494
v 0.17337585985660553 0.16119064390659332 -0.06837217509746552
v 0.17991963028907776 0.22417967021465302 0.041326917707920074
v 0.18021069467067719 0.19813431799411774 0.04557148739695549
v 0.19471493363380432 0.2004736065864563 0.03931023180484772
v 0.19543081521987915 0.17017358541488647 -0.06251770257949829
v 0.19674958288669586 0.16495545208454132 -0.060394205152988434
v 0.18616123497486115 0.15678879618644714 -0.05974967032670975
v 0.18457411229610443 0.16285470128059387 -0.06217416748404503
v 0.12139624357223511 0.27135708928108215 -0.03396319970488548
v 0.1869221180677414 0.2534560263156891 -0.045321155339479446
v 0.18504630029201508 0.24335016310214996 -0.05601538345217705
v 0.17374250292778015 0.24014568328857422 -0.05688672512769699
v 0.17491798102855682 0.251388818025589 -0.046488650143146515
v 0.1857452690601349 0.231104776263237 -0.06293338537216187
v 0.18724477291107178 0.2188025712966919 -0.0672345906496048
v 0.17644914984703064 0.21502947807312012 -0.06863788515329361
v 0.17496918141841888 0.2272825390100479 -0.06436812877655029
v 0.19454088807106018 0.17690181732177734 -0.06464522331953049
v 0.18242312967777252 0.16994483768939972 -0.0649484172463417
v 0.20756050944328308 0.26040348410606384 0.010568403638899326
v 0.15555186569690704 0.2706710398197174 0.006004061084240675
v 0.1431456059217453 0.271857351064682 0.0006063792388886213
v 0.14154686033725739 0.26024916768074036 0.024112574756145477
v 0.1529792696237564 0.2565821409225464 0.02815071865916252
v 0.20893386006355286 0.16069985926151276 -0.009073900058865547
v 0.21245738863945007 0.15594449639320374 -0.02049832046031952
v 0.21443048119544983 0.15205563604831696 -0.0318184457719326
v 0.18879558145999908 0.14162716269493103 -0.05184827372431755
v 0.21516786515712738 0.1518172323703766 -0.04154115170240402
v 0.20650747418403625 0.1857416033744812 0.028901416808366776
v 0.20915573835372925 0.2027607262134552 0.033843934535980225
v 0.1406802088022232 0.2376214861869812 0.03836704418063164
v 0.1519666612148285 0.23312048614025116 0.040919408202171326
v 0.20526020228862762 0.2666684687137604 -0.010602179914712906
v 0.2012837678194046 0.26298266649246216 -0.03040936589241028
v 0.221809521317482 0.1776796579360962 -0.06642588973045349
v 0.2102382630109787 0.17105920612812042 -0.06266199052333832
v 0.2082401067018509 0.17581205070018768 -0.06487563997507095
v 0.17727665603160858 0.13382907211780548 -0.05640721321105957
v 0.186656653881073 0.14989593625068665 -0.05682123824954033
v 0.155744269490242 0.2700687050819397 -0.019454536959528923
v 0.19741827249526978 0.24400949478149414 -0.05614934489130974
v 0.19870109856128693 0.2542417347431183 -0.04550415277481079
v 0.16543665528297424 0.22384174168109894 -0.06723225116729736
v 0.15641885995864868 0.2207336574792862 -0.07174992561340332
v 0.1542259007692337 0.23445239663124084 -0.0648944154381752
v 0.16343224048614502 0.236692413687706 -0.0600709542632103
v 0.2007923722267151 0.210823655128479 -0.06890346854925156
v 0.19858410954475403 0.2226601541042328 -0.066724494099617
v 0.15815941989421844 0.20691503584384918 -0.07534829527139664
v 0.16704221069812775 0.210634246468544 -0.07127030193805695
v 0.20696628093719482 0.1822531521320343 -0.0667913630604744
v 0.13180837035179138 0.24079148471355438 0.03485853224992752
v 0.1235179603099823 0.21945852041244507 0.04658973589539528
v 0.13288335502147675 0.21865135431289673 0.046383537352085114
v 0.14176726341247559 0.21390436589717865 0.047478221356868744
v 0.15284815430641174 0.20747646689414978 0.04908913001418114
v 0.16628006100654602 0.20047278702259064 0.049115847796201706
v 0.11320710182189941 0.2183397114276886 0.047749653458595276
v 0.40907761454582214 0.19063086807727814 -0.06280478090047836
v 0.22496894001960754 0.17395290732383728 -0.06472157686948776
v 0.23309224843978882 0.18400463461875916 -0.06914682686328888
v 0.23801840841770172 0.17974714934825897 -0.06799394637346268
v 0.2863560914993286 0.21086564660072327 -0.070524662733078
v 0.0025024190545082092 0.35725364089012146 0.11603277176618576
v 0.0029610467609018087 0.3519378900527954 0.113185815513134
v 0.0009803611319512129 0.380283385515213 0.11698466539382935
v 0.0011535069206729531 0.3768121898174286 0.11770526319742203
v 0.4063705503940582 0.22530025243759155 -0.05742292478680611
v 0.41400012373924255 0.22684049606323242 -0.05733250826597214
v 0.46003904938697815 0.2355634868144989 -0.061568498611450195
v 0.46076712012290955 0.24735188484191895 -0.04873858764767647
v 0.48145851492881775 0.24883252382278442 -0.04752524569630623
v 0.4640291631221771 0.2492065131664276 -0.008310684934258461
v 0.4621383249759674 0.23575568199157715 -0.0009419069974683225
v 0.4587562382221222 0.19101130962371826 -0.005391865968704224
v 0.4613197445869446 0.18772263824939728 -0.06328602135181427
v 0.6013872623443604 0.23319818079471588 -0.015551729127764702
v 0.6202394962310791 0.22989521920681 -0.01413179561495781
v 0.6215203404426575 0.23724298179149628 -0.021770669147372246
v 0.6023398041725159 0.2395087629556656 -0.024456728249788284
v 0.638543426990509 0.22689302265644073 -0.012115232646465302
v 0.6189529299736023 0.2204044610261917 -0.011094151996076107
v 0.6368159055709839 0.21719007194042206 -0.01105532143265009
v 0.6175321936607361 0.21100632846355438 -0.012969358824193478
v 0.6350505948066711 0.20873397588729858 -0.014096620492637157
v 0.6337783932685852 0.2016257792711258 -0.020067114382982254
v 0.6165239810943604 0.2028757780790329 -0.018185677006840706
v 0.6166382431983948 0.1972140669822693 -0.025528527796268463
v 0.6338449120521545 0.19698792695999146 -0.027749359607696533
v 0.5984266996383667 0.19215400516986847 -0.03177798539400101
v 0.5988753437995911 0.18868757784366608 -0.04168476536870003
v 0.6174697279930115 0.19172526895999908 -0.04334145039319992
v 0.6171472668647766 0.19340987503528595 -0.034220363944768906
v 0.6353481411933899 0.20192310214042664 -0.05899730697274208
v 0.6176684498786926 0.19847264885902405 -0.06003110483288765
v 0.6179225444793701 0.20708557963371277 -0.0637374073266983
v 0.6358160972595215 0.2096036672592163 -0.062286365777254105
v 0.6007511019706726 0.22465087473392487 -0.06178927421569824
v 0.6200307011604309 0.2271837741136551 -0.059855975210666656
v 0.6188893914222717 0.2171841710805893 -0.06335978955030441
v 0.5993404388427734 0.21405616402626038 -0.06529034674167633
v 0.6377422213554382 0.22941967844963074 -0.059049881994724274
v 0.6211575269699097 0.23490369319915771 -0.05309353023767471
v 0.6386108994483948 0.23645582795143127 -0.05131329223513603
v 0.5816839337348938 0.22677220404148102 -0.011729864403605461
v 0.5827541947364807 0.23611567914485931 -0.017340680584311485
v 0.5640826225280762 0.2389906942844391 -0.018487844616174698
v 0.5982640385627747 0.20430828630924225 -0.01597725786268711
v 0.5990407466888428 0.21335415542125702 -0.011666219681501389
v 0.5804291367530823 0.21611644327640533 -0.010671254247426987
v 0.5795750021934509 0.2060735821723938 -0.013875555247068405
v 0.560867428779602 0.18379583954811096 -0.0365072637796402
v 0.5799646973609924 0.18627190589904785 -0.039411868900060654
v 0.5793925523757935 0.1910424679517746 -0.029003730043768883
v 0.5981006026268005 0.19734548032283783 -0.022876204922795296
v 0.5791915655136108 0.19781526923179626 -0.020293688401579857
v 0.5989784598350525 0.18929651379585266 -0.05203963443636894
v 0.6175273060798645 0.19308525323867798 -0.05260203406214714
v 0.6028798818588257 0.2411113977432251 -0.03510856255888939
v 0.6220237016677856 0.23998035490512848 -0.03233571723103523
v 0.621992290019989 0.23854471743106842 -0.043053168803453445
v 0.6028071045875549 0.23909521102905273 -0.04578408598899841
v 0.5800336003303528 0.18621079623699188 -0.05065857619047165
v 0.5835806131362915 0.24253638088703156 -0.03767167031764984
v 0.5832950472831726 0.23969055712223053 -0.048911821097135544
v 0.601934552192688 0.23383428156375885 -0.05554015934467316
v 0.5823149681091309 0.23283466696739197 -0.058515071868896484
v 0.639909565448761 0.23919178545475006 -0.02969404309988022
v 0.6397711038589478 0.23530976474285126 -0.019049329683184624
v 0.5834051370620728 0.24191923439502716 -0.02663014456629753
v 0.598900318145752 0.19477447867393494 -0.0606594942510128
v 0.5798449516296387 0.19148898124694824 -0.06033940613269806
v 0.5796739459037781 0.20058470964431763 -0.06634431332349777
v 0.5988186001777649 0.20380975306034088 -0.06530188769102097
v 0.560851514339447 0.22044171392917633 -0.06704717129468918
v 0.5809160470962524 0.2223639339208603 -0.06453373283147812
v 0.5798280835151672 0.21125593781471252 -0.06726430356502533
v 0.6366720795631409 0.21948759257793427 -0.062372494488954544
v 0.562140703201294 0.2319740206003189 -0.06166590750217438
v 0.7148680090904236 0.19386665523052216 -0.024744361639022827
v 0.7194567918777466 0.19223527610301971 -0.015856418758630753
v 0.7106109857559204 0.18895815312862396 -0.01430340763181448
v 0.7056575417518616 0.1912715882062912 -0.023801185190677643
v 0.6905688643455505 0.18200325965881348 -0.008133452385663986
v 0.6988459229469299 0.18243710696697235 0.0011224361369386315
v 0.6925788521766663 0.18614578247070312 0.006756531540304422
v 0.6828412413597107 0.18585212528705597 -0.0013705657329410315
v 0.7229995131492615 0.19359444081783295 -0.007578943856060505
v 0.7146999835968018 0.1891109198331833 -0.00616898899897933
v 0.7220122814178467 0.19828860461711884 -0.0017883314285427332
v 0.7306918501853943 0.19802553951740265 -0.008112896233797073
v 0.7302348017692566 0.2047889232635498 -0.0047852154821157455
v 0.7378163933753967 0.20814315974712372 -0.006703746505081654
v 0.736336350440979 0.216234028339386 -0.01027326937764883
v 0.7250656485557556 0.21503183245658875 -0.006682596169412136
v 0.7190312147140503 0.22555960714817047 -0.028965523466467857
v 0.7326532602310181 0.2232303023338318 -0.029209692031145096
v 0.7300927639007568 0.22381514310836792 -0.03926779702305794
v 0.7162995934486389 0.22590865194797516 -0.03861136734485626
v 0.7211670875549316 0.21894069015979767 -0.055987052619457245
v 0.7086017727851868 0.2217440903186798 -0.053954754024744034
v 0.7127734422683716 0.2238873690366745 -0.04619360715150833
v 0.7265870571136475 0.22107352316379547 -0.04744812101125717
v 0.7088865041732788 0.19719800353050232 -0.03819814696907997
v 0.7108139395713806 0.19634787738323212 -0.03285215049982071
v 0.7015859484672546 0.19470997154712677 -0.03278637304902077
v 0.699282169342041 0.19591818749904633 -0.038601040840148926
v 0.7192603349685669 0.2013312578201294 0.007757942657917738
v 0.720541775226593 0.19789579510688782 0.0062012323178350925
v 0.7210708856582642 0.20518754422664642 -0.00040077485027723014
v 0.7158054709434509 0.20896972715854645 0.0012457951670512557
v 0.6749124526977539 0.18964241445064545 -0.04863464832305908
v 0.6744375824928284 0.1898883581161499 -0.0417790412902832
v 0.6643420457839966 0.1920344978570938 -0.03937925398349762
v 0.6639775037765503 0.1920415610074997 -0.047230858355760574
v 0.6685774326324463 0.18886227905750275 -0.015489148907363415
v 0.6652621030807495 0.1996546983718872 -0.007999079301953316
v 0.6588514447212219 0.20136015117168427 -0.012497241608798504
v 0.6637561917304993 0.1924421340227127 -0.02189626917243004
v 0.6746814846992493 0.186631977558136 -0.009035767987370491
v 0.680574893951416 0.1958831548690796 0.002496900502592325
v 0.6716942191123962 0.19748464226722717 -0.0031831376254558563
v 0.690960705280304 0.19427168369293213 0.009739688597619534
v 0.6628021001815796 0.1947752684354782 -0.05684151500463486
v 0.6703122854232788 0.192698135972023 -0.059980638325214386
v 0.7855246663093567 0.2026582807302475 -0.010766362771391869
v 0.780017614364624 0.20264607667922974 -0.010609323158860207
v 0.7806565165519714 0.20119133591651917 -0.015184448100626469
v 0.7862376570701599 0.2013942450284958 -0.0153813436627388
v 0.6690736413002014 0.21033082902431488 -0.06707178056240082
v 0.6628777384757996 0.20956169068813324 -0.06551171839237213
v 0.6642774343490601 0.21866025030612946 -0.06412315368652344
v 0.6708118915557861 0.2190471589565277 -0.0639769434928894
v 0.6771385669708252 0.21055373549461365 -0.06925307214260101
v 0.6795739531517029 0.21924611926078796 -0.06441636383533478
v 0.7877808213233948 0.21479667723178864 -0.010213140398263931
v 0.7819238305091858 0.21546757221221924 -0.010829092934727669
v 0.78104168176651 0.2113506942987442 -0.008480162359774113
v 0.7867567539215088 0.2106398642063141 -0.00815216638147831
v 0.723955512046814 0.19512799382209778 -0.024057265371084213
v 0.7281012535095215 0.1941632777452469 -0.015578249469399452
v 0.7456293106079102 0.1958269327878952 -0.017642952501773834
v 0.7444039583206177 0.19776101410388947 -0.012023376300930977
v 0.7364444732666016 0.1957593411207199 -0.013726271688938141
v 0.7345706820487976 0.19539201259613037 -0.022676395252346992
v 0.7270385026931763 0.19738899171352386 -0.041036155074834824
v 0.7313452959060669 0.1967768669128418 -0.03441851958632469
v 0.721103847026825 0.19739995896816254 -0.034727513790130615
v 0.7171225547790527 0.19793452322483063 -0.04132947698235512
v 0.7135448455810547 0.19539940357208252 -0.051649559289216995
v 0.7130873799324036 0.19335125386714935 -0.057077303528785706
v 0.7213628888130188 0.19345659017562866 -0.05803056061267853
v 0.7231001853942871 0.1955183446407318 -0.052026666700839996
v 0.7426425814628601 0.19688254594802856 -0.04751591756939888
v 0.7411912679672241 0.19643688201904297 -0.05262638255953789
v 0.7495971918106079 0.19926975667476654 -0.05317583680152893
v 0.7514603137969971 0.19924399256706238 -0.04827357828617096
v 0.6568617224693298 0.20995977520942688 -0.06450524181127548
v 0.6577650308609009 0.21917131543159485 -0.06393442302942276
v 0.7119318842887878 0.21233013272285461 -0.07161857187747955
v 0.7202560901641846 0.21057453751564026 -0.07495906203985214
v 0.7160497903823853 0.20359806716442108 -0.08025626093149185
v 0.7074109315872192 0.20562341809272766 -0.07694917172193527
v 0.6738216280937195 0.2257598489522934 -0.05754527822136879
v 0.6667969226837158 0.22652044892311096 -0.05803734064102173
v 0.7888928651809692 0.2168666571378708 -0.014862132258713245
v 0.7830278277397156 0.21779759228229523 -0.015391143038868904
v 0.6935386657714844 0.2037949562072754 0.008794212713837624
v 0.6825584173202515 0.20677801966667175 0.001343771000392735
v 0.6733404397964478 0.20908495783805847 -0.004555108491331339
v 0.666498064994812 0.21100866794586182 -0.007909761741757393
v 0.6599631905555725 0.21286144852638245 -0.009293412789702415
v 0.7393827438354492 0.19579081237316132 -0.027029842138290405
v 0.7183541655540466 0.19666993618011475 -0.031118711456656456
v 0.7071582674980164 0.1971362829208374 -0.041932910680770874
v 0.7013114094734192 0.19016093015670776 -0.06736280769109726
v 0.7040717005729675 0.19101345539093018 -0.06083935871720314
v 0.6973646283149719 0.1903780698776245 -0.05839447304606438
v 0.6936240792274475 0.1903211623430252 -0.06713543832302094
v 0.7060805559158325 0.1974261999130249 -0.07755971699953079
v 0.7147485017776489 0.19605228304862976 -0.0796537920832634
v 0.7160066962242126 0.19147467613220215 -0.07535593956708908
v 0.7078811526298523 0.1920744925737381 -0.07367854565382004
v 0.7174916863441467 0.2043592631816864 0.0111412787809968
v 0.710222601890564 0.20999695360660553 0.0046663652174174786
v 0.6687488555908203 0.20070427656173706 -0.06624319404363632
v 0.6622145175933838 0.20120850205421448 -0.0633038580417633
v 0.6562585830688477 0.2024417370557785 -0.0606599822640419
v 0.6865606307983398 0.19246187806129456 -0.04063883423805237
v 0.688117504119873 0.19216082990169525 -0.03705305606126785
v 0.6753901839256287 0.18818844854831696 -0.032324984669685364
v 0.6743550896644592 0.18960508704185486 -0.03751856088638306
v 0.6953087449073792 0.18621720373630524 -0.022225769236683846
v 0.7013162970542908 0.1842489093542099 -0.012385878711938858
v 0.6833097338676453 0.18315346539020538 -0.01786624640226364
v 0.6639975309371948 0.19182944297790527 -0.03217785432934761
v 0.6561439633369446 0.19518931210041046 -0.02994210086762905
v 0.6563241481781006 0.19470711052417755 -0.038113150745630264
v 0.6562557220458984 0.1954108625650406 -0.046516161412000656
v 0.6561304926872253 0.19771602749824524 -0.0548323430120945
v 0.6471444368362427 0.19647058844566345 -0.02913070097565651
v 0.647631824016571 0.1954120546579361 -0.037432167679071426
v 0.6479114294052124 0.1962181180715561 -0.046176791191101074
v 0.6481300592422485 0.19890497624874115 -0.053815510123968124
v 0.6502723693847656 0.22967973351478577 -0.05865244194865227
v 0.6592621803283691 0.2280302494764328 -0.05846235901117325
v 0.6493396759033203 0.21989664435386658 -0.06335210800170898
v 0.6492083072662354 0.20574668049812317 -0.013802937231957912
v 0.6476447582244873 0.20013464987277985 -0.02126680687069893
v 0.6566672921180725 0.1974794715642929 -0.02130330540239811
v 0.6512780785560608 0.21484120190143585 -0.01016235537827015
v 0.7051313519477844 0.18393364548683167 0.007522385101765394
v 0.7110797762870789 0.18620504438877106 0.003040686948224902
v 0.7156227231025696 0.18633931875228882 0.008302156813442707
v 0.7110819816589355 0.18445046246051788 0.012621773406863213
v 0.7375540137290955 0.2011137157678604 -0.008073060773313046
v 0.7447482943534851 0.20315863192081451 -0.008263135328888893
v 0.7454896569252014 0.20993827283382416 -0.007946792058646679
v 0.6783556342124939 0.19174785912036896 -0.06369884312152863
v 0.6824758052825928 0.1897474080324173 -0.05377453565597534
v 0.7479264140129089 0.19638556241989136 -0.022747371345758438
v 0.7749539017677307 0.21588954329490662 -0.011274064891040325
v 0.7629788517951965 0.21608151495456696 -0.011545184068381786
v 0.7617526650428772 0.21080385148525238 -0.008994181640446186
v 0.7741977572441101 0.21140478551387787 -0.008755183778703213
v 0.7566102147102356 0.20098884403705597 -0.02621871791779995
v 0.7643393874168396 0.20348353683948517 -0.02489766664803028
v 0.7619912624359131 0.1999077945947647 -0.020640617236495018
v 0.7543507814407349 0.19841419160366058 -0.021204939112067223
v 0.7388386726379395 0.1950022131204605 -0.058622170239686966
v 0.745807409286499 0.19721059501171112 -0.05898154154419899
v 0.7458289265632629 0.21848540008068085 -0.029610175639390945
v 0.7343292832374573 0.2222197949886322 -0.01903912052512169
v 0.7452977895736694 0.22077734768390656 -0.01962365210056305
v 0.7247018218040466 0.19684678316116333 -0.04683997482061386
v 0.7324021458625793 0.19552266597747803 -0.052344921976327896
v 0.7338385581970215 0.19636738300323486 -0.04725434258580208
v 0.742645263671875 0.19634495675563812 -0.029246676713228226
v 0.7389305830001831 0.1965773105621338 -0.03401414304971695
v 0.746372401714325 0.1975288689136505 -0.032811641693115234
v 0.7488316893577576 0.1975584775209427 -0.02725229039788246
v 0.6953546404838562 0.19721366465091705 -0.07526803016662598
v 0.6970555782318115 0.20814751088619232 -0.07415537536144257
v 0.7802086472511292 0.20667681097984314 -0.00838322564959526
v 0.785837709903717 0.20630097389221191 -0.00841528456658125
v 0.6487186551094055 0.21038618683815002 -0.06295275688171387
v 0.6483501195907593 0.20340634882450104 -0.05947036296129227
v 0.7149065136909485 0.1971137523651123 -0.04638627916574478
v 0.7214386463165283 0.22279120981693268 -0.01831694506108761
v 0.7053051590919495 0.19620166718959808 -0.045916177332401276
v 0.7363246083259583 0.21022506058216095 -0.06569361686706543
v 0.7436587810516357 0.21052394807338715 -0.06660129129886627
v 0.7430462837219238 0.20438356697559357 -0.06788849830627441
v 0.7356992959976196 0.2039646953344345 -0.0688965916633606
v 0.775779664516449 0.2057611048221588 -0.024090498685836792
v 0.7828317284584045 0.20688103139400482 -0.023684393614530563
v 0.7818295955657959 0.2029871791601181 -0.020149406045675278
v 0.7744213938713074 0.20179350674152374 -0.02011752501130104
v 0.7522959113121033 0.1978387087583542 -0.016380824148654938
v 0.7604840993881226 0.1988656222820282 -0.015795618295669556
v 0.7597532272338867 0.2009362429380417 -0.011272481642663479
v 0.7511330246925354 0.19966737926006317 -0.011514505371451378
v 0.7516783475875854 0.20465995371341705 -0.008915161713957787
v 0.7604804039001465 0.20561283826828003 -0.009010273963212967
v 0.7768047451972961 0.21173185110092163 -0.025159334763884544
v 0.7658307552337646 0.21013182401657104 -0.025963325053453445
v 0.7646927833557129 0.21655572950839996 -0.022910267114639282
v 0.7765867710113525 0.21696273982524872 -0.021598301827907562
v 0.6961051225662231 0.22466404736042023 -0.052061665803194046
v 0.704949676990509 0.21882417798042297 -0.06214475259184837
v 0.6929579377174377 0.22182349860668182 -0.05971585214138031
v 0.732444703578949 0.21698719263076782 -0.05821513384580612
v 0.7270374894142151 0.2111719846725464 -0.06627212464809418
v 0.7165555953979492 0.21563462913036346 -0.06435725092887878
v 0.7013027667999268 0.21521452069282532 -0.06856441497802734
v 0.7548515796661377 0.20943701267242432 -0.031982582062482834
v 0.753708004951477 0.21475349366664886 -0.03357752412557602
v 0.7548788189888 0.2147866040468216 -0.02583002857863903
v 0.7031340003013611 0.1938307136297226 -0.05187801271677017
v 0.7732155919075012 0.20636093616485596 -0.008549260906875134
v 0.671679675579071 0.22918906807899475 -0.01683327741920948
v 0.6796635389328003 0.22715628147125244 -0.016451094299554825
v 0.6814737915992737 0.23236365616321564 -0.028709640726447105
v 0.6723993420600891 0.23411601781845093 -0.027363920584321022
v 0.7731714248657227 0.200188547372818 -0.015066465362906456
v 0.7728495001792908 0.20172108709812164 -0.010584384202957153
v 0.737733781337738 0.19473938643932343 -0.0648876503109932
v 0.7384895086288452 0.196982741355896 -0.06978460401296616
v 0.74382483959198 0.19909155368804932 -0.06813875585794449
v 0.7440311908721924 0.1973397433757782 -0.06413006782531738
v 0.6900336742401123 0.21814928948879242 -0.06601176410913467
v 0.725622296333313 0.20905551314353943 -0.07810109108686447
v 0.7227383255958557 0.20145519077777863 -0.08287279307842255
v 0.6822687387466431 0.22455908358097076 -0.05812584608793259
v 0.6764392256736755 0.23002514243125916 -0.04875843599438667
v 0.6849939227104187 0.22767601907253265 -0.05017850175499916
v 0.7406423091888428 0.21719712018966675 -0.048301007598638535
v 0.699592649936676 0.2263975739479065 -0.044917088001966476
v 0.6877456307411194 0.22912505269050598 -0.04299098253250122
v 0.6782987713813782 0.23191238939762115 -0.0400996170938015
v 0.6708478331565857 0.23417210578918457 -0.038724109530448914
v 0.669264018535614 0.23168104887008667 -0.04821668937802315
v 0.7758409380912781 0.21837453544139862 -0.015976104885339737
v 0.783653736114502 0.21673178672790527 -0.02082725055515766
v 0.6513509750366211 0.2357751727104187 -0.049390919506549835
v 0.6610504388809204 0.23367799818515778 -0.04842747375369072
v 0.6525084376335144 0.23803067207336426 -0.03914817422628403
v 0.6625440716743469 0.23611916601657867 -0.03847762569785118
v 0.6927664279937744 0.2299274206161499 -0.02691034786403179
v 0.6906328201293945 0.2304692417383194 -0.035212114453315735
v 0.7057806849479675 0.22764068841934204 -0.028543654829263687
v 0.7027725577354431 0.22794455289840698 -0.0375077947974205
v 0.7425617575645447 0.22152681648731232 -0.03962308168411255
v 0.7980188727378845 0.2120979130268097 -0.021995335817337036
v 0.7973858714103699 0.20794598758220673 -0.022781386971473694
v 0.789071798324585 0.2073279172182083 -0.02339637093245983
v 0.7899178266525269 0.21211989223957062 -0.022908315062522888
v 0.7836297750473022 0.21209187805652618 -0.023995287716388702
v 0.789723813533783 0.21616677939891815 -0.01998121291399002
v 0.708098292350769 0.22419039905071259 -0.01767706871032715
v 0.753683865070343 0.2002723515033722 -0.03219933062791824
v 0.6928694248199463 0.2237825244665146 -0.014299726113677025
v 0.7027059197425842 0.21724314987659454 -0.0029801498167216778
v 0.7128668427467346 0.21835260093212128 -0.006196252070367336
v 0.6861732602119446 0.21667097508907318 -0.003364097559824586
v 0.6762592792510986 0.21942996978759766 -0.008310414850711823
v 0.6622495651245117 0.22253547608852386 -0.010949624702334404
v 0.6687507033348083 0.22114795446395874 -0.01044454239308834
v 0.6531395316123962 0.2243613451719284 -0.010926768183708191
v 0.6967447996139526 0.2121264487504959 0.004006568342447281
v 0.7937777638435364 0.20132414996623993 -0.016195351257920265
v 0.7930868268013 0.20205718278884888 -0.011249284259974957
v 0.6642634868621826 0.23076900839805603 -0.016962425783276558
v 0.6542986035346985 0.23295076191425323 -0.017305226996541023
v 0.7070940136909485 0.18456977605819702 -0.0035937174689024687
v 0.6960053443908691 0.1948292851448059 -0.044975001364946365
v 0.6940317153930664 0.19271697103977203 -0.04934276267886162
v 0.6904255747795105 0.18985049426555634 -0.05623948574066162
v 0.6862573027610779 0.1907726526260376 -0.06591847538948059
v 0.6538491249084473 0.2381569743156433 -0.02784467115998268
v 0.6345235705375671 0.19464907050132751 -0.03616425022482872
v 0.6348061561584473 0.1948249638080597 -0.044992852956056595
v 0.6393623352050781 0.23897460103034973 -0.040824852883815765
v 0.7935478091239929 0.20533908903598785 -0.008535284548997879
v 0.7528408169746399 0.20557796955108643 -0.05238882452249527
v 0.7544587850570679 0.2049264907836914 -0.050360724329948425
v 0.7001278400421143 0.1864107996225357 0.012194715440273285
v 0.7077682018280029 0.18679291009902954 0.016696786507964134
v 0.711066722869873 0.1985536813735962 0.018859729170799255
v 0.7023203372955322 0.20104216039180756 0.014579493552446365
v 0.6994685530662537 0.19306519627571106 0.015121175907552242
v 0.7082914113998413 0.19206880033016205 0.018909288570284843
v 0.6858708262443542 0.19213759899139404 -0.04355359822511673
v 0.6849734783172607 0.191183403134346 -0.04772929102182388
v 0.6867166757583618 0.21003563702106476 -0.07156679779291153
v 0.6853328347206116 0.1993808001279831 -0.07278992980718613
v 0.7527366876602173 0.2105245292186737 -0.008900127373635769
v 0.7535328269004822 0.21597138047218323 -0.012188058346509933
v 0.7456998825073242 0.21659313142299652 -0.011627878062427044
v 0.7635720372200012 0.21875935792922974 -0.017152979969978333
v 0.7583245635032654 0.20786187052726746 -0.027455361559987068
v 0.7563632726669312 0.20535679161548615 -0.031056804582476616
v 0.6910040974617004 0.19002960622310638 -0.030993428081274033
v 0.6785263419151306 0.18581360578536987 -0.026043588295578957
v 0.7191083431243896 0.1920263022184372 0.005136091262102127
v 0.7162555456161499 0.1908523291349411 0.00022369729413185269
v 0.7356399893760681 0.19668687880039215 -0.040737904608249664
v 0.7521167397499084 0.21668940782546997 -0.04628077521920204
v 0.7523062229156494 0.2196815311908722 -0.039592865854501724
v 0.7437009215354919 0.1972542405128479 -0.040303412824869156
v 0.7947928309440613 0.2094079852104187 -0.008134204894304276
v 0.7959118485450745 0.21360883116722107 -0.010103186592459679
v 0.7539200782775879 0.2191322296857834 -0.018645787611603737
v 0.7303179502487183 0.19374597072601318 -0.058555640280246735
v 0.7537873983383179 0.21124587953090668 -0.04932113364338875
v 0.7471604347229004 0.21340419352054596 -0.05238829553127289
v 0.7209126353263855 0.1953388750553131 -0.08111923187971115
v 0.6643471121788025 0.2361622303724289 -0.027160143479704857
v 0.7875117063522339 0.2030511498451233 -0.020441368222236633
v 0.7952557802200317 0.20328807830810547 -0.02090233750641346
v 0.7974948883056641 0.21507979929447174 -0.01936124823987484
v 0.796553909778595 0.21588273346424103 -0.014774192124605179
v 0.676617443561554 0.20038922131061554 -0.06956227868795395
v 0.6974952220916748 0.19571420550346375 -0.04185846075415611
v 0.6349450945854187 0.1971316933631897 -0.05300811678171158
v 0.7055941820144653 0.2078317552804947 0.010416662320494652
v 0.7145261168479919 0.20394355058670044 0.015762878581881523
v 0.7510942220687866 0.19871406257152557 -0.040306270122528076
v 0.7304019927978516 0.20779675245285034 -0.07190713286399841
v 0.7506653070449829 0.21453243494033813 -0.0552755668759346
v 0.7464551329612732 0.2158568948507309 -0.0613790899515152
v 0.740282416343689 0.21601557731628418 -0.059990979731082916
v 0.7537553310394287 0.20999079942703247 -0.053708408027887344
v 0.8033169507980347 0.21540987491607666 -0.014578188769519329
v 0.8040179014205933 0.21462589502334595 -0.019057268276810646
v 0.8029389381408691 0.2131848931312561 -0.00986920204013586
v 0.8012689352035522 0.2089529037475586 -0.008332181721925735
v 0.7994498610496521 0.20512807369232178 -0.0088802520185709
v 0.8042779564857483 0.21187594532966614 -0.021592341363430023
v 0.8033509254455566 0.20802101492881775 -0.022297363728284836
v 0.8007238507270813 0.20356307923793793 -0.02053030952811241
v 0.8097289800643921 0.21132296323776245 -0.02158532477915287
v 0.8106369972229004 0.213922917842865 -0.018886268138885498
v 0.815591037273407 0.210905984044075 -0.009308191947638988
v 0.8171170353889465 0.21283794939517975 -0.011252210475504398
v 0.8135499954223633 0.21342991292476654 -0.011589203961193562
v 0.8102269768714905 0.21279793977737427 -0.009928196668624878
v 0.8203750252723694 0.2099270224571228 -0.009928181767463684
v 0.8216390609741211 0.21240100264549255 -0.011623211205005646
v 0.8173450231552124 0.2143399715423584 -0.014638225547969341
v 0.8128899931907654 0.21447491645812988 -0.014324229210615158
v 0.8222310543060303 0.2140669822692871 -0.015144233591854572
v 0.8217430710792542 0.21325898170471191 -0.018656278029084206
v 0.8170599937438965 0.2133549600839615 -0.01801327057182789
v 0.8134059906005859 0.21390394866466522 -0.0170962605625391
v 0.8092269897460938 0.21495886147022247 -0.014370216988027096
v 0.8245660662651062 0.20968903601169586 -0.011807198636233807
v 0.8268421292304993 0.21031402051448822 -0.015891242772340775
v 0.8262370824813843 0.21323099732398987 -0.015564238652586937
v 0.8247711062431335 0.2120550125837326 -0.012364211492240429
v 0.8072879314422607 0.20864491164684296 -0.008581197820603848
v 0.8138499855995178 0.20775796473026276 -0.00913119688630104
v 0.8192380666732788 0.20693303644657135 -0.010153204202651978
v 0.8234330415725708 0.2068200558423996 -0.012412216514348984
v 0.8129130005836487 0.20446902513504028 -0.010127220302820206
v 0.818543016910553 0.20454107224941254 -0.011654221452772617
v 0.8219260573387146 0.2048000693321228 -0.013755245134234428
v 0.8127109408378601 0.20232312381267548 -0.012800239026546478
v 0.818323016166687 0.20324914157390594 -0.01405224297195673
v 0.8052019476890564 0.20492598414421082 -0.009240218438208103
v 0.8042398691177368 0.20221509039402008 -0.011866257525980473
v 0.8208200335502625 0.20402611792087555 -0.0149882473051548
v 0.8254830837249756 0.20767101645469666 -0.016519250348210335
v 0.8160600066184998 0.21232494711875916 -0.020483285188674927
v 0.8210630416870117 0.2115439772605896 -0.02083928883075714
v 0.8153830170631409 0.2103179693222046 -0.021956315264105797
v 0.8204910159111023 0.20951499044895172 -0.02188129350543022
v 0.825157105922699 0.21311600506305695 -0.018770268186926842
v 0.8252061009407043 0.2110300213098526 -0.019949287176132202
v 0.7985588312149048 0.2021251618862152 -0.011554274708032608
v 0.7991438508033752 0.20174619555473328 -0.016504304483532906
v 0.804693877696991 0.2017611414194107 -0.016471266746520996
v 0.8129159808158875 0.20184512436389923 -0.017221251502633095
v 0.8062179088592529 0.20387409627437592 -0.020400291308760643
v 0.808773934841156 0.2078150361776352 -0.022186314687132835
v 0.8147040009498596 0.20753704011440277 -0.022201303392648697
v 0.8135379552841187 0.20416206121444702 -0.020894287154078484
v 0.8195760250091553 0.20704902708530426 -0.021689290180802345
v 0.8188320398330688 0.20465606451034546 -0.02040628343820572
v 0.818526029586792 0.20322909951210022 -0.01746625266969204
v 0.8226660490036011 0.206431046128273 -0.020200278609991074
v 0.8241500854492188 0.20864705741405487 -0.020429283380508423
v 0.8234070539474487 0.2056800127029419 -0.017043257132172585
v 0.8213430643081665 0.20437705516815186 -0.01737026870250702
v 0.8212920427322388 0.2050580531358719 -0.019517283886671066
v 0.7916986346244812 0.2037259340286255 -0.042030517011880875
v 0.78445965051651 0.20403268933296204 -0.04064340889453888
v 0.7840164303779602 0.20310017466545105 -0.04500260949134827
v 0.7914315462112427 0.203014075756073 -0.04657164588570595
v 0.7919798493385315 0.21558134257793427 -0.03929543495178223
v 0.7852668762207031 0.21629220247268677 -0.03859729692339897
v 0.7852608561515808 0.21131320297718048 -0.03697623685002327
v 0.7920228242874146 0.21033243834972382 -0.03805144503712654
v 0.7913069128990173 0.21794241666793823 -0.04468159377574921
v 0.7846809029579163 0.2189033031463623 -0.04400859400629997
v 0.7773839831352234 0.21670612692832947 -0.037273261696100235
v 0.7637150287628174 0.21553869545459747 -0.0354929119348526
v 0.763795793056488 0.20988990366458893 -0.0343158133327961
v 0.7774168848991394 0.21132491528987885 -0.03589402511715889
v 0.7623721361160278 0.20556031167507172 -0.05034523457288742
v 0.76091468334198 0.2020767778158188 -0.0468171164393425
v 0.7849247455596924 0.2069893330335617 -0.03821629285812378
v 0.7919747233390808 0.2062387615442276 -0.03923146426677704
v 0.7760664820671082 0.2068823277950287 -0.05171002075076103
v 0.7845805883407593 0.20753113925457 -0.052928902208805084
v 0.7841663360595703 0.20433740317821503 -0.04955494403839111
v 0.7755510807037354 0.20348860323429108 -0.0482039712369442
v 0.7607696652412415 0.20086577534675598 -0.041057780385017395
v 0.7618711590766907 0.20179010927677155 -0.03568731248378754
v 0.7632114291191101 0.20540545880794525 -0.034094907343387604
v 0.776623547077179 0.2121157944202423 -0.052386000752449036
v 0.7634104490280151 0.21164287626743317 -0.050647955387830734
v 0.7631617188453674 0.21724262833595276 -0.04734596610069275
v 0.7768807411193848 0.2171584516763687 -0.049297917634248734
v 0.776853621006012 0.20673128962516785 -0.03655112162232399
v 0.775316059589386 0.20242944359779358 -0.043138690292835236
v 0.7760644555091858 0.2033998966217041 -0.03874227777123451
v 0.7768160104751587 0.21922624111175537 -0.042971666902303696
v 0.7847487926483154 0.2166435420513153 -0.05024482309818268
v 0.801341712474823 0.21209773421287537 -0.054227832704782486
v 0.8015956878662109 0.20809389650821686 -0.05499579384922981
v 0.7918596863746643 0.20763885974884033 -0.054084885865449905
v 0.7920127511024475 0.2120766043663025 -0.05380784720182419
v 0.7849166989326477 0.21207673847675323 -0.05313389375805855
v 0.791523814201355 0.21617157757282257 -0.050582751631736755
v 0.8020306825637817 0.20295001566410065 -0.04874661564826965
v 0.8020087480545044 0.2032790333032608 -0.04395156353712082
v 0.802149772644043 0.20550581812858582 -0.040984537452459335
v 0.7632350325584412 0.21973823010921478 -0.040918540209531784
v 0.8018878102302551 0.20926865935325623 -0.03989256173372269
v 0.8014798760414124 0.21438142657279968 -0.040786564350128174
v 0.7915985584259033 0.20430918037891388 -0.05107878893613815
v 0.801621675491333 0.20443904399871826 -0.05284671485424042
v 0.8007458448410034 0.21552760899066925 -0.05123978108167648
v 0.8004359006881714 0.2170514315366745 -0.045783620327711105
v 0.8084179162979126 0.21612747013568878 -0.04710668325424194
v 0.8083798289299011 0.2147776484489441 -0.052028801292181015
v 0.8094378709793091 0.21384164690971375 -0.042249586433172226
v 0.8090538382530212 0.20907774567604065 -0.04117963835597038
v 0.8085418343544006 0.2056349217891693 -0.042242586612701416
v 0.80865877866745 0.21213077008724213 -0.054541781544685364
v 0.8084047436714172 0.20866981148719788 -0.05529375746846199
v 0.8077587485313416 0.2049490213394165 -0.053528692573308945
v 0.8155628442764282 0.2119777351617813 -0.05541379004716873
v 0.8164878487586975 0.21445168554782867 -0.053296759724617004
v 0.8288630247116089 0.21158583462238312 -0.04630667716264725
v 0.8293070197105408 0.21425175666809082 -0.047852687537670135
v 0.8242319822311401 0.2141627073287964 -0.04687967523932457
v 0.8233240246772766 0.21222274005413055 -0.04470464214682579
v 0.8205519318580627 0.21463564038276672 -0.04663067311048508
v 0.8175259232521057 0.21377168595790863 -0.04413764923810959
v 0.8240609765052795 0.21535567939281464 -0.050314709544181824
v 0.819784939289093 0.21527265012264252 -0.04942172020673752
v 0.8296170234680176 0.21631772816181183 -0.05151771381497383
v 0.8286579847335815 0.21519768238067627 -0.05482175201177597
v 0.8232299089431763 0.21457169950008392 -0.0532517246901989
v 0.8196399211883545 0.2146146595478058 -0.052127763628959656
v 0.8334980607032776 0.21200384199619293 -0.04878568276762962
v 0.8331210613250732 0.21447381377220154 -0.04894870147109032
v 0.8155789375305176 0.21569056808948517 -0.04857770726084709
v 0.8152468800544739 0.20931373536586761 -0.04266863316297531
v 0.8221929669380188 0.2088848501443863 -0.04412466660141945
v 0.8284140229225159 0.20870788395404816 -0.04628864675760269
v 0.8328540325164795 0.20915487408638 -0.04925466701388359
v 0.8214359283447266 0.20553691685199738 -0.04506060108542442
v 0.8277040123939514 0.2061479240655899 -0.047360632568597794
v 0.8312300443649292 0.2070959061384201 -0.050196677446365356
v 0.8208789229393005 0.20331794023513794 -0.04798359051346779
v 0.8270009756088257 0.20463892817497253 -0.0498916395008564
v 0.8138179183006287 0.2056289166212082 -0.04343264177441597
v 0.8129968643188477 0.2034609466791153 -0.04619159176945686
v 0.8297799825668335 0.20607289671897888 -0.05122066289186478
v 0.8344000577926636 0.21049779653549194 -0.05318070203065872
v 0.8355870842933655 0.21343979239463806 -0.05289172753691673
v 0.8347530364990234 0.21656480431556702 -0.05234372243285179
v 0.822533905506134 0.2132236659526825 -0.05492975935339928
v 0.8283049464225769 0.21322770416736603 -0.05600973963737488
v 0.8221428990364075 0.21180769801139832 -0.05656975507736206
v 0.8280199766159058 0.2117367535829544 -0.05718674883246422
v 0.832874059677124 0.21564273536205292 -0.05551574379205704
v 0.8331520557403564 0.21373777091503143 -0.05614074692130089
v 0.8080718517303467 0.20355595648288727 -0.045178573578596115
v 0.8077557682991028 0.2032710313796997 -0.04952564835548401
v 0.812656819820404 0.20306998491287231 -0.05046362802386284
v 0.820487916469574 0.20320993661880493 -0.05235668271780014
v 0.8128117918968201 0.2050308734178543 -0.054353732615709305
v 0.8144598007202148 0.2088458240032196 -0.05608076974749565
v 0.8212568759918213 0.2091587781906128 -0.05697179213166237
v 0.820426881313324 0.20570582151412964 -0.0557667575776577
v 0.8270179629325867 0.2094927728176117 -0.057129744440317154
v 0.8263019323348999 0.20676980912685394 -0.05613376572728157
v 0.8264689445495605 0.20472587645053864 -0.0534307099878788
v 0.8309159874916077 0.20920678973197937 -0.05625072866678238
v 0.8325120210647583 0.21138477325439453 -0.05652874335646629
v 0.8322950005531311 0.2081948220729828 -0.053442709147930145
v 0.8299099802970886 0.20646584033966064 -0.05361073091626167
v 0.8293139934539795 0.20744383335113525 -0.05562775209546089
v 0.7791059613227844 0.20262959599494934 -0.06462413817644119
v 0.7736198902130127 0.20307062566280365 -0.0628410130739212
v 0.7719596028327942 0.20072680711746216 -0.06669105589389801
v 0.7776597142219543 0.2001436948776245 -0.06860209256410599
v 0.779490053653717 0.21341919898986816 -0.06550002098083496
v 0.7731220126152039 0.21448808908462524 -0.06300795823335648
v 0.7744590640068054 0.21088619530200958 -0.061078030616045
v 0.7802320718765259 0.21038630604743958 -0.06351698935031891
v 0.7781969904899597 0.2144252359867096 -0.0699549987912178
v 0.7712539434432983 0.21549811959266663 -0.06809999793767929
v 0.7667071223258972 0.21482105553150177 -0.060717783868312836
v 0.7572881579399109 0.21468394994735718 -0.057823698967695236
v 0.7590381503105164 0.2098010629415512 -0.05596565455198288
v 0.7684850692749023 0.21066613495349884 -0.0586489699780941
v 0.7745659947395325 0.20686139166355133 -0.0610990971326828
v 0.780193030834198 0.20660650730133057 -0.06321809440851212
v 0.7629984617233276 0.2017887681722641 -0.07204524427652359
v 0.7699346542358398 0.20260344445705414 -0.07409518212080002
v 0.7706394791603088 0.20066888630390167 -0.07094843685626984
v 0.7637131214141846 0.20007112622261047 -0.06864440441131592
v 0.7535250186920166 0.19910919666290283 -0.061008237302303314
v 0.7561396956443787 0.2012094408273697 -0.05715586617588997
v 0.7583149075508118 0.2049930989742279 -0.05589183792471886
v 0.7628047466278076 0.20646606385707855 -0.07381812483072281
v 0.7517396211624146 0.2054002732038498 -0.07021725177764893
v 0.752383828163147 0.2116698920726776 -0.0689491480588913
v 0.7629488706588745 0.21238595247268677 -0.07173697650432587
v 0.7687339782714844 0.20619533956050873 -0.05882904678583145
v 0.7653193473815918 0.19988694787025452 -0.06442622095346451
v 0.7673978209495544 0.20233242213726044 -0.060576990246772766
v 0.7642560601234436 0.21574001014232635 -0.06607293337583542
v 0.7698808908462524 0.2122630625963211 -0.07329010218381882
v 0.7862238883972168 0.2076423019170761 -0.07925807684659958
v 0.7860598564147949 0.20354729890823364 -0.07916814833879471
v 0.7760777473449707 0.20267140865325928 -0.07636015117168427
v 0.7761457562446594 0.2071082592010498 -0.07710008323192596
v 0.7696067094802856 0.20679815113544464 -0.07553298026323318
v 0.776952862739563 0.2119171917438507 -0.07476199418306351
v 0.786693811416626 0.19994261860847473 -0.0716671347618103
v 0.787886917591095 0.20179863274097443 -0.06756910681724548
v 0.7887589931488037 0.2056456357240677 -0.06614214926958084
v 0.7545000910758972 0.21593084931373596 -0.06339498609304428
v 0.7514811158180237 0.20044197142124176 -0.06871543824672699
v 0.7890830636024475 0.2090693563222885 -0.06643403321504593
v 0.7888050675392151 0.21198229491710663 -0.06824003159999847
v 0.7764406204223633 0.20032963156700134 -0.07312329858541489
v 0.785804808139801 0.2006385177373886 -0.07620922476053238
v 0.7867189645767212 0.21152129769325256 -0.07686302810907364
v 0.7875201106071472 0.21360227465629578 -0.07238401472568512
v 0.7942091226577759 0.21301928162574768 -0.07410204410552979
v 0.7932609915733337 0.2114792913198471 -0.07861501723527908
v 0.7956691384315491 0.21160833537578583 -0.06996005773544312
v 0.795460045337677 0.2084205448627472 -0.06840509176254272
v 0.7945590019226074 0.20516866445541382 -0.06816111505031586
v 0.7928239703178406 0.20774035155773163 -0.08077505975961685
v 0.792513906955719 0.20420236885547638 -0.08051507920026779
v 0.7914419174194336 0.20112140476703644 -0.07769418507814407
v 0.7976509928703308 0.2075863480567932 -0.08226308971643448
v 0.7992410063743591 0.2108813375234604 -0.0800570547580719
v 0.8123192191123962 0.20942345261573792 -0.07412516325712204
v 0.8122432231903076 0.21086834371089935 -0.07582616060972214
v 0.8077531456947327 0.21065638959407806 -0.07455115765333176
v 0.8076971769332886 0.20975343883037567 -0.07253514975309372
v 0.8043471574783325 0.21140237152576447 -0.07393212616443634
v 0.8019751310348511 0.2112194001674652 -0.07180310785770416
v 0.8070571422576904 0.21226933598518372 -0.0777641236782074
v 0.8030121326446533 0.21215930581092834 -0.07648909091949463
v 0.8116061687469482 0.21232233941555023 -0.07927815616130829
v 0.8097301721572876 0.21072034537792206 -0.08251315355300903
v 0.8053120970726013 0.21052931249141693 -0.08080112934112549
v 0.8022981286048889 0.21134832501411438 -0.07927011698484421
v 0.8158672451972961 0.20955544710159302 -0.07662715762853622
v 0.8152542114257812 0.21121938526630402 -0.07724116742610931
v 0.7995111346244812 0.21240130066871643 -0.07548806071281433
v 0.8007071018218994 0.20806245505809784 -0.0698431134223938
v 0.8067681789398193 0.20723047852516174 -0.07135912775993347
v 0.8118281960487366 0.20686647295951843 -0.0733671560883522
v 0.8150162100791931 0.2067294716835022 -0.07625216245651245
v 0.805553138256073 0.20417648553848267 -0.07160510867834091
v 0.810664176940918 0.2041664719581604 -0.07382011413574219
v 0.813319206237793 0.20434343814849854 -0.07638416439294815
v 0.8042020797729492 0.20151449739933014 -0.07306608557701111
v 0.8095001578330994 0.20211045444011688 -0.07523810118436813
v 0.7993780970573425 0.20473553240299225 -0.0698050782084465
v 0.7976869940757751 0.20193856954574585 -0.07122108340263367
v 0.811795175075531 0.2030114382505417 -0.07688615471124649
v 0.8154091835021973 0.20679843425750732 -0.08069717139005661
v 0.8164282441139221 0.20993341505527496 -0.08088216930627823
v 0.8155472278594971 0.21242138743400574 -0.08062217384576797
v 0.8040320873260498 0.20931433141231537 -0.08266409486532211
v 0.8088541030883789 0.20895633101463318 -0.08388011157512665
v 0.8029720187187195 0.20686838030815125 -0.08338910341262817
v 0.8082001209259033 0.2067553699016571 -0.0842781513929367
v 0.8131191730499268 0.21113038063049316 -0.08309116959571838
v 0.8130761981010437 0.20945340394973755 -0.0838201567530632
v 0.7932049632072449 0.20206062495708466 -0.06956811249256134
v 0.7918238639831543 0.2004506140947342 -0.07323209196329117
v 0.7962879538536072 0.20052354037761688 -0.07449809461832047
v 0.803043007850647 0.20037348568439484 -0.07662507146596909
v 0.7957579493522644 0.20129741728305817 -0.07875312864780426
v 0.7968040108680725 0.20420539379119873 -0.0814460963010788
v 0.8022750616073608 0.20405839383602142 -0.08272210508584976
v 0.802033007144928 0.20142841339111328 -0.08039912581443787
v 0.8076590895652771 0.20429138839244843 -0.08347012847661972
v 0.8075171113014221 0.2021184116601944 -0.08155211806297302
v 0.8084021210670471 0.20127445459365845 -0.0783231109380722
v 0.8112571239471436 0.20458044111728668 -0.08284015208482742
v 0.8122671842575073 0.2069804072380066 -0.08374915271997452
v 0.8133951425552368 0.20438744127750397 -0.07996516674757004
v 0.8113871216773987 0.2027144432067871 -0.07929614186286926
v 0.8103061318397522 0.20295442640781403 -0.08158612996339798
v 0.751842737197876 0.19911956787109375 -0.06509655714035034
v 0.7538464665412903 0.19631589949131012 -0.0869380384683609
v 0.7499356269836426 0.19683171808719635 -0.08410286903381348
v 0.7479652762413025 0.19492697715759277 -0.08669278770685196
v 0.7517822980880737 0.19431696832180023 -0.08950798213481903
v 0.7540384531021118 0.20594435930252075 -0.08987206220626831
v 0.749629557132721 0.20698422193527222 -0.08672591298818588
v 0.7512146830558777 0.20404227077960968 -0.08374391496181488
v 0.7555465698242188 0.20334948599338531 -0.08693303167819977
v 0.7513742446899414 0.2058914452791214 -0.09428104013204575
v 0.746715247631073 0.20686845481395721 -0.09139209240674973
v 0.7444016933441162 0.20716612040996552 -0.0829356238245964
v 0.7360158562660217 0.20755508542060852 -0.07666123658418655
v 0.7387059330940247 0.20350681245326996 -0.07461006194353104
v 0.7461737990379333 0.20395101606845856 -0.08006861060857773
v 0.7257072329521179 0.1949615180492401 -0.08214771002531052
v 0.7315382957458496 0.1949305683374405 -0.0849326029419899
v 0.7336493134498596 0.19349661469459534 -0.08180239051580429
v 0.7271939516067505 0.19274187088012695 -0.07852873206138611
v 0.7512566447257996 0.20016944408416748 -0.082908034324646
v 0.7552966475486755 0.19967857003211975 -0.08612507581710815
v 0.7396395802497864 0.19540955126285553 -0.08987241238355637
v 0.7442398071289062 0.19560539722442627 -0.09318806231021881
v 0.746027946472168 0.19445030391216278 -0.08994896709918976
v 0.7417067289352417 0.19402441382408142 -0.08677101880311966
v 0.7302661538124084 0.19229863584041595 -0.07479836046695709
v 0.7360138893127441 0.19371819496154785 -0.07865297794342041
v 0.7380011677742004 0.19574089348316193 -0.07578388601541519
v 0.7339537739753723 0.193536177277565 -0.07144999504089355
v 0.7392497658729553 0.1987602859735489 -0.07470034807920456
v 0.7384936809539795 0.19878911972045898 -0.09178431332111359
v 0.7301666140556335 0.1982310265302658 -0.08665251731872559
v 0.729550838470459 0.20330670475959778 -0.08651334047317505
v 0.7389059662818909 0.20349572598934174 -0.09149616956710815
v 0.7465656995773315 0.19998033344745636 -0.07964280992746353
v 0.7436801195144653 0.19450418651103973 -0.08363281935453415
v 0.7454913854598999 0.19671177864074707 -0.08085976541042328
v 0.7413122057914734 0.20736154913902283 -0.08746915310621262
v 0.7443040609359741 0.20329464972019196 -0.09481915831565857
v 0.7533841729164124 0.1976858526468277 -0.10205401480197906
v 0.7536290884017944 0.19477017223834991 -0.1003500297665596
v 0.748138964176178 0.19514328241348267 -0.09635297954082489
v 0.7475420236587524 0.19842089712619781 -0.09840501099824905
v 0.743398904800415 0.19890888035297394 -0.09528904408216476
v 0.7487150430679321 0.20268872380256653 -0.09781896322965622
v 0.75704026222229 0.19366507232189178 -0.09327993541955948
v 0.7593644261360168 0.19563204050064087 -0.09079103171825409
v 0.7606796026229858 0.19883976876735687 -0.08998414129018784
v 0.732198178768158 0.20857863128185272 -0.081699900329113
v 0.7611945867538452 0.20208464562892914 -0.09085505455732346
v 0.7600274682044983 0.20458558201789856 -0.09351210296154022
v 0.7498120665550232 0.19389422237873077 -0.09291297197341919
v 0.7550591230392456 0.193381205201149 -0.09691894054412842
v 0.7546571493148804 0.20156964659690857 -0.10135704278945923
v 0.7572332620620728 0.20455145835876465 -0.09767003357410431
v 0.7620012760162354 0.2040335088968277 -0.10055612772703171
v 0.7595352530479431 0.20108060538768768 -0.10418902337551117
v 0.7645454406738281 0.20374764502048492 -0.09627808630466461
v 0.7651505470275879 0.201378732919693 -0.09356910735368729
v 0.7643694877624512 0.1983218789100647 -0.09272710233926773
v 0.7580391764640808 0.1971038579940796 -0.10461299866437912
v 0.7580621838569641 0.1947430521249771 -0.10267404466867447
v 0.7588822245597839 0.19369010627269745 -0.09931592643260956
v 0.7624552845954895 0.19693568348884583 -0.10683099180459976
v 0.7645583152770996 0.20067159831523895 -0.10656504333019257
v 0.777007520198822 0.20044668018817902 -0.10168616473674774
v 0.7762165069580078 0.20166561007499695 -0.10324613749980927
v 0.7731724977493286 0.20192064344882965 -0.10187012702226639
v 0.7735175490379333 0.20120663940906525 -0.0997331440448761
v 0.770195484161377 0.2026566118001938 -0.10116011649370193
v 0.7688624858856201 0.20273859798908234 -0.09875109791755676
v 0.7714904546737671 0.20260658860206604 -0.10497113317251205
v 0.7683563828468323 0.20277859270572662 -0.10357307642698288
v 0.7749234437942505 0.2024925947189331 -0.10681413114070892
v 0.7731364369392395 0.20010055601596832 -0.10977111756801605
v 0.7697293758392334 0.20067253708839417 -0.10822714865207672
v 0.7673743963241577 0.2015625536441803 -0.10641912370920181
v 0.7794565558433533 0.20012769103050232 -0.10442212969064713
v 0.7784815430641174 0.20160362124443054 -0.10495013743638992
v 0.7657663822174072 0.20326055586338043 -0.10239803791046143
v 0.7689045071601868 0.2007446587085724 -0.09595514833927155
v 0.7734185457229614 0.1996556669473648 -0.09812216460704803
v 0.7776575684547424 0.1986217051744461 -0.1008211150765419
v 0.7795285582542419 0.1978137046098709 -0.10419509559869766
v 0.772367537021637 0.19737869501113892 -0.09761413186788559
v 0.7764475345611572 0.19651475548744202 -0.10059615224599838
v 0.7781315445899963 0.19590775668621063 -0.10364410281181335
v 0.7703954577445984 0.19513282179832458 -0.09801709651947021
v 0.7746835350990295 0.1947457641363144 -0.10099010169506073
v 0.7676125168800354 0.19814175367355347 -0.09488510340452194
v 0.765706479549408 0.19565092027187347 -0.09529415518045425
v 0.7766905426979065 0.19486276805400848 -0.1031671017408371
v 0.7787365317344666 0.19711068272590637 -0.10753409564495087
v 0.7789955139160156 0.19952666759490967 -0.10834214091300964
v 0.7779055237770081 0.20196962356567383 -0.10843613743782043
v 0.7683623433113098 0.19882455468177795 -0.10934807360172272
v 0.7725704312324524 0.19799059629440308 -0.11077310889959335
v 0.7670353055000305 0.19633762538433075 -0.10874199867248535
v 0.772261381149292 0.19579464197158813 -0.11002908647060394
v 0.7758744359016418 0.20030361413955688 -0.110488161444664
v 0.7762484550476074 0.1983676552772522 -0.11057411879301071
v 0.7627744078636169 0.19546400010585785 -0.0934450775384903
v 0.760770320892334 0.1937260627746582 -0.09571897238492966
v 0.763688325881958 0.1936580389738083 -0.09764401614665985
v 0.7684184312820435 0.1933359056711197 -0.1000991091132164
v 0.7622572779655457 0.19347499310970306 -0.1013060063123703
v 0.7617342472076416 0.19458986818790436 -0.1046220064163208
v 0.7667602896690369 0.1942327618598938 -0.10683402419090271
v 0.7670993208885193 0.19298484921455383 -0.10367503762245178
v 0.7720003724098206 0.19412672519683838 -0.10812903195619583
v 0.7722153663635254 0.19323280453681946 -0.10555606335401535
v 0.7731924653053284 0.19342383742332458 -0.10274013131856918
v 0.7756834030151367 0.19475974142551422 -0.107834093272686
v 0.7761744260787964 0.1962076723575592 -0.10957310348749161
v 0.7776094675064087 0.19537273049354553 -0.10623009502887726
v 0.7760794758796692 0.1943017691373825 -0.10477810353040695
v 0.7750364542007446 0.19400081038475037 -0.10624810308218002
v 0.7254611849784851 0.19781553745269775 -0.08401503413915634
v 0.7264086008071899 0.2012704610824585 0.016907377168536186
v 0.7277478575706482 0.19858498871326447 0.013229860924184322
v 0.7257422208786011 0.18889281153678894 0.011318443343043327
v 0.7223619818687439 0.18475259840488434 0.014114473946392536
v 0.7187532782554626 0.1839120090007782 0.01872987486422062
v 0.7173992991447449 0.1864689439535141 0.022589808329939842
v 0.718128502368927 0.19085657596588135 0.02464006282389164
v 0.7278496026992798 0.19437065720558167 0.011123506352305412
v 0.72368323802948 0.20149356126785278 0.021343518048524857
v 0.7203008532524109 0.1968945562839508 0.024510253220796585
v 0.7285026907920837 0.19562222063541412 0.030449140816926956
v 0.7315000295639038 0.20038816332817078 0.026795217767357826
v 0.7257174849510193 0.18938234448432922 0.030723849311470985
v 0.724285364151001 0.18482252955436707 0.02780081331729889
v 0.7245413064956665 0.1825827807188034 0.02294885739684105
v 0.7335900068283081 0.2004234790802002 0.021418031305074692
v 0.7340567111968994 0.19759491086006165 0.0169898122549057
v 0.7329825162887573 0.1927119493484497 0.014538638293743134
v 0.74037104845047 0.19955132901668549 0.026218058541417122
v 0.7411341667175293 0.19911304116249084 0.032992321997880936
v 0.7436290383338928 0.18524745106697083 0.040890082716941833
v 0.744047999382019 0.18896335363388062 0.042699117213487625
v 0.740556001663208 0.1893523633480072 0.04050803929567337
v 0.7390569448471069 0.18560846149921417 0.03885301575064659
v 0.7385549545288086 0.19041132926940918 0.03860998898744583
v 0.7347759008407593 0.18816439807415009 0.036323968321084976
v 0.7427930235862732 0.19452227652072906 0.04069611430168152
v 0.7406429648399353 0.19450728595256805 0.038478050380945206
v 0.7457420229911804 0.19807514548301697 0.038217172026634216
v 0.742836058139801 0.19779416918754578 0.0372161902487278
v 0.7460200190544128 0.19422531127929688 0.04345712810754776
v 0.7472450733184814 0.189103364944458 0.04445512220263481
v 0.7493210434913635 0.19293135404586792 0.044603150337934494
v 0.7481570839881897 0.18651743233203888 0.04292510449886322
v 0.7370489835739136 0.19468429684638977 0.03580506145954132
v 0.731349766254425 0.18356141448020935 0.03200595825910568
v 0.7380188703536987 0.18246649205684662 0.035628050565719604
v 0.744172990322113 0.18255050480365753 0.03815203905105591
v 0.7492790818214417 0.18457049131393433 0.039509065449237823
v 0.7385358214378357 0.18079064786434174 0.030709967017173767
v 0.7454419136047363 0.18197856843471527 0.03383198752999306
v 0.7496230006217957 0.18434752523899078 0.03561200574040413
v 0.7404757738113403 0.18235273659229279 0.026115963235497475
v 0.7465948462486267 0.18353770673274994 0.030486969277262688
v 0.7305046916007996 0.18141472339630127 0.026540866121649742
v 0.7318675518035889 0.1824638694524765 0.021057816222310066
v 0.749455988407135 0.1849275529384613 0.03290696069598198
v 0.7527951002120972 0.18882840871810913 0.03916510194540024
v 0.7521620988845825 0.19054636359214783 0.04303612560033798
v 0.7468740940093994 0.19883809983730316 0.034611184149980545
v 0.7485660314559937 0.19759121537208557 0.040586162358522415
v 0.7505121231079102 0.1976432502269745 0.03712916746735573
v 0.7468680739402771 0.19821929931640625 0.030053144320845604
v 0.7513560652732849 0.1961333453655243 0.03355610370635986
v 0.7507810592651367 0.19622431695461273 0.04265214875340462
v 0.7527620792388916 0.19524432718753815 0.0401771180331707
v 0.7268521785736084 0.18339300155639648 0.017831619828939438
v 0.730140209197998 0.18713107705116272 0.014872568659484386
v 0.7349836230278015 0.18663188815116882 0.018087806180119514
v 0.742688775062561 0.1863517463207245 0.023155849426984787
v 0.7383058071136475 0.19230476021766663 0.017887752503156662
v 0.7400569915771484 0.19726860523223877 0.02105998434126377
v 0.7466800212860107 0.1957433819770813 0.02612704411149025
v 0.74537593126297 0.1914975643157959 0.023230895400047302
v 0.7510610222816467 0.19364438951015472 0.030571099370718002
v 0.7498019933700562 0.1904965043067932 0.028762977570295334
v 0.7482409477233887 0.18665260076522827 0.028727902099490166
v 0.7525890469551086 0.1911153793334961 0.03377509489655495
v 0.7534500956535339 0.19314637780189514 0.036824099719524384
v 0.7519850730895996 0.18776540458202362 0.035570062696933746
v 0.7507799863815308 0.18718749284744263 0.0325080044567585
v 0.7514339685440063 0.1896515041589737 0.031818993389606476
v 0.722221314907074 0.19151242077350616 -0.07681035250425339
v 0.7250627875328064 0.19097496569156647 -0.07174769043922424
v 0.7182415723800659 0.19086581468582153 -0.0701306015253067
v 0.7098368406295776 0.190328910946846 -0.068668432533741
v 0.7009456753730774 0.19192422926425934 -0.07248848676681519
v 0.7119189500808716 0.19137105345726013 -0.06274549663066864
v 0.7202950716018677 0.19175373017787933 -0.06442391127347946
v 0.7296052575111389 0.19247466325759888 -0.06618311256170273
v 0.70685213804245 0.1926994025707245 -0.05648527294397354
v 0.03707645833492279 0.4350722134113312 0.09595364332199097
v 0.04041353240609169 0.43396368622779846 0.09395971149206161
v 0.04164954647421837 0.42838412523269653 0.09114324301481247
v 0.03915818780660629 0.42803052067756653 0.09297876060009003
v 0.036047425121068954 0.4279327392578125 0.09475522488355637
v 0.032275233417749405 0.42805710434913635 0.09589964151382446
v 0.02682235650718212 0.43518418073654175 0.0971890240907669
v 0.03228980302810669 0.4356260895729065 0.09721685200929642
v 0.01743970811367035 0.42965027689933777 0.09418594837188721
v 0.01921991817653179 0.43109068274497986 0.0943838357925415
v 0.018174393102526665 0.4287683367729187 0.09447354823350906
v 0.024174153804779053 0.4285254180431366 0.09573456645011902
v 0.020501188933849335 0.428844690322876 0.09474775195121765
v 0.044189196079969406 0.4315829873085022 0.09011354297399521
v 0.04498036578297615 0.4305020570755005 0.0889042466878891
v 0.04262762516736984 0.43279802799224854 0.0919761061668396
v 0.02814972959458828 0.42824986577033997 0.09620963782072067
v 0.044673215597867966 0.42956656217575073 0.08861817419528961
v 0.043486639857292175 0.42888960242271423 0.0894375815987587
v 0.022276492789387703 0.4336155951023102 0.09575621783733368
v 0.036300837993621826 0.4301203489303589 0.09480397403240204
v 0.03242575749754906 0.4302573502063751 0.09610677510499954
v 0.02768767811357975 0.43288806080818176 0.09695737808942795
v 0.03250730410218239 0.432993620634079 0.0966205894947052
v 0.02444910816848278 0.4301955997943878 0.09608941525220871
v 0.021998105570673943 0.4300285875797272 0.09527092427015305
v 0.03924354538321495 0.4299010634422302 0.09307393431663513
v 0.028212375938892365 0.430356502532959 0.09655795991420746
v 0.03676498308777809 0.4325468838214874 0.09514899551868439
v 0.021503129974007607 0.43101218342781067 0.09524272382259369
v 0.0236702561378479 0.4320437014102936 0.09620323032140732
v 0.044203002005815506 0.43038323521614075 0.08945847302675247
v 0.04400120675563812 0.42998838424682617 0.08934053033590317
v 0.016616269946098328 0.197914719581604 0.07416430860757828
v 0.01661461964249611 0.1813650131225586 0.08434312790632248
v 0.039785731583833694 0.4319375157356262 0.09334591031074524
v 0.0430171974003315 0.4298647344112396 0.0901736468076706
v 0.04142938181757927 0.4298538565635681 0.091499924659729
v 0.041827548295259476 0.43132469058036804 0.0916755199432373
v 0.043324679136276245 0.43077993392944336 0.09029808640480042
v 0.27697184681892395 0.221879780292511 0.019245877861976624
v 0.2779237926006317 0.20553527772426605 0.02037876285612583
v 0.27834221720695496 0.2541384994983673 -0.021180668845772743
v 0.2736285328865051 0.2497553527355194 -0.04215572401881218
v 0.05951733887195587 -0.07223322242498398 0.14157035946846008
v 0.10513056069612503 -0.0329333059489727 -0.053553257137537
v 0.10659200698137283 -0.0153129817917943 -0.059912633150815964
v 0.03693827614188194 -0.017126938328146935 -0.08298374712467194
v 0.05574114993214607 -0.020877987146377563 -0.08047132939100266
v 0.1355690360069275 -0.029781537130475044 0.048791587352752686
v 0.13524577021598816 -0.04833294451236725 0.05330095440149307
v 0.09824664890766144 -0.034934692084789276 0.10264181345701218
v 0.09675531834363937 -0.05472849681973457 0.1069483831524849
v 0.12601131200790405 -0.06961571425199509 0.07949225604534149
v 0.07806576788425446 -0.06410479545593262 -0.0658545196056366
v 0.07513253390789032 -0.04503140598535538 -0.06965770572423935
v 0.09191380441188812 -0.04791774973273277 -0.060748595744371414
v 0.09551849961280823 -0.06613706797361374 -0.05765076354146004
v 0.018324116244912148 -0.03547927364706993 -0.07350078970193863
v 0.01817849837243557 -0.014408358372747898 -0.08041109889745712
v 0.14155936241149902 -0.009704460389912128 0.02181076630949974
v 0.14026837050914764 -0.008454853668808937 -0.0030945041216909885
v 0.12195077538490295 -0.003319371724501252 -0.04620833694934845
v 0.10801348090171814 0.0017890604212880135 -0.0624505952000618
v 0.07550834864377975 0.015411276370286942 -0.08385834097862244
v 0.0925900861620903 0.008556094951927662 -0.07450718432664871
v 0.08544137328863144 -0.014119361527264118 0.11491666734218597
v 0.06922725588083267 0.005018743686378002 0.12335684895515442
v 0.1366063505411148 -0.01093501877039671 0.04620940983295441
v 0.0254692230373621 -0.011680920608341694 0.14163246750831604
v 0.037838924676179886 0.0485696941614151 -0.10145723074674606
v 0.05986413732171059 0.04455674812197685 -0.09729810804128647
v 0.13315683603286743 -0.006502856034785509 -0.025931458920240402
v 0.032088037580251694 0.14126068353652954 0.11355021595954895
v 0.03240816667675972 0.12591327726840973 0.12370500713586807
v 0.04906599223613739 0.12954291701316833 0.1228497251868248
v 0.048966094851493835 0.1445235311985016 0.11183163523674011
v 0.06521616876125336 0.13216038048267365 0.12110748887062073
v 0.08078278601169586 0.13375230133533478 0.11763894557952881
v 0.0948273167014122 0.1343391090631485 0.11286890506744385
v 0.12729328870773315 0.13077394664287567 0.09494064748287201
v 0.1180305927991867 0.13271038234233856 0.101404570043087
v 0.14205674827098846 0.1244661808013916 0.08039725571870804
v 0.135228231549263 0.12848207354545593 0.08803783357143402
v 0.14857441186904907 0.11476737260818481 0.0717877596616745
v 0.15322978794574738 0.10269211232662201 0.060163650661706924
v 0.15586259961128235 0.09093088656663895 0.04534599557518959
v 0.15675534307956696 0.10448937863111496 0.03849849849939346
v 0.1523924022912979 0.08907072991132736 0.06792493164539337
v 0.1482299268245697 0.10107523947954178 0.07993535697460175
v 0.14205056428909302 0.10982409864664078 0.08976231515407562
v 0.018886389210820198 0.08654945343732834 0.13739678263664246
v 0.02166442759335041 0.06426453590393066 0.13682821393013
v 0.016088400036096573 0.21389849483966827 0.06495299190282822
v 0.4809146225452423 0.19321823120117188 -0.0668509230017662
v 0.6001981496810913 0.22360451519489288 -0.010991090908646584
v 0.031423263251781464 0.23690004646778107 -0.0876418873667717
v 0.015627456828951836 0.23287560045719147 -0.08710778504610062
v 0.0006249728612601757 0.2208581268787384 -0.0881434753537178
v 0.000500525115057826 0.23159921169281006 -0.08559489250183105
v 0.098717100918293 0.26647722721099854 -0.05845673754811287
v 0.08629842102527618 0.25384068489074707 -0.07600066810846329
v 0.06835360080003738 0.24189111590385437 -0.08601201325654984
v 0.04992826655507088 0.2327001690864563 -0.09048426896333694
v 0.12582677602767944 0.005314722191542387 0.06683477759361267
v 0.034166257828474045 0.20268678665161133 -0.09772170335054398
v 0.0519186295568943 0.22227084636688232 -0.09458820521831512
v 0.07235570251941681 0.23203802108764648 -0.09132172912359238
v 0.0914582759141922 0.24447426199913025 -0.08153695613145828
v 0.10961238294839859 0.2597280740737915 -0.06375716626644135
v 0.12325213104486465 0.2600584030151367 -0.056164566427469254
v 0.14361488819122314 0.2469337284564972 -0.06036373972892761
v 0.15278108417987823 0.24746403098106384 -0.05447228252887726
v 0.15356633067131042 0.2600845992565155 -0.040036510676145554
v 0.16467055678367615 0.26128509640693665 -0.03524650260806084
v 0.16287018358707428 0.2491399049758911 -0.04980906471610069
v 0.24195769429206848 0.2496916651725769 -0.04956485703587532
v 0.2551765739917755 0.24381858110427856 -0.05427159368991852
v 0.26305368542671204 0.2344396412372589 -0.06136119365692139
v 0.267158567905426 0.222565159201622 -0.06758005172014236
v 0.2667068541049957 0.2097414880990982 -0.07128611207008362
v 0.26144537329673767 0.19709080457687378 -0.07184495031833649
v 0.25071701407432556 0.18715469539165497 -0.07060085982084274
v 0.212204247713089 0.168801411986351 -0.06096118316054344
v 0.19880564510822296 0.16183313727378845 -0.05844520777463913
v 0.16760247945785522 0.12421398609876633 -0.05832970142364502
v 0.15913748741149902 0.11579868197441101 -0.06087769567966461
v 0.1272406131029129 0.07219284027814865 -0.07586847245693207
v 0.13749870657920837 0.08745095133781433 -0.07170532643795013
v 0.11684470623731613 0.05707915127277374 -0.07925868034362793
v 0.10281362384557724 -0.15531334280967712 -0.07729789614677429
v 0.09595978260040283 -0.1379426270723343 -0.07078129798173904
v 0.11606866866350174 -0.13629139959812164 -0.06106283888220787
v 0.12291604280471802 -0.15297755599021912 -0.0666504055261612
v 0.022505171597003937 -0.10348916798830032 -0.06576420366764069
v 0.04461250454187393 -0.10311023145914078 -0.06732706725597382
v 0.16365034878253937 -0.1385769098997116 0.02288823574781418
v 0.15923304855823517 -0.13571062684059143 -0.004569776356220245
v 0.14869190752506256 -0.13460783660411835 -0.028011666610836983
v 0.13391262292861938 -0.13489659130573273 -0.04663868993520737
v 0.1605781763792038 -0.14289972186088562 0.050127651542425156
v 0.07882947474718094 -0.17525385320186615 0.14648404717445374
v 0.09941521286964417 -0.16947193443775177 0.13215576112270355
v 0.015758447349071503 -0.18520009517669678 0.1670784056186676
v 0.03612070530653 -0.18323613703250885 0.1639845222234726
v 0.15148082375526428 -0.14926867187023163 0.0748916044831276
v 0.057311613112688065 -0.17993499338626862 0.15740683674812317
v 0.11897651851177216 -0.16301795840263367 0.11538460105657578
v 0.1372496485710144 -0.1563916951417923 0.09625790268182755
v 0.08917521685361862 -0.1208406388759613 -0.06563389301300049
v 0.06952860206365585 -0.12140883505344391 -0.07082698494195938
v 0.0651160329580307 -0.1027049645781517 -0.06561144441366196
v 0.03560645505785942 0.11329615116119385 -0.11351574212312698
v 0.05618564411997795 0.11549695581197739 -0.11343703418970108
v 0.07713552564382553 0.11956760287284851 -0.11170460283756256
v 0.09359488636255264 0.1433434635400772 -0.10981902480125427
v 0.11045000702142715 0.1516936719417572 -0.10383156687021255
v 0.11288556456565857 0.13446034491062164 -0.10219348222017288
v 0.09598926454782486 0.12612378597259521 -0.10796260088682175
v 0.13918651640415192 0.1681743860244751 -0.08732464164495468
v 0.15044532716274261 0.17452560365200043 -0.08145928382873535
v 0.15183180570602417 0.16089648008346558 -0.07896028459072113
v 0.14081980288028717 0.1535489857196808 -0.08478223532438278
v 0.16249312460422516 0.16728399693965912 -0.07523656636476517
v 0.17141400277614594 0.17294134199619293 -0.0708630383014679
v 0.18133477866649628 0.17905081808567047 -0.06719116866588593
v 0.19316737353801727 0.1853099763393402 -0.0669991746544838
v 0.18862979114055634 0.207292377948761 -0.06898853927850723
v 0.17806686460971832 0.20248837769031525 -0.07012636959552765
v 0.13833589851856232 0.1836628019809723 -0.08791879564523697
v 0.1245817095041275 0.17747388780117035 -0.09593113511800766
v 0.035279422998428345 0.1454438716173172 -0.10800201445817947
v 0.016375146806240082 0.14207714796066284 -0.10396958887577057
v 0.15768159925937653 0.08526989072561264 0.026112031191587448
v 0.15903599560260773 0.08168128877878189 0.005163654685020447
v 0.15828418731689453 0.08077802509069443 -0.013812870718538761
v 0.15640579164028168 0.08199383318424225 -0.030137430876493454
v 0.15422572195529938 0.08553525060415268 -0.04439396411180496
v 0.1502772718667984 0.09056743234395981 -0.057158295065164566
v 0.14507688581943512 0.09768472611904144 -0.06813576072454453
v 0.1520409882068634 0.10722283273935318 -0.0643465593457222
v 0.1400589495897293 0.1069759801030159 -0.07716893404722214
v 0.14836497604846954 0.11619577556848526 -0.0717596635222435
v 0.13508419692516327 0.11745480448007584 -0.08462295681238174
v 0.13049210608005524 0.12961417436599731 -0.09035810083150864
v 0.12749509513378143 0.14435403048992157 -0.09388415515422821
v 0.12551847100257874 0.16032077372074127 -0.09596417099237442
v 0.09222189337015152 0.16168303787708282 -0.10963546484708786
v 0.10888231545686722 0.16968314349651337 -0.10374779254198074
v 0.07388611137866974 0.1728101670742035 -0.1101561039686203
v 0.0737689733505249 0.18972180783748627 -0.10659777373075485
v 0.0748756155371666 0.13708491623401642 -0.11329129338264465
v 0.07425330579280853 0.1547459363937378 -0.11275608837604523
v 0.06965366005897522 0.27515995502471924 -0.05931998789310455
v 0.053876835852861404 0.2676074504852295 -0.07030943781137466
v 0.23876003921031952 0.19769994914531708 -0.07164260745048523
v 0.24878406524658203 0.19846974313259125 -0.07194395363330841
v 0.24242547154426575 0.19036982953548431 -0.07112491130828857
v 0.23690155148506165 0.19169068336486816 -0.07088866829872131
v 0.2515356242656708 0.2083965241909027 -0.07144802063703537
v 0.23858490586280823 0.21577298641204834 -0.07030853629112244
v 0.2513567805290222 0.21928635239601135 -0.0691850408911705
v 0.2395194172859192 0.20635917782783508 -0.07159166038036346
v 0.24814634025096893 0.22953343391418457 -0.06523805856704712
v 0.23611994087696075 0.2249085158109665 -0.06760752201080322
v 0.24264581501483917 0.23779429495334625 -0.06077472120523453
v 0.23269931972026825 0.23267042636871338 -0.06406232714653015
v 0.22961708903312683 0.23773649334907532 -0.06109808385372162
v 0.2343042641878128 0.24294725060462952 -0.05727279186248779
v 0.19780319929122925 0.23321335017681122 -0.06255628168582916
v 0.20993129909038544 0.23582790791988373 -0.06178842857480049
v 0.2215796262025833 0.23707790672779083 -0.06123100966215134
v 0.20533400774002075 0.19047793745994568 -0.06849049776792526
v 0.21715646982192993 0.19708716869354248 -0.07021526247262955
v 0.2284425050020218 0.20235948264598846 -0.07120455801486969
v 0.22703304886817932 0.21143798530101776 -0.07042038440704346
v 0.21547472476959229 0.20621787011623383 -0.07024246454238892
v 0.20321296155452728 0.19997090101242065 -0.06920089572668076
v 0.03486994653940201 0.12931197881698608 -0.11126093566417694
v 0.05434861406683922 0.13294582068920135 -0.11390204727649689
v 0.16100291907787323 0.1801367551088333 -0.0772353932261467
v 0.16999675333499908 0.18443305790424347 -0.07292861491441727
v 0.17963960766792297 0.18880301713943481 -0.0691041350364685
v 0.19065961241722107 0.19490918517112732 -0.06825501471757889
v 0.16859304904937744 0.19745968282222748 -0.07319715619087219
v 0.15957587957382202 0.19343948364257812 -0.07759169489145279
v 0.1493896096944809 0.18872800469398499 -0.08206672966480255
v 0.05464779958128929 0.14978967607021332 -0.1117773950099945
v 0.016165124252438545 0.12640038132667542 -0.1084020808339119
v 0.16537891328334808 0.22783902287483215 0.041987232863903046
v 0.1665034145116806 0.25192299485206604 0.030420128256082535
v 0.16867852210998535 0.2673056721687317 0.010197460651397705
v 0.16757559776306152 0.2694699764251709 -0.014300859533250332
v 0.0004075561591889709 0.2646787166595459 -0.07513552904129028
v 0.4027624726295471 0.16620980203151703 -0.030388683080673218
v -0.0017335299635306 0.07419465482234955 -0.10811930894851685
v -0.0025001598987728357 0.09399860352277756 -0.11127341538667679
v 0.0002220257738372311 0.008331092074513435 -0.0846601203083992
v -0.0005906485603190958 0.02768583782017231 -0.09676917642354965
v 0.04176461324095726 -0.08054592460393906 -0.06767945736646652
v 0.020620038732886314 -0.07851051539182663 -0.0646776407957077
v 0.019140833988785744 -0.05601559579372406 -0.0680355578660965
v -0.0011136357206851244 -0.12203560024499893 -0.07397902756929398
v -0.0008904091082513332 -0.10282046347856522 -0.062275197356939316
v 0.0003636683104559779 -0.05370861291885376 -0.06329063326120377
v 0.0004432382411323488 -0.03264448791742325 -0.06803756952285767
v 0.01756097748875618 0.05020780488848686 -0.1033630296587944
v 0.016314659267663956 0.11159107834100723 -0.11320869624614716
v -0.001933980849571526 0.12592872977256775 -0.10670139640569687
v -0.0012037254637107253 0.14054884016513824 -0.10181378573179245
v -0.0009908329229801893 0.15686030685901642 -0.09971415251493454
v 0.10735023766756058 0.10641339421272278 0.12898921966552734
v 0.10712600499391556 0.120206817984581 0.11901997029781342
v 0.09496765583753586 0.12060524523258209 0.12442324310541153
v 0.09543228894472122 0.1068873330950737 0.13425831496715546
v 0.12656624615192413 0.10429998487234116 0.11481183022260666
v 0.1267796903848648 0.11731025576591492 0.10552524775266647
v 0.11756683886051178 0.11904321610927582 0.11249563097953796
v 0.11755169928073883 0.10556935518980026 0.12237503379583359
v 0.13475902378559113 0.11458097398281097 0.09795723110437393
v 0.13434027135372162 0.10168102383613586 0.10679206997156143
v 0.10747677087783813 0.09157292544841766 0.1363498717546463
v 0.11787471920251846 0.09088778495788574 0.12965194880962372
v 0.09570994228124619 0.09221246838569641 0.1415765881538391
v 0.13344545662403107 0.0884866714477539 0.11363977938890457
v 0.12638257443904877 0.090135358273983 0.12187820672988892
v 0.008132658898830414 0.3167525827884674 0.08659776300191879
v 0.007638279814273119 0.32113465666770935 0.1019190102815628
v 0.0020876668859273195 0.3618163466453552 0.11664027720689774
v 0.0016934593440964818 0.3660743534564972 0.11482950299978256
v 0.0025384353939443827 0.3061619699001312 0.06483910977840424
v 0.00290731992572546 0.2981410026550293 0.05959465354681015
v 1.4470057294602157e-06 0.3444494903087616 0.11314067244529724
v 0.00030342431273311377 0.3308524489402771 0.11295159161090851
v -0.00042666372610256076 0.38712090253829956 0.11826986074447632
v -0.0004405777435749769 0.38379326462745667 0.11691969633102417
v -0.00025620064116083086 0.3732360005378723 0.11809839308261871
v -0.00016278128896374255 0.3695012629032135 0.11683140695095062
v 0.0032879768405109644 0.2884012758731842 0.05540107935667038
v 0.002136183436959982 0.31241676211357117 0.07322126626968384
v 0.0033265859819948673 0.2670624256134033 0.04889766871929169
v 0.003350262064486742 0.25671419501304626 0.04652027785778046
v 0.013450369238853455 0.24808929860591888 0.04626794904470444
v 0.01435739267617464 0.23728397488594055 0.050150178372859955
v 0.017330510541796684 0.10544642060995102 0.13183468580245972
v 0.01623738557100296 0.14854659140110016 0.10240340232849121
v 0.015727713704109192 0.1374141275882721 0.11518911272287369
v 0.01633378118276596 0.1643953025341034 0.09319084137678146
v 0.015371130779385567 0.226602703332901 0.057262152433395386
v 0.003370801918208599 0.27774015069007874 0.05181209370493889
v -3.136396571790101e-06 0.3571198880672455 0.1162058487534523
v 1.5626965250703506e-05 0.3517911434173584 0.11335081607103348
v -0.00038239668356254697 0.3800831139087677 0.11688012629747391
v -0.0003049244114663452 0.3767014741897583 0.11749544739723206
v 0.0016843839548528194 0.19644145667552948 0.07523444294929504
v 0.0010400045430287719 0.179361030459404 0.08518137037754059
v 0.01627890206873417 0.12165257334709167 0.12413674592971802
v 0.002558486768975854 0.08452319353818893 0.13616341352462769
v 0.002954551950097084 0.06178240478038788 0.13546107709407806
v 0.002335113938897848 0.21238359808921814 0.06553325802087784
v 0.0032049575820565224 0.04151935502886772 0.1295255720615387
v 0.17183390259742737 -0.3168105483055115 -0.05089638754725456
v 0.153244748711586 -0.33349233865737915 -0.06982629001140594
v 0.14483295381069183 -0.320555716753006 -0.08030194044113159
v 0.15932750701904297 -0.30815184116363525 -0.06722817569971085
v 0.16868481040000916 -0.26545947790145874 -0.04833449795842171
v 0.1684650033712387 -0.2408256232738495 -0.0414542593061924
v 0.16905942559242249 -0.2143348753452301 -0.037288110703229904
v 0.12412416189908981 -0.3282884955406189 -0.09243089705705643
v 0.09428934752941132 -0.3120352625846863 -0.10679598152637482
v 0.09747597575187683 -0.33034905791282654 -0.1014963835477829
v 0.15378184616565704 -0.2169264853000641 -0.06143265217542648
v 0.15374769270420074 -0.24314215779304504 -0.06478587538003922
v 0.15031655132770538 -0.3033284842967987 -0.07557263970375061
v 0.15236212313175201 -0.2887488305568695 -0.07308991253376007
v 0.16656827926635742 -0.28902050852775574 -0.05716412514448166
v 0.11995072662830353 -0.3113463521003723 -0.09721929579973221
v 0.1389382779598236 -0.3082219362258911 -0.08566530048847198
v 0.059460800141096115 -0.1589522659778595 -0.0872226357460022
v 0.06365060806274414 -0.17802666127681732 -0.09535553306341171
v 0.03522201254963875 -0.1779319792985916 -0.09719442576169968
v 0.14149460196495056 -0.1506248116493225 -0.05073791742324829
v 0.12884743511676788 -0.1721154898405075 -0.07245013117790222
v 0.0010743278544396162 -0.30999767780303955 -0.10071486979722977
v 0.1367049515247345 -0.29101482033729553 -0.08700089156627655
v 0.09203048050403595 -0.2911998927593231 -0.11088179796934128
v 0.11709028482437134 -0.29193493723869324 -0.09990661591291428
v 0.09175632894039154 -0.2192009538412094 -0.10566669702529907
v 0.11508812755346298 -0.2193756252527237 -0.09523196518421173
v 0.1143888533115387 -0.24429075419902802 -0.09999096393585205
v 0.09113812446594238 -0.24301756918430328 -0.11079688370227814
v 0.13559576869010925 -0.21890468895435333 -0.08073798567056656
v 0.1330871433019638 -0.19441592693328857 -0.07685815542936325
v 0.09063465893268585 -0.19706039130687714 -0.09896470606327057
v 0.1130417063832283 -0.1957884430885315 -0.08993519097566605
v 0.10862170159816742 -0.17415939271450043 -0.0840979814529419
v 0.13581134378910065 -0.24523991346359253 -0.08426088839769363
v 0.09061245620250702 -0.2675941288471222 -0.11291616410017014
v 0.06188115477561951 -0.2661322355270386 -0.11894147098064423
v 0.03136659413576126 -0.26413965225219727 -0.11709091067314148
v 0.0008266436634585261 -0.26538699865341187 -0.1142677292227745
v 0.0002902854757849127 -0.24239224195480347 -0.11426707357168198
v 0.08714612573385239 -0.17626245319843292 -0.09131553024053574
v 0.0754215270280838 -0.1391233652830124 -0.07660900801420212
v 0.08234042674303055 -0.15727488696575165 -0.08367271721363068
v 0.061864662915468216 -0.08201172947883606 -0.0663207471370697
v 0.11195101588964462 -0.5442436933517456 0.09546764940023422
v -0.0005747522809542716 -0.35560497641563416 0.008013659156858921
v -0.0014054958010092378 -0.3640284240245819 0.03587057814002037
v 0.17979185283184052 -0.2772804796695709 0.06960086524486542
v 0.19085095822811127 -0.29717355966567993 -0.0060706958174705505
v 0.18036462366580963 -0.29270216822624207 -0.035022735595703125
v 0.007437197025865316 -0.36968109011650085 0.08186104893684387
v 0.02391260676085949 -0.3644479215145111 0.10505682229995728
v 0.1606818288564682 -0.2833964228630066 0.09587648510932922
v 0.10677894204854965 -0.3296717405319214 0.12974131107330322
v 0.0008642158936709166 -0.3692440390586853 0.05901985988020897
v 0.15276047587394714 -0.26729917526245117 -0.06883284449577332
v 0.1357409954071045 -0.26965802907943726 -0.08631400018930435
v 0.11527514457702637 -0.2691830098628998 -0.10128003358840942
v 0.06266193836927414 -0.2889793813228607 -0.11742054671049118
v 0.030759818851947784 -0.2857914865016937 -0.11596966534852982
v 0.0010190977482125163 -0.2851713001728058 -0.11026813834905624
v 0.021444760262966156 -0.3055725395679474 0.1207478865981102
v 0.009984822943806648 -0.30014005303382874 0.12819144129753113
v 0.017643427476286888 -0.29908081889152527 0.12910203635692596
v 0.0011807832634076476 -0.2885741889476776 0.1361209899187088
v 0.0015319794183596969 -0.30131885409355164 0.12664294242858887
v 0.01034487970173359 -0.3106895387172699 0.11682723462581635
v 0.0018476078985258937 -0.3122745156288147 0.11454988270998001
v 0.0019300950225442648 -0.3258614242076874 0.10349726676940918
v 0.07903977483510971 -0.1961245834827423 0.14477205276489258
v 0.10107965022325516 -0.18977506458759308 0.1314363032579422
v 0.015239863656461239 -0.20607799291610718 0.1639358401298523
v 0.03503546491265297 -0.20445922017097473 0.16099441051483154
v 0.15682454407215118 -0.16713611781597137 0.07514814287424088
v 0.05644790455698967 -0.20110519230365753 0.15495210886001587
v 0.12195370346307755 -0.18256531655788422 0.11577195674180984
v 0.14175868034362793 -0.1748538762331009 0.09686824679374695
v -0.00011055032518925145 -0.1964685022830963 -0.10524313896894455
v 0.00019875148427672684 -0.17503100633621216 -0.09793176501989365
v -0.003242924576625228 -0.20674347877502441 0.16362212598323822
v 0.0006766022415831685 0.3206467926502228 0.1023593544960022
v 0.001341680996119976 0.31609106063842773 0.08664735406637192
v -0.001826886902563274 0.5042371153831482 0.08947151154279709
v -0.0010552038438618183 0.3114885687828064 -0.04868680238723755
v -0.0008739519980736077 0.448896199464798 0.10867681354284286
v -8.530249033356085e-05 0.36584511399269104 0.1148807480931282
v -0.0003816868120338768 0.38931602239608765 0.1210949718952179
v 0.0035141112748533487 0.2461368292570114 0.04552058130502701
v 0.003398013999685645 0.23512862622737885 0.04910951107740402
v -3.903734250343405e-05 -0.3409511148929596 0.006757983472198248
v 0.0029332544654607773 0.224740669131279 0.05697966367006302
v 0.00012745827552862465 -0.3413863182067871 -0.006321370135992765
v 0.00043030729284510016 -0.011440841481089592 -0.07553162425756454
v 0.06832072883844376 -0.9731113910675049 -0.029581710696220398
v 0.06657600402832031 -0.9711776375770569 -0.04458553344011307
v 0.07014808058738708 -0.9993207454681396 -0.04045192524790764
v 0.07003404945135117 -1.0005635023117065 -0.026282142847776413
v 0.08527891337871552 -0.965743362903595 -0.07300214469432831
v 0.07365410774946213 -0.9681763648986816 -0.06494563817977905
v 0.0998915582895279 -0.9649279713630676 -0.07471963763237
v 0.11318489909172058 -0.9658785462379456 -0.06974124908447266
v 0.10921299457550049 -0.9945535063743591 -0.06722632795572281
v 0.09794150292873383 -0.9939039349555969 -0.07343859225511551
v 0.12113577127456665 -0.9666745662689209 -0.0607733353972435
v 0.12362845242023468 -0.995623767375946 -0.047594815492630005
v 0.12678049504756927 -0.9674777388572693 -0.049193043261766434
v 0.13071107864379883 -0.9691526889801025 -0.03167685866355896
v 0.1260804533958435 -0.9960992336273193 -0.03088948130607605
v 0.1245666891336441 -0.9730939269065857 -0.01209634356200695
v 0.12023349851369858 -0.99936842918396 -0.011718878522515297
v 0.11034722626209259 -0.9761292934417725 -0.00012553948909044266
v 0.07479072362184525 -0.9755108952522278 -0.014690862037241459
v 0.07420879602432251 -1.0021405220031738 -0.010563291609287262
v 0.08474181592464447 -0.9946187734603882 -0.07149063050746918
v 0.07563889771699905 -0.9968833327293396 -0.061420027166604996
v 0.07221809774637222 -0.9982602596282959 -0.050673943012952805
v 0.06859877705574036 -0.9699537754058838 -0.05535689368844032
v 0.06993255764245987 -1.0267504453659058 -0.03668546676635742
v 0.06553417444229126 -1.0271602869033813 -0.02170831896364689
v 0.08419613540172577 -1.0226818323135376 -0.0714355930685997
v 0.07786431163549423 -1.0246760845184326 -0.05794429033994675
v 0.10604695230722427 -1.021876573562622 -0.0656396895647049
v 0.09705796837806702 -1.0213581323623657 -0.07489173859357834
v 0.12429729849100113 -1.0226969718933105 -0.04664282128214836
v 0.11478942632675171 -1.0222177505493164 -0.05573795735836029
v 0.11669320613145828 -0.995044469833374 -0.05762643739581108
v 0.12508144974708557 -1.0224827527999878 -0.030858410522341728
v 0.1186227798461914 -1.0244972705841064 -0.008725857362151146
v 0.07083196938037872 -1.0276063680648804 -0.0046202256344258785
v 0.07425141334533691 -1.0259268283843994 -0.04701441526412964
v 0.12445299327373505 -1.1141713857650757 0.14137661457061768
v 0.12332328408956528 -1.1098865270614624 0.14100967347621918
v 0.11897800862789154 -1.1097418069839478 0.14207974076271057
v 0.11777663230895996 -1.1146762371063232 0.14302779734134674
v 0.08676458895206451 -1.1142830848693848 0.15354163944721222
v 0.08501832187175751 -1.1046205759048462 0.15588675439357758
v 0.07692660391330719 -1.10606050491333 0.1540500968694687
v 0.07576081901788712 -1.1172196865081787 0.1519274115562439
v 0.10402365028858185 -1.114892601966858 0.15146738290786743
v 0.10476471483707428 -1.1179778575897217 0.1479787528514862
v 0.10953078418970108 -1.1180334091186523 0.14711223542690277
v 0.11153358966112137 -1.1149557828903198 0.15012873709201813
v 0.14401766657829285 -1.1104241609573364 0.11168909817934036
v 0.14378073811531067 -1.114804744720459 0.10925886780023575
v 0.14783626794815063 -1.1145648956298828 0.10732416063547134
v 0.14931505918502808 -1.1109172105789185 0.1084955632686615
v 0.13132598996162415 -1.1139553785324097 0.1301632821559906
v 0.13140642642974854 -1.1181620359420776 0.12716816365718842
v 0.13536646962165833 -1.1175599098205566 0.12540730834007263
v 0.13722968101501465 -1.114473819732666 0.1270785927772522
v 0.08727958798408508 -1.1006503105163574 0.13312309980392456
v 0.07366511970758438 -1.0994441509246826 0.13114799559116364
v 0.0749102383852005 -1.1041357517242432 0.14481033384799957
v 0.08688490837812424 -1.1019287109375 0.14659807085990906
v 0.06890290230512619 -1.1125667095184326 0.14114445447921753
v 0.06717909127473831 -1.10971999168396 0.12607592344284058
v 0.07402759045362473 -1.1171982288360596 0.1247120276093483
v 0.07566162198781967 -1.1171032190322876 0.13835088908672333
v 0.0867527425289154 -1.117369294166565 0.12739843130111694
v 0.08715357631444931 -1.1172982454299927 0.1397261917591095
v 0.09379329532384872 -1.110458493232727 0.13126331567764282
v 0.09536927193403244 -1.1102203130722046 0.14481353759765625
v 0.11231997609138489 -1.1098285913467407 0.1316702961921692
v 0.10756441205739975 -1.1028459072113037 0.13295778632164001
v 0.10986147075891495 -1.1067436933517456 0.1444234848022461
v 0.11553260684013367 -1.1126341819763184 0.1424143761396408
v 0.09689881652593613 -1.1032215356826782 0.13509906828403473
v 0.10183552652597427 -1.1069241762161255 0.14603513479232788
v 0.0932614654302597 -1.112835168838501 0.13416416943073273
v 0.09819112718105316 -1.117845892906189 0.1302117556333542
v 0.10158178955316544 -1.1179174184799194 0.14212666451931
v 0.09648732841014862 -1.1133942604064941 0.1463901251554489
v 0.10740454494953156 -1.1170438528060913 0.12921519577503204
v 0.11024859547615051 -1.1179888248443604 0.1402306705713272
v 0.12420571595430374 -1.102879285812378 0.12509869039058685
v 0.11394691467285156 -1.103844404220581 0.12803508341312408
v 0.11681706458330154 -1.1081326007843018 0.13695776462554932
v 0.12424151599407196 -1.1076496839523315 0.13536781072616577
v 0.11235394328832626 -1.1153481006622314 0.13720101118087769
v 0.11035968363285065 -1.1133062839508057 0.12805543839931488
v 0.11546382308006287 -1.1175899505615234 0.12490634620189667
v 0.11761433631181717 -1.118208885192871 0.13478799164295197
v 0.1247180923819542 -1.1168432235717773 0.12307494878768921
v 0.1248086541891098 -1.1182482242584229 0.1336289346218109
v 0.1289779394865036 -1.1091995239257812 0.12475282698869705
v 0.12884801626205444 -1.112852931022644 0.13454021513462067
v 0.14265386760234833 -1.1089141368865967 0.110854871571064
v 0.13924986124038696 -1.1022056341171265 0.11178875714540482
v 0.1382807493209839 -1.107021689414978 0.12122289091348648
v 0.14092589914798737 -1.1129668951034546 0.12006168067455292
v 0.13164633512496948 -1.1029517650604248 0.11588204652070999
v 0.1324821561574936 -1.106558918952942 0.12344484776258469
v 0.12763747572898865 -1.1110867261886597 0.12475403398275375
v 0.12844444811344147 -1.108581781387329 0.11817082017660141
v 0.13049724698066711 -1.1165684461593628 0.11405541747808456
v 0.12960629165172577 -1.1181211471557617 0.12206286191940308
v 0.13851623237133026 -1.1163235902786255 0.10998593270778656
v 0.1369858831167221 -1.1180801391601562 0.11975445598363876
v 0.15224911272525787 -1.1015830039978027 0.09555137157440186
v 0.15115824341773987 -1.1044481992721558 0.10349730402231216
v 0.15264776349067688 -1.1099709272384644 0.10180894285440445
v 0.15322908759117126 -1.1082736253738403 0.09229619055986404
v 0.14583082497119904 -1.1011558771133423 0.10062453895807266
v 0.14568908512592316 -1.104016900062561 0.10665072500705719
v 0.1415378600358963 -1.1087944507598877 0.10710467398166656
v 0.14311277866363525 -1.106687068939209 0.10198972374200821
v 0.14260412752628326 -1.114755630493164 0.09846064448356628
v 0.14192070066928864 -1.1154667139053345 0.10446587204933167
v 0.14882995188236237 -1.1141130924224854 0.09388131648302078
v 0.14875410497188568 -1.1154941320419312 0.10201594233512878
v 0.09051935374736786 -1.0996360778808594 0.11942838132381439
v 0.0732850506901741 -1.0958242416381836 0.1170920878648758
v 0.07787733525037766 -1.117265224456787 0.14746242761611938
v 0.06685765832662582 -1.1078530550003052 0.11189562827348709
v 0.08432989567518234 -1.1172233819961548 0.14803969860076904
v 0.08994914591312408 -1.1173464059829712 0.11573123931884766
v 0.07424833625555038 -1.1165626049041748 0.11035150289535522
v 0.09216967970132828 -1.110414743423462 0.12564963102340698
v 0.10985591262578964 -1.1096214056015015 0.150044783949852
v 0.10921982675790787 -1.1172319650650024 0.1134202852845192
v 0.10972163081169128 -1.1112055778503418 0.12259618937969208
v 0.10501551628112793 -1.1096582412719727 0.15085893869400024
v 0.10848092287778854 -1.099906325340271 0.11736957728862762
v 0.1254347562789917 -1.1006633043289185 0.10803592205047607
v 0.11942049860954285 -1.1180306673049927 0.14023037254810333
v 0.12326110899448395 -1.1181594133377075 0.139460489153862
v 0.12693293392658234 -1.1170015335083008 0.10633741319179535
v 0.12909235060214996 -1.1076444387435913 0.11584743857383728
v 0.13678403198719025 -1.1097753047943115 0.12678039073944092
v 0.14057184755802155 -1.1161036491394043 0.09522199630737305
v 0.14359043538570404 -1.10667884349823 0.10197297483682632
v 0.13332489132881165 -1.1097700595855713 0.12832622230052948
v 0.14105261862277985 -1.0990829467773438 0.09650860726833344
v 0.1487639844417572 -1.1076602935791016 0.10812786966562271
v 0.14939333498477936 -1.114840030670166 0.08382789045572281
v 0.15458573400974274 -1.1072261333465576 0.08086258918046951
v 0.14595402777194977 -1.1069942712783813 0.11012516915798187
v 0.15204787254333496 -1.0988391637802124 0.08534027636051178
v 0.08316855877637863 -1.0034074783325195 0.00042594250408001244
v 0.08388745784759521 -0.9774256944656372 -0.0036482401192188263
v 0.09556938707828522 -0.978369414806366 0.001401834306307137
v 0.09402795135974884 -1.0043089389801025 0.0045485426671803
v 0.10728535801172256 -1.0022748708724976 0.0015205912059172988
v 0.0809318870306015 -1.0273524522781372 0.007730308920145035
v 0.09293819218873978 -1.02737295627594 0.011084071360528469
v 0.10561585426330566 -1.0268744230270386 0.005672304891049862
v 0.12912803888320923 -1.0442489385604858 -0.03214193135499954
v 0.12578877806663513 -1.0431112051010132 -0.048790909349918365
v 0.11563197523355484 -1.042703628540039 -0.05932192876935005
v 0.10764052718877792 -1.0422323942184448 -0.06984993070363998
v 0.09718506783246994 -1.0423296689987183 -0.07832398265600204
v 0.06910724937915802 -1.0485984086990356 0.0012294637272134423
v 0.07877472043037415 -1.0461350679397583 0.017413876950740814
v 0.09215789288282394 -1.0446548461914062 0.02271258272230625
v 0.10697395354509354 -1.0449408292770386 0.015534120611846447
v 0.06880287081003189 -1.0906301736831665 0.10092602670192719
v 0.086729995906353 -1.0883711576461792 0.10222364962100983
v 0.08270487934350967 -1.0796500444412231 0.08349091559648514
v 0.06835099309682846 -1.089317798614502 0.08011443167924881
v 0.10405169427394867 -1.0907872915267944 0.0984451174736023
v 0.10090764611959457 -1.0793348550796509 0.07971932739019394
v 0.12081415951251984 -1.0919970273971558 0.0904872715473175
v 0.11700808256864548 -1.0827573537826538 0.0717945247888565
v 0.13651855289936066 -1.0932128429412842 0.08036992698907852
v 0.13184155523777008 -1.0864547491073608 0.06249569356441498
v 0.1500033140182495 -1.0956937074661255 0.07126060873270035
v 0.14515458047389984 -1.0922244787216187 0.053192898631095886
v 0.15572428703308105 -1.1052908897399902 0.06640588492155075
v 0.1524098664522171 -1.1019841432571411 0.0478898361325264
v 0.0629846602678299 -1.106382131576538 0.09536825865507126
v 0.06472824513912201 -1.1040295362472534 0.07471705973148346
v 0.07264172285795212 -1.1172950267791748 0.0922597274184227
v 0.07404324412345886 -1.1170240640640259 0.07193540036678314
v 0.08888860791921616 -1.1177997589111328 0.09145452082157135
v 0.08906251937150955 -1.1173702478408813 0.07027209550142288
v 0.1476791799068451 -1.1141430139541626 0.049639806151390076
v 0.1496240496635437 -1.1161682605743408 0.06865689903497696
v 0.106986865401268 -1.1174726486206055 0.08718384057283401
v 0.10641442984342575 -1.1163188219070435 0.06592594087123871
v 0.12377172708511353 -1.1181408166885376 0.08091612160205841
v 0.12263333797454834 -1.1169958114624023 0.0598810613155365
v 0.13793861865997314 -1.1181358098983765 0.0742451399564743
v 0.13651229441165924 -1.1171964406967163 0.05396321415901184
v 0.07860150188207626 -1.0728875398635864 0.059948403388261795
v 0.09716013073921204 -1.0667496919631958 0.05969209969043732
v 0.11257769912481308 -1.071408748626709 0.05077642574906349
v 0.12717805802822113 -1.0776714086532593 0.040536072105169296
v 0.14012184739112854 -1.08676016330719 0.030909361317753792
v 0.14817266166210175 -1.0973360538482666 0.026155104860663414
v 0.12684524059295654 -1.0659724473953247 0.013368100859224796
v 0.13576960563659668 -1.0838652849197388 0.005727480165660381
v 0.14141935110092163 -1.0954481363296509 0.003606443526223302
v 0.1370479017496109 -1.0939587354660034 -0.019493592903017998
v 0.13420481979846954 -1.0811371803283691 -0.019476773217320442
v 0.12690120935440063 -1.079908847808838 -0.05943486467003822
v 0.13079501688480377 -1.0796639919281006 -0.0419953353703022
v 0.13477087020874023 -1.0927332639694214 -0.04255526885390282
v 0.13123328983783722 -1.0939099788665771 -0.06085847690701485
v 0.12900246679782867 -1.0644400119781494 -0.01397241372615099
v 0.12751056253910065 -1.0626928806304932 -0.03702960163354874
v 0.12264761328697205 -1.0615204572677612 -0.05363297834992409
v 0.11602118611335754 -1.0940078496932983 -0.0821220651268959
v 0.11477520316839218 -1.0787131786346436 -0.08207754790782928
v 0.12232646346092224 -1.0797039270401 -0.07157974690198898
v 0.1258120834827423 -1.0941559076309204 -0.07297034561634064
v 0.10040229558944702 -1.095808744430542 -0.08682769536972046
v 0.09941594302654266 -1.0798813104629517 -0.08919227123260498
v 0.08376452326774597 -1.0830811262130737 -0.07856817543506622
v 0.08440681546926498 -1.0979700088500977 -0.07835099846124649
v 0.1105710044503212 -1.0601153373718262 -0.07559432089328766
v 0.11684612184762955 -1.0610474348068237 -0.06542755663394928
v 0.09854128211736679 -1.0603759288787842 -0.08289661258459091
v 0.08461203426122665 -1.0633341073989868 -0.07453704625368118
v 0.07602618634700775 -1.085023045539856 -0.06025312840938568
v 0.07778678089380264 -1.0655078887939453 -0.05760636553168297
v 0.07545552402734756 -1.099305272102356 -0.06153936684131622
v 0.06921405345201492 -1.087733507156372 0.0559164360165596
v 0.0696459412574768 -1.1002713441848755 0.051345180720090866
v 0.1102515459060669 -1.0577423572540283 0.031463295221328735
v 0.09339959919452667 -1.05565345287323 0.03938367962837219
v 0.07576815038919449 -1.0628976821899414 0.032587531954050064
v 0.0681167021393776 -1.0845998525619507 0.029755273833870888
v 0.07258916646242142 -1.0982537269592285 0.025627413764595985
v 0.06772872805595398 -1.0852681398391724 0.005128548014909029
v 0.07399564981460571 -1.0972816944122314 0.002571702701970935
v 0.07734795659780502 -1.1101913452148438 0.048314012587070465
v 0.08079160749912262 -1.1045904159545898 0.023158827796578407
v 0.08144333958625793 -1.1032273769378662 0.0003788148460444063
v 0.06827160716056824 -1.0855112075805664 -0.015792105346918106
v 0.07298525422811508 -1.097748875617981 -0.017530782148241997
v 0.0714738517999649 -1.0850090980529785 -0.032716091722249985
v 0.07309047132730484 -1.0982071161270142 -0.03367931395769119
v 0.07346925139427185 -1.0988759994506836 -0.047028474509716034
v 0.07397998124361038 -1.0851569175720215 -0.04602427035570145
v 0.07154236733913422 -1.067139983177185 -0.033385924994945526
v 0.07462829351425171 -1.0660221576690674 -0.04519243910908699
v 0.06830388307571411 -1.0684964656829834 -0.0164131261408329
v 0.06761007010936737 -1.0669775009155273 0.005954267922788858
v 0.14474248886108398 -1.1098593473434448 0.02718605101108551
v 0.14004957675933838 -1.1059421300888062 0.004456180147826672
v 0.13471849262714386 -1.1033236980438232 -0.018138762563467026
v 0.1314917653799057 -1.1039804220199585 -0.04071274772286415
v 0.12625066936016083 -1.1051175594329834 -0.05789373070001602
v 0.12083049863576889 -1.1053494215011597 -0.06873532384634018
v 0.11268102377653122 -1.1047409772872925 -0.07670433074235916
v 0.09979818761348724 -1.1047475337982178 -0.07905276119709015
v 0.08790064603090286 -1.1062729358673096 -0.07371600717306137
v 0.08169448375701904 -1.108269453048706 -0.06042861565947533
v 0.07965412735939026 -1.1090421676635742 -0.04785686731338501
v 0.08011302351951599 -1.1053110361099243 -0.019688809290528297
v 0.07909822463989258 -1.1080121994018555 -0.03521214425563812
v 0.06527282297611237 -1.0496515035629272 -0.018342982977628708
v 0.06858989596366882 -1.0485408306121826 -0.0348871573805809
v 0.07283719629049301 -1.04744553565979 -0.04582478478550911
v 0.08434563875198364 -1.044460654258728 -0.07123619318008423
v 0.07788830995559692 -1.045983076095581 -0.05619287118315697
v 0.0903375893831253 -1.1137115955352783 0.045645084232091904
v 0.10658275336027145 -1.1131423711776733 0.04129183292388916
v 0.1218978613615036 -1.1136105060577393 0.035682473331689835
v 0.13464108109474182 -1.113603115081787 0.03068985603749752
v 0.13185998797416687 -1.1101266145706177 0.007105150725692511
v 0.12016823887825012 -1.1104153394699097 0.010784943588078022
v 0.10552982240915298 -1.1105613708496094 0.015488646924495697
v 0.09133169800043106 -1.1084080934524536 0.02024671621620655
v 0.1270219087600708 -1.108353614807129 -0.015261426568031311
v 0.11661384999752045 -1.109511375427246 -0.011724996380507946
v 0.1032387986779213 -1.1096022129058838 -0.008179307915270329
v 0.09096162766218185 -1.1078770160675049 -0.0029712629038840532
v 0.08875244855880737 -1.110213279724121 -0.023253465071320534
v 0.0995224192738533 -1.110839605331421 -0.028703488409519196
v 0.11162834614515305 -1.1102588176727295 -0.031982388347387314
v 0.12168357521295547 -1.1086162328720093 -0.036446165293455124
v 0.11709463596343994 -1.108858346939087 -0.052708230912685394
v 0.10763715952634811 -1.110025405883789 -0.047665953636169434
v 0.09667837619781494 -1.110967755317688 -0.043945975601673126
v 0.0876823365688324 -1.1110750436782837 -0.03904903307557106
v 0.11322206258773804 -1.1086291074752808 -0.06215354800224304
v 0.1000894084572792 -1.1082417964935303 -0.07180898636579514
v 0.10804768651723862 -1.1083331108093262 -0.06876544654369354
v 0.09221455454826355 -1.1094895601272583 -0.06892410665750504
v 0.08882446587085724 -1.1105544567108154 -0.05964672565460205
v 0.08772605657577515 -1.1111496686935425 -0.04974667727947235
v 0.09548889845609665 -1.1100964546203613 -0.06013020873069763
v 0.09581109881401062 -1.110581874847412 -0.05294818803668022
v 0.1054195761680603 -1.1095784902572632 -0.056732177734375
v 0.1029382199048996 -1.1090906858444214 -0.0630652979016304
v 0.09591168910264969 -1.109382152557373 -0.06549473851919174
v 0.09971923381090164 -1.1089131832122803 -0.06690643727779388
v 0.11971654742956161 -1.0476499795913696 -0.004963982850313187
v 0.0001347655925201252 0.27641206979751587 -0.0692448541522026
v 0.0006828532204963267 0.20963086187839508 -0.09064953029155731
v 0.07558196038007736 -0.706027090549469 0.03670688346028328
v 0.09042087197303772 -0.7076183557510376 0.03961503505706787
v 0.10658013820648193 -0.7056767344474792 0.04004789888858795
v 0.1352296769618988 -0.2913340926170349 0.11529791355133057
v 0.0780031755566597 -0.07277429103851318 0.12768332660198212
v 0.08299471437931061 -0.034209270030260086 0.11819349229335785
v 0.08021916449069977 -0.05371449515223503 0.12252377718687057
v 0.13718673586845398 -0.32239750027656555 0.11984588950872421
v 0.12662237882614136 -0.013077137060463428 0.06706690043210983
v 0.0012041718000546098 -0.30088725686073303 -0.10459551960229874
v -0.00027035787934437394 0.17144404351711273 -0.09743890911340714
v 0.10716785490512848 0.1340169757604599 0.10733292996883392
v 6.450925138778985e-05 -0.2190026044845581 -0.11085906624794006
v 0.07563205063343048 0.4170530438423157 0.011552872136235237
v 0.07335901260375977 0.4153779447078705 0.010315105319023132
v 0.07270272821187973 0.4121602475643158 0.009427650831639767
v 0.07204093784093857 0.41036784648895264 0.005855700466781855
v 0.07166857272386551 0.4084247052669525 0.00286844652146101
v 0.07097724080085754 0.40770387649536133 0.0005688020028173923
v 0.07410907000303268 0.4128454923629761 0.006798579823225737
v 0.0724799782037735 0.415332168340683 0.003815315430983901
v 0.07340629398822784 0.4155981242656708 0.0065901693888008595
v 0.07461385428905487 0.4146108031272888 0.00822868850082159
v 0.0008309940458275378 0.16105492413043976 0.09313522279262543
v 0.0006140147452242672 0.14589889347553253 0.10304690897464752
v 0.0009690416045486927 0.13576288521289825 0.116359181702137
v 0.001278820913285017 0.11986909806728363 0.12476242333650589
v -3.7737419916084036e-05 0.36171895265579224 0.11687076836824417
v -0.005151105113327503 -0.12623079121112823 0.1611938327550888
v -0.004065324552357197 -0.11172835528850555 0.15758180618286133
v 0.00011819797509815544 -0.0756724625825882 -0.059765756130218506
v -0.004964102525264025 -0.1667642891407013 0.1669069230556488
v -0.0027229036204516888 -0.09585180878639221 0.15522941946983337
v -0.0008698341553099453 0.051514290273189545 -0.10419118404388428
v 0.0021939114667475224 0.10355757921934128 0.13182342052459717
v -0.004169362131506205 -0.18624554574489594 0.1668061465024948
v -0.001981874695047736 0.11176750063896179 -0.11264527589082718
v -0.0010885859373956919 -0.07352453470230103 0.1544376015663147
v 0.00041498575592413545 -0.2718210220336914 0.14449049532413483
v 0.002468364080414176 -0.012792345136404037 0.14184452593326569
v -0.04515894874930382 0.47593429684638977 0.0849229022860527
v -0.05523565784096718 0.46697697043418884 0.07562931627035141
v -0.04966609552502632 0.45815882086753845 0.08634617924690247
v -0.03891385719180107 0.46315255761146545 0.09432828426361084
v -0.0454571396112442 0.4501076936721802 0.09351089596748352
v -0.035732608288526535 0.45237740874290466 0.09980672597885132
v -0.06170697882771492 0.4553740322589874 0.0672927275300026
v -0.056595999747514725 0.4504796266555786 0.07813724875450134
v -0.06199280545115471 0.4141392409801483 0.07373716682195663
v -0.06020467355847359 0.4233067035675049 0.07293055206537247
v -0.06535203754901886 0.4203397035598755 0.06457298994064331
v -0.06584154814481735 0.40802961587905884 0.0649048313498497
v -0.060492634773254395 0.38774389028549194 0.07454656064510345
v -0.061409007757902145 0.37778177857398987 0.06441601365804672
v -0.05661267042160034 0.37071865797042847 0.0755496546626091
v -0.054846689105033875 0.38085445761680603 0.08393871039152145
v -0.023552436381578445 0.39790675044059753 0.10500434041023254
v -0.02663337253034115 0.4035404622554779 0.1029079407453537
v -0.032554611563682556 0.39791184663772583 0.1029413640499115
v -0.02866261452436447 0.3914813995361328 0.10478657484054565
v -0.014338676817715168 0.4082791209220886 0.1086280420422554
v -0.010146055370569229 0.4121417999267578 0.113887719810009
v -0.010510657913982868 0.41721439361572266 0.10880549997091293
v -0.01545149739831686 0.41288095712661743 0.10484428703784943
v -0.018252428621053696 0.3926921784877777 0.10578880459070206
v -0.02342783659696579 0.3860366642475128 0.10490382462739944
v -0.017007138580083847 0.39955854415893555 0.10822007805109024
v -0.01894633285701275 0.4035302698612213 0.10551045089960098
v -0.013396061956882477 0.39506566524505615 0.11846468597650528
v -0.010530807077884674 0.39611369371414185 0.12282247096300125
v -0.011469772085547447 0.4015384018421173 0.12261157482862473
v -0.014688795432448387 0.3996051251888275 0.11658322066068649
v -0.016740772873163223 0.39307665824890137 0.10995495319366455
v -0.013245847076177597 0.39024853706359863 0.1119624674320221
v -0.014480669982731342 0.3929847180843353 0.11466677486896515
v -0.016696764156222343 0.396469384431839 0.1122884526848793
v -0.013699907809495926 0.403995156288147 0.11240649223327637
v -0.01046029943972826 0.4071057140827179 0.11855972558259964
v -0.006334908772259951 0.40907466411590576 0.12456056475639343
v -0.007273105438798666 0.4021099805831909 0.1289258748292923
v -0.038654983043670654 0.3777923285961151 0.09980916231870651
v -0.03316088020801544 0.37457016110420227 0.1019107773900032
v -0.028770679607987404 0.38022804260253906 0.10397545993328094
v -0.034042272716760635 0.3847815990447998 0.10309973359107971
v -0.01426655799150467 0.38708338141441345 0.10919458419084549
v -0.016984840855002403 0.37199217081069946 0.11176172643899918
v -0.011582852341234684 0.3735271692276001 0.11534658074378967
v -0.011487538926303387 0.3773316740989685 0.11472944170236588
v -0.01744396984577179 0.37589016556739807 0.11114395409822464
v -0.04326143488287926 0.36251261830329895 0.09245015680789948
v -0.0431327261030674 0.3539047837257385 0.08971086889505386
v -0.036973364651203156 0.35536450147628784 0.09546604007482529
v -0.03724173083901405 0.3621455132961273 0.09709692001342773
v -0.03446569666266441 0.34928494691848755 0.09530234336853027
v -0.040640152990818024 0.3454626798629761 0.088424913585186
v -0.030435120686888695 0.3317805230617523 0.09172984957695007
v -0.025639895349740982 0.33940860629081726 0.100795216858387
v -0.030526451766490936 0.34403836727142334 0.09695856273174286
v -0.03605342283844948 0.33810093998908997 0.08929435163736343
v -0.014575084671378136 0.3457004427909851 0.10832624137401581
v -0.019685108214616776 0.3353547155857086 0.10616309940814972
v -0.012873781844973564 0.3324924111366272 0.11053764075040817
v -0.008852675557136536 0.3447834849357605 0.11096550524234772
v -0.016141628846526146 0.3657943308353424 0.10829930752515793
v -0.01647515781223774 0.3686440587043762 0.11069644242525101
v -0.020348481833934784 0.36737388372421265 0.1073295921087265
v -0.019910521805286407 0.3653724193572998 0.10564516484737396
v -0.023734450340270996 0.3649020195007324 0.10309623926877975
v -0.02366749756038189 0.3656295835971832 0.10379805415868759
v -0.025149336084723473 0.3662470281124115 0.10360238701105118
v -0.02532578445971012 0.36470329761505127 0.10241828858852386
v -0.021999286487698555 0.36517637968063354 0.10426447540521622
v -0.02280707284808159 0.3640844225883484 0.10361498594284058
v -0.02078670635819435 0.36343687772750854 0.1051894947886467
v -0.017492566257715225 0.3630066215991974 0.10818447917699814
v -0.0049483515322208405 0.36194175481796265 0.11607222259044647
v -0.0040803952142596245 0.366179883480072 0.11437786370515823
v -0.007185528986155987 0.3661156892776489 0.11333032697439194
v -0.008625810034573078 0.3621859550476074 0.11472155153751373
v -0.023783108219504356 0.3679341971874237 0.10528610646724701
v -0.02130691520869732 0.36983901262283325 0.10793925821781158
v -0.022565800696611404 0.37286320328712463 0.10774192214012146
v -0.025936735793948174 0.3697434961795807 0.10491986572742462
v -0.028861260041594505 0.37196117639541626 0.10388617217540741
v -0.030919093638658524 0.3677710294723511 0.10155385732650757
v -0.027496881783008575 0.36708977818489075 0.10284607857465744
v -0.024451488628983498 0.36288875341415405 0.10235943645238876
v -0.02791147120296955 0.3640296161174774 0.10133075714111328
v -0.027090832591056824 0.3610859215259552 0.10070479661226273
v -0.0250638909637928 0.3582611083984375 0.10192881524562836
v -0.0224153995513916 0.3612998425960541 0.1039837971329689
v -0.0193169005215168 0.3600168228149414 0.10714679956436157
v -0.021819274872541428 0.35588639974594116 0.10474584251642227
v -0.017182128503918648 0.3541118800640106 0.10827383399009705
v -0.014929594472050667 0.3588464856147766 0.11108943074941635
v -0.02480623684823513 0.37639543414115906 0.10624456405639648
v -0.03190632537007332 0.3630569279193878 0.09957926720380783
v -0.035793427377939224 0.36876800656318665 0.09934796392917633
v -0.03137115761637688 0.3583529591560364 0.09870478510856628
v -0.029092447832226753 0.35403740406036377 0.09931086003780365
v -0.020467260852456093 0.34766289591789246 0.10498972237110138
v -0.025485090911388397 0.3503836691379547 0.10155699402093887
v -0.022796399891376495 0.32633844017982483 0.09672582894563675
v -0.014421639032661915 0.3226195275783539 0.10056570172309875
v -0.041880618780851364 0.44343841075897217 0.09556267410516739
v -0.03358063846826553 0.4444224238395691 0.09929380565881729
v -0.042158886790275574 0.4353005886077881 0.0928778350353241
v -0.03850443661212921 0.4363512098789215 0.09524057805538177
v -0.03916516155004501 0.43912848830223083 0.09531242400407791
v -0.04380536824464798 0.4375592768192291 0.09190979599952698
v -0.0547097884118557 0.42608916759490967 0.07840027660131454
v -0.05631685256958008 0.41950273513793945 0.0788370817899704
v -0.050536900758743286 0.4245588183403015 0.0821927934885025
v -0.05011778697371483 0.42855319380760193 0.08297476172447205
v -0.043416935950517654 0.41770148277282715 0.0908496230840683
v -0.04093559831380844 0.4246537387371063 0.09171798825263977
v -0.043890662491321564 0.42535093426704407 0.08902637660503387
v -0.04753653705120087 0.41873547434806824 0.08734071254730225
v -0.037320081144571304 0.42433542013168335 0.09393575042486191
v -0.038603462278842926 0.4179621636867523 0.09355899691581726
v -0.03371677175164223 0.419156551361084 0.09548735618591309
v -0.03322708234190941 0.4246416687965393 0.0953131914138794
v -0.032548047602176666 0.43993818759918213 0.09702875465154648
v -0.03302885591983795 0.43700531125068665 0.09680001437664032
v -0.026799367740750313 0.4363771378993988 0.09655456244945526
v -0.025357982143759727 0.4394568204879761 0.09700874984264374
v -0.016935760155320168 0.429064005613327 0.0934763178229332
v -0.014020857401192188 0.42885300517082214 0.09510292857885361
v -0.014665711671113968 0.43307405710220337 0.0952402800321579
v -0.017832690849900246 0.43161821365356445 0.09389979392290115
v -0.018213046714663506 0.42749226093292236 0.09417786449193954
v -0.016277292743325233 0.42594799399375916 0.09549212455749512
v -0.03645186498761177 0.4979017376899719 0.07976877689361572
v -0.050789739936590195 0.4886983036994934 0.07003354281187057
v -0.03179210051894188 0.48240023851394653 0.09351561218500137
v -0.06060053035616875 0.47614285349845886 0.0610818974673748
v -0.06736858934164047 0.4607641398906708 0.05424105003476143
v -0.0574348010122776 0.3608770966529846 0.06832465529441833
v -0.05071937292814255 0.3557100296020508 0.08043218404054642
v -0.05013902485370636 0.36542680859565735 0.08510807901620865
v -0.055113427340984344 0.3500176966190338 0.06402959674596786
v -0.0482000894844532 0.34511396288871765 0.0780549868941307
v -0.033539239317178726 0.3272327184677124 0.07734257727861404
v -0.04252462461590767 0.33506354689598083 0.07693582028150558
v -0.060485731810331345 0.357419490814209 0.04808963090181351
v -0.05653143301606178 0.3492658734321594 0.04232270270586014
v -0.04937420412898064 0.3393796682357788 0.05976718291640282
v -0.060857705771923065 0.36235272884368896 0.02815720997750759
v -0.058048684149980545 0.3593062460422516 0.02087819017469883
v -0.05079168081283569 0.34063175320625305 0.03344950079917908
v -0.03518661856651306 0.3064900040626526 0.0403452068567276
v -0.04708457365632057 0.31060099601745605 0.028580358251929283
v -0.04782281816005707 0.2986520826816559 0.025282781571149826
v -0.03666367754340172 0.29472893476486206 0.03779030591249466
v -0.062263477593660355 0.367423415184021 0.054807595908641815
v -0.06729654222726822 0.4299917221069336 0.05552535876631737
v -0.06879270821809769 0.41649648547172546 0.053535349667072296
v -0.06306479871273041 0.4314037263393402 0.06667079031467438
v -0.07079758495092392 0.48886868357658386 0.026100371032953262
v -0.07638756185770035 0.471407413482666 0.02463265135884285
v -0.07253045588731766 0.46701186895370483 0.04045114293694496
v -0.0669703409075737 0.4841623902320862 0.04524964466691017
v -0.043112222105264664 0.5228568911552429 0.030201958492398262
v -0.05853939801454544 0.5078490376472473 0.02806648053228855
v -0.05566668510437012 0.5005924701690674 0.051667824387550354
v -0.040989950299263 0.5130063891410828 0.05777743458747864
v -0.07804925739765167 0.4718645513057709 0.008544906973838806
v -0.07189003378152847 0.48944881558418274 0.0037599497009068727
v -0.07276184111833572 0.48318174481391907 -0.017140628769993782
v -0.07858036458492279 0.4693644344806671 -0.007747294381260872
v -0.05999505892395973 0.5076782703399658 -5.2743664127774537e-05
v -0.06095394119620323 0.5011658072471619 -0.02568713203072548
v -0.058978330343961716 0.3625009059906006 0.00940950307995081
v -0.056050680577754974 0.3444700539112091 0.01417617779225111
v -0.054101113229990005 0.32879889011383057 0.016070399433374405
v -0.046815838664770126 0.32471710443496704 0.031835149973630905
v -0.043624237179756165 0.5130318403244019 -0.031223775818943977
v -0.04333846643567085 0.5225965976715088 -0.002246347488835454
v -0.06558983772993088 0.4405060112476349 -0.04888509586453438
v -0.07249106466770172 0.43296414613723755 -0.03465057164430618
v -0.07597102969884872 0.448513001203537 -0.02797953598201275
v -0.06851254403591156 0.4587329924106598 -0.04394097998738289
v -0.05501432716846466 0.44819918274879456 -0.06436997652053833
v -0.05753111094236374 0.46911007165908813 -0.05906469374895096
v -0.05352354049682617 0.38756048679351807 -0.040198806673288345
v -0.046204470098018646 0.388018935918808 -0.05424440652132034
v -0.03982255235314369 0.3727242946624756 -0.04281243681907654
v -0.04625895991921425 0.3722514510154724 -0.031098483130335808
v -0.05233179032802582 0.44544368982315063 0.08698344975709915
v -0.055910851806402206 0.4392892122268677 0.08065088093280792
v -0.05111856386065483 0.43684643507003784 0.0862388014793396
v -0.04757152870297432 0.4407710134983063 0.09088296443223953
v -0.06500130146741867 0.44332170486450195 0.06007619947195053
v -0.060661930590867996 0.4413764774799347 0.07127688825130463
v -0.07354065775871277 0.45144954323768616 0.03538001328706741
v -0.07733169943094254 0.45604103803634644 0.022297725081443787
v -0.07975862920284271 0.4558609127998352 -0.00301834917627275
v -0.07934581488370895 0.457165002822876 0.010145324282348156
v -0.07484535872936249 0.4263511598110199 -0.022858792915940285
v -0.07704273611307144 0.436557799577713 -0.018450206145644188
v -0.05964210256934166 0.37050458788871765 -0.0049370285123586655
v -0.05266968533396721 0.3708750009536743 -0.01900467462837696
v -0.04888727515935898 0.3529970347881317 -0.014305701479315758
v -0.05564305558800697 0.3496828079223633 -0.0015311370370909572
v -0.03538107872009277 0.35681167244911194 -0.03474825993180275
v -0.04140384867787361 0.3559193015098572 -0.024759337306022644
v -0.05245615914463997 0.31810683012008667 -0.0016376222483813763
v -0.04705042019486427 0.3210159242153168 -0.015153235755860806
v -0.04820733144879341 0.30855074524879456 -0.01832297258079052
v -0.0521015003323555 0.30520638823509216 -0.004585214890539646
v -0.04153075069189072 0.30923476815223694 -0.030328229069709778
v -0.03974372148513794 0.3231426775455475 -0.02652018703520298
v -0.03198343515396118 0.3235616981983185 -0.03554370254278183
v -0.03268967941403389 0.30883467197418213 -0.03913714364171028
v -0.01344090886414051 0.29001685976982117 0.05182163789868355
v -0.02405419759452343 0.29220709204673767 0.04583398997783661
v -0.02616799809038639 0.28199678659439087 0.0434764139354229
v -0.014433339238166809 0.28042301535606384 0.04875835403800011
v -0.05397345870733261 0.29446280002593994 -0.00862960796803236
v -0.05138770863413811 0.29864850640296936 -0.023286696523427963
v -0.05912107974290848 0.3869584798812866 -0.02606024593114853
v -0.06401360034942627 0.3878195881843567 -0.015280704945325851
v -0.04481622576713562 0.29892441630363464 -0.03589678183197975
v -0.04685135930776596 0.3356233537197113 -0.01384753081947565
v -0.039417020976543427 0.3382645845413208 -0.024243416264653206
v -0.0272296704351902 0.3569086194038391 -0.04293786734342575
v -0.03084934875369072 0.37217140197753906 -0.052220530807971954
v -0.02089056558907032 0.40831896662712097 0.10293100774288177
v -0.023867657408118248 0.42253851890563965 0.09644496440887451
v -0.019713981077075005 0.4240112602710724 0.09606020897626877
v -0.02081635780632496 0.4268972873687744 0.09507793933153152
v -0.024480076506733894 0.4261811077594757 0.09572214633226395
v -0.013687782920897007 0.46470528841018677 0.10565149784088135
v -0.026655681431293488 0.4652283787727356 0.10124680399894714
v -0.02422257885336876 0.4516832232475281 0.10462245345115662
v -0.011578379198908806 0.4477365016937256 0.10670394450426102
v -0.05058198422193527 0.3937394618988037 0.09252659231424332
v -0.044686459004879 0.38373062014579773 0.09702962636947632
v -0.038815706968307495 0.39134731888771057 0.10135197639465332
v -0.04169465973973274 0.4001052975654602 0.09846900403499603
v -0.047244276851415634 0.4300711750984192 0.0859115719795227
v -0.046326447278261185 0.43194442987442017 0.08807753026485443
v -0.04880744218826294 0.43212756514549255 0.08561375737190247
v -0.041462983936071396 0.3705841302871704 0.096159927546978
v -0.048153623938560486 0.37456214427948 0.09101304411888123
v -0.06777060031890869 0.4016479253768921 0.053262513130903244
v -0.05795745179057121 0.43198391795158386 0.075322225689888
v -0.023175224661827087 0.5332244634628296 0.03315405175089836
v -0.02234501764178276 0.5215252041816711 0.06435021758079529
v -0.02373656816780567 0.5332372188568115 -0.0020946175791323185
v -0.023931963369250298 0.523439884185791 -0.0328206792473793
v -0.041091252118349075 0.476811945438385 -0.06970591098070145
v -0.022765278816223145 0.48483631014823914 -0.07607568055391312
v -0.022119183093309402 0.4592536985874176 -0.08461335301399231
v -0.03980854153633118 0.45397457480430603 -0.07627733051776886
v -0.03427993133664131 0.3891298770904541 -0.065287746489048
v -0.022737763822078705 0.3249441683292389 -0.04173637926578522
v -0.02324691414833069 0.30888912081718445 -0.04454995319247246
v -0.020505530759692192 0.5032511949539185 0.08623217791318893
v -0.01668252795934677 0.48385265469551086 0.09934632480144501
v -0.06945112347602844 0.44621941447257996 0.04742499440908432
v -0.06141400709748268 0.4056166112422943 0.07733619213104248
v -0.058141905814409256 0.39864492416381836 0.08320450782775879
v -0.054002545773983 0.40953370928764343 0.08692578971385956
v -0.05650465190410614 0.41365155577659607 0.08203699439764023
v -0.06395319104194641 0.39657062292099 0.06816591322422028
v -0.06496681272983551 0.38771799206733704 0.055619947612285614
v -0.06576346606016159 0.37940332293510437 0.04149889945983887
v -0.06362144649028778 0.36822980642318726 0.03426003083586693
v -0.0699806958436966 0.47471722960472107 -0.03624027967453003
v -0.0770251676440239 0.46223875880241394 -0.021433014422655106
v -0.042814020067453384 0.49737027287483215 -0.05443711206316948
v -0.0594911053776741 0.48765283823013306 -0.04631102830171585
v -0.07859625667333603 0.4518605172634125 -0.01512531004846096
v -0.023617178201675415 0.5066090822219849 -0.058102551847696304
v -0.011116036213934422 0.3814992606639862 0.11364654451608658
v -0.009640702046453953 0.3854122459888458 0.11318369954824448
v -0.018189724534749985 0.38123729825019836 0.1090237945318222
v -0.010137403383851051 0.3578408658504486 0.11391601711511612
v -0.01186941284686327 0.3529055118560791 0.1108379065990448
v -0.006759013514965773 0.3522191345691681 0.11217456310987473
v -0.005754136946052313 0.3573490381240845 0.11532914638519287
v -0.013589965179562569 0.3178347945213318 0.08523235470056534
v -0.023124925792217255 0.3214292824268341 0.08126930147409439
v -0.012919404543936253 0.2996426522731781 0.056277643889188766
v -0.022997748106718063 0.30205127596855164 0.04975647106766701
v -0.009658288210630417 0.3935553729534149 0.117140993475914
v -0.010008520446717739 0.3928071856498718 0.11506620049476624
v -0.008126511238515377 0.3930327296257019 0.1155288964509964
v -0.008183141238987446 0.3939160406589508 0.11748988181352615
v -0.022475769743323326 0.3664163649082184 0.10512617975473404
v -0.0068790786899626255 0.37371012568473816 0.11729167401790619
v -0.00699581066146493 0.36992132663726807 0.11587976664304733
v -0.003985479008406401 0.369671493768692 0.11653994023799896
v -0.003894789144396782 0.373328298330307 0.11790503561496735
v -0.03829433023929596 0.3276630938053131 0.056122809648513794
v -0.03500065580010414 0.318153440952301 0.045438218861818314
v -0.05242420732975006 0.301653653383255 0.010754648596048355
v -0.052962906658649445 0.31437134742736816 0.013908441178500652
v -0.0535614937543869 0.33272066712379456 -0.0003812068607658148
v -0.032601796090602875 0.340103417634964 -0.033661019057035446
v -0.023991094902157784 0.34148451685905457 -0.04020511731505394
v -0.013654985465109348 0.3424489498138428 -0.04483328014612198
v -0.016542471945285797 0.35761961340904236 -0.048533063381910324
v -0.0234672948718071 0.31812530755996704 0.06598495692014694
v -0.02300335094332695 0.3114111125469208 0.055943071842193604
v -0.013028591871261597 0.3084021806716919 0.06215301528573036
v -0.013055898249149323 0.3143481910228729 0.07142279297113419
v -0.004288271069526672 0.39091309905052185 0.11866448819637299
v -0.005197500344365835 0.38979536294937134 0.11664621531963348
v -0.003322902601212263 0.3877381980419159 0.11749766767024994
v -0.0028772682417184114 0.3899383246898651 0.12018594145774841
v -0.010805301368236542 0.3909226655960083 0.11347002536058426
v -0.00884011760354042 0.38812580704689026 0.11338698863983154
v -0.008566457778215408 0.3899860382080078 0.11346574127674103
v -0.011596933007240295 0.39218762516975403 0.11513625085353851
v -0.011027630418539047 0.3935577869415283 0.1177440732717514
v -0.006447901949286461 0.3943147659301758 0.12231485545635223
v -0.006268706638365984 0.39484903216362 0.12708401679992676
v -0.009217329323291779 0.39421483874320984 0.12069346010684967
v -0.006043521221727133 0.3921153247356415 0.11723939329385757
v -0.006331427022814751 0.3908938765525818 0.11544086784124374
v -0.008161081932485104 0.3916131854057312 0.1139436885714531
v -0.00978749431669712 0.39184626936912537 0.1139313206076622
v -0.006763816345483065 0.3941986858844757 0.120287224650383
v -0.008516490459442139 0.3940576910972595 0.11899633705615997
v -0.005746661685407162 0.41501009464263916 0.11918971687555313
v -0.004269827622920275 0.29819467663764954 0.059212472289800644
v -0.004535326734185219 0.30683597922325134 0.06481225043535233
v -0.023070165887475014 0.3651757538318634 0.10361006110906601
v -0.024362914264202118 0.443530410528183 0.10069599747657776
v -0.04837622120976448 0.40785616636276245 0.09248816221952438
v -0.028186867013573647 0.40936902165412903 0.10029814392328262
v -0.02855801209807396 0.41514289379119873 0.09805797785520554
v -0.03448162600398064 0.4123198091983795 0.0971454605460167
v -0.034429021179676056 0.4051402807235718 0.09987838566303253
v -0.01563258096575737 0.4404418468475342 0.10044116526842117
v -0.01073357742279768 0.4348262846469879 0.09930969774723053
v -0.006675736978650093 0.43679898977279663 0.10496944934129715
v -0.010146924294531345 0.42835232615470886 0.0991191640496254
v -0.013269166462123394 0.423432856798172 0.0982838049530983
v -0.011357798241078854 0.4210851788520813 0.10347885638475418
v -0.006661673076450825 0.42761456966400146 0.10671767592430115
v -0.046839699149131775 0.4351125657558441 0.08872635662555695
v -0.04469800740480423 0.4336741864681244 0.09044648706912994
v -0.016498234122991562 0.4166845679283142 0.10107956826686859
v -0.01782209798693657 0.420198917388916 0.09788334369659424
v -0.022903162986040115 0.41770562529563904 0.09803342819213867
v -0.022101420909166336 0.4129754602909088 0.10026070475578308
v -0.04103968292474747 0.40958675742149353 0.09554873406887054
v -0.05299746245145798 0.43213188648223877 0.08153144270181656
v -0.049875013530254364 0.42104005813598633 0.08398713916540146
v -0.06373661756515503 0.3830416202545166 -0.0014384494861587882
v -0.06760333478450775 0.3937627375125885 -0.008307650685310364
v -0.06604403257369995 0.37611186504364014 0.01667380891740322
v -0.06517255306243896 0.3777143657207489 0.012855843640863895
v -0.06047298386693001 0.37235894799232483 0.015168852172791958
v -0.0630873441696167 0.37179532647132874 0.019544662907719612
v -0.07820697873830795 0.42642220854759216 -0.00204148655757308
v -0.07782908529043198 0.42678993940353394 0.0018187594832852483
v -0.07831644266843796 0.43343719840049744 0.002263347851112485
v -0.07828576117753983 0.43258532881736755 -0.005234390031546354
v -0.07782527059316635 0.42930230498313904 0.008303401060402393
v -0.07688778638839722 0.4254618287086487 0.008649873547255993
v -0.07675472646951675 0.4249781370162964 0.011970705352723598
v -0.07778796553611755 0.4323250949382782 0.010424711741507053
v -0.07585109770298004 0.42980578541755676 0.017755484208464622
v -0.07676254957914352 0.4416503608226776 0.020717088133096695
v -0.07871130108833313 0.44370612502098083 0.010423867031931877
v -0.0709296241402626 0.4278782904148102 0.04075642302632332
v -0.07354075461626053 0.4366101622581482 0.03039846383035183
v -0.07321688532829285 0.42476794123649597 0.023819275200366974
v -0.07174530625343323 0.4163561463356018 0.028575265780091286
v -0.06657445430755615 0.3826352059841156 0.027392704039812088
v -0.06518004834651947 0.375496506690979 0.023933984339237213
v -0.06132066994905472 0.3757174611091614 0.007695689331740141
v -0.052276480942964554 0.4269298017024994 -0.06464993953704834
v -0.06321253627538681 0.4220929443836212 -0.05050807446241379
v -0.06915687024593353 0.41752883791923523 -0.03619400039315224
v -0.07197083532810211 0.4143037796020508 -0.02360500767827034
v -0.040171798318624496 0.43325820565223694 -0.07673021405935287
v -0.02579389326274395 0.43353158235549927 -0.08335833996534348
v -0.07069998979568481 0.4109954535961151 0.041111309081315994
v -0.06990981101989746 0.4053107500076294 0.02980225160717964
v -0.059174127876758575 0.40373891592025757 -0.04741998389363289
v -0.04950607195496559 0.4066739082336426 -0.0618148073554039
v -0.06453518569469452 0.4018156826496124 -0.03307938575744629
v -0.06840044260025024 0.4018266499042511 -0.02108812890946865
v -0.03695032745599747 0.4129073917865753 -0.07401344180107117
v -0.020354246720671654 0.41019225120544434 -0.08009974658489227
v -0.019228627905249596 0.38893720507621765 -0.07128030806779861
v -0.07047154754400253 0.38486722111701965 0.017302781343460083
v -0.07098859548568726 0.37929749488830566 0.018048033118247986
v -0.06794406473636627 0.37787216901779175 0.019575797021389008
v -0.06851645559072495 0.3834548592567444 0.021305855363607407
v -0.06867427378892899 0.39373210072517395 0.028713390231132507
v -0.06825452297925949 0.3959343433380127 0.04035366326570511
v -0.005984138231724501 0.42098698019981384 0.11363684386014938
v -0.006047056056559086 0.33122313022613525 0.11262655258178711
v -0.004165620543062687 0.3446216583251953 0.11261899024248123
v -0.006230161990970373 0.3813178539276123 0.11608776450157166
v -0.006715153343975544 0.37744876742362976 0.11688287556171417
v -0.0037091379053890705 0.3768436908721924 0.11751041561365128
v -0.003360338043421507 0.38050979375839233 0.11681914329528809
v -0.01876259222626686 0.4369857609272003 0.09605605155229568
v -0.018286457285284996 0.3726373612880707 -0.05901539325714111
v -0.012574209831655025 0.32637470960617065 -0.044979799538850784
v -0.012519505806267262 0.3102821707725525 -0.04753056913614273
v -0.035736676305532455 0.2973862886428833 -0.0451715849339962
v -0.024925988167524338 0.29635363817214966 -0.05087747052311897
v -0.0030579192098230124 0.3842203915119171 0.11669060587882996
v -0.0057545923627913 0.38481196761131287 0.1157790943980217
v -0.006188761908560991 0.393597275018692 0.1190590038895607
v -0.01147486362606287 0.36958059668540955 0.11409609019756317
v -0.006447006948292255 0.38958242535591125 0.1151391863822937
v -0.005720844026654959 0.38755691051483154 0.11553104221820831
v -0.0013416499132290483 0.38718682527542114 0.11824383586645126
v -0.0015504371840506792 0.38387158513069153 0.116996169090271
v -0.028664356097579002 0.42080435156822205 0.09642155468463898
v -0.02877078764140606 0.4253058135509491 0.09586910903453827
v -0.004736022558063269 0.3926464021205902 0.12113919109106064
v -0.0036521560978144407 0.39179113507270813 0.12366792559623718
v -0.03878573328256607 0.2842138409614563 0.03472204878926277
v -0.04883912578225136 0.2873510420322418 0.021493786945939064
v -0.0018800072139129043 0.3695560693740845 0.11675118654966354
v -0.0018874063389375806 0.3731459677219391 0.11808440834283829
v -0.07166536897420883 0.40969911217689514 0.020704064518213272
v -0.073330357670784 0.41686585545539856 0.018608592450618744
v -0.07445221394300461 0.4122617244720459 0.013730823993682861
v -0.07260937988758087 0.40618374943733215 0.015420782379806042
v -0.004577599465847015 0.28908583521842957 0.05494087561964989
v -0.05330047756433487 0.2906111776828766 0.006343855056911707
v -0.01334256213158369 0.2966344952583313 -0.054290417581796646
v -0.046072132885456085 0.4266190826892853 0.08686387538909912
v -0.047072622925043106 0.428267240524292 0.08548390120267868
v -0.02141328901052475 0.4345274269580841 0.09497888386249542
v -0.013123990967869759 0.36250928044319153 0.11206290125846863
v -0.011424162425100803 0.3660010099411011 0.11138217896223068
v -0.004837075714021921 0.3126817047595978 0.0736975222826004
v -0.0013327156193554401 0.3893818259239197 0.12111375480890274
v -0.074979767203331 0.41933318972587585 0.005744263995438814
v -0.0745314359664917 0.41575297713279724 0.006511058658361435
v -0.07716286927461624 0.4150414764881134 0.008295313455164433
v -0.07744830846786499 0.41817909479141235 0.008831554092466831
v -0.07902207970619202 0.42146632075309753 0.013328307308256626
v -0.08030954748392105 0.42466625571250916 0.01165457721799612
v -0.08140845596790314 0.4213012456893921 0.010291696526110172
v -0.07988253235816956 0.4185279309749603 0.010985608212649822
v -0.07567644864320755 0.4221612811088562 0.015772005543112755
v -0.0767844095826149 0.41768085956573486 0.013843715190887451
v -0.08268356323242188 0.4259665906429291 0.009916439652442932
v -0.08233176171779633 0.42333728075027466 0.008781081065535545
v -0.07775399088859558 0.4264441132545471 0.005870845168828964
v -0.08015461266040802 0.42718350887298584 0.008537353947758675
v -0.08136582374572754 0.42886269092559814 0.004150701221078634
v -0.08507005125284195 0.42704060673713684 0.006160968914628029
v -0.08316996693611145 0.4285453259944916 -0.001933068037033081
v -0.08749569207429886 0.4262164831161499 0.0009200527565553784
v -0.0832873061299324 0.42481985688209534 -0.007285092491656542
v -0.08813061565160751 0.4231220781803131 -0.004566818941384554
v -0.06963508576154709 0.3913734257221222 0.021255647763609886
v -0.0686950534582138 0.39224621653556824 0.014900577254593372
v -0.08284905552864075 0.41880616545677185 -0.00998186506330967
v -0.08828486502170563 0.41805869340896606 -0.007671821862459183
v -0.08212412893772125 0.41129717230796814 -0.011832229793071747
v -0.08734152466058731 0.4110969305038452 -0.009385590441524982
v -0.08105139434337616 0.40272271633148193 -0.011238275095820427
v -0.0853884220123291 0.40371280908584595 -0.009140469133853912
v -0.07957495003938675 0.39555245637893677 -0.008373629301786423
v -0.0836547315120697 0.39689722657203674 -0.006633333396166563
v -0.07728301733732224 0.3865506052970886 -0.003954580053687096
v -0.08151623606681824 0.39033088088035583 -0.002133471192792058
v -0.08417623490095139 0.4214247465133667 -0.0036821893882006407
v -0.08351850509643555 0.4243353307247162 0.00011338377225911245
v -0.07667374610900879 0.4227968454360962 -0.003908202983438969
v -0.08272125571966171 0.4250013530254364 0.0049770246259868145
v -0.07370591908693314 0.4102233946323395 6.149526598164812e-05
v -0.0727493092417717 0.4083441197872162 0.0003844356688205153
v -0.07484471797943115 0.40936583280563354 0.0035333663690835238
v -0.07324710488319397 0.4113595187664032 0.0018323539989069104
v -0.07308045029640198 0.4043511748313904 0.012043892405927181
v -0.0726502314209938 0.39903131127357483 0.012129743583500385
v -0.07192793488502502 0.39896467328071594 0.015800148248672485
v -0.07051519304513931 0.3951522707939148 0.011597166769206524
v -0.06979922950267792 0.39963579177856445 0.01051351334899664
v -0.06987837702035904 0.39636632800102234 0.010316104628145695
v -0.06916922330856323 0.4038134217262268 0.010009798221290112
v -0.07017245888710022 0.39495375752449036 0.008796244859695435
v -0.0710524395108223 0.39333826303482056 0.009836629033088684
v -0.06919390708208084 0.3958786725997925 0.008171511813998222
v -0.0688835009932518 0.39676621556282043 0.00904770102351904
v -0.06798532605171204 0.3986285328865051 0.008170373737812042
v -0.06818120181560516 0.4017021059989929 0.005830890033394098
v -0.07116317003965378 0.4008285403251648 0.021465158089995384
v -0.06808803230524063 0.3894491195678711 0.0011411845916882157
v -0.07138092070817947 0.39752671122550964 -0.0031771736685186625
v -0.07875601947307587 0.38551345467567444 0.0036808897275477648
v -0.07565481215715408 0.3797186613082886 0.0034159470815211535
v -0.0729658305644989 0.376407265663147 0.015859974548220634
v -0.0744735598564148 0.37596553564071655 0.010458624921739101
v -0.07532839477062225 0.41775569319725037 -0.005084039177745581
v -0.07474157214164734 0.41126781702041626 -0.0065846433863043785
v -0.06612534075975418 0.38345426321029663 0.007943926379084587
v -0.0736643373966217 0.40475282073020935 -0.006116452626883984
v -0.07973359525203705 0.3940700590610504 -0.0010760370641946793
v -0.07725850492715836 0.39085325598716736 0.003192658070474863
v -0.082139752805233 0.39881324768066406 -0.004445065278559923
v -0.07203254848718643 0.3900863528251648 0.011858905665576458
v -0.07498858124017715 0.38967591524124146 0.007830411195755005
v -0.07650629431009293 0.38406842947006226 0.009517865255475044
v -0.07371503859758377 0.3840749263763428 0.014072560705244541
v -0.0753851905465126 0.39456865191459656 0.0038410795386880636
v -0.07854846119880676 0.3970351815223694 0.0010216044029220939
v -0.07223183661699295 0.3967273235321045 0.0029392577707767487
v -0.07523391395807266 0.39926666021347046 0.0005273385322652757
v -0.07088170200586319 0.3951890468597412 0.006159354001283646
v -0.07281628996133804 0.3932379484176636 0.006944585591554642
v -0.06870266795158386 0.3986440896987915 0.0022973818704485893
v -0.07171869277954102 0.40225791931152344 -0.00030041614081710577
v -0.06868863105773926 0.39661285281181335 0.006027120165526867
v -0.07818660885095596 0.4023522138595581 -0.0003884178295265883
v -0.07532517611980438 0.40530136227607727 -0.00039603945333510637
v -0.07868225127458572 0.4085451066493988 0.0010797156719490886
v -0.08060678094625473 0.4060743451118469 -0.00048148713540285826
v -0.08098427206277847 0.4005240797996521 -0.0015704324468970299
v -0.08294131606817245 0.40479934215545654 -0.0031009081285446882
v -0.08283890038728714 0.4045449197292328 -0.006617649458348751
v -0.08362797647714615 0.4101979434490204 -0.003895432921126485
v -0.08355405926704407 0.41098541021347046 -0.007096740882843733
v -0.08211137354373932 0.4100733995437622 -0.0011254764394834638
v -0.08072264492511749 0.41102004051208496 0.0012455758405849338
v -0.0843917578458786 0.41708049178123474 -0.006090790033340454
v -0.08371783792972565 0.4153345227241516 -0.003206682624295354
v -0.08344259113073349 0.41924118995666504 -0.001413803081959486
v -0.08281874656677246 0.4138917028903961 -0.000595791672822088
v -0.08234234899282455 0.4169003963470459 0.0008008277509361506
v -0.08162630349397659 0.4132480025291443 0.0009340420947410166
v -0.08099842816591263 0.4149225652217865 0.0022954060696065426
v -0.07974106818437576 0.42253437638282776 0.007278905715793371
v -0.07856165617704391 0.4207758605480194 0.00866631232202053
v -0.08108364790678024 0.42276355624198914 0.004543231334537268
v -0.07964925467967987 0.42030635476112366 0.004624529741704464
v -0.07881946861743927 0.4217364490032196 0.005816605873405933
v -0.07736093550920486 0.42068392038345337 0.0061721038073301315
v -0.07862132787704468 0.41815513372421265 0.0052490499801933765
v -0.07660487294197083 0.41608181595802307 0.004247007425874472
v -0.01726474054157734 0.2589682936668396 0.04618066921830177
v -0.00591452419757843 0.2576601505279541 0.04695192724466324
v -0.00520688621327281 0.26798295974731445 0.048632729798555374
v -0.015919284895062447 0.2694721817970276 0.04663723334670067
v -0.08106295019388199 0.4188981056213379 0.0027005549054592848
v -0.07996856421232224 0.416433721780777 0.004008502699434757
v -0.08231022208929062 0.4217224717140198 0.0012054231483489275
v -0.0776619166135788 0.41245436668395996 0.002156733302399516
v -0.07867801189422607 0.4142906963825226 0.0034363598097115755
v -0.0798531100153923 0.4127384424209595 0.002711430424824357
v -0.07884147763252258 0.4113100469112396 0.002152055501937866
v -0.07283489406108856 0.4081780016422272 0.010944953188300133
v -0.0707332119345665 0.40669915080070496 0.007680921815335751
v -0.07067934423685074 0.40419861674308777 0.003827766515314579
v -0.050010308623313904 0.24668285250663757 0.031236106529831886
v -0.046178098767995834 0.25535014271736145 0.028129884973168373
v -0.06027759984135628 0.2613012492656708 0.016229858621954918
v -0.06517679244279861 0.25435295701026917 0.018841980025172234
v -0.06103948876261711 0.2259444147348404 0.04778864234685898
v -0.08235428482294083 0.23435059189796448 0.03358371555805206
v -0.08172288537025452 0.21302145719528198 0.05175432935357094
v -0.06392933428287506 0.20781739056110382 0.05802197754383087
v -0.0811920166015625 0.19509947299957275 0.06658711284399033
v -0.06511113792657852 0.1911775916814804 0.07016178220510483
v -0.0784388855099678 0.1470109522342682 0.10472557693719864
v -0.06311634927988052 0.14600609242916107 0.10815227776765823
v -0.06383081525564194 0.16116362810134888 0.09594042599201202
v -0.07943981885910034 0.1623174101114273 0.09215158969163895
v -0.09823089838027954 0.07321670651435852 0.13946533203125
v -0.09221349656581879 0.055708058178424835 0.13648322224617004
v -0.07911737263202667 0.059961847960948944 0.14204463362693787
v -0.08673173934221268 0.07563848793506622 0.14398017525672913
v -0.14061760902404785 0.16895121335983276 0.06076096370816231
v -0.14254339039325714 0.18808388710021973 0.052519604563713074
v -0.1534893810749054 0.17923277616500854 0.051007792353630066
v -0.1497192084789276 0.15944324433803558 0.057795438915491104
v -0.09272333234548569 0.2670740485191345 -0.012037860229611397
v -0.08885058760643005 0.2532661259174347 0.010057242587208748
v -0.0808531641960144 0.25736096501350403 0.005319823045283556
v -0.08551950007677078 0.2700541615486145 -0.014182008802890778
v -0.14114084839820862 0.08401753753423691 0.09164432436227798
v -0.13695640861988068 0.072344571352005 0.09985725581645966
v -0.13292370736598969 0.0816182792186737 0.10753586888313293
v -0.13585510849952698 0.0933096706867218 0.10036341100931168
v -0.10824408382177353 0.0033337350469082594 0.08464217185974121
v -0.11045118421316147 -0.014400780200958252 0.0847427248954773
v -0.09568023681640625 -0.014292087405920029 0.10033702850341797
v -0.0941949263215065 0.0029495148919522762 0.09938564896583557
v -0.14298895001411438 0.02227381430566311 0.022715557366609573
v -0.1453591287136078 0.02092374861240387 -0.002845616778358817
v -0.14445377886295319 0.006836704909801483 -0.004656380973756313
v -0.14322559535503387 0.00684407539665699 0.021025195717811584
v -0.10539692640304565 0.14595666527748108 0.09528286755084991
v -0.09269460290670395 0.14698556065559387 0.10021619498729706
v -0.0940912514925003 0.1622682511806488 0.0879499614238739
v -0.10741446912288666 0.16153480112552643 0.08334166556596756
v -0.3250618875026703 0.2155388444662094 0.01376852486282587
v -0.32526859641075134 0.19942359626293182 0.014151565730571747
v -0.3007010817527771 0.20022346079349518 0.015986762940883636
v -0.30021166801452637 0.2160937339067459 0.015151136554777622
v -0.14719237387180328 -0.07830987870693207 0.03118557296693325
v -0.14605243504047394 -0.07562083005905151 0.007082665804773569
v -0.1484125256538391 -0.09262789040803909 0.01044310349971056
v -0.14882095158100128 -0.0956927090883255 0.03463544696569443
v -0.1905878186225891 0.2420406937599182 0.025645611807703972
v -0.1765621304512024 0.2454182356595993 0.026368094608187675
v -0.17518778145313263 0.26206812262535095 0.0074301972053945065
v -0.18838003277778625 0.2593238651752472 0.008136654272675514
v -0.14058464765548706 0.1315312385559082 0.07234358042478561
v -0.1336234211921692 0.13833372294902802 0.07828523218631744
v -0.13759839534759521 0.15286974608898163 0.06939926743507385
v -0.1446751058101654 0.14410477876663208 0.06493967026472092
v -0.15461134910583496 0.04838813841342926 -0.005016440991312265
v -0.15347793698310852 0.049201708287000656 0.01763947680592537
v -0.15659204125404358 0.06528010219335556 0.01189372967928648
v -0.15780571103096008 0.06466124951839447 -0.008514205925166607
v -0.14893311262130737 0.034784719347953796 0.0211171954870224
v -0.15042707324028015 0.03354240208864212 -0.0032418775372207165
v -0.12603220343589783 0.1421104371547699 0.08372858911752701
v -0.1165478527545929 0.14416402578353882 0.08956825733184814
v -0.11897285282611847 0.16039767861366272 0.07850481569766998
v -0.12830215692520142 0.15856148302555084 0.07379885017871857
v -0.08566807955503464 0.041068822145462036 0.12707573175430298
v -0.0700995922088623 0.046401988714933395 0.13460201025009155
v -0.14312143623828888 -0.09933804720640182 0.05841317027807236
v -0.13245339691638947 -0.10352484881877899 0.07970818132162094
v -0.13136567175388336 -0.08528634160757065 0.07644069939851761
v -0.14195658266544342 -0.08168727904558182 0.05517502874135971
v -0.07755307108163834 0.018797820433974266 0.108550064265728
v -0.07986362278461456 0.030693573877215385 0.11508770287036896
v -0.09408382326364517 0.029187243431806564 0.10621858388185501
v -0.09211131930351257 0.017837917432188988 0.09843460470438004
v -0.11809080094099045 -0.10731613636016846 0.09836943447589874
v -0.10149993747472763 -0.11099817603826523 0.11563136428594589
v -0.09937305003404617 -0.09116596728563309 0.11138219386339188
v -0.11631282418966293 -0.08854974061250687 0.09492477029561996
v -0.08054878562688828 0.17830409109592438 0.07950381934642792
v -0.06470853090286255 0.1762399971485138 0.08337530493736267
v -0.11802597343921661 0.07190407812595367 0.1255759596824646
v -0.11491097509860992 0.05510839447379112 0.1218685656785965
v -0.10431379079818726 0.0544046051800251 0.12959906458854675
v -0.1089368686079979 0.072079136967659 0.13304191827774048
v -0.15879178047180176 0.13223934173583984 0.04155860096216202
v -0.15660978853702545 0.14629600942134857 0.052091244608163834
v -0.16591379046440125 0.16658858954906464 0.04570000246167183
v -0.16816242039203644 0.1446598470211029 0.035573363304138184
v -0.1512264907360077 -0.10938102751970291 0.012843658216297626
v -0.15159490704536438 -0.1122925728559494 0.03722832351922989
v -0.12060853093862534 -0.1262507140636444 0.10126576572656631
v -0.10385043174028397 -0.13055099546909332 0.11885817348957062
v -0.20276081562042236 0.14078344404697418 -0.03144345432519913
v -0.1924050897359848 0.12928499281406403 -0.027224861085414886
v -0.18988414108753204 0.13186988234519958 -0.013534445315599442
v -0.20065675675868988 0.14373619854450226 -0.01849186047911644
v -0.04831058904528618 0.07805740088224411 0.14479553699493408
v -0.06351429969072342 0.08625397831201553 0.14569301903247833
v -0.06897814571857452 0.07022590190172195 0.14582020044326782
v -0.05611937493085861 0.0584331713616848 0.14145363867282867
v -0.11118102818727493 0.04024091735482216 0.1115841269493103
v -0.10770082473754883 0.029758231714367867 0.09816592931747437
v -0.09930916875600815 0.03926512226462364 0.1193947046995163
v -0.032356005162000656 0.06960438936948776 0.1400989443063736
v -0.04135138913989067 0.04508274421095848 0.1317206472158432
v -0.047975245863199234 0.1730048507452011 0.08653135597705841
v -0.04749588668346405 0.15904921293258667 0.0988890528678894
v -0.04765195772051811 0.1879872828722 0.07522470504045486
v -0.03064543381333351 0.18492911756038666 0.07980328798294067
v -0.02864757739007473 0.2007175087928772 0.06968541443347931
v -0.04577554389834404 0.2038910686969757 0.06462427228689194
v -0.02563181333243847 0.21686798334121704 0.06182639300823212
v -0.04236271232366562 0.2203720211982727 0.05637647211551666
v -0.03364493325352669 0.24206848442554474 0.04165785387158394
v -0.030665703117847443 0.25122392177581787 0.03833388909697533
v -0.15009604394435883 0.13301096856594086 0.058348964899778366
v -0.14614364504814148 0.12165749818086624 0.06480775773525238
v -0.13503235578536987 -0.12154769897460938 0.08229207247495651
v -0.1035245880484581 0.20650549232959747 -0.09801964461803436
v -0.10292356461286545 0.1893378645181656 -0.10321792215108871
v -0.11831247061491013 0.19508236646652222 -0.09661013633012772
v -0.1187976747751236 0.21144302189350128 -0.0918455421924591
v -0.10099519044160843 0.26685792207717896 -0.010922059416770935
v -0.10016635805368423 0.25339624285697937 0.012012823484838009
v -0.17273034155368805 0.1502385288476944 -0.07062072306871414
v -0.16100390255451202 0.14456984400749207 -0.07295851409435272
v -0.16377109289169312 0.13331782817840576 -0.06767168641090393
v -0.17312343418598175 0.14079926908016205 -0.06572063267230988
v -0.20091427862644196 0.14257638156414032 -0.05116051062941551
v -0.2140832096338272 0.15115055441856384 -0.054409146308898926
v -0.21324226260185242 0.15845204889774323 -0.06095298379659653
v -0.1985565423965454 0.14981652796268463 -0.056878503412008286
v -0.1419900357723236 -0.0903058797121048 -0.011855711229145527
v -0.13870233297348022 -0.0734332799911499 -0.015704790130257607
v -0.1239658072590828 0.03504852205514908 -0.06809813529253006
v -0.13439856469631195 0.027518529444932938 -0.0477614626288414
v -0.1423303633928299 0.0422532893717289 -0.04690156131982803
v -0.13412193953990936 0.05094516649842262 -0.06585665047168732
v -0.017530877143144608 0.17376182973384857 -0.10031038522720337
v -0.01775585114955902 0.15914852917194366 -0.10270128399133682
v -0.03562898188829422 0.16303247213363647 -0.10632941126823425
v -0.034957077354192734 0.17792755365371704 -0.1034376472234726
v -0.06870079040527344 0.20800387859344482 -0.10085730254650116
v -0.0674872100353241 0.2222060263156891 -0.09515059739351273
v -0.04915359616279602 0.2124708592891693 -0.09756184369325638
v -0.05022178590297699 0.19896794855594635 -0.10157164931297302
v -0.08667705953121185 0.19961343705654144 -0.10287164151668549
v -0.08670412003993988 0.18231800198554993 -0.1076568216085434
v -0.15629830956459045 0.06749134510755539 -0.027112722396850586
v -0.15244023501873016 0.051631297916173935 -0.02589094452559948
v -0.16337621212005615 0.09146863967180252 -0.032007645815610886
v -0.1638583093881607 0.09017958492040634 -0.016425972804427147
v -0.16787301003932953 0.09971563518047333 -0.019188642501831055
v -0.1673896163702011 0.10019374638795853 -0.03326352685689926
v -0.07905354350805283 0.27459412813186646 -0.016113238409161568
v -0.0776054635643959 0.2800559103488922 -0.03751937672495842
v -0.08527800440788269 0.2764725089073181 -0.035485755652189255
v -0.04597655311226845 0.2581753730773926 -0.07851795107126236
v -0.045574966818094254 0.2520504891872406 -0.08177199959754944
v -0.057550203055143356 0.2579500079154968 -0.07681915163993835
v -0.056037601083517075 0.2627662122249603 -0.0740748941898346
v -0.041088711470365524 0.09562299400568008 -0.11278187483549118
v -0.020976455882191658 0.09410370886325836 -0.11242002248764038
v -0.020537275820970535 0.07356776297092438 -0.10919684916734695
v -0.04193195700645447 0.073567695915699 -0.10914452373981476
v -0.17197979986667633 0.11066518723964691 -0.045584261417388916
v -0.18075723946094513 0.11844783276319504 -0.04642050713300705
v -0.17807194590568542 0.12389464676380157 -0.05407959222793579
v -0.169417604804039 0.11606889218091965 -0.054658882319927216
v -0.16302771866321564 0.10890334844589233 -0.05531877279281616
v -0.1578352004289627 0.1006704568862915 -0.056431788951158524
v -0.1611180454492569 0.09500715881586075 -0.04497767239809036
v -0.16572293639183044 0.10366671532392502 -0.04516021907329559
v -0.14184772968292236 0.06608056277036667 -0.06215379014611244
v -0.14834091067314148 0.057886019349098206 -0.0449468195438385
v -0.15350818634033203 0.07274125516414642 -0.04426056519150734
v -0.1486808955669403 0.080245241522789 -0.05998261272907257
v -0.016974367201328278 0.006077759433537722 -0.09003341943025589
v -0.035092469304800034 0.004500562325119972 -0.09257451444864273
v -0.036452826112508774 0.026821743696928024 -0.0985761508345604
v -0.01766682043671608 0.027586108073592186 -0.09837893396615982
v -0.20873567461967468 0.16302412748336792 0.0019636540673673153
v -0.20829588174819946 0.1708139181137085 0.01537760067731142
v -0.2212451547384262 0.17503072321414948 0.011091658845543861
v -0.22343678772449493 0.16654172539710999 -0.003701772540807724
v -0.22085078060626984 0.18120403587818146 -0.07304604351520538
v -0.23140357434749603 0.18658529222011566 -0.07462012022733688
v -0.23040293157100677 0.193302720785141 -0.07561562210321426
v -0.21941791474819183 0.18835675716400146 -0.07462222874164581
v -0.244761124253273 0.15962731838226318 -0.020170265808701515
v -0.24041055142879486 0.16687917709350586 -0.006944969296455383
v -0.2604947090148926 0.16537760198116302 -0.008797571994364262
v -0.26411351561546326 0.1578490436077118 -0.02310176007449627
v -0.10879507660865784 0.27042487263679504 -0.03696158528327942
v -0.10925543308258057 0.26695770025253296 -0.010973327793180943
v -0.10115210711956024 0.2723296880722046 -0.035397421568632126
v -0.2308482825756073 0.15098591148853302 -0.03959418088197708
v -0.24696749448776245 0.1533164232969284 -0.04408353939652443
v -0.24635279178619385 0.15607696771621704 -0.054525844752788544
v -0.22975777089595795 0.1526196002960205 -0.05027882009744644
v -0.32457810640335083 0.23087915778160095 0.006019474472850561
v -0.2999960780143738 0.23143529891967773 0.007308116182684898
v -0.2869798243045807 0.1550622582435608 -0.03853292763233185
v -0.288713663816452 0.15736094117164612 -0.05081801861524582
v -0.2669375538825989 0.1551457941532135 -0.048139095306396484
v -0.2661091983318329 0.1544383466243744 -0.03625206649303436
v -0.1154487207531929 0.01921333745121956 -0.06810402125120163
v -0.12832608819007874 0.012652863748371601 -0.049255311489105225
v -0.11621212959289551 -0.08699454367160797 -0.04787943884730339
v -0.1307992786169052 -0.08857982605695724 -0.031653303653001785
v -0.12621043622493744 -0.07139544934034348 -0.03585604205727577
v -0.11131167411804199 -0.06945201754570007 -0.051956988871097565
v -0.1442652940750122 -0.1075943112373352 -0.009224513545632362
v -0.11911658197641373 -0.1053290069103241 -0.04431314021348953
v -0.13336384296417236 -0.10616882145404816 -0.028606029227375984
v -0.06329936534166336 0.28707355260849 -0.03391660749912262
v -0.0553446039557457 0.28660762310028076 -0.048510290682315826
v -0.06107808277010918 0.2810283899307251 -0.053406406193971634
v -0.07056239992380142 0.2838103473186493 -0.03702676668763161
v -0.1799185574054718 -0.21465669572353363 -0.012183615937829018
v -0.18051089346408844 -0.24143344163894653 -0.01681516133248806
v -0.1856926679611206 -0.2413313090801239 0.011394373141229153
v -0.1836613416671753 -0.21695834398269653 0.017437197268009186
v -0.032044701278209686 0.27002838253974915 -0.07137707620859146
v -0.048168595880270004 0.2754281163215637 -0.06409621238708496
v -0.04329211637377739 0.28235122561454773 -0.0585678331553936
v -0.0296917837113142 0.27842825651168823 -0.06500902026891708
v -0.1807994395494461 -0.19309528172016144 0.0185908954590559
v -0.17731012403964996 -0.19009554386138916 -0.010094677098095417
v -0.06611093878746033 0.28141143918037415 -0.01555871032178402
v -0.07309477031230927 0.2779359519481659 -0.016553327441215515
v -0.06978589296340942 0.26876920461654663 0.0007639372488483787
v -0.06321342289447784 0.27405285835266113 0.0011123265139758587
v -0.05522756651043892 0.2688628137111664 0.0160793736577034
v -0.18430353701114655 -0.24742363393306732 0.04118494316935539
v -0.17982517182826996 -0.22259773313999176 0.04400898516178131
v -0.049888476729393005 0.2916775941848755 -0.04269713535904884
v -0.03932929039001465 0.2889806628227234 -0.05266576632857323
v -0.027154570445418358 0.2870714068412781 -0.05835604667663574
v -0.014175808988511562 0.28621646761894226 -0.06151372194290161
v -0.15131327509880066 -0.12391906976699829 -0.009294277057051659
v -0.15721744298934937 -0.1257849484682083 0.014230400323867798
v -0.12632711231708527 -0.3439360558986664 -0.08598605543375015
v -0.09786156564950943 -0.34766924381256104 -0.0942588523030281
v -0.09563594311475754 -0.35821330547332764 -0.08560222387313843
v -0.1292603462934494 -0.35859882831573486 -0.07646679133176804
v -0.02578292042016983 -0.33072978258132935 -0.10004189610481262
v -0.022072870284318924 -0.3403003215789795 -0.08613374829292297
v -0.059288665652275085 -0.3518642485141754 -0.08797238767147064
v -0.064527727663517 -0.3416353762149811 -0.1000136211514473
v -0.03441443294286728 -0.219829261302948 -0.1122194230556488
v -0.06490321457386017 -0.22088731825351715 -0.11226636171340942
v -0.06535126268863678 -0.19901569187641144 -0.10513453185558319
v -0.03546425327658653 -0.19781312346458435 -0.10603725910186768
v -0.12557974457740784 -0.12215059250593185 -0.04619438201189041
v -0.14011560380458832 -0.12284733355045319 -0.029755689203739166
v -0.15635959804058075 -0.12879332900047302 0.039354465901851654
v -0.18442115187644958 -0.3817889094352722 0.054739680141210556
v -0.1926444172859192 -0.3767935335636139 0.01456968393176794
v -0.18654461205005646 -0.4124527871608734 0.013521677814424038
v -0.18055829405784607 -0.4177897870540619 0.05123990401625633
v -0.15385250747203827 -0.4073193073272705 -0.04722117260098457
v -0.15925057232379913 -0.3784324526786804 -0.05220640078186989
v -0.12662272155284882 -0.37995219230651855 -0.06925060600042343
v -0.1221211776137352 -0.4046751856803894 -0.06285738945007324
v -0.08569933474063873 -0.13430383801460266 0.1344064623117447
v -0.10537215322256088 -0.15001338720321655 0.12078363448381424
v -0.08712489902973175 -0.15463592112064362 0.13647159934043884
v -0.02889716997742653 -0.14404405653476715 0.16187338531017303
v -0.04969165846705437 -0.1408761441707611 0.15545475482940674
v -0.04845082759857178 -0.1621965914964676 0.15874965488910675
v -0.027529671788215637 -0.16491751372814178 0.1646633744239807
v -0.02679762989282608 -0.2730328142642975 0.1397537738084793
v -0.01204533502459526 -0.27204179763793945 0.14331017434597015
v -0.015480347909033298 -0.25144246220588684 0.15018227696418762
v -0.03268903121352196 -0.2506972551345825 0.14569894969463348
v -0.17042176425457 -0.22885282337665558 0.06835036724805832
v -0.15216746926307678 -0.2339504212141037 0.09015844762325287
v -0.15100468695163727 -0.21558579802513123 0.09015931189060211
v -0.1671239584684372 -0.20881541073322296 0.068998321890831
v -0.020380768924951553 -0.34681928157806396 -0.0676184743642807
v -0.05306490883231163 -0.3618333041667938 -0.07225171476602554
v -0.16261623799800873 -0.4215434789657593 0.0874834880232811
v -0.16463491320610046 -0.38500067591667175 0.09092225879430771
v -0.13246895372867584 -0.4253544807434082 0.11608155816793442
v -0.09670734405517578 -0.4245780110359192 0.12656445801258087
v -0.09978680312633514 -0.39315295219421387 0.12973877787590027
v -0.13502946496009827 -0.3911780118942261 0.1185029074549675
v -0.007876705378293991 -0.33536481857299805 0.0758354589343071
v -0.019814882427453995 -0.31937703490257263 0.10198760032653809
v -0.023960774764418602 -0.33399999141693115 0.10034304112195969
v -0.008478441275656223 -0.34753644466400146 0.07626407593488693
v -0.02884749509394169 -0.30439865589141846 -0.11293869465589523
v -0.028211941942572594 -0.31994765996932983 -0.10708388686180115
v -0.06323742866516113 -0.32704463601112366 -0.10906461626291275
v -0.06266854703426361 -0.310666024684906 -0.11385741829872131
v -0.10264798253774643 -0.10460978001356125 -0.0561012327671051
v -0.10860542953014374 -0.12241960316896439 -0.059204962104558945
v -0.08480962365865707 -0.1040739044547081 -0.06404898315668106
v -0.09931618720293045 -0.08549410849809647 -0.05974271520972252
v -0.08113744854927063 -0.08398174494504929 -0.06705756485462189
v -0.08167628198862076 0.03619038686156273 -0.09412560611963272
v -0.09976013004779816 0.026877516880631447 -0.08314618468284607
v -0.10903270542621613 0.04317792132496834 -0.08482684940099716
v -0.0915539339184761 0.05456985905766487 -0.0973263755440712
v -0.05273130163550377 0.1685607135295868 -0.10970517247915268
v -0.05147130414843559 0.1841047704219818 -0.1061825230717659
v -0.08347821235656738 -0.3953106105327606 -0.06923104077577591
v -0.040701836347579956 -0.3792271912097931 -0.05988004058599472
v -0.05217239633202553 -0.41871193051338196 -0.05640580877661705
v -0.08757351338863373 -0.42677488923072815 -0.06177859380841255
v -0.14812789857387543 -0.43629610538482666 -0.04310329258441925
v -0.1692596673965454 -0.43942561745643616 -0.020658519119024277
v -0.1765994131565094 -0.4083046019077301 -0.021837038919329643
v -0.1796175092458725 -0.44535428285598755 0.012285885401070118
v -0.1747725009918213 -0.4504150152206421 0.0496024526655674
v -0.12812447547912598 -0.4578167200088501 0.11229564249515533
v -0.09260734915733337 -0.4560052156448364 0.12115956842899323
v -0.01227550394833088 -0.4179331362247467 0.08354505896568298
v -0.03238392248749733 -0.4215998351573944 0.10542744398117065
v -0.030738787725567818 -0.4470648169517517 0.09660010039806366
v -0.012216274626553059 -0.4415508508682251 0.07314831018447876
v -0.06580706685781479 -0.27293363213539124 0.12290673702955246
v -0.10141988098621368 -0.25658559799194336 0.11675696074962616
v -0.1019558310508728 -0.2786945104598999 0.11851959675550461
v -0.07188767194747925 -0.295902281999588 0.12230231612920761
v -0.03246375918388367 -0.12294668704271317 0.15795347094535828
v -0.04903508722782135 -0.11921181529760361 0.15268808603286743
v -0.06733115762472153 -0.13779455423355103 0.14692403376102448
v -0.06592771410942078 -0.1165824756026268 0.14422906935214996
v -0.0838291347026825 -0.11405707150697708 0.13165631890296936
v -0.04184314236044884 -0.03263644129037857 0.14157432317733765
v -0.062244415283203125 -0.033169157803058624 0.13211902976036072
v -0.061606504023075104 -0.05291396751999855 0.13586170971393585
v -0.04181770235300064 -0.052594710141420364 0.1457507610321045
v -0.04213111847639084 -0.012276144698262215 0.13673344254493713
v -0.06258892267942429 -0.012900697067379951 0.127826526761055
v -0.04001481831073761 0.025419939309358597 0.12273579090833664
v -0.06237656995654106 0.035051677376031876 0.12349046766757965
v -0.06032681465148926 0.02164175920188427 0.11686974763870239
v -0.031306225806474686 0.16943597793579102 0.09011006355285645
v -0.030934510752558708 0.1551925539970398 0.10112493485212326
v -0.17458316683769226 -0.25153520703315735 0.0669185221195221
v -0.013371189124882221 -0.3850001394748688 -0.032882656902074814
v -0.002004066715016961 -0.3950411081314087 -0.0031964313238859177
v -0.006319186184555292 -0.42201152443885803 -0.011566403321921825
v -0.02260078862309456 -0.41736263036727905 -0.0385093092918396
v -0.1770547479391098 -0.20046985149383545 0.04520076885819435
v -0.14559495449066162 -0.11650042235851288 0.0609949454665184
v -0.1500585973262787 -0.13360394537448883 0.06334852427244186
v -0.13416455686092377 0.026137087494134903 0.05298314988613129
v -0.1348000466823578 0.007561014965176582 0.04625536873936653
v -0.07705018669366837 0.09105892479419708 0.143722802400589
v -0.07811496406793594 0.07920549809932709 0.14544296264648438
v -0.18326681852340698 -0.37499159574508667 -0.023470018059015274
v -0.12326501309871674 -0.48853281140327454 0.1070861741900444
v -0.11829723417758942 -0.5174861550331116 0.10096669942140579
v -0.08518285304307938 -0.5163524746894836 0.1064346581697464
v -0.08891765028238297 -0.4868631362915039 0.11400071531534195
v -0.006871066056191921 -0.46333473920822144 0.03556249663233757
v -0.014001378789544106 -0.4685531258583069 0.06224846467375755
v -0.016728969290852547 -0.4965159595012665 0.051571786403656006
v -0.012041956186294556 -0.49209609627723694 0.025508802384138107
v -0.016143428161740303 -0.5215048789978027 0.017445677891373634
v -0.01985796168446541 -0.5261938571929932 0.04342403635382652
v -0.021293602883815765 -0.5544025301933289 0.03340473771095276
v -0.01908143237233162 -0.5492453575134277 0.009365350939333439
v -0.15711721777915955 -0.4561869204044342 0.08603540062904358
v -0.16095663607120514 -0.5109503269195557 0.04711640253663063
v -0.14537908136844635 -0.5162743330001831 0.07858370989561081
v -0.1507367491722107 -0.4870688319206238 0.08285012096166611
v -0.1674991250038147 -0.48173409700393677 0.049212753772735596
v -0.12048704922199249 -0.43357178568840027 -0.05598335713148117
v -0.0029849677812308073 -0.43602845072746277 0.04666737839579582
v -0.0011846799170598388 -0.4133540987968445 0.05770079046487808
v -0.022285383194684982 -0.486794114112854 -0.02294250950217247
v -0.03973669931292534 -0.4853465259075165 -0.04327285289764404
v -0.03204001113772392 -0.45325767993927 -0.0411483533680439
v -0.013919059187173843 -0.45475462079048157 -0.01793363317847252
v -0.14404426515102386 -0.49257609248161316 -0.03843894228339195
v -0.1606311798095703 -0.49723124504089355 -0.015599416568875313
v -0.16447895765304565 -0.4688766598701477 -0.017111457884311676
v -0.1458037793636322 -0.46481969952583313 -0.03955184668302536
v -0.17260617017745972 -0.47531840205192566 0.014541122131049633
v -0.16616590321063995 -0.5040863156318665 0.014317021705210209
v -0.15018713474273682 -0.5668796896934509 0.04347392916679382
v -0.13385604321956635 -0.5715312957763672 0.07098884880542755
v -0.13981246948242188 -0.5444790124893188 0.07451503723859787
v -0.1551874577999115 -0.5394290685653687 0.045444305986166
v -0.15678401291370392 -0.5595301389694214 0.012532362714409828
v -0.1611338108778 -0.5321838855743408 0.013441861607134342
v -0.15711529552936554 -0.5249863862991333 -0.01541748084127903
v -0.15354664623737335 -0.552204430103302 -0.015157785266637802
v -0.13966935873031616 -0.5463899970054626 -0.03630851209163666
v -0.14211854338645935 -0.5196524262428284 -0.03773641586303711
v -0.12099139392375946 -0.5163783431053162 -0.0525907464325428
v -0.12055469304323196 -0.542506217956543 -0.05088384449481964
v -0.09540218859910965 -0.5139606595039368 -0.05869443342089653
v -0.06950849294662476 -0.5129716396331787 -0.05596904456615448
v -0.0738394483923912 -0.539563775062561 -0.055370718240737915
v -0.09763224422931671 -0.5402474403381348 -0.056840069591999054
v -0.0343996100127697 -0.5427995920181274 -0.0329013466835022
v -0.051671102643013 -0.5404442548751831 -0.047908540815114975
v -0.04601319134235382 -0.5140067338943481 -0.04587339237332344
v -0.028951169922947884 -0.5161520838737488 -0.027863288298249245
v -0.05186968296766281 -0.6470988392829895 -0.04862451180815697
v -0.07055900990962982 -0.644602358341217 -0.05191520228981972
v -0.06544842571020126 -0.6175910234451294 -0.05194895341992378
v -0.04602443799376488 -0.6197599172592163 -0.04662323370575905
v -0.08821460604667664 -0.6427620053291321 -0.05578957125544548
v -0.10662022233009338 -0.6421526670455933 -0.05643463879823685
v -0.10271333903074265 -0.6164742112159729 -0.053604334592819214
v -0.08474498242139816 -0.6166159510612488 -0.0528842955827713
v -0.13405807316303253 -0.6226880550384521 -0.03295973315834999
v -0.12041355669498444 -0.6180882453918457 -0.047555021941661835
v -0.12338259816169739 -0.6437307000160217 -0.049675121903419495
v -0.13622914254665375 -0.6482483148574829 -0.03452221676707268
v -0.14774441719055176 -0.6539306640625 -0.01544925570487976
v -0.1477339118719101 -0.6287842392921448 -0.014342443086206913
v -0.14742358028888702 -0.6606925129890442 0.00782331358641386
v -0.15048833191394806 -0.6364162564277649 0.009746954776346684
v -0.13651780784130096 -0.6423395872116089 0.034439247101545334
v -0.13388103246688843 -0.6661709547042847 0.031765807420015335
v -0.02359648607671261 -0.6332984566688538 0.0036002532579004765
v -0.02770530804991722 -0.6602293848991394 -0.0022283128928393126
v -0.027095677331089973 -0.6545459032058716 -0.02227003313601017
v -0.02211150713264942 -0.6280927062034607 -0.015810400247573853
v -0.050340939313173294 -0.6429420113563538 0.04490700736641884
v -0.06806151568889618 -0.645442008972168 0.06534287333488464
v -0.06847378611564636 -0.6693562269210815 0.05443362519145012
v -0.05353246629238129 -0.6684393882751465 0.033425137400627136
v -0.15337802469730377 -0.5857251882553101 0.011492752470076084
v -0.1458166539669037 -0.5932078957557678 0.041459470987319946
v -0.13655339181423187 -0.572197437286377 -0.034202706068754196
v -0.14997778832912445 -0.5782093405723572 -0.014583039097487926
v -0.03858005627989769 -0.5683374404907227 -0.037821996957063675
v -0.05676412582397461 -0.5660353899002075 -0.04948187246918678
v -0.02264144830405712 -0.5815597176551819 0.023757122457027435
v -0.020609896630048752 -0.5761692523956299 0.0009528860100544989
v -0.09736856818199158 -0.6228696703910828 0.07703502476215363
v -0.10110455751419067 -0.5976262092590332 0.08081389963626862
v -0.12825173139572144 -0.5973764657974243 0.06728312373161316
v -0.12290368229150772 -0.6223596930503845 0.0632266104221344
v -0.15171445906162262 -0.6113337874412537 0.010935585014522076
v -0.14792156219482422 -0.6034892797470093 -0.014171619899570942
v -0.1342942863702774 -0.597234308719635 -0.03280506283044815
v -0.11983779072761536 -0.5931010842323303 -0.04716673120856285
v -0.10116085410118103 -0.591301441192627 -0.05292242020368576
v -0.08149193227291107 -0.5909204483032227 -0.05283030495047569
v -0.06118447333574295 -0.5914949774742126 -0.05092509463429451
v -0.04232892394065857 -0.5936570167541504 -0.04258754476904869
v -0.021081414073705673 -0.6021825671195984 -0.007876737974584103
v -0.023340485990047455 -0.6079643964767456 0.013414936140179634
v -0.09339770674705505 -0.6698799133300781 0.06179491803050041
v -0.09461650252342224 -0.6475682258605957 0.07216828316450119
v -0.1196155995130539 -0.6458660364151001 0.057677846401929855
v -0.11831814795732498 -0.6688113212585449 0.05219527706503868
v -0.09326421469449997 -0.690884530544281 0.05074521526694298
v -0.07160953432321548 -0.6910151839256287 0.04367220401763916
v -0.09249359369277954 -0.6694251298904419 -0.05966055393218994
v -0.11001092940568924 -0.6691437363624573 -0.059070080518722534
v -0.12619845569133759 -0.6706858277320862 -0.05203273519873619
v -0.14905473589897156 -0.6788774728775024 -0.018094530329108238
v -0.14513666927814484 -0.6856995224952698 0.006811660714447498
v -0.1313256472349167 -0.6910182237625122 0.029915826395154
v -0.11510146409273148 -0.6900492310523987 0.04551762714982033
v -0.04070857912302017 -0.7083026766777039 -0.02923600561916828
v -0.03540349751710892 -0.6808947920799255 -0.02472326159477234
v -0.035242706537246704 -0.6852051019668579 -0.007223933469504118
v -0.04141748324036598 -0.711736798286438 -0.01116375532001257
v -0.06024551764130592 -0.7023031115531921 -0.05652612820267677
v -0.07648962736129761 -0.6990031599998474 -0.06615284085273743
v -0.0754263699054718 -0.6720156073570251 -0.05329772084951401
v -0.05895356088876724 -0.6746733784675598 -0.04717027768492699
v -0.09579377621412277 -0.6970145106315613 -0.07068181037902832
v -0.11467970907688141 -0.6967703104019165 -0.0681827962398529
v -0.13208726048469543 -0.6972270011901855 -0.060336463153362274
v -0.15080967545509338 -0.7055862545967102 -0.020793020725250244
v -0.14083760976791382 -0.673541784286499 -0.039002466946840286
v -0.1461307257413864 -0.7000598311424255 -0.0440746434032917
v -0.1447584331035614 -0.7123407125473022 0.008062080480158329
v -0.12449125945568085 -0.7468505501747131 0.02651583030819893
v -0.12244214117527008 -0.718036949634552 0.028893055394291878
v -0.14673937857151031 -0.7409552335739136 0.007200985215604305
v -0.10063710063695908 -0.8418114185333252 0.014633173123002052
v -0.12560153007507324 -0.83939528465271 0.013787011615931988
v -0.12302956730127335 -0.8728939294815063 0.008323021233081818
v -0.10117198526859283 -0.8756219744682312 0.009703097864985466
v -0.04407156631350517 -0.7399312853813171 -0.01576456055045128
v -0.041642069816589355 -0.7375454306602478 -0.03617330640554428
v -0.05962458997964859 -0.7320730686187744 -0.06742514669895172
v -0.07798779010772705 -0.7286065220832825 -0.07753445208072662
v -0.15735064446926117 -0.7641555666923523 -0.026537977159023285
v -0.15420298278331757 -0.7341477870941162 -0.02230670489370823
v -0.15020574629306793 -0.7289832234382629 -0.047399092465639114
v -0.1526498645544052 -0.7594365477561951 -0.05182017385959625
v -0.045068006962537766 -0.834534764289856 -0.02813982218503952
v -0.04283752664923668 -0.8332067131996155 -0.04763050749897957
v -0.04003523662686348 -0.8002747893333435 -0.04604766145348549
v -0.04262730851769447 -0.8021815419197083 -0.02506069839000702
v -0.07653181254863739 -0.7603516578674316 -0.08410216867923737
v -0.05800503119826317 -0.7637921571731567 -0.07386541366577148
v -0.0586245134472847 -0.7959155440330505 -0.07759519666433334
v -0.07664613425731659 -0.7931962013244629 -0.08788995444774628
v -0.15502822399139404 -0.8309326171875 -0.030681312084197998
v -0.15787723660469055 -0.7963700294494629 -0.029236625880002975
v -0.1537114828824997 -0.7924389243125916 -0.05442686006426811
v -0.15157145261764526 -0.8278804421424866 -0.055028170347213745
v -0.12628774344921112 -0.7757392525672913 0.023054946213960648
v -0.14922595024108887 -0.7703030705451965 0.0029926125425845385
v -0.14930108189582825 -0.801176905632019 -0.0013985178666189313
v -0.12766163051128387 -0.8069446682929993 0.01852686144411564
v -0.09843851625919342 -0.7779712080955505 0.023807119578123093
v -0.1003568023443222 -0.808793306350708 0.019581258296966553
v -0.056526076048612595 -0.9040807485580444 -0.045825157314538956
v -0.04957907646894455 -0.8678953051567078 -0.04682854935526848
v -0.051366761326789856 -0.8704044222831726 -0.029034201055765152
v -0.058764006942510605 -0.9073258638381958 -0.030111223459243774
v -0.07926671952009201 -0.8275893926620483 -0.08729463070631027
v -0.06126720830798149 -0.8297036290168762 -0.0781540721654892
v -0.06649073958396912 -0.8651400208473206 -0.07379491627216339
v -0.08255007863044739 -0.8637401461601257 -0.08245423436164856
v -0.14436164498329163 -0.9054538607597351 -0.0331924743950367
v -0.15041503310203552 -0.8674758672714233 -0.03232176601886749
v -0.14642548561096191 -0.8654370307922363 -0.054267268627882004
v -0.1402091532945633 -0.9032727479934692 -0.05323663726449013
v -0.12092594057321548 -0.9095216393470764 0.0032860469073057175
v -0.1431237757205963 -0.8698686361312866 -0.007186753209680319
v -0.13908441364765167 -0.9074275493621826 -0.011238016188144684
v -0.11682923138141632 -0.9457632899284363 0.0006361482082866132
v -0.09994792938232422 -0.9475505352020264 0.002487728837877512
v -0.10082750767469406 -0.9115101099014282 0.0049653020687401295
v -0.06570955365896225 -0.9415196776390076 -0.030287686735391617
v -0.06204574182629585 -0.9393078088760376 -0.04420778155326843
v -0.07227050513029099 -0.9365100264549255 -0.06631055474281311
v -0.08494632691144943 -0.9342765212059021 -0.07407908141613007
v -0.08477813005447388 -0.8994446396827698 -0.07756233960390091
v -0.07079505175352097 -0.901311457157135 -0.06972747296094894
v -0.11852535605430603 -0.9016879200935364 -0.07692437618970871
v -0.10183045268058777 -0.8997642397880554 -0.0802314355969429
v -0.10075560957193375 -0.9344233870506287 -0.07645821571350098
v -0.11581310629844666 -0.9364396333694458 -0.07272175699472427
v -0.13299567997455597 -0.9377862215042114 -0.05122816562652588
v -0.13139253854751587 -0.902104914188385 -0.06796539574861526
v -0.1259898692369461 -0.937104344367981 -0.06432244926691055
v -0.13806132972240448 -0.9395847320556641 -0.032814498990774155
v -0.1337062120437622 -0.9430232048034668 -0.012162723578512669
v -0.0024689461570233107 -0.3577132523059845 -0.009271490387618542
v 0.0014334071893244982 -0.36999133229255676 0.021228594705462456
v -0.00025692692724987864 -0.37825945019721985 0.008518440648913383
v -0.00798487663269043 -0.3641320466995239 -0.021842077374458313
v -0.0317891500890255 -0.5045086145401001 0.07743927091360092
v -0.03133052960038185 -0.47452372312545776 0.08740521222352982
v -0.03256557509303093 -0.5607017874717712 0.05713164806365967
v -0.03286174684762955 -0.5338520407676697 0.06848344206809998
v -0.03310113400220871 -0.5874961018562317 0.046357590705156326
v -0.03410442918539047 -0.6138796806335449 0.035235751420259476
v -0.03409740701317787 -0.6404873728752136 0.024916956201195717
v -0.03703232854604721 -0.6656684875488281 0.015608345158398151
v -0.043934911489486694 -0.6905462145805359 0.010429688729345798
v -0.04945232346653938 -0.7165573239326477 0.008007046766579151
v -0.053949594497680664 -0.7722817659378052 0.0009385170415043831
v -0.04323823004961014 -0.7704454660415649 -0.020796427503228188
v -0.05324720963835716 -0.7434743642807007 0.004698730539530516
v -0.05653091147542 -0.8370415568351746 -0.006322585511952639
v -0.05443310737609863 -0.8035154342651367 -0.0028416302520781755
v -0.06152329221367836 -0.8736597299575806 -0.00974859669804573
v -0.0673736035823822 -0.9105404019355774 -0.013466882519423962
v -0.07343515008687973 -0.9446117877960205 -0.015310369431972504
v -0.06883182376623154 -0.36823469400405884 0.1281432956457138
v -0.03924688696861267 -0.3751618266105652 0.11703427135944366
v -0.043530724942684174 -0.3550567030906677 0.11917620152235031
v -0.07231324166059494 -0.3430136442184448 0.12785299122333527
v -0.0011674179695546627 -0.34610339999198914 0.04517088085412979
v -0.0033448406029492617 -0.34355536103248596 0.05850328877568245
v -0.003328931052237749 -0.35201990604400635 0.058222249150276184
v -0.0006555097061209381 -0.3524439334869385 0.043197017163038254
v -0.14176015555858612 -0.6183274984359741 0.038680095225572586
v -0.1198345422744751 -0.5679531693458557 -0.04836585000157356
v -0.09934983402490616 -0.5658986568450928 -0.054228417575359344
v -0.07787647098302841 -0.5652429461479187 -0.05375340208411217
v -0.048165611922740936 -0.6188881993293762 0.05745445936918259
v -0.049564093351364136 -0.5926156044006348 0.06632793694734573
v -0.07207106053829193 -0.5958778262138367 0.07983740419149399
v -0.06910925358533859 -0.6211519837379456 0.07350992411375046
v -0.09608864039182663 -0.751593291759491 0.02734762243926525
v -0.07374441623687744 -0.7760142683982849 0.015271460637450218
v -0.07149457186460495 -0.7482439875602722 0.019686631858348846
v -0.0949636921286583 -0.727703869342804 0.03185271844267845
v -0.119643934071064 -0.7251975536346436 -0.0766465812921524
v -0.13754399120807648 -0.725809633731842 -0.06636955589056015
v -0.09920121729373932 -0.7572433352470398 -0.08752256631851196
v -0.12139546126127243 -0.7559317946434021 -0.08376528322696686
v -0.09914129227399826 -0.7262552380561829 -0.08016028255224228
v -0.053803980350494385 -0.5411929488182068 0.08784797787666321
v -0.08097529411315918 -0.5442051291465759 0.09785415232181549
v -0.07640185207128525 -0.5706298351287842 0.0884193629026413
v -0.05110083147883415 -0.5668255686759949 0.07695016264915466
v -0.12068819254636765 -0.054758261889219284 -0.03966105356812477
v -0.10608257353305817 -0.052147530019283295 -0.05519787222146988
v -0.13180595636367798 0.05066084489226341 0.0954798087477684
v -0.13203522562980652 0.03955758735537529 0.07730184495449066
v -0.12034695595502853 0.0329507477581501 0.08829966932535172
v -0.1221616268157959 0.043880850076675415 0.10369547456502914
v -0.14058032631874084 0.0491267628967762 0.06966376304626465
v -0.13908018171787262 0.060098372399806976 0.0881938487291336
v -0.14434127509593964 0.07237087935209274 0.08013168722391129
v -0.14675727486610413 0.06116117537021637 0.06294193863868713
v -0.16274259984493256 0.12458351999521255 0.0263090617954731
v -0.1711445450782776 0.13437896966934204 0.020192742347717285
v -0.04143855348229408 0.007155087310820818 0.13059289753437042
v -0.019637079909443855 0.007069149520248175 0.13512775301933289
v -0.018896862864494324 0.024760738015174866 0.12751930952072144
v -0.06815637648105621 -0.15890511870384216 0.14942359924316406
v -0.07558416575193405 -0.2448275238275528 0.12965084612369537
v -0.043312281370162964 -0.27361583709716797 0.1333511769771576
v -0.052261412143707275 -0.24831323325634003 0.1385439783334732
v -0.004793034866452217 -0.32305246591567993 0.10078486055135727
v -0.05422526225447655 0.0005371210281737149 -0.09095998108386993
v -0.056227680295705795 0.02301493100821972 -0.09579165279865265
v -0.03372025489807129 0.19191640615463257 -0.10007081925868988
v -0.016756748780608177 0.18753838539123535 -0.09751274436712265
v -0.031260255724191666 0.21694491803646088 -0.09303872287273407
v -0.030054010450839996 0.22822001576423645 -0.08968136459589005
v -0.014630847610533237 0.22335359454154968 -0.08914791792631149
v -0.015250859782099724 0.21222035586833954 -0.09190892428159714
v -0.014910685829818249 0.27643436193466187 -0.06878765672445297
v -0.015885578468441963 0.26646292209625244 -0.07441896945238113
v 0.0005183173925615847 -0.35015323758125305 0.027211861684918404
v 0.0003780687984544784 -0.3579796552658081 0.039661139249801636
v 0.0006470235530287027 -0.35237574577331543 0.017920613288879395
v -0.013935335911810398 -0.397491455078125 0.09242411702871323
v -0.0016372253885492682 -0.39555007219314575 0.06807900220155716
v -0.0035274196416139603 -0.3813740313053131 0.07529814541339874
v -0.01664820872247219 -0.38003090023994446 0.09857390820980072
v -0.18569383025169373 -0.3456560969352722 0.058636922389268875
v -0.1959429234266281 -0.34074312448501587 0.01910746842622757
v -0.09024788439273834 -0.37445273995399475 -0.07542835921049118
v -0.33567875623703003 0.1652493178844452 -0.05318726599216461
v -0.3376263976097107 0.1738966554403305 -0.06355078518390656
v -0.313768595457077 0.16951614618301392 -0.06359647959470749
v -0.3117077350616455 0.16124838590621948 -0.05257372185587883
v -0.06340005993843079 0.09738688915967941 -0.11279920488595963
v -0.069900743663311 0.0715785026550293 -0.10695718973875046
v -0.07508262246847153 0.26360487937927246 0.0022855261340737343
v -0.1279863566160202 0.26790860295295715 -0.007221026811748743
v -0.12839804589748383 0.25719916820526123 0.01566750556230545
v -0.11892859637737274 0.2559967339038849 0.01249794289469719
v -0.1180955097079277 0.2673566937446594 -0.009888984262943268
v -0.1307862251996994 0.23000399768352509 -0.07887023687362671
v -0.12950079143047333 0.24458660185337067 -0.06827928870916367
v -0.11865844577550888 0.24353352189064026 -0.07348765432834625
v -0.1189609095454216 0.22765304148197174 -0.08466170728206635
v -0.03243764489889145 -0.24259476363658905 -0.11662723869085312
v -0.06331050395965576 -0.24420304596424103 -0.11750341206789017
v -0.037060342729091644 -0.0602245070040226 -0.07551134377717972
v -0.05708228424191475 -0.06271679699420929 -0.07547246664762497
v -0.053923387080430984 -0.043116942048072815 -0.08032248914241791
v -0.034873634576797485 -0.03956383839249611 -0.08041764795780182
v -0.09317018836736679 0.08556537330150604 -0.1052064299583435
v -0.10720851272344589 0.07023008912801743 -0.09535723924636841
v -0.029809946194291115 0.0926208347082138 0.13918401300907135
v -0.029797768220305443 0.11086175590753555 0.13206399977207184
v -0.04640040174126625 0.11442974954843521 0.13235464692115784
v -0.04622899368405342 0.0979013741016388 0.1408732682466507
v -0.28131771087646484 0.19252517819404602 -0.07522176951169968
v -0.26031196117401123 0.1804739087820053 -0.0732235237956047
v -0.2660559117794037 0.1707528978586197 -0.06854762881994247
v -0.28921905159950256 0.17747309803962708 -0.07109393179416656
v -0.18728859722614288 -0.3350793421268463 -0.02692185528576374
v -0.16157542169094086 -0.3515463173389435 -0.0587770901620388
v -0.13550952076911926 -0.023677919059991837 -0.02903611585497856
v -0.1232948750257492 -0.020503921434283257 -0.05094350129365921
v -0.1203325092792511 -0.03787580877542496 -0.04555828496813774
v -0.13256919384002686 -0.04092227295041084 -0.024923792108893394
v -0.14155341684818268 0.022946640849113464 -0.025973234325647354
v -0.13842570781707764 0.008686784654855728 -0.028204025700688362
v -0.14751794934272766 0.03632938116788864 -0.02566935122013092
v -0.18940502405166626 0.1316574215888977 -0.04692723974585533
v -0.19138498604297638 0.128523051738739 -0.03872407600283623
v -0.2024117112159729 0.13938091695308685 -0.042236968874931335
v -0.03539655730128288 -0.39703524112701416 0.11243592202663422
v -0.04634767398238182 -0.3157353699207306 0.11657460778951645
v -0.040594421327114105 -0.3009410500526428 0.11833424866199493
v 0.00015954338596202433 -0.3444993197917938 0.031556159257888794
v -0.05715830251574516 0.2811002731323242 0.0031686273869127035
v -0.0511980801820755 0.2774161696434021 0.017884988337755203
v -0.23011675477027893 0.1536426544189453 -0.027914175763726234
v -0.2469600886106491 0.15447480976581573 -0.032567862421274185
v -0.1739223599433899 0.10825403034687042 -0.02120402455329895
v -0.17140528559684753 0.11136053502559662 -0.00614161416888237
v -0.18031156063079834 0.12034673243761063 -0.009533104486763477
v -0.18274980783462524 0.11681624501943588 -0.02380126714706421
v -0.18273144960403442 0.11597935855388641 -0.03631523624062538
v -0.17404764890670776 0.10808306932449341 -0.034658581018447876
v -0.13127563893795013 0.1752009242773056 0.063358835875988
v -0.12046654522418976 0.17822735011577606 0.0676751360297203
v -0.12102078646421432 0.19634036719799042 0.05694640800356865
v -0.13189151883125305 0.1935485601425171 0.05421636253595352
v -0.10895758867263794 0.1786704808473587 0.07169508934020996
v -0.09546098113059998 0.1786612719297409 0.07549049705266953
v -0.09624673426151276 0.19661352038383484 0.06264007836580276
v -0.10952823609113693 0.1973613053560257 0.05958159640431404
v -0.0712389275431633 0.24685637652873993 0.02469368278980255
v -0.055288396775722504 0.2393571436405182 0.03915379196405411
v -0.037898484617471695 0.2335326373577118 0.04888709634542465
v -0.022696543484926224 0.22961042821407318 0.055450815707445145
v -0.016260318458080292 0.25547242164611816 -0.07976293563842773
v -0.014965174719691277 0.24472299218177795 -0.08388593047857285
v -0.030928371474146843 0.24844735860824585 -0.08343411982059479
v -0.035199932754039764 0.260185182094574 -0.07789934426546097
v -0.0433715395629406 0.26469510793685913 0.028266046196222305
v -0.029539935290813446 0.2612496316432953 0.03899574279785156
v -0.018100738525390625 0.24863822758197784 0.04636605083942413
v -0.3258192241191864 0.2418220043182373 -0.007230527698993683
v -0.30151233077049255 0.24264250695705414 -0.006737633142620325
v -0.05676598846912384 0.2914477586746216 -0.028576860204339027
v -0.05904029309749603 0.28647536039352417 -0.012373991310596466
v -0.30262964963912964 0.24763037264347076 -0.023712944239377975
v -0.3272764980792999 0.24682340025901794 -0.02379022352397442
v -0.1108618825674057 0.2358541041612625 0.030989261344075203
v -0.10974977910518646 0.25433406233787537 0.011723170056939125
v -0.1205318495631218 0.23704193532466888 0.029726417735219002
v -0.0411609411239624 0.27414315938949585 0.030642876401543617
v -0.028538750484585762 0.27125588059425354 0.04115097224712372
v -0.19416414201259613 -0.30429285764694214 0.026223311200737953
v -0.18308059871196747 -0.3080538213253021 0.06137646362185478
v -0.13971878588199615 -0.06461046636104584 0.05162109434604645
v -0.14428095519542694 -0.061737872660160065 0.027482574805617332
v -0.020370356738567352 -0.0324460044503212 0.1464700549840927
v -0.02060137875378132 -0.05251132696866989 0.15082933008670807
v -0.004869572818279266 0.2787401080131531 0.05142687261104584
v -0.04532147943973541 -0.09596560150384903 0.15026557445526123
v -0.02471221052110195 -0.10000810772180557 0.15578627586364746
v -0.021940715610980988 -0.07450266182422638 0.15360893309116364
v -0.04280196130275726 -0.07359267771244049 0.14837804436683655
v -0.019153287634253502 -0.12504027783870697 0.16074228286743164
v -0.01845458336174488 -0.13634634017944336 0.1623903065919876
v -0.020421888679265976 -0.28937971591949463 0.13288067281246185
v -0.009293791837990284 -0.2884598970413208 0.1357550323009491
v -0.23938336968421936 0.2191217690706253 0.023303929716348648
v -0.22285407781600952 0.2195541113615036 0.026795579120516777
v -0.21969084441661835 0.23787492513656616 0.02039068378508091
v -0.237288698554039 0.23682363331317902 0.016074517741799355
v -0.06368010491132736 -0.09408912062644958 0.14140240848064423
v -0.0818580687046051 -0.09281235188245773 0.12765131890773773
v -0.15347565710544586 0.12125791609287262 0.047494739294052124
v -0.15714357793331146 0.1134825050830841 0.032035283744335175
v -0.018672676756978035 0.04339861497282982 0.13012121617794037
v -0.06198256090283394 0.10246450453996658 0.14035405218601227
v -0.062145765870809555 0.1173112690448761 0.1314549446105957
v -0.07716065645217896 0.11895157396793365 0.1285954713821411
v -0.0768391489982605 0.10530950129032135 0.13799452781677246
v 0.00015054707182571292 -0.3479072153568268 0.025877198204398155
v -0.22064656019210815 0.22906656563282013 -0.06848438084125519
v -0.20860306918621063 0.22601480782032013 -0.06984459608793259
v -0.21188367903232574 0.21605899930000305 -0.07331283390522003
v -0.2240026444196701 0.22067098319530487 -0.07212533801794052
v 0.002035058569163084 -0.39003807306289673 0.03953598439693451
v 0.0010532792657613754 -0.406208872795105 0.02846725471317768
v -0.015830717980861664 -0.3494098484516144 -0.04690413177013397
v -0.003771713003516197 -0.34452947974205017 -0.03192129731178284
v -0.05862652510404587 -0.4533032178878784 0.1141599491238594
v -0.062198836356401443 -0.4233798086643219 0.12141356617212296
v -0.05673609673976898 -0.48375943303108215 0.10550694167613983
v -0.055024631321430206 -0.5133363604545593 0.09710496664047241
v -0.05804441496729851 -0.6925052404403687 0.02588484436273575
v -0.06854747235774994 -0.7194610238075256 0.025616662576794624
v -0.07594726234674454 -0.8069304823875427 0.010919464752078056
v -0.07769942283630371 -0.8401091694831848 0.006567532196640968
v -0.0804365947842598 -0.8757177591323853 0.0020438728388398886
v -0.08279068022966385 -0.9125350117683411 -0.0022895822767168283
v -0.0851009339094162 -0.947188675403595 -0.0037036461289972067
v -0.32938748598098755 0.24563336372375488 -0.04031079262495041
v -0.3031972646713257 0.2462432086467743 -0.04181196168065071
v -0.307182252407074 0.23812037706375122 -0.05568842217326164
v -0.3329591155052185 0.23841314017772675 -0.05369191989302635
v -0.2850852906703949 0.15764077007770538 -0.025062695145606995
v -0.28244748711586 0.1646566390991211 -0.010672463104128838
v -0.30497047305107117 0.16466039419174194 -0.012078088708221912
v -0.3069615662097931 0.1589462161064148 -0.02645402029156685
v -0.3301631808280945 0.1607314944267273 -0.027755795046687126
v -0.33291953802108765 0.1609562784433365 -0.04114143177866936
v -0.30910298228263855 0.15764880180358887 -0.04007413610816002
v -0.33788931369781494 0.1864871084690094 -0.07076632231473923
v -0.33718064427375793 0.200959712266922 -0.07334494590759277
v -0.3114011287689209 0.19739365577697754 -0.07462340593338013
v -0.31430384516716003 0.18221184611320496 -0.0714690089225769
v -0.33539074659347534 0.22789408266544342 -0.0639052614569664
v -0.31086233258247375 0.2268744707107544 -0.06542772799730301
v -0.31194642186164856 0.21321448683738708 -0.0721866637468338
v -0.336944580078125 0.21505017578601837 -0.0707959532737732
v -0.32569199800491333 0.1849796324968338 0.008696416392922401
v -0.3265303373336792 0.1731901615858078 -0.0008390949224121869
v -0.3029806315898895 0.17370451986789703 0.000814238388556987
v -0.3016079366207123 0.18561215698719025 0.01061819214373827
v -0.21756824851036072 0.2538577616214752 0.005482708569616079
v -0.23596937954425812 0.2509767413139343 0.0015839877305552363
v -0.18096882104873657 0.15674623847007751 0.02777716889977455
v -0.18124689161777496 0.1723022758960724 0.03729035705327988
v -0.19490937888622284 0.177634134888649 0.0321454294025898
v -0.193769171833992 0.1651979684829712 0.020851649343967438
v -0.2765839099884033 0.23235024511814117 0.009861838072538376
v -0.2559078633785248 0.23440921306610107 0.013021492399275303
v -0.25572332739830017 0.2476649284362793 -0.0016471459530293941
v -0.2779926061630249 0.2445930540561676 -0.0048464564606547356
v -0.2779684364795685 0.18629224598407745 0.013018202036619186
v -0.2797461450099945 0.17475824058055878 0.002731744898483157
v -0.2572248578071594 0.17513443529605865 0.0050182281993329525
v -0.2561033368110657 0.18597279489040375 0.016708549112081528
v -0.28987830877304077 0.16511836647987366 -0.062371332198381424
v -0.2670963704586029 0.16051234304904938 -0.05915059149265289
v -0.2249806970357895 0.2004489004611969 0.0279366597533226
v -0.2407461702823639 0.20051966607570648 0.024502873420715332
v -0.15064147114753723 0.1101704016327858 0.053608238697052
v -0.16166456043720245 0.09183675050735474 0.0016302160220220685
v -0.16546745598316193 0.10217268019914627 -0.0023860069923102856
v -0.12366431951522827 0.058051373809576035 0.11432569473981857
v -0.12511354684829712 0.07260085642337799 0.11802853643894196
v -0.15019197762012482 0.053430747240781784 0.041014138609170914
v -0.15397435426712036 0.06862233579158783 0.0340539813041687
v -0.13090789318084717 0.0634469985961914 0.10706073045730591
v -0.12980926036834717 0.07307731360197067 0.1116931363940239
v -0.07920241355895996 0.0038222093135118484 0.11214260011911392
v -0.01949988305568695 0.23914337158203125 0.04916295409202576
v -0.2567424476146698 0.21747994422912598 0.020099185407161713
v -0.2563443183898926 0.20045515894889832 0.02125719003379345
v -0.24325969815254211 0.17225073277950287 -0.0697997510433197
v -0.22737017273902893 0.1659046858549118 -0.06571925431489944
v -0.22825758159160614 0.15807703137397766 -0.05909360945224762
v -0.24558763206005096 0.16374671459197998 -0.0638461783528328
v -0.1252192258834839 0.11031313240528107 -0.09389624744653702
v -0.11064872145652771 0.09831928461790085 -0.10046815127134323
v -0.12168356776237488 0.08508545160293579 -0.09055065363645554
v -0.1339489072561264 0.09875153005123138 -0.08452046662569046
v -0.22040005028247833 0.24410176277160645 -0.057833231985569
v -0.22422665357589722 0.25144222378730774 -0.04897727817296982
v -0.20831163227558136 0.2529885470867157 -0.04803597927093506
v -0.20678144693374634 0.24417179822921753 -0.05806947126984596
v -0.21097701787948608 0.2600984573364258 -0.03400890529155731
v -0.22922702133655548 0.2571658194065094 -0.035698339343070984
v -0.23372524976730347 0.2579314410686493 -0.017617307603359222
v -0.21480560302734375 0.261604905128479 -0.015030302107334137
v -0.18177707493305206 -0.26833468675613403 -0.024943001568317413
v -0.19014622271060944 -0.26943203806877136 0.004373105242848396
v -0.13844339549541473 -0.13963110744953156 0.0847049131989479
v -0.12283854931592941 -0.1451082080602646 0.1034337654709816
v -0.10376493632793427 -0.23524293303489685 0.11938957870006561
v -0.022258011624217033 -0.3498761057853699 0.1020558625459671
v -0.00647453498095274 -0.3591090440750122 0.07773113250732422
v -0.0015144512290135026 -0.42959561944007874 0.01782083697617054
v -0.18842698633670807 -0.27098527550697327 0.03263942152261734
v -0.006893262732774019 -0.45861899852752686 0.008764197118580341
v -0.013653024099767208 -0.4889446198940277 0.0009212917066179216
v -0.06520085781812668 -0.4854957163333893 -0.05582410469651222
v -0.09323007613420486 -0.4869830906391144 -0.0593293160200119
v -0.09094340354204178 -0.45811954140663147 -0.059775643050670624
v -0.05988277494907379 -0.4546395540237427 -0.05596798658370972
v -0.12089337408542633 -0.48943090438842773 -0.05311126634478569
v -0.12074147909879684 -0.46158093214035034 -0.0536617748439312
v -0.10663172602653503 -0.5717238783836365 0.08671528100967407
v -0.09908038377761841 -0.7910192012786865 -0.09134235233068466
v -0.1211923286318779 -0.826438844203949 -0.08635004609823227
v -0.12176987528800964 -0.7894114255905151 -0.0876312404870987
v -0.10013359785079956 -0.8266792893409729 -0.0904727578163147
v -0.140565887093544 -0.790056586265564 -0.07433738559484482
v -0.13997875154018402 -0.756355345249176 -0.07190492004156113
v -0.14654788374900818 -0.8344358205795288 -0.003728382522240281
v -0.10173781216144562 -0.8632063269615173 -0.085678331553936
v -0.1205298975110054 -0.8639286160469055 -0.08237877488136292
v -0.13968540728092194 -0.8261362314224243 -0.07440362125635147
v -0.13614922761917114 -0.8640284538269043 -0.07160811126232147
v 0.0013846936635673046 -0.3784961402416229 0.04934721440076828
v -0.16464067995548248 -0.349845290184021 0.09282804280519485
v -0.16213810443878174 -0.3184421956539154 0.09579341113567352
v -0.10309992730617523 -0.3048354983329773 0.123291015625
v -0.07343548536300659 -0.3189399540424347 0.12534739077091217
v -0.09766671061515808 -0.0725603848695755 0.10784678906202316
v -0.11465301364660263 -0.0707511454820633 0.091691754758358
v -0.11149462312459946 -0.033121153712272644 0.08569080382585526
v -0.12586216628551483 -0.031399358063936234 0.06782570481300354
v -0.12733246386051178 -0.04964408278465271 0.07004448026418686
v -0.11303332448005676 -0.05227607861161232 0.08853629231452942
v -0.14263010025024414 -0.027877265587449074 0.021298736333847046
v -0.1423443853855133 -0.02608310617506504 -0.004744204226881266
v -0.14059382677078247 -0.04324345290660858 -0.0013606458669528365
v -0.1423807293176651 -0.04495210945606232 0.023871587589383125
v -0.14230334758758545 -0.05950567126274109 0.0027482963632792234
v -0.1336960345506668 -0.05741379037499428 -0.01991739496588707
v -0.07191990315914154 -0.02548050694167614 -0.08129007369279861
v -0.08960539847612381 -0.029705284163355827 -0.07342183589935303
v -0.09088660031557083 -0.010067668743431568 -0.07968349009752274
v -0.07293641567230225 -0.004550122190266848 -0.08675902336835861
v -0.031003732234239578 -0.2924116849899292 0.12596704065799713
v -0.00129202741663903 -0.3609178960323334 0.05798954516649246
v -0.06571531295776367 -0.39488694071769714 0.12624573707580566
v -0.10218402743339539 -0.36206358671188354 0.1304391473531723
v -0.1357816755771637 -0.3574073910713196 0.11915583908557892
v -0.22755247354507446 0.15899503231048584 -0.01623043231666088
v -0.1523539274930954 0.13737717270851135 -0.07611317932605743
v -0.15588554739952087 0.1258116066455841 -0.07056742161512375
v -0.2489572912454605 0.2529805898666382 -0.038242094218730927
v -0.25399234890937805 0.25378766655921936 -0.02048533223569393
v -0.23838068544864655 0.18551184237003326 0.020507395267486572
v -0.20464816689491272 0.23913569748401642 0.02393319644033909
v -0.20784123241901398 0.21897664666175842 0.03082496114075184
v -0.19298478960990906 0.21996678411960602 0.03483990207314491
v -0.12910710275173187 -0.24440796673297882 0.10532449930906296
v -0.1558195799589157 -0.25752294063568115 0.0908111110329628
v -0.130735844373703 -0.2675057649612427 0.10835485905408859
v -0.0009603901416994631 -0.3458874523639679 -0.014920234680175781
v -0.04668136313557625 -0.33500000834465027 0.11856106668710709
v -0.01861395314335823 -0.518308162689209 -0.005993723403662443
v -0.022745000198483467 -0.5458070635795593 -0.013059454038739204
v -0.02573617547750473 -0.5716954469680786 -0.02044541761279106
v -0.028140302747488022 -0.5973849296569824 -0.027422012761235237
v -0.03085033968091011 -0.623317301273346 -0.034056179225444794
v -0.03647584840655327 -0.6494719982147217 -0.03933224827051163
v -0.04469675570726395 -0.6768596768379211 -0.039011433720588684
v -0.048552051186561584 -0.7051158547401428 -0.044577937573194504
v -0.04043572023510933 -0.7685366868972778 -0.04206550866365433
v -0.04621771723031998 -0.7661492824554443 -0.05976502597332001
v -0.04741191491484642 -0.7348319292068481 -0.05348360165953636
v -0.046276334673166275 -0.7983659505844116 -0.06356459110975266
v -0.04906867444515228 -0.8316384553909302 -0.06371328979730606
v -0.055673304945230484 -0.8665568232536316 -0.061693109571933746
v -0.06136229261755943 -0.9021346569061279 -0.0589698925614357
v -0.0647105798125267 -0.9375449419021606 -0.05635589361190796
v 0.00016809621592983603 -0.34367498755455017 0.011952688917517662
v -0.00040289739263243973 -0.3452865183353424 -0.0001549393928144127
v -0.0997224822640419 0.23497268557548523 0.0321972519159317
v -0.16695165634155273 0.11753997206687927 0.009969046339392662
v -0.1753031611442566 0.12637460231781006 0.00490966159850359
v -0.22339195013046265 0.18464478850364685 0.024002613499760628
v -0.28752994537353516 0.22460056841373444 -0.06783691793680191
v -0.2826513350009918 0.23676098883152008 -0.05917621776461601
v -0.23717889189720154 0.17573605477809906 0.0076667084358632565
v -0.1817253977060318 0.14617417752742767 0.014729189686477184
v -0.19299598038196564 0.15663784742355347 0.00859735906124115
v -0.5223260521888733 0.24396997690200806 -0.02221468836069107
v -0.5214662551879883 0.24792049825191498 -0.03530888259410858
v -0.5416102409362793 0.24478767812252045 -0.033723462373018265
v -0.541892945766449 0.24017208814620972 -0.02165899984538555
v -0.5220275521278381 0.23477968573570251 -0.01251367200165987
v -0.5413105487823486 0.23102112114429474 -0.01325513981282711
v -0.5197925567626953 0.17685478925704956 -0.029418502002954483
v -0.518716037273407 0.18514588475227356 -0.01836259663105011
v -0.5386438369750977 0.18577639758586884 -0.02251601219177246
v -0.5395989418029785 0.1784387081861496 -0.033649761229753494
v -0.5591886639595032 0.21643128991127014 -0.010855939239263535
v -0.5580557584762573 0.20505397021770477 -0.012369037605822086
v -0.5389404296875 0.2068689465522766 -0.009512304328382015
v -0.5403432250022888 0.2196113020181656 -0.00908742006868124
v -0.5204509496688843 0.1780950278043747 -0.057866740971803665
v -0.5196596384048462 0.18707378208637238 -0.06796140968799591
v -0.5002725720405579 0.18307554721832275 -0.06536926329135895
v -0.5012863278388977 0.17451351881027222 -0.05413954332470894
v -0.4374855160713196 0.1793729066848755 -0.008312529884278774
v -0.4406673014163971 0.16942819952964783 -0.018779104575514793
v -0.4241819381713867 0.17047645151615143 -0.01252445112913847
v -0.4214493930339813 0.18072737753391266 -0.002759346505627036
v -0.48201343417167664 0.2518664300441742 -0.023267576470971107
v -0.4802006781101227 0.2528795599937439 -0.037827249616384506
v -0.5009059906005859 0.25065603852272034 -0.036534663289785385
v -0.5022677183151245 0.2477714717388153 -0.022478751838207245
v -0.4789282977581024 0.21459132432937622 -0.002555262763053179
v -0.4774574041366577 0.1996174454689026 -0.004657920449972153
v -0.45567524433135986 0.20260053873062134 -0.0033099977299571037
v -0.4570557177066803 0.21799354255199432 -0.002560975030064583
v -0.461426705121994 0.25473663210868835 -0.025246361270546913
v -0.4596647620201111 0.25338271260261536 -0.03960924223065376
v -0.5196593403816223 0.20938269793987274 -0.006568322889506817
v -0.5184280872344971 0.19617025554180145 -0.010829837061464787
v -0.4982893764972687 0.19757193326950073 -0.00718615110963583
v -0.49979934096336365 0.21203657984733582 -0.004103601910173893
v -0.5588752031326294 0.18536758422851562 -0.061345912516117096
v -0.5583258867263794 0.19459854066371918 -0.06921867281198502
v -0.5390138030052185 0.19099198281764984 -0.06920694559812546
v -0.5397551655769348 0.18184953927993774 -0.060167327523231506
v -0.5576585531234741 0.19519132375717163 -0.01797167956829071
v -0.5581524968147278 0.18671965599060059 -0.026164047420024872
v -0.538179337978363 0.19549815356731415 -0.014574804343283176
v -0.5603231191635132 0.23851323127746582 -0.056243348866701126
v -0.5609578490257263 0.2423107624053955 -0.044538624584674835
v -0.5406208038330078 0.2442481815814972 -0.04692420735955238
v -0.539702296257019 0.23932965099811554 -0.0591764934360981
v -0.47882920503616333 0.17632825672626495 -0.019830450415611267
v -0.47748875617980957 0.18634267151355743 -0.010346082039177418
v -0.4983534812927246 0.18511734902858734 -0.014177807606756687
v -0.499507874250412 0.1761496365070343 -0.024666670709848404
v -0.48222586512565613 0.24315311014652252 -0.010788319632411003
v -0.5023395419120789 0.23878289759159088 -0.011567705310881138
v -0.5187170505523682 0.23992489278316498 -0.0618797168135643
v -0.520099937915802 0.2460963875055313 -0.048988379538059235
v -0.4991820454597473 0.2472042441368103 -0.05061586573719978
v -0.49814698100090027 0.2387913465499878 -0.06298227608203888
v -0.47785529494285583 0.22257016599178314 -0.07167394459247589
v -0.47812798619270325 0.20628969371318817 -0.07196062803268433
v -0.4980316162109375 0.21044182777404785 -0.07334808260202408
v -0.49785369634628296 0.22583149373531342 -0.0713188499212265
v -0.4575783312320709 0.17759796977043152 -0.014380206353962421
v -0.4600850045681 0.16933439671993256 -0.026563379913568497
v -0.48171794414520264 0.17130222916603088 -0.049231115728616714
v -0.48096150159835815 0.17919430136680603 -0.06150030717253685
v -0.46181243658065796 0.17485953867435455 -0.05658265948295593
v -0.46202465891838074 0.16791804134845734 -0.042620763182640076
v -0.42227786779403687 0.23829881846904755 -0.005937846843153238
v -0.42250585556030273 0.2507202923297882 -0.016932373866438866
v -0.4394603967666626 0.2502485513687134 -0.014358007349073887
v -0.43796414136886597 0.23767243325710297 -0.005304816644638777
v -0.44031184911727905 0.255448579788208 -0.028095966205000877
v -0.42265790700912476 0.25440654158592224 -0.03130973502993584
v -0.39765894412994385 0.24533137679100037 -0.04865790903568268
v -0.3975949287414551 0.2348678708076477 -0.05698972940444946
v -0.4085760712623596 0.23596613109111786 -0.05553142726421356
v -0.4089653193950653 0.24751001596450806 -0.047833990305662155
v -0.44029197096824646 0.21166837215423584 -0.07152431458234787
v -0.43988800048828125 0.19484439492225647 -0.06749726086854935
v -0.45868179202079773 0.20086179673671722 -0.07003042101860046
v -0.45850521326065063 0.21793337166309357 -0.07197652012109756
v -0.4259147644042969 0.17618423700332642 -0.05665358155965805
v -0.4284127354621887 0.16695494949817657 -0.04435999318957329
v -0.4437416195869446 0.1702713966369629 -0.05068355053663254
v -0.44148939847946167 0.18076565861701965 -0.0615459606051445
v -0.37356096506118774 0.1670679897069931 -0.043444812297821045
v -0.37203773856163025 0.16425861418247223 -0.031048471108078957
v -0.3877425193786621 0.16454292833805084 -0.03173719719052315
v -0.38892439007759094 0.16882440447807312 -0.04403003677725792
v -0.383145809173584 0.17255538702011108 -0.004496492445468903
v -0.3677460253238678 0.172603040933609 -0.003825612599030137
v -0.3673788607120514 0.18357613682746887 0.005676529370248318
v -0.38249671459198 0.18358029425144196 0.005004940088838339
v -0.3721691370010376 0.24152420461177826 -0.008957486599683762
v -0.3724762797355652 0.24809211492538452 -0.024931907653808594
v -0.3854675590991974 0.2493378072977066 -0.023415017873048782
v -0.38565587997436523 0.2415645718574524 -0.008347497321665287
v -0.42544135451316833 0.20596545934677124 -0.0708075687289238
v -0.42240187525749207 0.18920005857944489 -0.06520918011665344
v -0.396541029214859 0.17211131751537323 -0.00566436629742384
v -0.3954664170742035 0.1827077865600586 0.003995523788034916
v -0.40816640853881836 0.18182741105556488 0.0013793309917673469
v -0.40989094972610474 0.17123527824878693 -0.008110059425234795
v -0.3947141766548157 0.2112298607826233 0.006018924992531538
v -0.39647847414016724 0.2263306826353073 0.0014470895985141397
v -0.4077068567276001 0.22466568648815155 0.00024115268024615943
v -0.40715256333351135 0.20955128967761993 0.0037724878638982773
v -0.3968505859375 0.24039705097675323 -0.007213250268250704
v -0.3968935012817383 0.25008276104927063 -0.02145620621740818
v -0.40920597314834595 0.2497672587633133 -0.018965966999530792
v -0.40895500779151917 0.2392973005771637 -0.006486477330327034
v -0.41550412774086 0.20402640104293823 -0.06944412738084793
v -0.4149242341518402 0.21620914340019226 -0.06621162593364716
v -0.4065829813480377 0.21287629008293152 -0.06653521209955215
v -0.4074457883834839 0.20095200836658478 -0.0687422826886177
v -0.413744181394577 0.1729336827993393 -0.0504208467900753
v -0.41511356830596924 0.16509748995304108 -0.038293756544589996
v -0.42031365633010864 0.2078416794538498 0.0009428540361113846
v -0.4206113815307617 0.19342368841171265 0.0017921278486028314
v -0.4076515734195709 0.19516681134700775 0.00585956359282136
v -0.409319669008255 0.2526009976863861 -0.03402504697442055
v -0.3749817907810211 0.1724720448255539 -0.05369725823402405
v -0.37575563788414 0.18050801753997803 -0.0629379153251648
v -0.35976868867874146 0.17762720584869385 -0.06285133957862854
v -0.3587417006492615 0.1694575697183609 -0.05345269665122032
v -0.35688111186027527 0.16474649310112 -0.04254088178277016
v -0.354532390832901 0.16302402317523956 -0.02976151742041111
v -0.34977272152900696 0.17292654514312744 -0.0024613847490400076
v -0.3489322364330292 0.18430760502815247 0.0070025804452598095
v -0.34882789850234985 0.19859766960144043 0.012036104686558247
v -0.3484622538089752 0.2140575796365738 0.011773104779422283
v -0.3677692711353302 0.21350331604480743 0.00967836007475853
v -0.3675685524940491 0.19772589206695557 0.010769142769277096
v -0.35008367896080017 0.24135130643844604 -0.007736219558864832
v -0.3515256941318512 0.2469089925289154 -0.024245232343673706
v -0.3732074499130249 0.2473105490207672 -0.039245881140232086
v -0.35407236218452454 0.24580928683280945 -0.03992212191224098
v -0.39906248450279236 0.16514790058135986 -0.0193060003221035
v -0.3854605555534363 0.1657879501581192 -0.017537087202072144
v -0.5182283520698547 0.22809673845767975 -0.07022607326507568
v -0.5180599689483643 0.21399444341659546 -0.0735321193933487
v -0.5382354259490967 0.2165720909833908 -0.07260927557945251
v -0.5391103029251099 0.22929789125919342 -0.06803832203149796
v -0.5579664707183838 0.20640094578266144 -0.07186715304851532
v -0.5383255481719971 0.2033187448978424 -0.07287128269672394
v -0.5211101770401001 0.2228943258523941 -0.007066615857183933
v -0.501427412033081 0.22623750567436218 -0.005199959501624107
v -0.5602590441703796 0.22770045697689056 -0.013765105977654457
v -0.4210043251514435 0.22295573353767395 -0.00135325756855309
v -0.4365793764591217 0.22092300653457642 -0.002579552587121725
v -0.39726510643959045 0.22280719876289368 -0.06256617605686188
v -0.3866330683231354 0.23301643133163452 -0.05820920690894127
v -0.38711267709732056 0.22108721733093262 -0.06476736813783646
v -0.4250820577144623 0.22204512357711792 -0.06600097566843033
v -0.44005629420280457 0.22883100807666779 -0.06549143046140671
v -0.43958133459091187 0.24139325320720673 -0.053009480237960815
v -0.42145463824272156 0.23512881994247437 -0.05514903739094734
v -0.3989989459514618 0.19790297746658325 -0.06837200373411179
v -0.3980771005153656 0.2105058878660202 -0.0677022710442543
v -0.38804635405540466 0.20834888517856598 -0.06898382306098938
v -0.3886401057243347 0.19522526860237122 -0.0687287375330925
v -0.3699754476547241 0.2287626713514328 0.0032944551203399897
v -0.3844204246997833 0.22784268856048584 0.0022950926795601845
v -0.358100950717926 0.22890469431877136 -0.06224999204277992
v -0.37402811646461487 0.23102274537086487 -0.059804923832416534
v -0.3739684820175171 0.2408648282289505 -0.05074656009674072
v -0.35738909244537354 0.23882707953453064 -0.05260857567191124
v -0.3863767981529236 0.24308976531028748 -0.04955661669373512
v -0.35862112045288086 0.21709619462490082 -0.06891895085573196
v -0.37453752756118774 0.21932408213615417 -0.06666311621665955
v -0.348734974861145 0.22944365441799164 0.005351732950657606
v -0.3755829632282257 0.1927853226661682 -0.06901296228170395
v -0.37522050738334656 0.20640358328819275 -0.07010315358638763
v -0.3591843247413635 0.20384232699871063 -0.07154545187950134
v -0.3595808446407318 0.18975898623466492 -0.06982447952032089
v -0.518565833568573 0.1997578889131546 -0.07275775820016861
v -0.4988301694393158 0.19591976702213287 -0.07123563438653946
v -0.4276094138622284 0.16410362720489502 -0.027984222397208214
v -0.4434282183647156 0.16515308618545532 -0.03491580858826637
v -0.41303709149360657 0.164475217461586 -0.022569840773940086
v -0.5206440687179565 0.17402851581573486 -0.04392296075820923
v -0.5401113629341125 0.17684759199619293 -0.04758312180638313
v -0.48066526651382446 0.1701856404542923 -0.03349543735384941
v -0.5008845329284668 0.17170239984989166 -0.03915460780262947
v -0.47762107849121094 0.2374187558889389 -0.06419499218463898
v -0.4010283052921295 0.17803490161895752 -0.056156449019908905
v -0.4020049273967743 0.17061585187911987 -0.0461568720638752
v -0.41123005747795105 0.18158648908138275 -0.059893544763326645
v -0.3514118492603302 0.1656201183795929 -0.015280409716069698
v -0.36976951360702515 0.16597524285316467 -0.016745243221521378
v -0.4149245023727417 0.19375838339328766 -0.06822867691516876
v -0.32812556624412537 0.16510175168514252 -0.013540377840399742
v -0.42222264409065247 0.2492607980966568 -0.04552231356501579
v -0.39722108840942383 0.2514427900314331 -0.03611965477466583
v -0.38599470257759094 0.2494606375694275 -0.037756118923425674
v -0.5613148808479309 0.24187372624874115 -0.03197062760591507
v -0.48076316714286804 0.22993092238903046 -0.0038354876451194286
v -0.43544068932533264 0.20572693645954132 -0.0021295512560755014
v -0.4358765184879303 0.191297709941864 -0.002868287730962038
v -0.3997274339199066 0.18636788427829742 -0.06430725008249283
v -0.38923516869544983 0.18334218859672546 -0.06324722617864609
v -0.38927191495895386 0.17526113986968994 -0.054228730499744415
v -0.38214096426963806 0.21291428804397583 0.007902562618255615
v -0.3824780583381653 0.19753940403461456 0.009506882168352604
v -0.5591811537742615 0.17994247376918793 -0.050054874271154404
v -0.39513471722602844 0.19684208929538727 0.007879061624407768
v -0.43883663415908813 0.2527139186859131 -0.042629387229681015
v -0.015931855887174606 0.20022715628147125 -0.09467141330242157
v -0.14390528202056885 0.039636943489313126 0.046533551067113876
v -0.10584772378206253 0.01901100017130375 0.08678066730499268
v -0.11922511458396912 0.021713148802518845 0.07210566848516464
v -0.15794485807418823 0.09594142436981201 0.020649168640375137
v -0.161376491189003 0.10766677558422089 0.015119573101401329
v -0.18608905375003815 0.13776439428329468 0.0006927152862772346
v -0.19625088572502136 0.14878657460212708 -0.005089293234050274
v -0.1504570096731186 0.07461439073085785 0.05470935255289078
v -0.07693500816822052 0.42832446098327637 -0.01028844527900219
v -0.0751480683684349 0.4212512969970703 -0.012975803576409817
v -0.07907293736934662 0.4417347013950348 -0.01009303517639637
v -0.016195572912693024 -0.11269711703062057 0.15826739370822906
v -0.07460471987724304 0.41400811076164246 0.002010505646467209
v -0.07229479402303696 0.4067379832267761 -0.0011166713666170835
v -0.07689916342496872 0.410260945558548 0.0009538615122437477
v -0.07411576807498932 0.41502657532691956 0.003700476372614503
v -0.07420580834150314 0.41605305671691895 0.004098342265933752
v -0.07954493165016174 0.44393622875213623 4.7485467803198844e-05
v -0.07280918955802917 0.41307300329208374 -0.013590298593044281
v -0.07074736058712006 0.4041789472103119 -0.012163260951638222
v -0.0778767317533493 0.42984744906425476 0.005917612463235855
v -0.05037155747413635 -0.12379119545221329 -0.07599443942308426
v -0.026378588750958443 -0.12335682660341263 -0.07657042145729065
v -0.02887662686407566 -0.14066825807094574 -0.08318299055099487
v -0.05494076386094093 -0.14142106473445892 -0.08190419524908066
v -0.03172798454761505 -0.1595797836780548 -0.0910089984536171
v -0.15090738236904144 -0.1942792683839798 -0.06079094484448433
v -0.16701339185237885 -0.19106504321098328 -0.03732684627175331
v -0.1619156152009964 -0.17038185894489288 -0.03585877642035484
v -0.1460433006286621 -0.1725206822156906 -0.05772761255502701
v -0.16684891283512115 -0.15396340191364288 -0.010694414377212524
v -0.1552892029285431 -0.1529844105243683 -0.034435007721185684
v -0.17269638180732727 -0.1702793687582016 -0.01011540088802576
v -0.17660127580165863 -0.17382577061653137 0.017825867980718613
v -0.17115788161754608 -0.15677247941493988 0.01651819795370102
v -0.17296265065670013 -0.18043024837970734 0.04446273669600487
v -0.16848990321159363 -0.1618945300579071 0.04325079545378685
v -0.1638377457857132 -0.1886540949344635 0.06826404482126236
v -0.14951279759407043 -0.19662190973758698 0.08979356288909912
v -0.12979425489902496 -0.22430938482284546 0.10607768595218658
v -0.10602689534425735 -0.2121809720993042 0.12223455309867859
v -0.12925437092781067 -0.20451968908309937 0.1076190173625946
v -0.059092603623867035 -0.22366517782211304 0.14418567717075348
v -0.08207239210605621 -0.21925319731235504 0.1343499720096588
v -0.01920144073665142 -0.22846004366874695 0.15646885335445404
v -0.038393810391426086 -0.22693534195423126 0.1517188400030136
v -0.09749067574739456 0.21532775461673737 0.04895718768239021
v -0.07782698422670364 0.2730746865272522 -0.05491611361503601
v -0.08533554524183273 0.269794225692749 -0.054654575884342194
v -0.09299809485673904 0.27378788590431213 -0.03437509015202522
v -0.1038241982460022 0.22309140861034393 -0.0909808799624443
v -0.10455916076898575 0.23995812237262726 -0.0802224725484848
v -0.08652055263519287 0.23199647665023804 -0.08885356038808823
v -0.08640330284833908 0.21607500314712524 -0.09652560949325562
v -0.06898947060108185 0.26542288064956665 -0.0681021437048912
v -0.06477002799510956 0.26761525869369507 -0.06762006133794785
v -0.07385999709367752 0.2613394856452942 -0.06974300742149353
v -0.045065987855196 0.24431441724300385 -0.08484980463981628
v -0.06059329956769943 0.2523600459098816 -0.07970214635133743
v -0.12772732973098755 0.26718705892562866 -0.03222757950425148
v -0.1281057596206665 0.25829124450683594 -0.05325480177998543
v -0.13733255863189697 0.25845634937286377 -0.04901449382305145
v -0.13857315480709076 0.2672846019268036 -0.028220487758517265
v -0.13178756833076477 0.21494419872760773 -0.08593969792127609
v -0.13233543932437897 0.19941413402557373 -0.09013587236404419
v -0.1428709626197815 0.2030530422925949 -0.08593548089265823
v -0.14153140783309937 0.217572882771492 -0.08151482045650482
v -0.17214612662792206 0.2674998342990875 -0.01511433720588684
v -0.16865170001983643 0.2611270248889923 -0.035814277827739716
v -0.18103018403053284 0.2621379792690277 -0.03379162773489952
v -0.18463462591171265 0.26624175906181335 -0.013694261200726032
v -0.13977152109146118 0.23177875578403473 -0.0740746408700943
v -0.08425646275281906 0.1047828197479248 -0.11137896031141281
v -0.10199499130249023 0.11376973986625671 -0.10682764649391174
v -0.11709456145763397 0.12241006642580032 -0.10119447112083435
v -0.14901530742645264 0.14928248524665833 -0.08078324794769287
v -0.14073291420936584 0.14196991920471191 -0.08544906973838806
v -0.1445862203836441 0.1291506290435791 -0.08086302876472473
v -0.1585235744714737 0.15600800514221191 -0.07824535667896271
v -0.16911102831363678 0.15973785519599915 -0.07484734803438187
v -0.19464214146137238 0.19721867144107819 0.03680418059229851
v -0.18070107698440552 0.19544470310211182 0.04230592027306557
v -0.178367018699646 0.2217755913734436 0.03728778660297394
v -0.19398358464241028 0.16716386377811432 -0.06796655803918839
v -0.1813054084777832 0.16046376526355743 -0.06838372349739075
v -0.18318675458431244 0.1534811407327652 -0.0646330937743187
v -0.1959189772605896 0.16166898608207703 -0.06515869498252869
v -0.11764688044786453 0.267948180437088 -0.03529224917292595
v -0.18071287870407104 0.2515934109687805 -0.04876982420682907
v -0.1684236228466034 0.24942646920681 -0.05045152083039284
v -0.1682393103837967 0.2384493350982666 -0.060821738094091415
v -0.1803703010082245 0.2415856271982193 -0.05901089310646057
v -0.1817573457956314 0.22987158596515656 -0.06690557301044464
v -0.17027157545089722 0.2262376844882965 -0.06920113414525986
v -0.17206022143363953 0.21389006078243256 -0.0749269649386406
v -0.1835608184337616 0.2178514301776886 -0.07258002460002899
v -0.1929631233215332 0.17435802519321442 -0.07115034013986588
v -0.17911873757839203 0.16835185885429382 -0.07188571244478226
v -0.20194455981254578 0.2564741373062134 0.007689715828746557
v -0.14963644742965698 0.2669435441493988 0.0017270746175199747
v -0.14903949201107025 0.2537112534046173 0.023721395060420036
v -0.13791033625602722 0.2560799717903137 0.0199290681630373
v -0.138344407081604 0.26783058047294617 -0.00296043255366385
v -0.21390460431575775 0.15068528056144714 -0.023603465408086777
v -0.21067118644714355 0.15606215596199036 -0.011340097524225712
v -0.2156122624874115 0.1468028426170349 -0.03539849445223808
v -0.18669947981834412 0.13842007517814636 -0.054627664387226105
v -0.21558457612991333 0.14688058197498322 -0.04592615365982056
v -0.2090693712234497 0.1818181574344635 0.02758067101240158
v -0.20983998477458954 0.19896045327186584 0.03163690119981766
v -0.15009060502052307 0.23032084107398987 0.03696862980723381
v -0.13867902755737305 0.2343929558992386 0.03486612066626549
v -0.1985091120004654 0.26423972845077515 -0.013782433234155178
v -0.1950969099998474 0.26173877716064453 -0.03341129049658775
v -0.20858027040958405 0.1741304099559784 -0.07043342292308807
v -0.21052657067775726 0.1691148579120636 -0.06824091076850891
v -0.22294168174266815 0.17643488943576813 -0.07151462137699127
v -0.1754300594329834 0.13185644149780273 -0.060428980737924576
v -0.18466244637966156 0.14723050594329834 -0.060709841549396515
v -0.14872786402702332 0.2672155499458313 -0.02346627041697502
v -0.1935196965932846 0.2528593838214874 -0.04860643669962883
v -0.19352851808071136 0.2427271008491516 -0.05916549637913704
v -0.160100057721138 0.2228405773639679 -0.07293346524238586
v -0.15773311257362366 0.2355014681816101 -0.06473717093467712
v -0.14861516654491425 0.23353298008441925 -0.06939674913883209
v -0.15085572004318237 0.22004443407058716 -0.07735900580883026
v -0.19591084122657776 0.22233358025550842 -0.07126415520906448
v -0.19920064508914948 0.21094797551631927 -0.07432715594768524
v -0.15295572578907013 0.2063569724559784 -0.08214351534843445
v -0.16223344206809998 0.2098177671432495 -0.07826656848192215
v -0.20705628395080566 0.18100644648075104 -0.07288029789924622
v -0.12914754450321198 0.2371211051940918 0.03166285157203674
v -0.13121528923511505 0.21561846137046814 0.0440240204334259
v -0.12120344489812851 0.21679005026817322 0.044774800539016724
v -0.15308602154254913 0.20502015948295593 0.046213481575250626
v -0.14113779366016388 0.21101650595664978 0.04496283829212189
v -0.16703610122203827 0.19784386456012726 0.04597009718418121
v -0.11051630228757858 0.21645480394363403 0.04724244773387909
v -0.4086320996284485 0.19003070890903473 -0.06603866070508957
v -0.2259075790643692 0.17245268821716309 -0.06974456459283829
v -0.23882053792476654 0.17838168144226074 -0.07250462472438812
v -0.23447443544864655 0.18276488780975342 -0.07393649965524673
v -0.28698790073394775 0.21021631360054016 -0.07358141243457794
v -0.0030341623350977898 0.35199040174484253 0.11299845576286316
v -0.0025859654415398836 0.35719171166419983 0.1159689649939537
v -0.0018589174142107368 0.3767332136631012 0.1176411509513855
v -0.0017799967899918556 0.3802036941051483 0.11696593463420868
v -0.4066045880317688 0.2242620885372162 -0.06077765300869942
v -0.4141068756580353 0.22527214884757996 -0.06045283377170563
v -0.4582219123840332 0.23402316868305206 -0.06476761400699615
v -0.47853580117225647 0.24717317521572113 -0.051597438752651215
v -0.458427757024765 0.2455393522977829 -0.05249117687344551
v -0.46113961935043335 0.247425839304924 -0.0116803627461195
v -0.45935794711112976 0.2338275909423828 -0.003338159993290901
v -0.4560580253601074 0.18877793848514557 -0.007016803603619337
v -0.4598744213581085 0.186176598072052 -0.06541251391172409
v -0.5989567041397095 0.23096534609794617 -0.017497897148132324
v -0.6000353097915649 0.23739118874073029 -0.02709539420902729
v -0.6195206642150879 0.23508431017398834 -0.024018721655011177
v -0.6180713772773743 0.22777624428272247 -0.015367086976766586
v -0.6366958618164062 0.2251020073890686 -0.013380404561758041
v -0.6350476741790771 0.21509693562984467 -0.011364794336259365
v -0.6168827414512634 0.21808478236198425 -0.01187882199883461
v -0.6331393122673035 0.20598112046718597 -0.0142316659912467
v -0.6153929829597473 0.20819419622421265 -0.013409364968538284
v -0.6317818760871887 0.19867032766342163 -0.020484553650021553
v -0.6317049860954285 0.19395869970321655 -0.028166431933641434
v -0.6143400073051453 0.19427940249443054 -0.025857355445623398
v -0.6142851114273071 0.20006223022937775 -0.018607711419463158
v -0.5961789488792419 0.18918615579605103 -0.03202821686863899
v -0.6148642897605896 0.19039461016654968 -0.0346437431871891
v -0.6154219508171082 0.188239187002182 -0.04413218796253204
v -0.5967628955841064 0.18526209890842438 -0.0422641895711422
v -0.6339007019996643 0.19904227554798126 -0.06149691715836525
v -0.634632408618927 0.20712321996688843 -0.06502427905797958
v -0.6163440346717834 0.2045602649450302 -0.06629619747400284
v -0.6158625483512878 0.19566790759563446 -0.06204071268439293
v -0.5988215804100037 0.2225872278213501 -0.06559491902589798
v -0.5976053476333618 0.2119484394788742 -0.06841763108968735
v -0.6173489093780518 0.21477246284484863 -0.06655079871416092
v -0.6185692548751831 0.2247839868068695 -0.06354133039712906
v -0.6366630792617798 0.2275315821170807 -0.0623924694955349
v -0.6379929780960083 0.23458339273929596 -0.05476958304643631
v -0.6196205615997314 0.23268501460552216 -0.05705587938427925
v -0.5611213445663452 0.236936554312706 -0.021160338073968887
v -0.5800110101699829 0.233995258808136 -0.01963174156844616
v -0.5790328979492188 0.224411278963089 -0.013285287655889988
v -0.5959399938583374 0.2014896124601364 -0.016530944034457207
v -0.5771763920783997 0.2033250480890274 -0.01456852350383997
v -0.5779737234115601 0.21354368329048157 -0.011940977536141872
v -0.5967946648597717 0.2108176052570343 -0.012612603604793549
v -0.558826208114624 0.1804833561182022 -0.037164509296417236
v -0.5772600173950195 0.1877966672182083 -0.029300179332494736
v -0.5778747200965881 0.18296775221824646 -0.03989845886826515
v -0.5958223342895508 0.1945672631263733 -0.02328292652964592
v -0.5769102573394775 0.19488796591758728 -0.02080334909260273
v -0.5968745350837708 0.18614181876182556 -0.052995506674051285
v -0.6155783534049988 0.18987733125686646 -0.05397536978125572
v -0.6006836295127869 0.2391120344400406 -0.038508594036102295
v -0.6007124185562134 0.23711447417736053 -0.049741871654987335
v -0.6204310059547424 0.23706717789173126 -0.04690184444189072
v -0.6203692555427551 0.23805107176303864 -0.03556034713983536
v -0.578090488910675 0.18309900164604187 -0.051661331206560135
v -0.5807548761367798 0.23774640262126923 -0.052972257137298584
v -0.5809606909751892 0.24054603278636932 -0.041641514748334885
v -0.5999045372009277 0.23113515973091125 -0.05927852913737297
v -0.5799108147621155 0.2305399626493454 -0.062206119298934937
v -0.6387727856636047 0.236723855137825 -0.03262147307395935
v -0.6382775902748108 0.23297083377838135 -0.021189846098423004
v -0.5807196497917175 0.23942528665065765 -0.02961733564734459
v -0.5968537330627441 0.1919725090265274 -0.0622432641685009
v -0.5970573425292969 0.2013036459684372 -0.06764823943376541
v -0.5776867270469666 0.19796450436115265 -0.0684695690870285
v -0.5778921842575073 0.1886635571718216 -0.06185942143201828
v -0.5585986971855164 0.2184739112854004 -0.07030606269836426
v -0.5779337882995605 0.20887154340744019 -0.06985963135957718
v -0.5788231492042542 0.22026005387306213 -0.06774938851594925
v -0.6353446841239929 0.2169981747865677 -0.06551752239465714
v -0.5594672560691833 0.2302025556564331 -0.06541310250759125
v -0.7144781351089478 0.19214209914207458 -0.026321332901716232
v -0.7052189707756042 0.18950769305229187 -0.024783039465546608
v -0.7102031707763672 0.18759319186210632 -0.01539488323032856
v -0.7190677523612976 0.19085033237934113 -0.017441853880882263
v -0.6906214952468872 0.18011757731437683 -0.00840912014245987
v -0.6826574802398682 0.18396621942520142 -0.0011204760521650314
v -0.6925603747367859 0.18451999127864838 0.0066534909419715405
v -0.6990199685096741 0.1811644732952118 0.0004904816742055118
v -0.7225980758666992 0.1922675371170044 -0.009315228089690208
v -0.7141795754432678 0.18811477720737457 -0.007501694839447737
v -0.7216334939002991 0.1964988112449646 -0.0038074098993092775
v -0.7301461696624756 0.20261213183403015 -0.006363102234899998
v -0.7303001284599304 0.19612057507038116 -0.009997527115046978
v -0.7378959059715271 0.20573924481868744 -0.007668402977287769
v -0.7247357964515686 0.21290139853954315 -0.00861172191798687
v -0.7364383339881897 0.2143946886062622 -0.011585057713091373
v -0.719526469707489 0.22359463572502136 -0.03129565343260765
v -0.7170314192771912 0.2242896854877472 -0.04109412059187889
v -0.7309862375259399 0.22246301174163818 -0.04188083857297897
v -0.7331130504608154 0.2212914377450943 -0.031490787863731384
v -0.7225842475891113 0.21801649034023285 -0.05904519557952881
v -0.7278217077255249 0.2205321341753006 -0.05060037970542908
v -0.7138492465019226 0.22294734418392181 -0.049041468650102615
v -0.7098985314369202 0.22083674371242523 -0.05682327598333359
v -0.7085426449775696 0.19475622475147247 -0.039953552186489105
v -0.6988527178764343 0.19322732090950012 -0.04018930718302727
v -0.7010394334793091 0.19227151572704315 -0.034010205417871475
v -0.7103490829467773 0.19408869743347168 -0.034508317708969116
v -0.7190349698066711 0.19882112741470337 0.005690445192158222
v -0.7155511379241943 0.20664405822753906 -0.0006011000368744135
v -0.720997154712677 0.20320147275924683 -0.0020990772172808647
v -0.7204639315605164 0.19559086859226227 0.004189360421150923
v -0.6750672459602356 0.186757892370224 -0.05096248909831047
v -0.6636219024658203 0.18886570632457733 -0.04928223416209221
v -0.6639508605003357 0.18906021118164062 -0.04100235551595688
v -0.6744608283042908 0.1872618943452835 -0.04375511035323143
v -0.6678191423416138 0.18608999252319336 -0.015351098030805588
v -0.6628332734107971 0.18937110900878906 -0.022255295887589455
v -0.6578208804130554 0.19867655634880066 -0.012573792599141598
v -0.6645049452781677 0.19708000123500824 -0.007763606030493975
v -0.6743074059486389 0.18436814844608307 -0.00857087317854166
v -0.6710823178291321 0.19555149972438812 -0.0026393081061542034
v -0.6801317930221558 0.19405165314674377 0.0029767805244773626
v -0.6908950209617615 0.19250887632369995 0.009925241582095623
v -0.6626368165016174 0.19209986925125122 -0.059411946684122086
v -0.6706365942955017 0.18972761929035187 -0.06264033913612366
v -0.7860930562019348 0.19951629638671875 -0.013683121651411057
v -0.7867184281349182 0.19772541522979736 -0.018935365602374077
v -0.7811919450759888 0.19792066514492035 -0.018278606235980988
v -0.7806116342544556 0.19970667362213135 -0.012969634495675564
v -0.6705124974250793 0.2077491581439972 -0.06975352764129639
v -0.6724944710731506 0.2168554961681366 -0.06695254892110825
v -0.665617823600769 0.21639703214168549 -0.06681843101978302
v -0.6638889908790588 0.2068610042333603 -0.06821266561746597
v -0.6789577603340149 0.2079542875289917 -0.0722341313958168
v -0.6813000440597534 0.2172078937292099 -0.0674968734383583
v -0.7883453965187073 0.21164992451667786 -0.012668776325881481
v -0.7872287631034851 0.20749756693840027 -0.010211429558694363
v -0.7816295027732849 0.20839789509773254 -0.010279783979058266
v -0.7825050950050354 0.21257629990577698 -0.01302238181233406
v -0.7277880311012268 0.19262579083442688 -0.017575116828083992
v -0.7236288785934448 0.19333475828170776 -0.026073066517710686
v -0.7456507086753845 0.19396726787090302 -0.02043462172150612
v -0.7343453168869019 0.1935325264930725 -0.025077518075704575
v -0.7361915111541748 0.19395746290683746 -0.015856048092246056
v -0.744439423084259 0.19552911818027496 -0.014256248250603676
v -0.727165162563324 0.19490714371204376 -0.04388514161109924
v -0.7170982956886292 0.19531768560409546 -0.04369283840060234
v -0.7208489775657654 0.19518312811851501 -0.036950018256902695
v -0.7312334775924683 0.19465310871601105 -0.0371074452996254
v -0.7142825722694397 0.1919071525335312 -0.054690033197402954
v -0.7238224148750305 0.19229617714881897 -0.0554102323949337
v -0.7224417924880981 0.19014866650104523 -0.06148505583405495
v -0.7140144109725952 0.18989893794059753 -0.0603037029504776
v -0.7433234453201294 0.19451077282428741 -0.05128152668476105
v -0.7523128986358643 0.196932852268219 -0.052270639687776566
v -0.7506436109542847 0.19690898060798645 -0.0570228286087513
v -0.7420762181282043 0.1939249485731125 -0.056372713297605515
v -0.6593783497810364 0.21674272418022156 -0.0669013187289238
v -0.6571455597877502 0.20714959502220154 -0.06717486679553986
v -0.7139891982078552 0.21046362817287445 -0.07487235963344574
v -0.7095178365707397 0.2034788727760315 -0.0800822377204895
v -0.7183313965797424 0.20144085586071014 -0.08374927192926407
v -0.7226689457893372 0.20894169807434082 -0.0784544125199318
v -0.675250232219696 0.2242809683084488 -0.060616474598646164
v -0.6680151224136353 0.22504931688308716 -0.06108679249882698
v -0.7893529534339905 0.2138066291809082 -0.01757415384054184
v -0.7835056781768799 0.2148759663105011 -0.017989683896303177
v -0.6819035410881042 0.2044903188943863 0.0008823949028737843
v -0.6933113932609558 0.20127835869789124 0.008435339666903019
v -0.6725091338157654 0.20692560076713562 -0.004713763017207384
v -0.665802001953125 0.20867301523685455 -0.008053733967244625
v -0.6587571501731873 0.21047204732894897 -0.009448920376598835
v -0.7393519282341003 0.19398100674152374 -0.02981950156390667
v -0.71800696849823 0.19441749155521393 -0.03315438702702522
v -0.7069689631462097 0.19429610669612885 -0.04396931827068329
v -0.7025030255317688 0.18690435588359833 -0.07087928801774979
v -0.6949428915977478 0.18721963465213776 -0.07054866850376129
v -0.6984453797340393 0.1869189441204071 -0.06152820959687233
v -0.7050373554229736 0.18753673136234283 -0.06401492655277252
v -0.7075774669647217 0.19470429420471191 -0.08139220625162125
v -0.7092458605766296 0.1890886276960373 -0.07753120362758636
v -0.7175021171569824 0.18868260085582733 -0.07921992242336273
v -0.7163873910903931 0.19332727789878845 -0.08387234807014465
v -0.7171995043754578 0.20141558349132538 0.009270802140235901
v -0.7096580862998962 0.2071569859981537 0.0030945604667067528
v -0.6694772839546204 0.19777634739875793 -0.06931575387716293
v -0.6625894904136658 0.19831988215446472 -0.06604839116334915
v -0.6558760404586792 0.19965443015098572 -0.06345604360103607
v -0.6864674091339111 0.1897706836462021 -0.04259348660707474
v -0.6741309762001038 0.1871972382068634 -0.039221130311489105
v -0.6749989986419678 0.18570324778556824 -0.033558834344148636
v -0.6876886487007141 0.18958094716072083 -0.03848172351717949
v -0.694863498210907 0.18421611189842224 -0.02271202579140663
v -0.6831339001655579 0.18080300092697144 -0.01799251139163971
v -0.7010577917098999 0.18278808891773224 -0.012973339296877384
v -0.663371205329895 0.18894341588020325 -0.03340356424450874
v -0.6552764773368835 0.19165246188640594 -0.03940994665026665
v -0.6549640893936157 0.19215761125087738 -0.030796900391578674
v -0.6554572582244873 0.1921188235282898 -0.04862561076879501
v -0.6554785966873169 0.1946597844362259 -0.057316090911626816
v -0.6459835767745972 0.19244106113910675 -0.03838330879807472
v -0.6454252600669861 0.19361340999603271 -0.029799170792102814
v -0.6465075016021729 0.19309355318546295 -0.047788526862859726
v -0.6469792127609253 0.19597448408603668 -0.05591971427202225
v -0.6503838300704956 0.22844505310058594 -0.061705149710178375
v -0.6491507291793823 0.21806703507900238 -0.06604675203561783
v -0.6603935956954956 0.2265399843454361 -0.06162063032388687
v -0.6476505994796753 0.20319339632987976 -0.01392084639519453
v -0.6552382111549377 0.19445665180683136 -0.021654760465025902
v -0.6460080146789551 0.19692681729793549 -0.021623272448778152
v -0.6496099829673767 0.21281392872333527 -0.010488362051546574
v -0.7049376368522644 0.18224216997623444 0.0064551508985459805
v -0.7108274698257446 0.1822945475578308 0.011228382587432861
v -0.7155609726905823 0.18401502072811127 0.006466718390583992
v -0.7109198570251465 0.18475304543972015 0.0017330447444692254
v -0.7457036375999451 0.20756609737873077 -0.009096209891140461
v -0.7449632883071899 0.20050808787345886 -0.009632598608732224
v -0.737436830997467 0.1985156387090683 -0.009504569694399834
v -0.68328857421875 0.18626782298088074 -0.05658487230539322
v -0.6790767908096313 0.18844380974769592 -0.06678874045610428
v -0.7481592893600464 0.19450952112674713 -0.025731736794114113
v -0.7754161953926086 0.21314777433872223 -0.013259738683700562
v -0.7746946215629578 0.2086981236934662 -0.01026984490454197
v -0.7622314095497131 0.20848813652992249 -0.010159588418900967
v -0.7634021639823914 0.21377505362033844 -0.013371805660426617
v -0.7571391463279724 0.19875289499759674 -0.029265277087688446
v -0.7548485398292542 0.19628538191318512 -0.024256717413663864
v -0.7627462148666382 0.1967766433954239 -0.023922977969050407
v -0.7650197744369507 0.20048798620700836 -0.02821897715330124
v -0.7469263672828674 0.1946812868118286 -0.06296507269144058
v -0.7398951053619385 0.19226640462875366 -0.06255175173282623
v -0.746406614780426 0.2163025438785553 -0.03214649111032486
v -0.745398223400116 0.21852824091911316 -0.021286213770508766
v -0.7344140410423279 0.22018985450267792 -0.020555617287755013
v -0.7251458764076233 0.19386345148086548 -0.04999186843633652
v -0.7343801259994507 0.193788543343544 -0.05068147927522659
v -0.7331922650337219 0.1927010864019394 -0.05598621815443039
v -0.7426168918609619 0.194567009806633 -0.03221243619918823
v -0.7491001486778259 0.19541145861148834 -0.030337631702423096
v -0.746470034122467 0.19543637335300446 -0.03602515906095505
v -0.7388413548469543 0.19463509321212769 -0.036996517330408096
v -0.6989867687225342 0.20606747269630432 -0.0771033838391304
v -0.6968719959259033 0.1944301426410675 -0.07881121337413788
v -0.7863371968269348 0.2031799852848053 -0.010631176643073559
v -0.7808809876441956 0.20374716818332672 -0.0101492153480649
v -0.6479063034057617 0.20773106813430786 -0.06567050516605377
v -0.6474878191947937 0.20060212910175323 -0.06185692921280861
v -0.7151604294776917 0.19400817155838013 -0.04907943680882454
v -0.7214450240135193 0.2208535224199295 -0.020218554884195328
v -0.7054462432861328 0.1929633766412735 -0.04830047860741615
v -0.7380552887916565 0.2085256725549698 -0.0691041499376297
v -0.7372645735740662 0.20243899524211884 -0.07314761728048325
v -0.7445212602615356 0.20205073058605194 -0.07129795849323273
v -0.7452540397644043 0.20823581516742706 -0.0698608011007309
v -0.7763493657112122 0.2025279551744461 -0.02770029380917549
v -0.7750845551490784 0.19841159880161285 -0.023474618792533875
v -0.7823206782341003 0.1993619203567505 -0.023857323452830315
v -0.7833293676376343 0.20340541005134583 -0.027596645057201385
v -0.7527050971984863 0.19585900008678436 -0.019258955493569374
v -0.7515866756439209 0.1973651498556137 -0.013953092508018017
v -0.7605167627334595 0.19836647808551788 -0.013644183985888958
v -0.7612010836601257 0.1962488889694214 -0.018734972923994064
v -0.7522115707397461 0.2021731585264206 -0.010500941425561905
v -0.7611375451087952 0.20300628244876862 -0.010380406863987446
v -0.7773571610450745 0.2087322324514389 -0.028714915737509727
v -0.777097225189209 0.2140713632106781 -0.024807754904031754
v -0.7652686834335327 0.21399904787540436 -0.02591097541153431
v -0.7665216326713562 0.20744268596172333 -0.029284866526722908
v -0.6974989175796509 0.22335317730903625 -0.05494951084256172
v -0.6946009397506714 0.22040946781635284 -0.0624825544655323
v -0.7066194415092468 0.21738024055957794 -0.06496042758226395
v -0.718331515789032 0.21429921686649323 -0.06759469956159592
v -0.7289224863052368 0.21007630228996277 -0.06985388696193695
v -0.7339727282524109 0.21571408212184906 -0.06126550957560539
v -0.7031794190406799 0.21354903280735016 -0.07142160087823868
v -0.7556791305541992 0.20728221535682678 -0.0345008559525013
v -0.7556105256080627 0.2125207483768463 -0.028495946899056435
v -0.7545885443687439 0.2127729207277298 -0.03585408627986908
v -0.7039960622787476 0.19045791029930115 -0.05480895936489105
v -0.7739369869232178 0.20373433828353882 -0.010015852749347687
v -0.6712538003921509 0.22616218030452728 -0.01918797567486763
v -0.6722555160522461 0.23104633390903473 -0.030152946710586548
v -0.6817260980606079 0.2292894721031189 -0.031148558482527733
v -0.6794880628585815 0.22407139837741852 -0.018581558018922806
v -0.7738956212997437 0.19741754233837128 -0.018172675743699074
v -0.7736694812774658 0.19915461540222168 -0.012966939248144627
v -0.7390185594558716 0.1922532618045807 -0.06880128383636475
v -0.7452234625816345 0.19474491477012634 -0.06811917573213577
v -0.7450973987579346 0.19654038548469543 -0.07188858836889267
v -0.7396642565727234 0.19512887299060822 -0.0737161710858345
v -0.691819429397583 0.2163676917552948 -0.06886456161737442
v -0.7251002192497253 0.1998879760503769 -0.08646196871995926
v -0.7281484603881836 0.2079506665468216 -0.08171253651380539
v -0.683761715888977 0.22300110757350922 -0.06099895387887955
v -0.6863580942153931 0.22624541819095612 -0.05310554802417755
v -0.6775562763214111 0.2285485565662384 -0.0516192726790905
v -0.7420536875724792 0.21615761518478394 -0.0518583245575428
v -0.7006340622901917 0.22513622045516968 -0.047649919986724854
v -0.6887390613555908 0.2275434136390686 -0.045856475830078125
v -0.6791749596595764 0.23003911972045898 -0.04305217042565346
v -0.671311616897583 0.23196907341480255 -0.04158196970820427
v -0.6700906157493591 0.23040714859962463 -0.05115735903382301
v -0.7763698101043701 0.21556933224201202 -0.01852034218609333
v -0.7841629385948181 0.21364235877990723 -0.024109063670039177
v -0.661522388458252 0.23231825232505798 -0.05122549086809158
v -0.651402473449707 0.23454520106315613 -0.052328478544950485
v -0.6522676348686218 0.23596403002738953 -0.04203168675303459
v -0.6627246737480164 0.23406045138835907 -0.041345421224832535
v -0.691378653049469 0.22799499332904816 -0.03767971694469452
v -0.6931313872337341 0.22700156271457672 -0.029152367264032364
v -0.7035197019577026 0.2259846329689026 -0.03999832272529602
v -0.7062121629714966 0.2251826822757721 -0.030867910012602806
v -0.7435418963432312 0.2198788821697235 -0.042345840483903885
v -0.7983355522155762 0.20854134857654572 -0.026354363188147545
v -0.7902112603187561 0.20873340964317322 -0.02708178572356701
v -0.7894508838653564 0.2036644071340561 -0.027732854709029198
v -0.7977752685546875 0.20420566201210022 -0.027399690821766853
v -0.784061849117279 0.2089114487171173 -0.02782229520380497
v -0.7900992631912231 0.21288518607616425 -0.02345847152173519
v -0.7079514861106873 0.2217840850353241 -0.01953594572842121
v -0.754088819026947 0.1982598602771759 -0.03555481508374214
v -0.6925133466720581 0.22103804349899292 -0.016012433916330338
v -0.7122801542282104 0.21604909002780914 -0.008167238906025887
v -0.7017163634300232 0.21461261808872223 -0.0046391915529966354
v -0.6756716966629028 0.2169746458530426 -0.009241514839231968
v -0.6848269701004028 0.21397581696510315 -0.004806088749319315
v -0.6611262559890747 0.22045621275901794 -0.012281893752515316
v -0.6683173179626465 0.21853329241275787 -0.011484169401228428
v -0.6515355706214905 0.22259871661663055 -0.012658176943659782
v -0.6960697770118713 0.20939594507217407 0.0029281273018568754
v -0.7937412858009338 0.19864483177661896 -0.0146417785435915
v -0.7942886352539062 0.19743821024894714 -0.020168237388134003
v -0.6633280515670776 0.2280801236629486 -0.01955902762711048
v -0.6531578302383423 0.23044520616531372 -0.01979132927954197
v -0.706925630569458 0.18357835710048676 -0.0045159258879721165
v -0.6946934461593628 0.18937212228775024 -0.05218259617686272
v -0.6961342692375183 0.19158105552196503 -0.04735555499792099
v -0.6876031756401062 0.1876191943883896 -0.06947161257266998
v -0.691667914390564 0.18635989725589752 -0.05931819602847099
v -0.6531376838684082 0.23511047661304474 -0.030565112829208374
v -0.6323614120483398 0.19150395691394806 -0.036828380078077316
v -0.6328507661819458 0.1913386583328247 -0.04612376540899277
v -0.6386483907699585 0.23705220222473145 -0.04412376508116722
v -0.7941604256629944 0.20208437740802765 -0.011248435825109482
v -0.7553763389587402 0.20251591503620148 -0.054029032588005066
v -0.7539685368537903 0.2032003402709961 -0.05596509203314781
v -0.6999297142028809 0.18463389575481415 0.012102169916033745
v -0.7077443599700928 0.1847650706768036 0.01607271283864975
v -0.7106894850730896 0.19586563110351562 0.017928576096892357
v -0.7081577777862549 0.18979525566101074 0.018402155488729477
v -0.6993712186813354 0.1911979764699936 0.015108253806829453
v -0.7020388841629028 0.19857005774974823 0.014107330702245235
v -0.685991644859314 0.18917958438396454 -0.04585093632340431
v -0.6856040954589844 0.187978595495224 -0.05032799020409584
v -0.6885759830474854 0.2075328677892685 -0.07460401952266693
v -0.6868458390235901 0.19641292095184326 -0.07628414779901505
v -0.7530396580696106 0.2082901895046234 -0.010211649350821972
v -0.7457945346832275 0.21444937586784363 -0.013222286477684975
v -0.7537134289741516 0.2138512283563614 -0.01398463360965252
v -0.7640538215637207 0.21627700328826904 -0.019374804571270943
v -0.7570458054542542 0.20314505696296692 -0.03389071673154831
v -0.7591389417648315 0.2054063081741333 -0.03042171150445938
v -0.6780405044555664 0.18329079449176788 -0.026495836675167084
v -0.6904118657112122 0.1875326931476593 -0.03180680423974991
v -0.716122031211853 0.1894930601119995 -0.001421133172698319
v -0.7191604375839233 0.19013693928718567 0.0031753748189657927
v -0.7357733249664307 0.19444851577281952 -0.04394988343119621
v -0.7532199025154114 0.21490097045898438 -0.04998086765408516
v -0.7532548308372498 0.21795643866062164 -0.042425449937582016
v -0.7440350651741028 0.19505521655082703 -0.04386467486619949
v -0.7965026497840881 0.2103385031223297 -0.012771575711667538
v -0.7953450083732605 0.20611600577831268 -0.010515389032661915
v -0.7543383240699768 0.21691782772541046 -0.02073764055967331
v -0.7313113212585449 0.1909022480249405 -0.06235339120030403
v -0.7484647035598755 0.21145978569984436 -0.05586255341768265
v -0.7547871470451355 0.20914524793624878 -0.053092800080776215
v -0.7225878238677979 0.19328607618808746 -0.08490371704101562
v -0.6637703776359558 0.23292475938796997 -0.03002209961414337
v -0.7879911065101624 0.1991276890039444 -0.024715108796954155
v -0.7957243323326111 0.199189692735672 -0.025510653853416443
v -0.7978983521461487 0.2116316854953766 -0.023068059235811234
v -0.797135055065155 0.2125941812992096 -0.01768288016319275
v -0.6777989864349365 0.19739727675914764 -0.07320262491703033
v -0.6974271535873413 0.19281105697155 -0.04381273686885834
v -0.6333020329475403 0.1939333975315094 -0.05493280291557312
v -0.7051997184753418 0.20503494143486023 0.009503638371825218
v -0.7141874432563782 0.20069724321365356 0.014361178502440453
v -0.7517430782318115 0.19656150043010712 -0.044204048812389374
v -0.7326270937919617 0.2067408263683319 -0.07585443556308746
v -0.7418564558029175 0.2142867147922516 -0.06313424557447433
v -0.7479940056800842 0.21366381645202637 -0.06461800634860992
v -0.7520118355751038 0.21236371994018555 -0.0584847554564476
v -0.7550085186958313 0.2077597826719284 -0.05703962594270706
v -0.8042148947715759 0.21108950674533844 -0.022992907091975212
v -0.8036916851997375 0.21197599172592163 -0.017711732536554337
v -0.8033604621887207 0.20983920991420746 -0.012836573645472527
v -0.8017517328262329 0.2056085765361786 -0.01084562111645937
v -0.7999528646469116 0.20173312723636627 -0.011873866431415081
v -0.8045060038566589 0.20827530324459076 -0.02605615183711052
v -0.8035896420478821 0.20419973134994507 -0.027019483968615532
v -0.8012486100196838 0.19946284592151642 -0.025280635803937912
v -0.8097321391105652 0.207673117518425 -0.02615213766694069
v -0.8106785416603088 0.21044126152992249 -0.023022843524813652
v -0.8157915472984314 0.20740924775600433 -0.012489378452301025
v -0.8105044364929199 0.20939099788665771 -0.013082643039524555
v -0.8135896921157837 0.20986612141132355 -0.0151825575158
v -0.817081093788147 0.20923791825771332 -0.01484937034547329
v -0.8213438391685486 0.20866267383098602 -0.015211529098451138
v -0.8203533887863159 0.20620973408222198 -0.013341724872589111
v -0.8128414154052734 0.21083544194698334 -0.018003754317760468
v -0.8171111345291138 0.21062739193439484 -0.018434898927807808
v -0.816752016544342 0.20986308157444 -0.02221846766769886
v -0.821215808391571 0.20963001251220703 -0.022671636193990707
v -0.8217300176620483 0.2103603035211563 -0.0189350713044405
v -0.8133065700531006 0.21042028069496155 -0.021175052970647812
v -0.809273898601532 0.21136772632598877 -0.01777368225157261
v -0.8242620229721069 0.20594361424446106 -0.015428588725626469
v -0.8242820501327515 0.2083035409450531 -0.01600784622132778
v -0.8254384994506836 0.2094079703092575 -0.01921616867184639
v -0.8262938857078552 0.20667889714241028 -0.019601313397288322
v -0.8075070977210999 0.20527739822864532 -0.011182804591953754
v -0.8139357566833496 0.20430104434490204 -0.012020151130855083
v -0.8192629814147949 0.2033306360244751 -0.013642802834510803
v -0.8233236074447632 0.20306546986103058 -0.016115829348564148
v -0.8130513429641724 0.20110875368118286 -0.01356672216206789
v -0.8185166120529175 0.20090560615062714 -0.015538560226559639
v -0.8218740224838257 0.20100560784339905 -0.017782503738999367
v -0.8129223585128784 0.19866764545440674 -0.016826072707772255
v -0.8183685541152954 0.19941693544387817 -0.01819266565144062
v -0.80467689037323 0.19863271713256836 -0.015630507841706276
v -0.8054822087287903 0.20158296823501587 -0.012286126613616943
v -0.8208816051483154 0.20013423264026642 -0.01914907433092594
v -0.8252484202384949 0.20387476682662964 -0.020311592146754265
v -0.8157715797424316 0.20874060690402985 -0.02480354718863964
v -0.8206115365028381 0.20794333517551422 -0.02505861409008503
v -0.8151963353157043 0.20663075149059296 -0.026502244174480438
v -0.8201553821563721 0.2057124227285385 -0.026281116530299187
v -0.824780285358429 0.2074221521615982 -0.02391010709106922
v -0.8245091438293457 0.209384948015213 -0.022591570392251015
v -0.7990735769271851 0.19854673743247986 -0.015316256321966648
v -0.7996209263801575 0.19775134325027466 -0.02071763202548027
v -0.8051241636276245 0.19773630797863007 -0.020840732380747795
v -0.8131084442138672 0.19776730239391327 -0.021629076451063156
v -0.8063737154006958 0.19970999658107758 -0.025238582864403725
v -0.808700680732727 0.20392866432666779 -0.026987409219145775
v -0.8144840598106384 0.20368658006191254 -0.026898344978690147
v -0.8134706020355225 0.2000371664762497 -0.025687769055366516
v -0.8193300366401672 0.2030753642320633 -0.02632208541035652
v -0.8186737298965454 0.20062941312789917 -0.02495848573744297
v -0.8184926509857178 0.1992599070072174 -0.02173013798892498
v -0.8224772810935974 0.20251017808914185 -0.024486323818564415
v -0.8239299058914185 0.20484310388565063 -0.02451835572719574
v -0.8232726454734802 0.201792910695076 -0.02107689157128334
v -0.8211407661437988 0.20112164318561554 -0.023869039490818977
v -0.8212347626686096 0.2005184143781662 -0.02150305174291134
v -0.7923214435577393 0.2011198103427887 -0.045092612504959106
v -0.7919113636016846 0.19982193410396576 -0.050205763429403305
v -0.7846931219100952 0.20047645270824432 -0.04852927848696709
v -0.7852743268013 0.20160526037216187 -0.04355984553694725
v -0.7927160859107971 0.21279706060886383 -0.04196804389357567
v -0.7928569316864014 0.20760226249694824 -0.04017476737499237
v -0.7862913608551025 0.2086985558271408 -0.038922686129808426
v -0.7861235737800598 0.21376141905784607 -0.0409991480410099
v -0.7919410467147827 0.2151266485452652 -0.04749580845236778
v -0.7853935360908508 0.21620111167430878 -0.04675813764333725
v -0.7783136367797852 0.21426846086978912 -0.03959445655345917
v -0.778522253036499 0.20904192328453064 -0.03760242089629173
v -0.7648262977600098 0.20777589082717896 -0.036263514310121536
v -0.7647188901901245 0.21347658336162567 -0.03741883113980293
v -0.7617702484130859 0.19878798723220825 -0.0510425828397274
v -0.7630966901779175 0.20280346274375916 -0.05405839532613754
v -0.7927806973457336 0.20359288156032562 -0.041581783443689346
v -0.7859479188919067 0.2043973058462143 -0.04020852595567703
v -0.7766874432563782 0.20419922471046448 -0.05517156794667244
v -0.7763338088989258 0.20058074593544006 -0.052027735859155655
v -0.7846735119819641 0.20130427181720734 -0.0532250814139843
v -0.7849869728088379 0.20450535416603088 -0.05645645037293434
v -0.7626360654830933 0.19968409836292267 -0.03937557712197304
v -0.7616255283355713 0.19819346070289612 -0.04524511098861694
v -0.7641013264656067 0.20328348875045776 -0.036851659417152405
v -0.777130126953125 0.20945385098457336 -0.056066498160362244
v -0.7774105072021484 0.21454589068889618 -0.052788905799388885
v -0.7638793587684631 0.21500970423221588 -0.050769779831171036
v -0.7640586495399475 0.20921577513217926 -0.05430147051811218
v -0.7779434323310852 0.20441754162311554 -0.03876252844929695
v -0.7762021422386169 0.19978004693984985 -0.047037273645401
v -0.7770195007324219 0.20108731091022491 -0.04196915403008461
v -0.7775635719299316 0.2168031930923462 -0.045651257038116455
v -0.7851963639259338 0.2137557715177536 -0.05379173159599304
v -0.8013126254081726 0.20902924239635468 -0.05809728056192398
v -0.7921429872512817 0.20896899700164795 -0.05748932808637619
v -0.7920027375221252 0.2043733447790146 -0.057899050414562225
v -0.801563560962677 0.20471662282943726 -0.05898633599281311
v -0.7852281928062439 0.2090880125761032 -0.05677732825279236
v -0.7918779850006104 0.21325170993804932 -0.054170407354831696
v -0.802486777305603 0.200443297624588 -0.04724474623799324
v -0.8022337555885315 0.1995507776737213 -0.05244309827685356
v -0.8027158975601196 0.2027624547481537 -0.043700557202100754
v -0.7640563249588013 0.2176203429698944 -0.043569475412368774
v -0.8021008372306824 0.21148154139518738 -0.043574314564466476
v -0.8025358319282532 0.20642565190792084 -0.04227041080594063
v -0.7918416261672974 0.20073215663433075 -0.05503934249281883
v -0.8016705513000488 0.2006351798772812 -0.05698617547750473
v -0.801023542881012 0.21274664998054504 -0.05484722554683685
v -0.8010125756263733 0.21419444680213928 -0.04864078387618065
v -0.8085225224494934 0.2119864821434021 -0.05573830381035805
v -0.8088045716285706 0.21329616010189056 -0.05005200207233429
v -0.8098659515380859 0.21100236475467682 -0.04509270191192627
v -0.8094887137413025 0.2061675637960434 -0.043859899044036865
v -0.8089434504508972 0.20279930531978607 -0.04527324438095093
v -0.8085424900054932 0.20889031887054443 -0.05872037261724472
v -0.8082292675971985 0.20512089133262634 -0.059569500386714935
v -0.8076289892196655 0.20116442441940308 -0.05779458209872246
v -0.815366268157959 0.20872727036476135 -0.05977269262075424
v -0.8164187669754028 0.21162442862987518 -0.057208772748708725
v -0.8286126255989075 0.2087484896183014 -0.04937932267785072
v -0.8233274817466736 0.20940172672271729 -0.0476006455719471
v -0.8240697979927063 0.21123643219470978 -0.05019373074173927
v -0.8289738297462463 0.21141548454761505 -0.05093902349472046
v -0.8176562190055847 0.21096330881118774 -0.04707351326942444
v -0.820530354976654 0.21180064976215363 -0.049953706562519073
v -0.8197870850563049 0.21250484883785248 -0.052823927253484726
v -0.8239847421646118 0.21285505592823029 -0.0538703054189682
v -0.8231984972953796 0.21181561052799225 -0.0574818029999733
v -0.8280534744262695 0.21202971041202545 -0.05868927761912346
v -0.8291038870811462 0.21340830624103546 -0.054848648607730865
v -0.8196460604667664 0.21199464797973633 -0.05606925114989281
v -0.8326863050460815 0.21152056753635406 -0.052167512476444244
v -0.8329014182090759 0.20908862352371216 -0.05232854560017586
v -0.8156543374061584 0.21291203796863556 -0.05170351266860962
v -0.8155762553215027 0.20643657445907593 -0.04518153890967369
v -0.8222370147705078 0.2060704380273819 -0.04687322676181793
v -0.8279893398284912 0.20577029883861542 -0.04965540021657944
v -0.8320820331573486 0.20615138113498688 -0.053201884031295776
v -0.8214876651763916 0.20275306701660156 -0.048478782176971436
v -0.8273741006851196 0.20313718914985657 -0.05116497352719307
v -0.830793559551239 0.20408755540847778 -0.05427630618214607
v -0.8209004402160645 0.2003730833530426 -0.05183316022157669
v -0.8268439173698425 0.20153655111789703 -0.053873080760240555
v -0.813103199005127 0.20050616562366486 -0.049836233258247375
v -0.8141066431999207 0.20287717878818512 -0.04651091620326042
v -0.8295019865036011 0.20294709503650665 -0.05530371889472008
v -0.8348562121391296 0.21046315133571625 -0.05655428394675255
v -0.8337477445602417 0.20744588971138 -0.05721154808998108
v -0.8341178894042969 0.21353839337825775 -0.05557392165064812
v -0.8223861455917358 0.21014989912509918 -0.059222511947155
v -0.8276062607765198 0.21005281805992126 -0.060326918959617615
v -0.8217728734016418 0.20856525003910065 -0.061054203659296036
v -0.8274092078208923 0.20850524306297302 -0.061817485839128494
v -0.8323022127151489 0.2106901854276657 -0.060148801654577255
v -0.8319960832595825 0.2125629484653473 -0.059056367725133896
v -0.8082942366600037 0.2005992829799652 -0.04865358769893646
v -0.8077680468559265 0.19983288645744324 -0.05342869833111763
v -0.8126320838928223 0.19956274330615997 -0.054588280618190765
v -0.8203892707824707 0.19963674247264862 -0.05659720301628113
v -0.8124890327453613 0.20124439895153046 -0.05877906084060669
v -0.8141347169876099 0.20528799295425415 -0.0604918971657753
v -0.8209455609321594 0.20556102693080902 -0.06150735169649124
v -0.8202081918716431 0.20190563797950745 -0.060353782027959824
v -0.826694905757904 0.20592524111270905 -0.061767470091581345
v -0.8260425925254822 0.20300304889678955 -0.060671959072351456
v -0.8262796998023987 0.2013104259967804 -0.057586658746004105
v -0.8305114507675171 0.20584021508693695 -0.060697998851537704
v -0.8318760395050049 0.20832322537899017 -0.06091609224677086
v -0.8318529725074768 0.20498088002204895 -0.05763069912791252
v -0.8291128873825073 0.20388741791248322 -0.060069739818573
v -0.8296440839767456 0.20320719480514526 -0.05776875838637352
v -0.7803574800491333 0.19979114830493927 -0.06790188699960709
v -0.7787397503852844 0.19704057276248932 -0.07211827486753464
v -0.7730832695960999 0.19775797426700592 -0.07035115361213684
v -0.7748920917510986 0.200206458568573 -0.06612294167280197
v -0.7807340025901794 0.2105659693479538 -0.06824630498886108
v -0.7814942002296448 0.20775006711483002 -0.06637424975633621
v -0.77581387758255 0.20823325216770172 -0.06405851989984512
v -0.7744664549827576 0.21166940033435822 -0.06580861657857895
v -0.7793335914611816 0.21158400177955627 -0.07272446155548096
v -0.7725069522857666 0.21256640553474426 -0.07074897736310959
v -0.7681689262390137 0.2122378796339035 -0.06361795216798782
v -0.7699363827705383 0.2080872803926468 -0.061765652149915695
v -0.7603554725646973 0.20735624432563782 -0.05911879613995552
v -0.758662223815918 0.21228303015232086 -0.060790590941905975
v -0.7814770936965942 0.2038925737142563 -0.06625375896692276
v -0.775911808013916 0.2041638046503067 -0.06418892741203308
v -0.7642071843147278 0.1986600160598755 -0.07554449886083603
v -0.7649070620536804 0.19672980904579163 -0.07264751195907593
v -0.7716789245605469 0.19745531678199768 -0.07460814714431763
v -0.7710099220275879 0.19936956465244293 -0.07728633284568787
v -0.75726717710495 0.19851747155189514 -0.06093675270676613
v -0.754703164100647 0.19613410532474518 -0.06503763049840927
v -0.7595378160476685 0.20249193906784058 -0.059271253645420074
v -0.76420658826828 0.2036748081445694 -0.07664740830659866
v -0.764337956905365 0.2097207009792328 -0.07465434819459915
v -0.7537909746170044 0.20903995633125305 -0.0719681978225708
v -0.7531223297119141 0.20266680419445038 -0.07327958196401596
v -0.7701172232627869 0.20360998809337616 -0.06205879896879196
v -0.7665514349937439 0.19679445028305054 -0.0682295635342598
v -0.7686953544616699 0.199472576379776 -0.06398840993642807
v -0.7656663060188293 0.21302182972431183 -0.06894177943468094
v -0.7710413932800293 0.20940271019935608 -0.0761922299861908
v -0.787066638469696 0.20425575971603394 -0.08225870877504349
v -0.7770745754241943 0.20394650101661682 -0.07995877414941788
v -0.7769783139228821 0.1991557776927948 -0.07958216220140457
v -0.7868844866752625 0.19995513558387756 -0.08235646784305573
v -0.7707691192626953 0.2038370966911316 -0.07840864360332489
v -0.7779330611228943 0.20897556841373444 -0.07770035415887833
v -0.7890000343322754 0.19902151823043823 -0.07097920030355453
v -0.787712574005127 0.196762353181839 -0.0751928985118866
v -0.790086567401886 0.2028712034225464 -0.0694018304347992
v -0.7558886408805847 0.21344886720180511 -0.06645053625106812
v -0.752682626247406 0.19729387760162354 -0.07256205379962921
v -0.7901257872581482 0.2092304229736328 -0.07107125967741013
v -0.7904588580131531 0.20644742250442505 -0.06938131898641586
v -0.7773454189300537 0.19671303033828735 -0.07669849693775177
v -0.7866852879524231 0.1969171017408371 -0.07980607450008392
v -0.7876689434051514 0.20852451026439667 -0.08001801371574402
v -0.7887453436851501 0.21070773899555206 -0.07516312599182129
v -0.7941625118255615 0.20833751559257507 -0.08190461248159409
v -0.795365035533905 0.21011854708194733 -0.07705763727426529
v -0.7968795299530029 0.2088412046432495 -0.07295587658882141
v -0.7967554330825806 0.20565907657146454 -0.0713728815317154
v -0.7957709431648254 0.2022217959165573 -0.07152769714593887
v -0.7936962842941284 0.2043249011039734 -0.08398430049419403
v -0.7932510375976562 0.20061753690242767 -0.08374698460102081
v -0.7922786474227905 0.1974223107099533 -0.08122675120830536
v -0.7984511852264404 0.20417596399784088 -0.08556083589792252
v -0.8000358939170837 0.20778639614582062 -0.08340612798929214
v -0.8134893178939819 0.20674820244312286 -0.07731044292449951
v -0.8089094161987305 0.2070373296737671 -0.07568980008363724
v -0.8088263869285583 0.20795665681362152 -0.07780168950557709
v -0.813224196434021 0.20826077461242676 -0.07895315438508987
v -0.8031600713729858 0.20846091210842133 -0.07495158910751343
v -0.8054060339927673 0.2086569219827652 -0.07721545547246933
v -0.8039824366569519 0.20929716527462006 -0.0797925665974617
v -0.808022141456604 0.20943117141723633 -0.08111409097909927
v -0.8061493635177612 0.20766843855381012 -0.08431436866521835
v -0.8104270696640015 0.20773248374462128 -0.08566591888666153
v -0.812411904335022 0.20948123931884766 -0.0824095830321312
v -0.8031641244888306 0.20848877727985382 -0.08276980370283127
v -0.8161414265632629 0.20848184823989868 -0.08024467527866364
v -0.8168727159500122 0.20681820809841156 -0.07968941330909729
v -0.8005430698394775 0.2096143215894699 -0.07868815958499908
v -0.8020976185798645 0.20519474148750305 -0.07278753817081451
v -0.8079810738563538 0.2043963223695755 -0.07440521568059921
v -0.8130511045455933 0.20405113697052002 -0.07665614783763885
v -0.8160193562507629 0.20394505560398102 -0.07953832298517227
v -0.8066064715385437 0.2012641280889511 -0.07492431998252869
v -0.8116995692253113 0.20116302371025085 -0.07722830027341843
v -0.8142786026000977 0.20128698647022247 -0.07982540875673294
v -0.8050327897071838 0.19857805967330933 -0.07675701379776001
v -0.8102889657020569 0.19907622039318085 -0.07890792936086655
v -0.7987421751022339 0.19892126321792603 -0.07482108473777771
v -0.8005639314651489 0.20177143812179565 -0.07304345816373825
v -0.8126339316368103 0.1999034583568573 -0.08039557933807373
v -0.817084789276123 0.20691421627998352 -0.083790123462677
v -0.816198468208313 0.2037859559059143 -0.08385111391544342
v -0.816063404083252 0.20927715301513672 -0.08343899250030518
v -0.8047657608985901 0.2061297595500946 -0.08597004413604736
v -0.8094676733016968 0.2058216780424118 -0.08707449585199356
v -0.8037103414535522 0.20351874828338623 -0.08679528534412384
v -0.8089074492454529 0.20347772538661957 -0.08762167394161224
v -0.8137004375457764 0.20632493495941162 -0.08685937523841858
v -0.8137004375457764 0.20804964005947113 -0.08601005375385284
v -0.7942982912063599 0.19909341633319855 -0.07321224361658096
v -0.7927647233009338 0.1971903294324875 -0.07684384286403656
v -0.7972126007080078 0.19724038243293762 -0.07816647738218307
v -0.8038223385810852 0.19706328213214874 -0.08027444779872894
v -0.7965853810310364 0.1975514143705368 -0.08231128007173538
v -0.7976388335227966 0.20061558485031128 -0.08483342081308365
v -0.8030810356140137 0.20059160888195038 -0.08626502007246017
v -0.8028309345245361 0.1977955400943756 -0.08413106203079224
v -0.8083462119102478 0.20093072950839996 -0.08703936636447906
v -0.8082531690597534 0.19862887263298035 -0.08529157191514969
v -0.8092005252838135 0.19799964129924774 -0.08194318413734436
v -0.8121257424354553 0.20130488276481628 -0.0863310918211937
v -0.813055157661438 0.203748881816864 -0.08702440559864044
v -0.8143276572227478 0.20128293335437775 -0.08339288830757141
v -0.8110953569412231 0.19962024688720703 -0.08522658795118332
v -0.8122608065605164 0.19956927001476288 -0.0827745571732521
v -0.752984881401062 0.1959911435842514 -0.06935301423072815
v -0.7554243803024292 0.19539359211921692 -0.09171716123819351
v -0.7533434629440308 0.1932518482208252 -0.09416178613901138
v -0.7494967579841614 0.19368410110473633 -0.09137735515832901
v -0.751422643661499 0.1957080066204071 -0.08906611800193787
v -0.756040096282959 0.20515301823616028 -0.09404454380273819
v -0.7573644518852234 0.2025000900030136 -0.09137498587369919
v -0.7531678080558777 0.20299142599105835 -0.08822710067033768
v -0.7517494559288025 0.20605948567390442 -0.09085074812173843
v -0.7532522082328796 0.20484741032123566 -0.09830877929925919
v -0.7487666010856628 0.20584261417388916 -0.09533310681581497
v -0.7468265891075134 0.20624160766601562 -0.08701387792825699
v -0.7485259175300598 0.2027873396873474 -0.08437132835388184
v -0.7407999038696289 0.20220434665679932 -0.0788353979587555
v -0.7385095953941345 0.20643998682498932 -0.08071926236152649
v -0.7275113463401794 0.19304414093494415 -0.08609101176261902
v -0.7288543581962585 0.19093170762062073 -0.08255035430192947
v -0.7351056933403015 0.19137199223041534 -0.08613996207714081
v -0.7329493761062622 0.19268964231014252 -0.08940359205007553
v -0.7569260597229004 0.19882288575172424 -0.09082122892141342
v -0.7529115080833435 0.19905902445316315 -0.08780742436647415
v -0.7411835789680481 0.1932496279478073 -0.09437061101198196
v -0.7433010935783386 0.1921999603509903 -0.09121546149253845
v -0.7475571036338806 0.1928892731666565 -0.09435248374938965
v -0.7458115816116333 0.1937461495399475 -0.09739205986261368
v -0.731647789478302 0.19061872363090515 -0.07885779440402985
v -0.7351334095001221 0.1919221580028534 -0.07560043036937714
v -0.7394671440124512 0.193952739238739 -0.07999452203512192
v -0.7374571561813354 0.19196458160877228 -0.08285792917013168
v -0.7407452464103699 0.1973101794719696 -0.07904528826475143
v -0.7401565909385681 0.19672933220863342 -0.09615962952375412
v -0.7411273121833801 0.20190930366516113 -0.0953056588768959
v -0.7318980693817139 0.20181751251220703 -0.0902729406952858
v -0.7318674325942993 0.19636359810829163 -0.09094411134719849
v -0.748397707939148 0.19865213334560394 -0.08444913476705551
v -0.7453657984733582 0.1930358111858368 -0.08809324353933334
v -0.747245728969574 0.1952710598707199 -0.08556191623210907
v -0.7435787916183472 0.2063625007867813 -0.09158347547054291
v -0.7463195323944092 0.20179183781147003 -0.09860499948263168
v -0.7550605535507202 0.19598017632961273 -0.10602817684412003
v -0.7491641640663147 0.19662325084209442 -0.10232976078987122
v -0.7494770884513855 0.19328425824642181 -0.10066141933202744
v -0.7550514340400696 0.19299009442329407 -0.10454221069812775
v -0.7451395988464355 0.19701087474822998 -0.09924806654453278
v -0.7506020069122314 0.20109976828098297 -0.10155954211950302
v -0.7610636949539185 0.19485633075237274 -0.09518155455589294
v -0.7586907744407654 0.19267141819000244 -0.09764432162046432
v -0.7623903155326843 0.1981065422296524 -0.09454362094402313
v -0.7348188757896423 0.20763172209262848 -0.08566361665725708
v -0.7619684338569641 0.2039545327425003 -0.09769952297210693
v -0.7629806399345398 0.2013896256685257 -0.09523219615221024
v -0.7512637376785278 0.19242224097251892 -0.09731597453355789
v -0.7565309405326843 0.19201189279556274 -0.10120070725679398
v -0.7565253376960754 0.20019061863422394 -0.10521955788135529
v -0.7591224312782288 0.2036820501089096 -0.10173462331295013
v -0.7613402009010315 0.19984062016010284 -0.10817048698663712
v -0.7638112902641296 0.20328296720981598 -0.10467741638422012
v -0.7664762139320374 0.20325623452663422 -0.10038331896066666
v -0.7671363353729248 0.20084044337272644 -0.09772711247205734
v -0.7661128640174866 0.19768132269382477 -0.09698556363582611
v -0.7597784996032715 0.1956430971622467 -0.10871822386980057
v -0.7595873475074768 0.1930711567401886 -0.10688430815935135
v -0.7604475617408752 0.19227392971515656 -0.10353883355855942
v -0.7642253041267395 0.19577103853225708 -0.11041812598705292
v -0.7663752436637878 0.199872687458992 -0.11018529534339905
v -0.7791393399238586 0.20020699501037598 -0.10555423051118851
v -0.7755898833274841 0.2009422928094864 -0.1037135124206543
v -0.7751287221908569 0.2015794962644577 -0.10578340291976929
v -0.7784180641174316 0.20145045220851898 -0.10703589022159576
v -0.7708109617233276 0.2023618072271347 -0.10284022241830826
v -0.7720494866371155 0.20238380134105682 -0.1050541028380394
v -0.7701617479324341 0.20232270658016205 -0.10734923183917999
v -0.7734310626983643 0.2022727131843567 -0.10869363695383072
v -0.7715203166007996 0.20016781985759735 -0.1114487498998642
v -0.7750307321548462 0.1997106671333313 -0.11300431936979294
v -0.7768564820289612 0.20217370986938477 -0.11032523959875107
v -0.769218385219574 0.20111317932605743 -0.10999924689531326
v -0.7806089520454407 0.20149748027324677 -0.10856448113918304
v -0.7815763354301453 0.19994889199733734 -0.1081092432141304
v -0.7676417827606201 0.20270980894565582 -0.1063959151506424
v -0.770811915397644 0.2003030776977539 -0.10009202361106873
v -0.7754658460617065 0.19933070242404938 -0.1022358238697052
v -0.7796205282211304 0.19840030372142792 -0.10477184504270554
v -0.7814993262290955 0.1975509524345398 -0.10787610709667206
v -0.7741952538490295 0.19708390533924103 -0.10174256563186646
v -0.7784309983253479 0.19633552432060242 -0.10460572689771652
v -0.7801307439804077 0.19570524990558624 -0.10751289874315262
v -0.7721704244613647 0.19474902749061584 -0.10233467817306519
v -0.7766282558441162 0.19451488554477692 -0.1051318347454071
v -0.7674654126167297 0.1949041336774826 -0.09980856627225876
v -0.7694643139839172 0.19761216640472412 -0.0992535874247551
v -0.7786571383476257 0.19464989006519318 -0.10717570036649704
v -0.7808681130409241 0.19920757412910461 -0.11176173388957977
v -0.7806469798088074 0.1968236267566681 -0.11098837107419968
v -0.7797176241874695 0.20165152847766876 -0.11176279932260513
v -0.7702227830886841 0.1982240378856659 -0.11252815276384354
v -0.7744715213775635 0.1975458264350891 -0.11394664645195007
v -0.7688001990318298 0.1954839676618576 -0.11210688203573227
v -0.7739953398704529 0.19518889486789703 -0.11332136392593384
v -0.77805495262146 0.1980660855770111 -0.11382758617401123
v -0.7776427865028381 0.19990681111812592 -0.11368554085493088
v -0.7644751667976379 0.19478720426559448 -0.09765656292438507
v -0.7622572779655457 0.19278131425380707 -0.10006445646286011
v -0.7653635740280151 0.19280624389648438 -0.10198736190795898
v -0.7701845765113831 0.19285720586776733 -0.10431843250989914
v -0.7639080286026001 0.1922488808631897 -0.10537979006767273
v -0.7634509205818176 0.19323018193244934 -0.10855510085821152
v -0.7685550451278687 0.1932271122932434 -0.11053208261728287
v -0.7689211368560791 0.19210277497768402 -0.1075807586312294
v -0.7739202380180359 0.19351424276828766 -0.11168963462114334
v -0.7741453051567078 0.19264797866344452 -0.10934557020664215
v -0.7750796675682068 0.19312326610088348 -0.10678849369287491
v -0.7776827812194824 0.1944086253643036 -0.1113324984908104
v -0.7780879735946655 0.1958872228860855 -0.11289414018392563
v -0.7796446084976196 0.19514200091362 -0.10981786996126175
v -0.7770935297012329 0.19359837472438812 -0.10992085188627243
v -0.7781549096107483 0.19405561685562134 -0.1085883229970932
v -0.7274811267852783 0.19613751769065857 -0.08790697902441025
v -0.7261449098587036 0.19853001832962036 0.014919525012373924
v -0.7277204990386963 0.19604486227035522 0.011092574335634708
v -0.7225419282913208 0.18197768926620483 0.01165174413472414
v -0.7259477376937866 0.18628031015396118 0.008921087719500065
v -0.7190040946006775 0.18121157586574554 0.016531648114323616
v -0.717758059501648 0.18803279101848602 0.02328162081539631
v -0.7176367044448853 0.18381279706954956 0.020859671756625175
v -0.7279782891273499 0.1918959617614746 0.008932042866945267
v -0.7232703566551208 0.19822458922863007 0.019620751962065697
v -0.7198373079299927 0.1937551498413086 0.02287883125245571
v -0.7314552068710327 0.19691140949726105 0.024537624791264534
v -0.7284476161003113 0.19225077331066132 0.028175173327326775
v -0.7260154485702515 0.18604515492916107 0.028599565848708153
v -0.7249937057495117 0.18158335983753204 0.025191081687808037
v -0.7252728939056396 0.17931120097637177 0.020119255408644676
v -0.733588457107544 0.19750498235225677 0.019308315590023994
v -0.7342577576637268 0.19497378170490265 0.014576486311852932
v -0.7331498861312866 0.19000019133090973 0.011807702481746674
v -0.740795910358429 0.19644205272197723 0.02350054495036602
v -0.7415760159492493 0.19573915004730225 0.030171820893883705
v -0.7444769740104675 0.1818247139453888 0.03804516792297363
v -0.7400010824203491 0.18246103823184967 0.03573530167341232
v -0.7414217591285706 0.18597038090229034 0.0372016616165638
v -0.7445910573005676 0.1855761706829071 0.04001674801111221
v -0.7354232668876648 0.18471495807170868 0.033407293260097504
v -0.7393608689308167 0.18704694509506226 0.035489872097969055
v -0.7413357496261597 0.19111143052577972 0.03519945591688156
v -0.7434796094894409 0.19119545817375183 0.037494488060474396
v -0.7434976696968079 0.19436673820018768 0.03400086238980293
v -0.7462608218193054 0.19514799118041992 0.03530345857143402
v -0.7465348839759827 0.19095729291439056 0.0405668281018734
v -0.7479454874992371 0.18577319383621216 0.04177046939730644
v -0.7499833106994629 0.18963375687599182 0.04177539795637131
v -0.7490439414978027 0.18304312229156494 0.04021293669939041
v -0.737647294998169 0.19111745059490204 0.032739270478487015
v -0.7320906519889832 0.18024013936519623 0.02921226993203163
v -0.7389275431632996 0.1792907863855362 0.03261737897992134
v -0.7450941801071167 0.17915864288806915 0.03514821454882622
v -0.7502884268760681 0.18105831742286682 0.03658362478017807
v -0.7394227385520935 0.17736192047595978 0.027738621458411217
v -0.7463287115097046 0.17831425368785858 0.03075156733393669
v -0.7505364418029785 0.18077118694782257 0.03253805637359619
v -0.7413036227226257 0.17865829169750214 0.02304070070385933
v -0.7475922703742981 0.17985676229000092 0.027303198352456093
v -0.7326880693435669 0.17894425988197327 0.01799200102686882
v -0.7313973903656006 0.17791004478931427 0.02364126220345497
v -0.7504334449768066 0.18118630349636078 0.02971004880964756
v -0.7530866265296936 0.1872357875108719 0.040200840681791306
v -0.7538619041442871 0.18532998859882355 0.03600018844008446
v -0.7474673390388489 0.19594822824001312 0.031628791242837906
v -0.7492790818214417 0.1946128010749817 0.03758254274725914
v -0.7513419389724731 0.1946146935224533 0.03398096188902855
v -0.7476505041122437 0.19527769088745117 0.02696261554956436
v -0.7523173689842224 0.19293685257434845 0.030269352719187737
v -0.7536438703536987 0.19211170077323914 0.0370924212038517
v -0.7513919472694397 0.1931471973657608 0.03971150144934654
v -0.7272588610649109 0.1803385317325592 0.01497536152601242
v -0.7304873466491699 0.18435314297676086 0.012085070833563805
v -0.7356834411621094 0.1833079606294632 0.014823656529188156
v -0.7436127066612244 0.18292585015296936 0.019864248111844063
v -0.7387740612030029 0.18930022418498993 0.014836586080491543
v -0.7405738830566406 0.19437715411186218 0.018164973706007004
v -0.747622549533844 0.1924864798784256 0.022841064259409904
v -0.7462219595909119 0.18807484209537506 0.0200065765529871
v -0.7520743012428284 0.19015559554100037 0.027257122099399567
v -0.7509108185768127 0.18680328130722046 0.025317654013633728
v -0.7492260336875916 0.18303491175174713 0.025495240464806557
v -0.7536638975143433 0.1875346302986145 0.030391719192266464
v -0.7544792294502258 0.1898006796836853 0.03351392596960068
v -0.7530605792999268 0.18424946069717407 0.03225969895720482
v -0.7524704337120056 0.18596693873405457 0.028453024104237556
v -0.7517070770263672 0.1835511177778244 0.029217589646577835
v -0.7237210869789124 0.18927861750125885 -0.08073572814464569
v -0.7264772653579712 0.18861660361289978 -0.07562597841024399
v -0.71962970495224 0.18777552247047424 -0.07387781888246536
v -0.7111099362373352 0.187086284160614 -0.07227672636508942
v -0.7024058103561401 0.18900597095489502 -0.07621904462575912
v -0.7129393219947815 0.18798768520355225 -0.06609059125185013
v -0.7214893698692322 0.18867085874080658 -0.06801117211580276
v -0.7308700084686279 0.18988728523254395 -0.07004361599683762
v -0.707613468170166 0.18908222019672394 -0.05954542011022568
v -0.04111076518893242 0.4337955713272095 0.09225862473249435
v -0.038016609847545624 0.43466296792030334 0.09417039155960083
v -0.03992999717593193 0.42752572894096375 0.09169907867908478
v -0.04248402640223503 0.42798492312431335 0.08987216651439667
v -0.0328943096101284 0.4274404048919678 0.09455998986959457
v -0.03669539466500282 0.42730987071990967 0.09346774220466614
v -0.03331540524959564 0.43525615334510803 0.09559905529022217
v -0.027823157608509064 0.4347439706325531 0.09552843123674393
v -0.020126299932599068 0.4304405450820923 0.09298685938119888
v -0.018477261066436768 0.42894428968429565 0.09298275411128998
v -0.01922748237848282 0.4280480146408081 0.0934014841914177
v -0.021434785798192024 0.4281240701675415 0.09357525408267975
v -0.025042187422513962 0.4278927445411682 0.09452179074287415
v -0.0455344058573246 0.4305298924446106 0.08723751455545425
v -0.04474077746272087 0.43167081475257874 0.0884220227599144
v -0.04320777580142021 0.43276986479759216 0.09021668881177902
v -0.028912778943777084 0.42766764760017395 0.09503930807113647
v -0.04430881515145302 0.42863863706588745 0.08812636137008667
v -0.0453588105738163 0.4294801652431488 0.08712933212518692
v -0.023287855088710785 0.4330398142337799 0.09420537203550339
v -0.033222440630197525 0.4297868013381958 0.09478507936000824
v -0.037177298218011856 0.4296547770500183 0.09356966614723206
v -0.03352261707186699 0.4326011836528778 0.09522941708564758
v -0.028718622401356697 0.43246328830718994 0.09545459598302841
v -0.023003658279776573 0.42946842312812805 0.09403326362371445
v -0.025479605421423912 0.42969760298728943 0.09475714713335037
v -0.04015035182237625 0.4295657277107239 0.09181561321020126
v -0.02913784049451351 0.42992645502090454 0.09524092078208923
v -0.037736523896455765 0.4321810305118561 0.09382384270429611
v -0.024746745824813843 0.4315657913684845 0.09481155872344971
v -0.022489946335554123 0.43045949935913086 0.09394538402557373
v -0.04477415606379509 0.43032434582710266 0.08789385855197906
v -0.04471065476536751 0.4298715591430664 0.08788155019283295
v -0.01307053305208683 0.19793996214866638 0.07325320690870285
v -0.014412294141948223 0.1815463900566101 0.08349777013063431
v -0.040586549788713455 0.43166136741638184 0.09196452796459198
v -0.04380559176206589 0.42970091104507446 0.08878038823604584
v -0.04226907342672348 0.4296114146709442 0.09016434103250504
v -0.042594172060489655 0.4311978816986084 0.09017176926136017
v -0.044001467525959015 0.43072211742401123 0.08876679092645645
v -0.27703145146369934 0.20049695670604706 0.017830604687333107
v -0.27663326263427734 0.21652929484844208 0.01703709550201893
v -0.2774248719215393 0.25003549456596375 -0.023290585726499557
v -0.27320030331611633 0.24747949838638306 -0.04467269405722618
v -0.062102917581796646 -0.07280009239912033 0.1386762410402298
v -0.10568670928478241 -0.03424115851521492 -0.06183404102921486
v -0.10802486538887024 -0.01558482926338911 -0.06823043525218964
v -0.03447117656469345 -0.017585592344403267 -0.08684981614351273
v -0.053340353071689606 -0.021505272015929222 -0.08597499877214432
v -0.1377478539943695 -0.04703433811664581 0.04860128089785576
v -0.13680870831012726 -0.029432687908411026 0.046176325529813766
v -0.09675067663192749 -0.05392428860068321 0.1047215387225151
v -0.09626812487840652 -0.0340336412191391 0.10189700126647949
v -0.12961478531360626 -0.06767572462558746 0.07314570248126984
v -0.07674191892147064 -0.06514576077461243 -0.07153720408678055
v -0.09482964128255844 -0.0674588680267334 -0.06378082185983658
v -0.09040883928537369 -0.04891131818294525 -0.06685049831867218
v -0.07307366281747818 -0.04586381837725639 -0.07536928355693817
v -0.016658958047628403 -0.014848670922219753 -0.08263128995895386
v -0.016690552234649658 -0.03601850941777229 -0.0754120796918869
v -0.14379942417144775 -0.010065902955830097 0.020722646266222
v -0.14407281577587128 -0.008877087384462357 -0.005704604554921389
v -0.12561184167861938 -0.00336758722551167 -0.05210239440202713
v -0.11043218523263931 0.0024549290537834167 -0.0695606917142868
v -0.0936736911535263 0.00939982384443283 -0.08180300891399384
v -0.07567910850048065 0.016578560695052147 -0.09009721130132675
v -0.08038190007209778 -0.013604101724922657 0.1152835562825203
v -0.06190001964569092 0.0053067500703036785 0.12290633469820023
v -0.1367267370223999 -0.0111427903175354 0.04605793580412865
v -0.020287832245230675 -0.012243334203958511 0.14124928414821625
v -0.060946378856897354 0.04634859412908554 -0.10162878781557083
v -0.038783229887485504 0.04977879673242569 -0.10457614064216614
v -0.13764730095863342 -0.006856829859316349 -0.03025510348379612
v -0.030125638470053673 0.14162611961364746 0.1124792993068695
v -0.04695684835314751 0.14431573450565338 0.11046095192432404
v -0.04660199210047722 0.12965914607048035 0.12189542502164841
v -0.029739508405327797 0.12625698745250702 0.12291353940963745
v -0.062498271465301514 0.13157927989959717 0.12026549130678177
v -0.07772985100746155 0.13263753056526184 0.11722774803638458
v -0.09160766005516052 0.13270117342472076 0.11281897872686386
v -0.12396091222763062 0.12784960865974426 0.09515947103500366
v -0.11463460326194763 0.1300051510334015 0.1015605553984642
v -0.13852378726005554 0.11997269093990326 0.0811099261045456
v -0.1317225992679596 0.12485715746879578 0.08835196495056152
v -0.14469856023788452 0.11017505824565887 0.07264214754104614
v -0.1493528187274933 0.09869875758886337 0.06144656240940094
v -0.15385451912879944 0.10094017535448074 0.03856351226568222
v -0.1526300460100174 0.08752774447202682 0.04690192639827728
v -0.14754724502563477 0.0856371819972992 0.0708116665482521
v -0.1435329020023346 0.09763766825199127 0.08202988654375076
v -0.13743750751018524 0.10694440454244614 0.09082844853401184
v -0.015200665220618248 0.06473004072904587 0.136684387922287
v -0.013369442895054817 0.08742010593414307 0.1369195133447647
v -0.01105257123708725 0.21379239857196808 0.06419479846954346
v -0.47916868329048157 0.19135434925556183 -0.06871695071458817
v -0.5978151559829712 0.22124511003494263 -0.012506268918514252
v -0.0142875537276268 0.23387303948402405 -0.08664504438638687
v -0.02976205199956894 0.23853255808353424 -0.08700262010097504
v -0.08087581396102905 0.2557309567928314 -0.07343181222677231
v -0.09333042800426483 0.2656089663505554 -0.05695492401719093
v -0.06241040676832199 0.24486494064331055 -0.08328355103731155
v -0.0459042526781559 0.23529712855815887 -0.08844055980443954
v -0.12219402194023132 0.005212179385125637 0.06759683787822723
v -0.032576821744441986 0.2048642784357071 -0.09659617394208908
v -0.04774278402328491 0.2246786206960678 -0.09278205037117004
v -0.06557784974575043 0.23483715951442719 -0.08917885273694992
v -0.08477716147899628 0.24638839066028595 -0.07976868003606796
v -0.10393381863832474 0.2583625912666321 -0.06328405439853668
v -0.11800425499677658 0.25834497809410095 -0.05743718519806862
v -0.13793902099132538 0.24549683928489685 -0.0635775625705719
v -0.14668703079223633 0.24614317715168 -0.05849659442901611
v -0.15630902349948883 0.2474544197320938 -0.05386784300208092
v -0.15740057826042175 0.2594919502735138 -0.03949998691678047
v -0.14691311120986938 0.2583666741847992 -0.04403533786535263
v -0.24000923335552216 0.2482444941997528 -0.05109792202711105
v -0.25448116660118103 0.24244266748428345 -0.05613432079553604
v -0.2633596956729889 0.2335028201341629 -0.0636877566576004
v -0.2680721580982208 0.2223101258277893 -0.07021664083003998
v -0.2675899267196655 0.20966751873493195 -0.07459703087806702
v -0.26227882504463196 0.1972723752260208 -0.07601732760667801
v -0.25142720341682434 0.18635287880897522 -0.07486900687217712
v -0.21275492012500763 0.16632795333862305 -0.06599381566047668
v -0.19845156371593475 0.15869800746440887 -0.06249894201755524
v -0.16675692796707153 0.1238277480006218 -0.06156013160943985
v -0.15970495343208313 0.1161658763885498 -0.06378767639398575
v -0.14185474812984467 0.08886796981096268 -0.07332488894462585
v -0.13266555964946747 0.07459565252065659 -0.07782097160816193
v -0.1214500367641449 0.059192538261413574 -0.08223410695791245
v -0.10208576172590256 -0.1570516675710678 -0.07948407530784607
v -0.12158716470003128 -0.155467227101326 -0.06898603588342667
v -0.1151554062962532 -0.13903193175792694 -0.06368438154459
v -0.0960904136300087 -0.14011995494365692 -0.0733933299779892
v -0.045761533081531525 -0.10380245000123978 -0.07013831287622452
v -0.023826392367482185 -0.1035255566239357 -0.06846844404935837
v -0.15928980708122253 -0.13914741575717926 -0.01016886718571186
v -0.16462492942810059 -0.1412658542394638 0.015391485765576363
v -0.13262321054935455 -0.13802886009216309 -0.05011913552880287
v -0.14774227142333984 -0.13826660811901093 -0.032106347382068634
v -0.16288183629512787 -0.14482630789279938 0.04150630533695221
v -0.10658858716487885 -0.16992385685443878 0.12289274483919144
v -0.08727613836526871 -0.17538496851921082 0.13822902739048004
v -0.046299804002046585 -0.18329928815364838 0.15975075960159302
v -0.02534877136349678 -0.18524596095085144 0.16488967835903168
v -0.15539641678333282 -0.15077915787696838 0.06564357876777649
v -0.06698619574308395 -0.18001629412174225 0.15086275339126587
v -0.1426120102405548 -0.15778546035289764 0.08693093806505203
v -0.12549306452274323 -0.1642330288887024 0.10560189932584763
v -0.0661061629652977 -0.10391348600387573 -0.06859173625707626
v -0.0710674300789833 -0.12332615256309509 -0.07332495599985123
v -0.09006866812705994 -0.1227862760424614 -0.06807258725166321
v -0.038538750261068344 0.11493155360221863 -0.11496394872665405
v -0.0577145479619503 0.11794976890087128 -0.11533645540475845
v -0.07750117033720016 0.12245544046163559 -0.1144675686955452
v -0.09077389538288116 0.14647276699543 -0.11253105849027634
v -0.09477637708187103 0.12952211499214172 -0.11108468472957611
v -0.11079596728086472 0.13750672340393066 -0.10512582212686539
v -0.10632472485303879 0.15435771644115448 -0.10697821527719498
v -0.13405252993106842 0.16874265670776367 -0.09155900776386261
v -0.1365685909986496 0.15493668615818024 -0.08929383009672165
v -0.1464332789182663 0.16165320575237274 -0.08465491980314255
v -0.14468902349472046 0.17458011209964752 -0.08721958100795746
v -0.1564502865076065 0.16713611781597137 -0.0820079892873764
v -0.16644372045993805 0.1718190759420395 -0.07849115878343582
v -0.17820437252521515 0.1774103194475174 -0.07472934573888779
v -0.19158203899860382 0.1833018660545349 -0.07393329590559006
v -0.18541011214256287 0.20630840957164764 -0.07557816803455353
v -0.17377041280269623 0.20131206512451172 -0.07770273834466934
v -0.13275021314620972 0.18389134109020233 -0.09205689281225204
v -0.11855734139680862 0.17823117971420288 -0.09909935295581818
v -0.036329351365566254 0.14717665314674377 -0.10889878869056702
v -0.018364006653428078 0.14329417049884796 -0.10501313209533691
v -0.1557513028383255 0.08239946514368057 0.02715185284614563
v -0.15864622592926025 0.078874371945858 0.006226012948900461
v -0.1603720635175705 0.07804001867771149 -0.012842700816690922
v -0.1597662717103958 0.07984444499015808 -0.02974504791200161
v -0.15752683579921722 0.08444011211395264 -0.044848982244729996
v -0.15335647761821747 0.09093671292066574 -0.05816417559981346
v -0.15371708571910858 0.10804956406354904 -0.06669267266988754
v -0.14812110364437103 0.0990934744477272 -0.06965211033821106
v -0.14915065467357635 0.11777450144290924 -0.07487431168556213
v -0.1425156146287918 0.10898814350366592 -0.07930804789066315
v -0.1364082396030426 0.11981333047151566 -0.08708453923463821
v -0.12996236979961395 0.13204222917556763 -0.09312456846237183
v -0.12456635385751724 0.14666517078876495 -0.09731290489435196
v -0.1204577386379242 0.16208766400814056 -0.09944542497396469
v -0.10366108268499374 0.17175866663455963 -0.10622750967741013
v -0.08846768736839294 0.1643020510673523 -0.11114617437124252
v -0.06971266120672226 0.1750722974538803 -0.11059221625328064
v -0.06869550794363022 0.19193613529205322 -0.10600050538778305
v -0.07163739204406738 0.15775807201862335 -0.11369317770004272
v -0.07371114194393158 0.14034800231456757 -0.11539406329393387
v -0.06739883869886398 0.2751519978046417 -0.05811745300889015
v -0.05231804400682449 0.2685142159461975 -0.06986958533525467
v -0.24004654586315155 0.19770348072052002 -0.07639418542385101
v -0.2385215312242508 0.19120830297470093 -0.07572835683822632
v -0.24389806389808655 0.18996503949165344 -0.07568807899951935
v -0.24991197884082794 0.19852112233638763 -0.07635542750358582
v -0.25285691022872925 0.2089458853006363 -0.07543133944272995
v -0.23922044038772583 0.216156467795372 -0.07408744841814041
v -0.24086856842041016 0.20685827732086182 -0.07605071365833282
v -0.25237318873405457 0.21957464516162872 -0.07248353958129883
v -0.24826258420944214 0.2293562889099121 -0.06798253953456879
v -0.23582856357097626 0.22508661448955536 -0.07076448202133179
v -0.24169427156448364 0.23730428516864777 -0.06305878609418869
v -0.23147301375865936 0.23263168334960938 -0.0669153481721878
v -0.2322685718536377 0.24220618605613708 -0.05917719006538391
v -0.2274545133113861 0.23728790879249573 -0.06345539540052414
v -0.19471363723278046 0.23237715661525726 -0.06613410264253616
v -0.20680519938468933 0.23511214554309845 -0.06506050378084183
v -0.21888478100299835 0.23659132421016693 -0.0641045793890953
v -0.20521049201488495 0.18967664241790771 -0.0748087465763092
v -0.21774710714817047 0.19714561104774475 -0.07569620013237
v -0.22939279675483704 0.2029201090335846 -0.0762026235461235
v -0.22719116508960724 0.21202997863292694 -0.07507126033306122
v -0.21514113247394562 0.20635639131069183 -0.07527107745409012
v -0.20262634754180908 0.1997317671775818 -0.07541698962450027
v -0.036771710962057114 0.1308394819498062 -0.11278039962053299
v -0.054765403270721436 0.13533875346183777 -0.1157212108373642
v -0.155188649892807 0.1795242577791214 -0.08407017588615417
v -0.16500431299209595 0.18357713520526886 -0.08088136464357376
v -0.17567431926727295 0.18757329881191254 -0.07705884426832199
v -0.188585564494133 0.19384676218032837 -0.07546339184045792
v -0.16379059851169586 0.1966407150030136 -0.08077815920114517
v -0.15411214530467987 0.1928093582391739 -0.08429943770170212
v -0.14364613592624664 0.1886744499206543 -0.08774521201848984
v -0.05391756072640419 0.15208889544010162 -0.11258795112371445
v -0.0189898032695055 0.12749652564525604 -0.1097991093993187
v -0.16366487741470337 0.22543469071388245 0.038022302091121674
v -0.16222532093524933 0.249567449092865 0.026059936732053757
v -0.1624443531036377 0.2650926113128662 0.005562049802392721
v -0.16044291853904724 0.26784536242485046 -0.01858748309314251
v -0.40153950452804565 0.16459594666957855 -0.033978261053562164
v -0.017976999282836914 -0.05677245929837227 -0.0708686038851738
v -0.020590931177139282 -0.07887513190507889 -0.06760242581367493
v -0.04115200787782669 -0.08097507059574127 -0.0711417868733406
v -0.018933691084384918 0.05080848187208176 -0.10486378520727158
v -0.019607074558734894 0.11260800808668137 -0.114016592502594
v -0.10230108350515366 0.10443425178527832 0.12928506731987
v -0.09049663692712784 0.10551043599843979 0.1342519372701645
v -0.09094055742025375 0.11895375698804855 0.12437833100557327
v -0.10285364091396332 0.1180582195520401 0.11929234862327576
v -0.1213628426194191 0.10159917920827866 0.11606375873088837
v -0.11262045800685883 0.10322976857423782 0.1232769712805748
v -0.11339401453733444 0.11653884500265121 0.11309759318828583
v -0.1223817840218544 0.11460784822702408 0.10642024874687195
v -0.12903311848640442 0.09879040718078613 0.10838180780410767
v -0.1302972286939621 0.1119273230433464 0.09883207827806473
v -0.11136575043201447 0.08866766840219498 0.1305088847875595
v -0.10114523768424988 0.08987674117088318 0.13687701523303986
v -0.08938159048557281 0.09119342267513275 0.14144521951675415
v -0.12714290618896484 0.0857168510556221 0.11533089727163315
v -0.12006960809230804 0.08744754642248154 0.12309419363737106
v -0.005664726719260216 0.3164428770542145 0.08701256662607193
v -0.006416271440684795 0.3209964334964752 0.1022232249379158
v -0.002197801833972335 0.3616945147514343 0.11665798723697662
v -0.0019099218770861626 0.3658931255340576 0.114795982837677
v -0.007577954791486263 0.23705875873565674 0.050304003059864044
v -0.006635691039264202 0.24745698273181915 0.04687563702464104
v -0.01342285517603159 0.1061401441693306 0.13181425631046295
v -0.013799186795949936 0.13767163455486298 0.11433185636997223
v -0.014966717921197414 0.14938774704933167 0.10239535570144653
v -0.015035105869174004 0.16458545625209808 0.09248588979244232
v -0.009555057622492313 0.22674402594566345 0.056637465953826904
v -0.013539658859372139 0.12229160219430923 0.12389140576124191
v -0.17180205881595612 -0.31909337639808655 -0.05126861855387688
v -0.1524089127779007 -0.3349674344062805 -0.07052543014287949
v -0.15873582661151886 -0.3107924163341522 -0.06694678962230682
v -0.1438925713300705 -0.32259702682495117 -0.08032030612230301
v -0.16936244070529938 -0.24339275062084198 -0.0425785593688488
v -0.1689208596944809 -0.2689722180366516 -0.04904517903923988
v -0.16904103755950928 -0.21665985882282257 -0.03922716900706291
v -0.12279374897480011 -0.32958585023880005 -0.0930788591504097
v -0.09620247781276703 -0.3316185772418976 -0.10255911946296692
v -0.0935157909989357 -0.3137153685092926 -0.10822074860334396
v -0.15356962382793427 -0.21945853531360626 -0.06261220574378967
v -0.15362125635147095 -0.2451213300228119 -0.06542859226465225
v -0.14974355697631836 -0.30658015608787537 -0.07505609095096588
v -0.16639097034931183 -0.2920890152454376 -0.057104382663965225
v -0.15195611119270325 -0.29218658804893494 -0.0728563740849495
v -0.1191682294011116 -0.3138205409049988 -0.09788975119590759
v -0.1380123794078827 -0.3108806610107422 -0.08530293405056
v -0.05963549390435219 -0.15978515148162842 -0.0891982689499855
v -0.035501062870025635 -0.17756015062332153 -0.09833944588899612
v -0.06384043395519257 -0.17868591845035553 -0.09705574065446854
v -0.13998393714427948 -0.15385982394218445 -0.05395309627056122
v -0.127385213971138 -0.17449650168418884 -0.07406389713287354
v -0.13662445545196533 -0.2939743399620056 -0.0872015431523323
v -0.11648908257484436 -0.2941843271255493 -0.10067219287157059
v -0.09128253906965256 -0.29286929965019226 -0.11182332038879395
v -0.09182987362146378 -0.22162854671478271 -0.10708042979240417
v -0.0907977744936943 -0.24538294970989227 -0.11183737963438034
v -0.11428003758192062 -0.24730060994625092 -0.10081123560667038
v -0.11509892344474792 -0.2223462015390396 -0.0967743918299675
v -0.132398322224617 -0.19685916602611542 -0.07884819805622101
v -0.13510452210903168 -0.22172822058200836 -0.08211328089237213
v -0.09059067070484161 -0.19901131093502045 -0.100589819252491
v -0.1126885786652565 -0.19811175763607025 -0.09170421212911606
v -0.10770025849342346 -0.17609387636184692 -0.085525281727314
v -0.1354992836713791 -0.2473638504743576 -0.08483313024044037
v -0.06080995872616768 -0.2679878771305084 -0.11985266208648682
v -0.09022709727287292 -0.2699493169784546 -0.11345192044973373
v -0.030073219910264015 -0.26521480083465576 -0.11811516433954239
v -0.08691369742155075 -0.17762324213981628 -0.09300240874290466
v -0.08154938369989395 -0.15835168957710266 -0.08564572036266327
v -0.07587535679340363 -0.14063334465026855 -0.07901784777641296
v -0.061739563941955566 -0.0825563594698906 -0.0704159066081047
v -0.11277321726083755 -0.5453835129737854 0.09416932612657547
v 0.0013635278446599841 -0.3639291524887085 0.032990626990795135
v -1.6815507478895597e-05 -0.3550857901573181 0.005604418460279703
v -0.17981158196926117 -0.27905452251434326 0.0669446736574173
v -0.19240570068359375 -0.29987889528274536 -0.007863031700253487
v -0.18124011158943176 -0.29509106278419495 -0.03569205850362778
v -0.01992127113044262 -0.36493223905563354 0.10191375762224197
v -0.00520446989685297 -0.37023383378982544 0.07849862426519394
v -0.15980938076972961 -0.28602334856987 0.09342382848262787
v -0.10331102460622787 -0.33248788118362427 0.1282774955034256
v 0.00023345289810094982 -0.3695600926876068 0.056042883545160294
v -0.15350013971328735 -0.2704574167728424 -0.06918106228113174
v -0.13596482574939728 -0.2724795639514923 -0.08662397414445877
v -0.1151982843875885 -0.27210095524787903 -0.10154624283313751
v -0.06139721721410751 -0.29071977734565735 -0.11789552867412567
v -0.028858395293354988 -0.28616055846214294 -0.1159868836402893
v -0.018501246348023415 -0.3060200810432434 0.11928743124008179
v -0.01572316512465477 -0.2993149161338806 0.12771345674991608
v -0.007353231776505709 -0.3002582788467407 0.12693090736865997
v -0.00689525343477726 -0.31103044748306274 0.11558598279953003
v -0.10690626502037048 -0.19072891771793365 0.1234811544418335
v -0.08566828072071075 -0.1969110071659088 0.13756631314754486
v -0.042764242738485336 -0.20451095700263977 0.15723104774951935
v -0.022478805854916573 -0.20615814626216888 0.16175532341003418
v -0.16008450090885162 -0.1692466288805008 0.0672655776143074
v -0.0638720691204071 -0.20143507421016693 0.14924705028533936
v -0.14646942913532257 -0.1768404245376587 0.08868472278118134
v -0.1276584267616272 -0.18422260880470276 0.10717923194169998
v -0.07128401100635529 -0.9720211029052734 -0.02811097912490368
v -0.07340118288993835 -0.9994187355041504 -0.024354200810194016
v -0.073671355843544 -0.9978463649749756 -0.040169015526771545
v -0.0684785470366478 -0.9702250957489014 -0.04262205958366394
v -0.08421487361192703 -0.9657546877861023 -0.07143256813287735
v -0.07262464612722397 -0.9678689241409302 -0.06317088007926941
v -0.09876175224781036 -0.965369462966919 -0.07374846190214157
v -0.09727561473846436 -0.9941617846488953 -0.07185408473014832
v -0.10876902937889099 -0.9951021075248718 -0.065778948366642
v -0.11210528016090393 -0.9666031002998352 -0.06937070190906525
v -0.12096138298511505 -0.9674249887466431 -0.06013628467917442
v -0.12373131513595581 -0.9965032339096069 -0.04597322642803192
v -0.12766127288341522 -0.9966954588890076 -0.02866404317319393
v -0.13209928572177887 -0.9696927070617676 -0.03078947402536869
v -0.12716370820999146 -0.9682343006134033 -0.04822622239589691
v -0.12787340581417084 -0.9738090634346008 -0.011181823909282684
v -0.12334814667701721 -0.9999200105667114 -0.009483861736953259
v -0.11274093389511108 -0.9764441847801208 -8.074045035755262e-05
v -0.07776284217834473 -0.974593997001648 -0.013342242687940598
v -0.07741334289312363 -1.0010836124420166 -0.007909405045211315
v -0.08361925929784775 -0.9942924380302429 -0.07003067433834076
v -0.0741116926074028 -0.9961830377578735 -0.05994948372244835
v -0.06734990328550339 -0.9695814847946167 -0.05301829054951668
v -0.07353229075670242 -0.9969633221626282 -0.0501490980386734
v -0.0732513964176178 -1.0252001285552979 -0.034799713641405106
v -0.06916552782058716 -1.0253655910491943 -0.019345121458172798
v -0.0829649269580841 -1.0217407941818237 -0.07018308341503143
v -0.07737578451633453 -1.0232129096984863 -0.056854069232940674
v -0.10633070021867752 -1.022126317024231 -0.06337173283100128
v -0.09623625129461288 -1.0212708711624146 -0.07271728664636612
v -0.12446904182434082 -1.023713231086731 -0.04476619139313698
v -0.11678496748209 -0.995754599571228 -0.05666189640760422
v -0.11593534797430038 -1.0229847431182861 -0.05464809760451317
v -0.12719522416591644 -1.0228526592254639 -0.027433130890130997
v -0.12212317436933517 -1.0241916179656982 -0.005680127069354057
v -0.0734790712594986 -1.0257059335708618 -0.001667965087108314
v -0.0763886496424675 -1.0242193937301636 -0.04635488986968994
v -0.12359324842691422 -1.1160008907318115 0.14564789831638336
v -0.1167345643043518 -1.1167904138565063 0.14744633436203003
v -0.11811777204275131 -1.1116008758544922 0.1465722620487213
v -0.12251786142587662 -1.111808180809021 0.14560653269290924
v -0.08688633888959885 -1.1145164966583252 0.15641500055789948
v -0.07547193020582199 -1.116995096206665 0.15480053424835205
v -0.07727746665477753 -1.1059038639068604 0.15719527006149292
v -0.08544828742742538 -1.1047358512878418 0.15871179103851318
v -0.10398425906896591 -1.1162667274475098 0.15551073849201202
v -0.11177076399326324 -1.1164137125015259 0.15461131930351257
v -0.10929081588983536 -1.1199203729629517 0.15151727199554443
v -0.10435350239276886 -1.119503140449524 0.1521213948726654
v -0.14281496405601501 -1.1131634712219238 0.11704033613204956
v -0.14811518788337708 -1.1142330169677734 0.11468357592821121
v -0.14644180238246918 -1.1172465085983276 0.11243628710508347
v -0.14270684123039246 -1.1176860332489014 0.11450255662202835
v -0.13052593171596527 -1.116269826889038 0.134694904088974
v -0.13596001267433167 -1.116927981376648 0.1316356360912323
v -0.1340765357017517 -1.120025634765625 0.12982028722763062
v -0.1304752081632614 -1.1204670667648315 0.13136525452136993
v -0.08829650282859802 -1.0993000268936157 0.1368718147277832
v -0.08794263750314713 -1.101349949836731 0.15035223960876465
v -0.07529769092798233 -1.1026840209960938 0.14826686680316925
v -0.07377798855304718 -1.0970916748046875 0.1349138766527176
v -0.06851323693990707 -1.1110094785690308 0.14410284161567688
v -0.07545493543148041 -1.1166024208068848 0.14126957952976227
v -0.07337824255228043 -1.1160553693771362 0.12744763493537903
v -0.06686560809612274 -1.1075644493103027 0.1293695867061615
v -0.08767346292734146 -1.1177072525024414 0.1429489105939865
v -0.08684524148702621 -1.1172385215759277 0.13028760254383087
v -0.0948263630270958 -1.1102304458618164 0.1342625766992569
v -0.09668269008398056 -1.1106849908828735 0.14859455823898315
v -0.11321079730987549 -1.110619068145752 0.13580109179019928
v -0.11627089232206345 -1.1140004396438599 0.14719653129577637
v -0.11091825366020203 -1.1075868606567383 0.14868459105491638
v -0.1086343452334404 -1.1030830144882202 0.13679108023643494
v -0.10285591334104538 -1.107680320739746 0.14994029700756073
v -0.09769751131534576 -1.1029479503631592 0.13889038562774658
v -0.09346624463796616 -1.1125870943069458 0.13704295456409454
v -0.09644954651594162 -1.1139023303985596 0.150151789188385
v -0.10074880719184875 -1.118959903717041 0.14577274024486542
v -0.09776967763900757 -1.1180444955825806 0.13312405347824097
v -0.10700330138206482 -1.1179735660552979 0.132920041680336
v -0.10998230427503586 -1.1193997859954834 0.14442376792430878
v -0.1243131086230278 -1.1043204069137573 0.12978124618530273
v -0.12367193400859833 -1.1096924543380737 0.14003023505210876
v -0.11638768017292023 -1.1097047328948975 0.14120584726333618
v -0.11445558816194534 -1.1046125888824463 0.13223698735237122
v -0.11143885552883148 -1.1168041229248047 0.1413218080997467
v -0.11643262952566147 -1.120160460472107 0.13894620537757874
v -0.11445605009794235 -1.118443489074707 0.12869152426719666
v -0.10999354720115662 -1.1140955686569214 0.13192187249660492
v -0.12382964789867401 -1.1180355548858643 0.12711219489574432
v -0.12357321381568909 -1.120733380317688 0.13795748353004456
v -0.12866422533988953 -1.1106820106506348 0.12940025329589844
v -0.12795579433441162 -1.1153370141983032 0.1392919272184372
v -0.1415463536977768 -1.1111267805099487 0.1159389540553093
v -0.13956867158412933 -1.1160142421722412 0.12556035816669464
v -0.13709509372711182 -1.110448956489563 0.1271360069513321
v -0.1387643814086914 -1.104815125465393 0.11746635288000107
v -0.1315704733133316 -1.1093748807907104 0.12918514013290405
v -0.13136711716651917 -1.1048305034637451 0.12149302661418915
v -0.12711109220981598 -1.1133005619049072 0.1294478327035904
v -0.1286485642194748 -1.1201015710830688 0.12620073556900024
v -0.1294325441122055 -1.1180251836776733 0.11833052337169647
v -0.12807124853134155 -1.1105389595031738 0.12316267192363739
v -0.1353318989276886 -1.1206308603286743 0.12408523261547089
v -0.13702292740345 -1.1181700229644775 0.1144459992647171
v -0.15092624723911285 -1.104566216468811 0.10103636980056763
v -0.15230615437030792 -1.1111454963684082 0.09788169711828232
v -0.15110965073108673 -1.1126292943954468 0.10701077431440353
v -0.1493833363056183 -1.107274055480957 0.10868102312088013
v -0.14446395635604858 -1.1066334247589111 0.1123063936829567
v -0.14502395689487457 -1.103597640991211 0.10624491423368454
v -0.14044228196144104 -1.1107922792434692 0.11198850721120834
v -0.14071355760097504 -1.1176717281341553 0.1091073751449585
v -0.14150260388851166 -1.1166518926620483 0.10307697206735611
v -0.14220333099365234 -1.1090229749679565 0.10695593059062958
v -0.14727245271205902 -1.1178569793701172 0.10683570802211761
v -0.14770391583442688 -1.1161860227584839 0.09872681647539139
v -0.07305905222892761 -1.0929641723632812 0.12121813744306564
v -0.09139303863048553 -1.0981754064559937 0.12346623837947845
v -0.07787318527698517 -1.1171015501022339 0.1504601389169693
v -0.06619035452604294 -1.1052755117416382 0.11538270860910416
v -0.08467978239059448 -1.1178340911865234 0.15111470222473145
v -0.08955703675746918 -1.1167916059494019 0.11865738034248352
v -0.07330532371997833 -1.1151068210601807 0.11333493143320084
v -0.09279191493988037 -1.1101163625717163 0.12830452620983124
v -0.1104985922574997 -1.1110867261886597 0.15438954532146454
v -0.1099439486861229 -1.111547827720642 0.12650689482688904
v -0.10853233933448792 -1.1176888942718506 0.11725973337888718
v -0.10590045154094696 -1.110953688621521 0.15500269830226898
v -0.10916857421398163 -1.09950852394104 0.12169826030731201
v -0.12567947804927826 -1.1007548570632935 0.11266104876995087
v -0.1182606965303421 -1.1201882362365723 0.14436966180801392
v -0.12201634049415588 -1.120466709136963 0.14356613159179688
v -0.1261989176273346 -1.1178010702133179 0.1103079691529274
v -0.12885376811027527 -1.1095885038375854 0.12095808237791061
v -0.1356392651796341 -1.1131439208984375 0.13230279088020325
v -0.1429578959941864 -1.1091729402542114 0.10738133639097214
v -0.13976512849330902 -1.1174002885818481 0.09955879300832748
v -0.13243956863880157 -1.112019658088684 0.13318119943141937
v -0.14085526764392853 -1.1001778841018677 0.10156427323818207
v -0.14722712337970734 -1.1105622053146362 0.11390452086925507
v -0.15377534925937653 -1.1088018417358398 0.08625547587871552
v -0.14867502450942993 -1.1165332794189453 0.08880789577960968
v -0.14467230439186096 -1.1096845865249634 0.11588873714208603
v -0.15170139074325562 -1.100820779800415 0.0908653736114502
v -0.08649493753910065 -0.9770481586456299 -0.0011904618004336953
v -0.0858064740896225 -1.0023442506790161 0.003531444352120161
v -0.09814438223838806 -0.978454053401947 0.0031974250450730324
v -0.10972263664007187 -1.002353310585022 0.0020755387376993895
v -0.09679948538541794 -1.0039132833480835 0.006417707074433565
v -0.08379574865102768 -1.0258151292800903 0.011180918663740158
v -0.10851648449897766 -1.0267829895019531 0.00804063118994236
v -0.09604422748088837 -1.0268200635910034 0.01332880649715662
v -0.12664678692817688 -1.0438740253448486 -0.04703628271818161
v -0.13072213530540466 -1.0439777374267578 -0.028505632653832436
v -0.11598455160856247 -1.043134331703186 -0.056630246341228485
v -0.09646812081336975 -1.0419870615005493 -0.07631639391183853
v -0.1072034016251564 -1.042273759841919 -0.0669412687420845
v -0.08187435567378998 -1.0443648099899292 0.021053090691566467
v -0.07251808792352676 -1.046236276626587 0.004044184926897287
v -0.09542962908744812 -1.0440294742584229 0.02571801282465458
v -0.11085951328277588 -1.0443204641342163 0.01887734979391098
v -0.06823310256004333 -1.0878957509994507 0.10515690594911575
v -0.06861108541488647 -1.086599588394165 0.08458227664232254
v -0.08337333053350449 -1.0772525072097778 0.08827172964811325
v -0.0869344025850296 -1.0867313146591187 0.1065429151058197
v -0.10203137248754501 -1.0784261226654053 0.08425503224134445
v -0.10475951433181763 -1.0899556875228882 0.10273139923810959
v -0.11850381642580032 -1.0817062854766846 0.07672801613807678
v -0.12145290523767471 -1.0915931463241577 0.0953163206577301
v -0.13344942033290863 -1.0854692459106445 0.06782649457454681
v -0.1368912011384964 -1.093503475189209 0.08558094501495361
v -0.1461992859840393 -1.0924807786941528 0.05872776359319687
v -0.14998237788677216 -1.0967347621917725 0.07665334641933441
v -0.15374277532100677 -1.1023318767547607 0.05376575142145157
v -0.15611687302589417 -1.106067419052124 0.07191560417413712
v -0.06231927499175072 -1.1036819219589233 0.0991177037358284
v -0.0641666129231453 -1.101388692855835 0.07949870824813843
v -0.07131772488355637 -1.115419626235962 0.09586776793003082
v -0.07309714704751968 -1.1146585941314697 0.07628755271434784
v -0.0878826156258583 -1.1164573431015015 0.09489459544420242
v -0.08834921568632126 -1.11557936668396 0.07446244359016418
v -0.14839963614940643 -1.1146773099899292 0.05507858470082283
v -0.14929966628551483 -1.117127537727356 0.07372713834047318
v -0.10605954378843307 -1.1171095371246338 0.09104055911302567
v -0.10580997169017792 -1.1152979135513306 0.07036730647087097
v -0.12289302796125412 -1.1185998916625977 0.08519705384969711
v -0.12222621589899063 -1.1166433095932007 0.06465183943510056
v -0.13724373281002045 -1.1191774606704712 0.07889039069414139
v -0.13647447526454926 -1.1174181699752808 0.059093739837408066
v -0.08001326024532318 -1.0703643560409546 0.06506723910570145
v -0.09920183569192886 -1.0656745433807373 0.0643949881196022
v -0.11558590084314346 -1.0696500539779663 0.05587346479296684
v -0.1294948160648346 -1.0766819715499878 0.04584522917866707
v -0.1411871314048767 -1.087154746055603 0.036552898585796356
v -0.14932164549827576 -1.0975189208984375 0.032271288335323334
v -0.12943442165851593 -1.0651426315307617 0.018597394227981567
v -0.1362616866827011 -1.0841147899627686 0.01133611798286438
v -0.1423993855714798 -1.095734715461731 0.009413611143827438
v -0.13355973362922668 -1.0815523862838745 -0.014121352694928646
v -0.1369476020336151 -1.094225287437439 -0.013863645493984222
v -0.1258585900068283 -1.0804930925369263 -0.054985854774713516
v -0.13052998483181 -1.0947086811065674 -0.05605757236480713
v -0.1335400938987732 -1.0931875705718994 -0.037026792764663696
v -0.12954513728618622 -1.080137014389038 -0.03727017715573311
v -0.12939424812793732 -1.0642116069793701 -0.009167700074613094
v -0.12781831622123718 -1.062179446220398 -0.03329465165734291
v -0.12292265146970749 -1.0615917444229126 -0.05059057101607323
v -0.11627707630395889 -1.0949078798294067 -0.07908020168542862
v -0.12572796642780304 -1.0951606035232544 -0.06922230869531631
v -0.12151458859443665 -1.0805867910385132 -0.06764498353004456
v -0.11408394575119019 -1.079540729522705 -0.07881973683834076
v -0.0988503023982048 -1.0800178050994873 -0.08655457943677902
v -0.10027768462896347 -1.0958235263824463 -0.08347167819738388
v -0.08283199369907379 -1.0820369720458984 -0.07702464610338211
v -0.08386056125164032 -1.09742271900177 -0.07622580975294113
v -0.10979215800762177 -1.0605217218399048 -0.07255925983190536
v -0.1167634055018425 -1.0614221096038818 -0.06229325383901596
v -0.09781331568956375 -1.060157299041748 -0.08085916191339493
v -0.083527110517025 -1.0620347261428833 -0.07297935336828232
v -0.0799642875790596 -1.0635688304901123 -0.05646366626024246
v -0.07845141738653183 -1.0838946104049683 -0.05883030220866203
v -0.07662103325128555 -1.0984880924224854 -0.059314072132110596
v -0.0700843408703804 -1.0850447416305542 0.06055831536650658
v -0.07003221660852432 -1.0976479053497314 0.05626572296023369
v -0.11418315023183823 -1.0565314292907715 0.035951048135757446
v -0.0962710976600647 -1.0544401407241821 0.04381909593939781
v -0.07828863710165024 -1.060929775238037 0.03712790086865425
v -0.0699305310845375 -1.0821858644485474 0.034247227013111115
v -0.07398776710033417 -1.0959302186965942 0.0302452240139246
v -0.0759175643324852 -1.0954253673553467 0.006624625995755196
v -0.07029248774051666 -1.0830538272857666 0.009035451337695122
v -0.0773606225848198 -1.1080397367477417 0.05297918617725372
v -0.0817020982503891 -1.1029802560806274 0.027712775394320488
v -0.08281388133764267 -1.1020541191101074 0.0045896172523498535
v -0.07506353408098221 -1.096311330795288 -0.014123177155852318
v -0.07120146602392197 -1.0835533142089844 -0.012583578936755657
v -0.07530663162469864 -1.096893072128296 -0.030759956687688828
v -0.07430017739534378 -1.0830358266830444 -0.029554815962910652
v -0.07643687725067139 -1.0833005905151367 -0.04343568906188011
v -0.075346440076828 -1.0977164506912231 -0.044553037732839584
v -0.07415325194597244 -1.0640418529510498 -0.029924700036644936
v -0.07695265114307404 -1.0631707906723022 -0.04239632561802864
v -0.07119151204824448 -1.0656274557113647 -0.0127702746540308
v -0.07110977172851562 -1.0645211935043335 0.00964317936450243
v -0.14549051225185394 -1.1101970672607422 0.03316521272063255
v -0.14057248830795288 -1.106426477432251 0.010394308716058731
v -0.13491789996623993 -1.1037918329238892 -0.012601321563124657
v -0.13090884685516357 -1.1041258573532104 -0.0354808047413826
v -0.1258176565170288 -1.1055643558502197 -0.053283270448446274
v -0.1204686164855957 -1.1059134006500244 -0.06443823873996735
v -0.09985113143920898 -1.1048626899719238 -0.07587222754955292
v -0.11269780248403549 -1.105271816253662 -0.07295551896095276
v -0.08804544061422348 -1.105929970741272 -0.07082955539226532
v -0.0822131335735321 -1.107641577720642 -0.05730750039219856
v -0.08078665286302567 -1.1083070039749146 -0.04471409320831299
v -0.08149483799934387 -1.104581594467163 -0.01595103181898594
v -0.08053474873304367 -1.1073273420333862 -0.03176070749759674
v -0.06811581552028656 -1.0470777750015259 -0.01580371893942356
v -0.07097214460372925 -1.0463061332702637 -0.03297936171293259
v -0.07575709372758865 -1.0452570915222168 -0.04484293982386589
v -0.08325701951980591 -1.04282808303833 -0.07090006023645401
v -0.0788908377289772 -1.043914794921875 -0.05577947944402695
v -0.09031373262405396 -1.112067699432373 0.05036585032939911
v -0.10669945925474167 -1.112121343612671 0.0463649146258831
v -0.12214131653308868 -1.1132574081420898 0.041081737726926804
v -0.13512688875198364 -1.1136610507965088 0.03639034181833267
v -0.13237284123897552 -1.1103962659835815 0.012984470464289188
v -0.12073095142841339 -1.1105035543441772 0.016352461650967598
v -0.10619927942752838 -1.110123634338379 0.02058243192732334
v -0.09206899255514145 -1.1073416471481323 0.02495623379945755
v -0.12725624442100525 -1.1086665391921997 -0.009782432578504086
v -0.11698934435844421 -1.109703540802002 -0.006418358068913221
v -0.10398782044649124 -1.109662413597107 -0.003301168791949749
v -0.0919281616806984 -1.1073654890060425 0.001514132833108306
v -0.08978990465402603 -1.109866738319397 -0.01913071982562542
v -0.1002792939543724 -1.110812783241272 -0.024374639615416527
v -0.11175936460494995 -1.1103254556655884 -0.027329973876476288
v -0.12161745131015778 -1.1087814569473267 -0.03159908950328827
v -0.11700627207756042 -1.1090017557144165 -0.048156753182411194
v -0.10770969092845917 -1.1100664138793945 -0.04335644841194153
v -0.09732760488986969 -1.1108306646347046 -0.03998858109116554
v -0.08874081820249557 -1.1106504201889038 -0.03535912185907364
v -0.11295706778764725 -1.1088485717773438 -0.05772129446268082
v -0.10017214715480804 -1.1083388328552246 -0.06818587332963943
v -0.10766592621803284 -1.108422040939331 -0.06485913693904877
v -0.09232252836227417 -1.1093512773513794 -0.06566650420427322
v -0.08911633491516113 -1.1102137565612793 -0.05610089376568794
v -0.08847670257091522 -1.1107420921325684 -0.04619232192635536
v -0.09624379128217697 -1.1104280948638916 -0.0490247942507267
v -0.0956682488322258 -1.109930396080017 -0.0562363862991333
v -0.10540670156478882 -1.109657883644104 -0.05248259752988815
v -0.10281027108430862 -1.1091303825378418 -0.05890444293618202
v -0.09608154743909836 -1.109323263168335 -0.061879392713308334
v -0.09968794137239456 -1.1089465618133545 -0.06309203058481216
v -0.12323717772960663 -1.0465176105499268 -0.00021101516904309392
v -0.09374931454658508 -0.7075920701026917 0.03802719712257385
v -0.07905418425798416 -0.7055875062942505 0.035439569503068924
v -0.1102590560913086 -0.7057527899742126 0.03816516697406769
v -0.13286679983139038 -0.29443079233169556 0.11299629509449005
v -0.08049269020557404 -0.07263537496328354 0.12397944182157516
v -0.08058460801839828 -0.033644046634435654 0.11794944107532501
v -0.07997553050518036 -0.053570520132780075 0.12100600451231003
v -0.1348308026790619 -0.32553425431251526 0.11766240000724792
v -0.12489105761051178 -0.013078252784907818 0.06753882020711899
v -0.10381952673196793 0.13182894885540009 0.10746491700410843
v -0.07778617739677429 0.41542765498161316 0.011153055354952812
v -0.07560179382562637 0.4127497673034668 0.010124689899384975
v -0.07430776953697205 0.40977558493614197 0.008412622846662998
v -0.07358478009700775 0.4076731503009796 0.005460948683321476
v -0.07287212461233139 0.4059583246707916 0.0024360688403248787
v -0.07156152278184891 0.405457466840744 -0.0004951131413690746
v -0.07594794780015945 0.41068434715270996 0.005934297107160091
v -0.07370996475219727 0.41318193078041077 0.003267801133915782
v -0.07426688820123672 0.4142276644706726 0.005186696536839008
v -0.0765010192990303 0.41281014680862427 0.007465159520506859
f 2 3 1
f 1 3 4
f 3 2 5
f 5 2 6
f 3 7 4
f 4 7 8
f 10 11 9
f 9 11 12
f 14 15 13
f 13 15 16
f 18 19 17
f 17 19 20
f 22 23 21
f 21 23 24
f 26 18 25
f 25 18 17
f 27 28 17
f 17 28 25
f 30 31 29
f 29 31 32
f 34 35 33
f 33 35 36
f 21 24 37
f 37 24 38
f 40 31 39
f 39 31 38
f 34 33 28
f 28 33 25
f 41 42 44
f 44 42 43
f 36 45 33
f 33 45 25
f 46 47 49
f 49 47 48
f 51 52 50
f 50 52 53
f 55 53 54
f 54 53 52
f 57 58 56
f 56 58 59
f 61 62 60
f 60 62 63
f 65 66 64
f 64 66 67
f 69 70 68
f 68 70 71
f 65 73 72
f 72 73 74
f 64 75 65
f 65 75 73
f 77 78 76
f 76 78 79
f 80 81 83
f 83 81 82
f 81 85 84
f 84 85 86
f 88 89 87
f 87 89 69
f 88 87 90
f 90 87 91
f 93 94 92
f 92 94 95
f 96 84 43
f 43 84 44
f 51 98 97
f 97 98 86
f 97 99 51
f 51 99 52
f 54 52 100
f 100 52 99
f 58 101 59
f 59 101 102
f 62 103 63
f 63 103 104
f 105 106 6
f 6 106 5
f 108 109 107
f 107 109 110
f 112 113 111
f 111 113 114
f 116 117 115
f 115 117 118
f 120 121 119
f 119 121 122
f 124 125 123
f 123 125 126
f 128 129 127
f 127 129 130
f 130 131 127
f 127 131 132
f 134 1 133
f 133 1 135
f 1 4 135
f 135 4 136
f 4 8 136
f 136 8 137
f 138 139 15
f 15 139 140
f 140 139 141
f 141 139 142
f 144 57 143
f 143 57 56
f 145 146 141
f 141 146 147
f 146 149 148
f 148 149 150
f 152 153 151
f 151 153 154
f 141 147 140
f 140 147 155
f 157 11 156
f 156 11 158
f 160 161 159
f 159 161 162
f 164 165 163
f 163 165 166
f 165 160 166
f 166 160 159
f 168 169 167
f 167 169 170
f 169 171 170
f 170 171 172
f 149 173 150
f 150 173 174
f 175 176 149
f 149 176 173
f 178 172 177
f 177 172 171
f 180 181 179
f 179 181 182
f 184 180 183
f 183 180 179
f 186 187 185
f 185 187 188
f 190 191 189
f 189 191 192
f 7 193 8
f 8 193 194
f 196 162 195
f 195 162 161
f 197 168 198
f 198 168 167
f 181 199 182
f 182 199 200
f 202 203 201
f 201 203 204
f 187 186 205
f 205 186 206
f 208 209 207
f 207 209 210
f 212 213 211
f 211 213 214
f 215 216 218
f 218 216 217
f 220 209 219
f 219 209 208
f 204 186 221
f 221 186 185
f 201 204 222
f 222 204 221
f 223 211 220
f 220 211 209
f 224 225 214
f 214 225 210
f 203 206 204
f 204 206 186
f 227 187 226
f 226 187 205
f 27 228 21
f 21 228 22
f 230 231 229
f 229 231 232
f 234 235 233
f 233 235 236
f 238 239 237
f 237 239 240
f 119 122 118
f 118 122 115
f 112 242 241
f 241 242 243
f 98 51 244
f 244 51 50
f 245 138 14
f 14 138 15
f 11 10 158
f 158 10 246
f 89 85 69
f 69 85 70
f 11 157 12
f 12 157 247
f 249 164 248
f 248 164 163
f 177 250 178
f 178 250 251
f 253 254 252
f 252 254 255
f 187 227 188
f 188 227 256
f 212 257 213
f 213 257 258
f 260 134 259
f 259 134 133
f 165 164 135
f 135 164 133
f 160 165 136
f 136 165 135
f 136 137 160
f 160 137 161
f 137 261 161
f 161 261 195
f 263 264 262
f 262 264 265
f 13 16 266
f 266 16 267
f 268 267 155
f 155 267 16
f 147 269 155
f 155 269 268
f 162 196 167
f 167 196 198
f 167 170 162
f 162 170 159
f 170 172 159
f 159 172 166
f 172 178 166
f 166 178 163
f 178 251 163
f 163 251 248
f 168 270 169
f 169 270 271
f 272 273 171
f 171 273 177
f 271 272 169
f 169 272 171
f 168 197 270
f 270 197 274
f 250 177 275
f 275 177 273
f 277 45 276
f 276 45 278
f 280 281 279
f 279 281 282
f 284 104 283
f 283 104 103
f 285 215 286
f 286 215 218
f 288 289 287
f 287 289 290
f 291 80 66
f 66 80 83
f 293 294 292
f 292 294 295
f 73 91 74
f 74 91 87
f 91 73 92
f 92 73 75
f 279 77 280
f 280 77 76
f 80 291 70
f 70 291 71
f 277 47 96
f 96 47 82
f 297 175 296
f 296 175 149
f 299 154 298
f 298 154 153
f 225 300 210
f 210 300 207
f 224 301 206
f 206 301 205
f 210 209 214
f 214 209 211
f 226 205 302
f 302 205 301
f 304 305 303
f 303 305 306
f 308 309 307
f 307 309 310
f 72 291 65
f 65 291 66
f 66 83 67
f 67 83 46
f 312 313 311
f 311 313 314
f 316 317 315
f 315 317 36
f 29 318 35
f 35 318 319
f 321 32 320
f 320 32 322
f 311 314 323
f 323 314 324
f 315 325 316
f 316 325 326
f 318 287 319
f 319 287 290
f 328 321 327
f 327 321 320
f 329 330 39
f 39 330 331
f 332 333 40
f 40 333 322
f 309 334 285
f 285 334 335
f 236 2 134
f 134 2 1
f 260 336 233
f 233 336 337
f 237 14 265
f 265 14 13
f 84 86 44
f 44 86 98
f 189 192 7
f 7 192 193
f 44 98 41
f 41 98 244
f 237 240 14
f 14 240 245
f 7 3 189
f 189 3 5
f 338 71 72
f 72 71 291
f 262 265 266
f 266 265 13
f 124 123 339
f 339 123 105
f 123 109 105
f 105 109 106
f 189 5 190
f 190 5 106
f 111 114 12
f 12 114 9
f 264 340 265
f 265 340 237
f 342 343 341
f 341 343 344
f 6 235 105
f 105 235 339
f 234 346 345
f 345 346 347
f 349 350 348
f 348 350 351
f 107 352 108
f 108 352 353
f 355 356 354
f 354 356 357
f 237 340 238
f 238 340 358
f 12 247 111
f 111 247 359
f 264 263 116
f 116 263 360
f 361 362 222
f 222 362 201
f 364 365 363
f 363 365 366
f 368 369 367
f 367 369 370
f 372 373 371
f 371 373 374
f 375 376 372
f 372 376 377
f 378 379 381
f 381 379 380
f 382 383 269
f 269 383 268
f 150 174 365
f 365 174 384
f 380 377 381
f 381 377 376
f 271 270 180
f 180 270 181
f 273 272 252
f 252 272 184
f 272 271 184
f 184 271 180
f 181 270 274
f 252 255 273
f 273 255 275
f 254 385 255
f 255 385 386
f 387 388 179
f 179 388 183
f 389 387 182
f 182 387 179
f 182 200 389
f 389 200 390
f 388 391 183
f 183 391 253
f 391 392 253
f 253 392 254
f 394 379 393
f 393 379 378
f 185 188 395
f 395 188 396
f 221 185 397
f 397 185 395
f 222 221 398
f 398 221 397
f 188 256 396
f 396 256 399
f 400 401 256
f 256 401 399
f 402 403 405
f 405 403 404
f 148 150 364
f 364 150 365
f 393 406 394
f 394 406 407
f 158 246 393
f 393 246 406
f 342 19 238
f 238 19 239
f 23 22 350
f 350 22 354
f 244 50 245
f 245 50 138
f 55 142 53
f 53 142 139
f 145 144 296
f 296 144 143
f 355 228 341
f 341 228 20
f 41 240 42
f 42 240 239
f 283 308 284
f 284 308 307
f 349 409 408
f 408 409 410
f 244 245 41
f 41 245 240
f 268 383 406
f 406 383 407
f 346 411 349
f 349 411 409
f 251 412 248
f 248 412 413
f 275 414 250
f 250 414 415
f 25 45 26
f 26 45 277
f 43 26 96
f 96 26 277
f 416 417 61
f 61 417 62
f 329 24 408
f 408 24 23
f 31 40 32
f 32 40 322
f 39 38 329
f 329 38 24
f 37 38 30
f 30 38 31
f 418 419 421
f 421 419 420
f 78 295 79
f 79 295 294
f 124 339 422
f 422 339 345
f 232 131 357
f 357 131 351
f 2 236 6
f 6 236 235
f 252 184 253
f 253 184 183
f 227 423 256
f 256 423 400
f 423 227 305
f 305 227 226
f 424 258 425
f 425 258 257
f 426 427 212
f 212 427 257
f 259 133 249
f 249 133 164
f 419 418 428
f 428 418 429
f 327 430 328
f 328 430 288
f 49 431 46
f 46 431 67
f 306 302 424
f 424 302 258
f 313 432 314
f 314 432 433
f 32 321 29
f 29 321 318
f 324 314 433
f 287 318 328
f 328 318 321
f 134 260 236
f 236 260 233
f 345 339 234
f 234 339 235
f 357 351 354
f 354 351 350
f 408 23 349
f 349 23 350
f 317 278 36
f 36 278 45
f 432 313 429
f 429 313 428
f 435 428 434
f 434 428 313
f 42 239 18
f 18 239 19
f 43 42 26
f 26 42 18
f 121 120 436
f 436 120 437
f 302 301 258
f 258 301 213
f 110 109 126
f 126 109 123
f 238 358 342
f 342 358 343
f 341 20 342
f 342 20 19
f 322 438 320
f 320 438 439
f 320 439 327
f 327 439 430
f 333 440 322
f 322 440 438
f 289 288 323
f 323 288 430
f 115 340 116
f 116 340 264
f 146 145 149
f 149 145 296
f 15 140 16
f 16 140 155
f 441 442 152
f 152 442 153
f 225 224 203
f 203 224 206
f 175 297 154
f 154 297 151
f 293 443 294
f 294 443 444
f 248 413 249
f 249 413 445
f 446 447 400
f 400 447 401
f 388 387 396
f 396 387 395
f 387 389 395
f 395 389 397
f 391 388 399
f 399 388 396
f 401 392 399
f 399 392 391
f 255 386 275
f 275 386 414
f 449 450 448
f 448 450 451
f 335 452 285
f 285 452 215
f 453 298 442
f 442 298 153
f 211 223 212
f 212 223 426
f 425 257 454
f 454 257 427
f 266 10 262
f 262 10 9
f 360 113 456
f 456 113 455
f 8 194 137
f 137 194 261
f 10 266 246
f 246 266 267
f 203 202 225
f 225 202 300
f 262 9 263
f 263 9 114
f 108 353 190
f 190 353 191
f 389 390 397
f 397 390 398
f 457 422 128
f 128 422 129
f 156 158 378
f 378 158 393
f 347 346 348
f 348 346 349
f 447 458 401
f 401 458 392
f 364 382 148
f 148 382 269
f 55 54 57
f 57 54 58
f 75 64 459
f 459 64 460
f 100 90 101
f 101 90 95
f 101 58 100
f 100 58 54
f 142 55 144
f 144 55 57
f 147 146 269
f 269 146 148
f 459 93 75
f 75 93 92
f 144 145 142
f 142 145 141
f 228 27 20
f 20 27 17
f 154 299 175
f 175 299 176
f 214 213 224
f 224 213 301
f 424 461 306
f 306 461 303
f 285 286 309
f 309 286 310
f 462 334 308
f 308 334 309
f 302 306 226
f 226 306 305
f 37 28 21
f 21 28 27
f 29 35 30
f 30 35 34
f 30 34 37
f 37 34 28
f 344 436 356
f 356 436 229
f 325 290 326
f 326 290 289
f 311 439 312
f 312 439 438
f 35 319 36
f 36 319 315
f 439 311 430
f 430 311 323
f 315 319 325
f 325 319 290
f 440 463 438
f 438 463 312
f 341 344 355
f 355 344 356
f 360 456 116
f 116 456 117
f 354 22 355
f 355 22 228
f 326 289 324
f 324 289 323
f 74 87 68
f 68 87 69
f 50 53 138
f 138 53 139
f 268 406 267
f 267 406 246
f 190 106 108
f 108 106 109
f 241 455 112
f 112 455 113
f 358 122 343
f 343 122 121
f 129 347 130
f 130 347 348
f 348 351 130
f 130 351 131
f 229 232 356
f 356 232 357
f 340 115 358
f 358 115 122
f 111 359 112
f 112 359 242
f 125 124 457
f 457 124 422
f 231 132 232
f 232 132 131
f 343 121 344
f 344 121 436
f 263 114 360
f 360 114 113
f 347 129 345
f 345 129 422
f 230 229 437
f 437 229 436
f 464 446 423
f 423 446 400
f 465 466 468
f 468 466 467
f 470 471 469
f 469 471 472
f 469 472 373
f 373 472 374
f 474 469 473
f 473 469 373
f 471 475 472
f 472 475 476
f 472 477 374
f 374 477 478
f 477 472 476
f 479 480 476
f 476 480 477
f 473 373 377
f 377 373 372
f 481 482 479
f 479 482 480
f 483 484 481
f 481 484 482
f 403 402 485
f 485 402 486
f 487 488 483
f 483 488 484
f 487 489 488
f 488 489 490
f 489 491 490
f 490 491 492
f 491 493 492
f 492 493 494
f 493 495 494
f 494 495 496
f 497 498 481
f 481 498 483
f 484 499 482
f 482 499 367
f 370 480 367
f 367 480 482
f 480 370 477
f 477 370 478
f 500 497 479
f 479 497 481
f 451 473 380
f 380 473 377
f 448 451 379
f 379 451 380
f 501 502 504
f 504 502 503
f 449 505 507
f 507 505 506
f 486 508 505
f 505 508 506
f 508 509 506
f 506 509 510
f 511 507 510
f 510 507 506
f 509 508 512
f 512 508 513
f 515 509 514
f 514 509 512
f 509 515 510
f 510 515 516
f 510 516 511
f 511 516 517
f 486 505 485
f 485 505 518
f 505 449 518
f 518 449 448
f 383 382 403
f 403 382 404
f 363 404 364
f 364 404 382
f 403 485 383
f 383 485 407
f 519 520 361
f 361 520 362
f 522 496 521
f 521 496 495
f 450 474 451
f 451 474 473
f 363 366 523
f 523 366 524
f 525 499 488
f 488 499 484
f 488 490 525
f 525 490 526
f 496 522 520
f 520 522 527
f 494 496 519
f 519 496 520
f 492 494 528
f 528 494 519
f 529 530 495
f 495 530 521
f 490 492 526
f 526 492 528
f 529 495 531
f 531 495 493
f 533 534 532
f 532 534 535
f 523 524 533
f 533 524 534
f 486 402 532
f 532 402 533
f 529 536 530
f 530 536 537
f 536 538 537
f 537 538 539
f 540 541 539
f 539 541 537
f 530 537 535
f 535 537 541
f 542 539 543
f 543 539 538
f 539 542 540
f 540 542 544
f 541 540 513
f 513 540 512
f 540 544 512
f 512 544 514
f 546 547 545
f 545 547 548
f 549 550 531
f 531 550 551
f 550 549 552
f 552 549 553
f 546 550 554
f 554 550 552
f 547 546 555
f 555 546 554
f 498 556 558
f 558 556 557
f 559 557 560
f 560 557 556
f 561 562 560
f 560 562 559
f 557 559 552
f 552 559 554
f 559 562 554
f 554 562 555
f 558 557 553
f 553 557 552
f 475 471 563
f 563 471 564
f 565 563 567
f 567 563 566
f 471 470 564
f 564 470 466
f 564 466 568
f 568 466 465
f 568 465 569
f 569 465 570
f 572 573 571
f 571 573 574
f 569 575 567
f 567 575 576
f 577 565 576
f 576 565 567
f 578 579 581
f 581 579 580
f 575 561 576
f 576 561 560
f 556 577 560
f 560 577 576
f 577 556 497
f 497 556 498
f 565 577 500
f 500 577 497
f 563 565 475
f 475 565 500
f 553 489 558
f 558 489 487
f 531 493 549
f 549 493 491
f 489 553 491
f 491 553 549
f 394 407 518
f 518 407 485
f 518 448 394
f 394 448 379
f 545 548 538
f 538 548 543
f 551 545 536
f 536 545 538
f 536 529 551
f 551 529 531
f 507 582 449
f 449 582 450
f 511 583 507
f 507 583 582
f 511 517 583
f 583 517 584
f 585 586 588
f 588 586 587
f 590 591 589
f 589 591 592
f 591 590 593
f 593 590 594
f 596 597 595
f 595 597 598
f 599 600 602
f 602 600 601
f 604 605 603
f 603 605 606
f 608 609 607
f 607 609 610
f 612 613 611
f 611 613 614
f 615 616 618
f 618 616 617
f 620 621 619
f 619 621 622
f 624 625 623
f 623 625 626
f 628 629 627
f 627 629 630
f 632 633 631
f 631 633 634
f 635 636 638
f 638 636 637
f 639 640 642
f 642 640 641
f 644 645 643
f 643 645 646
f 619 622 647
f 647 622 648
f 650 651 649
f 649 651 652
f 601 653 602
f 602 653 654
f 656 657 655
f 655 657 658
f 660 661 659
f 659 661 662
f 664 665 663
f 663 665 666
f 593 594 667
f 667 594 668
f 669 670 672
f 672 670 671
f 673 674 676
f 676 674 675
f 633 632 677
f 677 632 678
f 663 666 679
f 679 666 680
f 681 682 684
f 684 682 683
f 686 687 685
f 685 687 688
f 690 661 689
f 689 661 691
f 693 686 692
f 692 686 685
f 695 597 694
f 694 597 668
f 594 696 668
f 668 696 694
f 697 698 696
f 696 698 699
f 700 701 697
f 697 701 698
f 702 585 703
f 703 585 588
f 671 690 672
f 672 690 689
f 640 639 704
f 704 639 705
f 679 706 663
f 663 706 658
f 708 709 707
f 707 709 710
f 711 712 610
f 610 712 607
f 713 714 716
f 716 714 715
f 717 718 720
f 720 718 719
f 722 634 721
f 721 634 633
f 724 725 723
f 723 725 726
f 728 729 727
f 727 729 730
f 732 733 731
f 731 733 734
f 707 710 735
f 735 710 736
f 643 737 644
f 644 737 738
f 740 741 739
f 739 741 742
f 608 744 743
f 743 744 745
f 747 748 746
f 746 748 749
f 751 752 750
f 750 752 753
f 754 755 757
f 757 755 756
f 758 759 761
f 761 759 760
f 763 764 762
f 762 764 765
f 767 768 766
f 766 768 769
f 771 772 770
f 770 772 773
f 775 776 774
f 774 776 777
f 779 780 778
f 778 780 781
f 783 712 782
f 782 712 784
f 785 786 788
f 788 786 787
f 790 628 789
f 789 628 627
f 792 793 791
f 791 793 794
f 795 796 726
f 726 796 723
f 798 799 797
f 797 799 800
f 721 633 801
f 801 633 677
f 797 800 802
f 802 800 803
f 805 806 804
f 804 806 807
f 809 810 808
f 808 810 811
f 813 814 812
f 812 814 815
f 809 808 817
f 817 808 816
f 818 819 804
f 804 819 805
f 820 821 818
f 818 821 819
f 821 820 587
f 587 820 822
f 809 823 810
f 810 823 824
f 814 807 815
f 815 807 806
f 826 426 825
f 825 426 223
f 426 826 427
f 427 826 827
f 828 829 454
f 454 829 830
f 831 832 677
f 677 832 801
f 834 835 833
f 833 835 836
f 838 839 837
f 837 839 840
f 841 842 844
f 844 842 843
f 845 846 803
f 803 846 802
f 847 831 678
f 678 831 677
f 848 849 851
f 851 849 850
f 853 854 852
f 852 854 855
f 857 858 856
f 856 858 680
f 860 861 859
f 859 861 862
f 864 865 863
f 863 865 866
f 868 869 867
f 867 869 870
f 839 871 840
f 840 871 872
f 849 848 874
f 874 848 873
f 876 877 875
f 875 877 878
f 880 881 879
f 879 881 882
f 883 884 886
f 886 884 885
f 846 887 802
f 802 887 888
f 890 891 889
f 889 891 888
f 893 894 892
f 892 894 895
f 896 897 728
f 728 897 729
f 899 900 898
f 898 900 901
f 902 852 904
f 904 852 903
f 849 905 850
f 850 905 906
f 875 878 907
f 907 878 908
f 910 911 909
f 909 911 912
f 914 915 913
f 913 915 916
f 917 918 862
f 862 918 859
f 919 920 856
f 856 920 921
f 923 924 922
f 922 924 925
f 926 927 925
f 925 927 922
f 929 930 928
f 928 930 693
f 932 695 931
f 931 695 694
f 823 867 824
f 824 867 933
f 935 936 934
f 934 936 937
f 938 868 823
f 823 868 867
f 940 847 939
f 939 847 678
f 632 655 678
f 678 655 939
f 941 942 619
f 619 942 620
f 687 943 688
f 688 943 944
f 851 850 945
f 945 850 903
f 850 906 903
f 903 906 904
f 946 947 949
f 949 947 948
f 951 952 950
f 950 952 953
f 955 956 954
f 954 956 957
f 907 958 875
f 875 958 874
f 960 961 959
f 959 961 962
f 963 853 902
f 902 853 852
f 909 964 910
f 910 964 965
f 967 968 966
f 966 968 969
f 971 972 970
f 970 972 973
f 974 960 975
f 975 960 959
f 977 978 976
f 976 978 979
f 981 977 980
f 980 977 976
f 980 982 981
f 981 982 983
f 985 983 984
f 984 983 982
f 984 986 985
f 985 986 987
f 989 990 988
f 988 990 991
f 993 994 992
f 992 994 995
f 997 998 996
f 996 998 999
f 1001 1002 1000
f 1000 1002 1003
f 1005 1006 1004
f 1004 1006 1007
f 1004 1008 1005
f 1005 1008 1009
f 1008 1010 1009
f 1009 1010 1011
f 1013 1011 1012
f 1012 1011 1010
f 1014 1015 1017
f 1017 1015 1016
f 1019 1020 1018
f 1018 1020 1021
f 1022 1023 976
f 976 1023 980
f 1024 1025 982
f 982 1025 984
f 992 995 1026
f 1026 995 1027
f 956 955 1028
f 1028 955 1029
f 1030 1031 1033
f 1033 1031 1032
f 1010 1008 1034
f 1034 1008 1035
f 1008 1004 1035
f 1035 1004 1036
f 1037 1038 1002
f 1002 1038 1007
f 1002 1001 1037
f 1037 1001 1039
f 1040 1041 997
f 997 1041 998
f 1015 1014 1043
f 1043 1014 1042
f 1044 1045 1047
f 1047 1045 1046
f 1044 1020 1048
f 1048 1020 1049
f 1050 1051 1003
f 1003 1051 1000
f 1052 1050 1006
f 1006 1050 1003
f 1053 1054 1011
f 1011 1054 1009
f 1013 1045 1055
f 1055 1045 1056
f 1058 1059 1057
f 1057 1059 1060
f 1062 1063 1061
f 1061 1063 1064
f 1065 1066 1050
f 1050 1066 1051
f 1067 1065 1052
f 1052 1065 1050
f 1068 1069 1054
f 1054 1069 1070
f 1071 1068 1053
f 1053 1068 1054
f 1073 1071 1072
f 1072 1071 1074
f 1074 1071 1055
f 1055 1071 1053
f 1076 1077 1075
f 1075 1077 1078
f 1079 1080 1057
f 1057 1080 1058
f 1081 1082 1064
f 1064 1082 1061
f 1084 1085 1083
f 1083 1085 1086
f 1088 1089 1087
f 1087 1089 1090
f 1092 1093 1091
f 1091 1093 1094
f 1096 1097 1095
f 1095 1097 1098
f 1099 1100 1102
f 1102 1100 1101
f 1103 1104 1099
f 1099 1104 1100
f 1106 1107 1105
f 1105 1107 1108
f 1110 1111 1109
f 1109 1111 1112
f 1114 1115 1113
f 1113 1115 1116
f 1118 1119 1117
f 1117 1119 1077
f 1117 1120 1122
f 1122 1120 1121
f 1105 1123 1106
f 1106 1123 1124
f 1125 1126 1128
f 1128 1126 1127
f 1130 1131 1129
f 1129 1131 1132
f 1134 1135 1133
f 1133 1135 1114
f 1113 1136 1114
f 1114 1136 1133
f 1118 1137 1113
f 1113 1137 1136
f 1118 1117 1137
f 1137 1117 1122
f 1139 1140 1138
f 1138 1140 1141
f 1143 953 1142
f 1142 953 952
f 1145 957 1144
f 1144 957 956
f 1028 1146 956
f 956 1146 1144
f 1014 1147 1042
f 1042 1147 1148
f 1014 1017 1147
f 1147 1017 1149
f 1059 1058 1150
f 1150 1058 1151
f 1153 1080 1152
f 1152 1080 1154
f 1156 1088 1155
f 1155 1088 1087
f 1157 1158 1106
f 1106 1158 1107
f 1106 1124 1157
f 1157 1124 1159
f 1161 1162 1160
f 1160 1162 1163
f 1165 1166 1164
f 1164 1166 1167
f 1168 1031 1012
f 1012 1031 1046
f 1024 1023 1035
f 1035 1023 1034
f 1036 1038 1025
f 1025 1038 1169
f 1170 1171 1039
f 1039 1171 1037
f 1028 1029 1042
f 1042 1029 1043
f 1172 1173 1175
f 1175 1173 1174
f 1055 1053 1013
f 1013 1053 1011
f 1005 1009 1070
f 1070 1009 1054
f 996 999 1062
f 1062 999 1063
f 1016 1060 1017
f 1017 1060 1059
f 1017 1059 1149
f 1149 1059 1150
f 1177 1178 1176
f 1176 1178 1103
f 1176 1072 1179
f 1179 1072 1074
f 1073 1102 1086
f 1086 1102 1083
f 1180 1181 1067
f 1067 1181 1065
f 1182 1183 1184
f 1184 1183 1181
f 1186 1187 1185
f 1185 1187 1188
f 1189 1190 798
f 798 1190 799
f 1192 1193 1191
f 1191 1193 1194
f 1195 1196 1194
f 1194 1196 1191
f 1196 1195 1198
f 1198 1195 1197
f 1200 674 1199
f 1199 674 673
f 928 1201 1203
f 1203 1201 1202
f 861 1204 862
f 862 1204 921
f 1205 1206 913
f 913 1206 1207
f 882 1208 879
f 879 1208 1209
f 1210 1211 1167
f 1167 1211 1164
f 1212 769 1213
f 1213 769 768
f 727 1214 728
f 728 1214 1215
f 1217 1218 1216
f 1216 1218 1219
f 1220 813 1221
f 1221 813 812
f 827 828 427
f 427 828 454
f 1223 1224 1222
f 1222 1224 1165
f 1226 1227 1225
f 1225 1227 1228
f 851 1229 848
f 848 1229 1230
f 834 854 835
f 835 854 1231
f 1233 1234 1232
f 1232 1234 1235
f 1237 751 1236
f 1236 751 750
f 743 819 1238
f 1238 819 821
f 1240 1241 1239
f 1239 1241 1242
f 1244 1245 1243
f 1243 1245 1246
f 844 1247 841
f 841 1247 1248
f 1250 1251 1249
f 1249 1251 1252
f 1254 893 1253
f 1253 893 1237
f 1255 1256 1258
f 1258 1256 1257
f 1260 1261 1259
f 1259 1261 1262
f 945 903 855
f 855 903 852
f 855 1263 945
f 945 1263 1264
f 832 845 801
f 801 845 803
f 800 721 803
f 803 721 801
f 721 800 722
f 722 800 799
f 1266 1267 1265
f 1265 1267 1268
f 1270 795 1269
f 1269 795 726
f 725 1271 726
f 726 1271 1269
f 737 765 738
f 738 765 764
f 759 740 760
f 760 740 739
f 717 1272 1274
f 1274 1272 1273
f 1163 1226 1275
f 1275 1226 1225
f 1277 882 1276
f 1276 882 881
f 1041 1040 1027
f 1027 1040 1026
f 900 935 901
f 901 935 934
f 1164 1278 1165
f 1165 1278 1222
f 1211 1279 1164
f 1164 1279 1278
f 442 1280 453
f 453 1280 1281
f 788 1282 785
f 785 1282 1283
f 1285 1286 1284
f 1284 1286 1287
f 1284 1288 1285
f 1285 1288 1289
f 757 1289 754
f 754 1289 1288
f 605 604 675
f 675 604 676
f 1290 1291 1293
f 1293 1291 1292
f 1295 1296 1294
f 1294 1296 1297
f 696 699 694
f 694 699 931
f 1298 1299 592
f 592 1299 589
f 1299 1300 589
f 589 1300 700
f 1300 1301 700
f 700 1301 701
f 743 745 819
f 819 745 805
f 1303 1304 1302
f 1302 1304 1305
f 1306 1307 1305
f 1305 1307 1302
f 609 1298 610
f 610 1298 592
f 587 822 588
f 588 822 1308
f 703 588 1309
f 1309 588 1308
f 1310 703 571
f 571 703 1309
f 1311 1312 789
f 789 1312 790
f 825 223 1313
f 1313 223 220
f 219 1314 220
f 220 1314 1313
f 1315 1316 1311
f 1311 1316 1312
f 1317 1318 1319
f 1319 1318 1241
f 441 1320 442
f 442 1320 1280
f 1321 217 572
f 572 217 216
f 1323 1230 1322
f 1322 1230 1229
f 1324 1325 631
f 631 1325 656
f 1034 1168 1010
f 1010 1168 1012
f 1327 1328 1326
f 1326 1328 1329
f 1331 1202 1330
f 1330 1202 1201
f 571 1309 572
f 572 1309 1321
f 573 572 1332
f 1332 572 216
f 1334 1335 1333
f 1333 1335 1336
f 1337 1338 918
f 918 1338 859
f 1339 863 1340
f 1340 863 866
f 1341 1342 1344
f 1344 1342 1343
f 1345 1346 919
f 919 1346 920
f 1347 1348 673
f 673 1348 1199
f 693 1349 928
f 928 1349 1201
f 1351 1257 1350
f 1350 1257 1256
f 1350 1352 1351
f 1351 1352 1353
f 653 930 654
f 654 930 662
f 1279 1354 1278
f 1278 1354 1355
f 1357 1358 1356
f 1356 1358 1359
f 937 1360 1140
f 1140 1360 1361
f 1225 1228 909
f 909 1228 964
f 901 934 1362
f 1362 934 1139
f 1364 1365 1363
f 1363 1365 1362
f 1367 912 1366
f 1366 912 911
f 1143 1142 1368
f 1368 1142 1369
f 1144 1186 1145
f 1145 1186 1185
f 1146 1175 1144
f 1144 1175 1186
f 1175 1146 1172
f 1172 1146 1148
f 1147 1018 1148
f 1148 1018 1172
f 1018 1147 1019
f 1019 1147 1149
f 1149 1150 1019
f 1019 1150 1370
f 1150 1151 1370
f 1370 1151 1371
f 1151 1153 1371
f 1371 1153 1177
f 1152 1156 1178
f 1178 1156 1372
f 1155 1158 1373
f 1373 1158 1374
f 1157 1159 1376
f 1376 1159 1375
f 1378 1379 1377
f 1377 1379 1380
f 1382 1383 1381
f 1381 1383 1384
f 1382 1386 1385
f 1385 1386 1387
f 1386 1233 1387
f 1387 1233 1232
f 1389 1390 1388
f 1388 1390 1391
f 1393 1394 1392
f 1392 1394 1395
f 1397 1398 1396
f 1396 1398 1399
f 629 1397 630
f 630 1397 1396
f 1342 1400 1343
f 1343 1400 1401
f 1403 1404 1402
f 1402 1404 1405
f 1407 1408 1406
f 1406 1408 1409
f 1411 1412 1410
f 1410 1412 1413
f 793 1414 794
f 794 1414 1415
f 1417 1341 1416
f 1416 1341 1344
f 704 705 1347
f 1347 705 1418
f 741 1419 742
f 742 1419 1420
f 1422 669 1421
f 1421 669 672
f 645 1423 646
f 646 1423 1424
f 1196 1198 614
f 614 1198 611
f 613 1425 614
f 614 1425 1426
f 1427 616 659
f 659 616 660
f 614 1426 1196
f 1196 1426 1191
f 696 594 697
f 697 594 590
f 697 590 700
f 700 590 589
f 703 1310 702
f 702 1310 1428
f 1421 672 1192
f 1192 672 689
f 1271 648 1269
f 1269 648 622
f 621 1270 622
f 622 1270 1269
f 1429 1430 1417
f 1417 1430 1341
f 1431 1432 1434
f 1434 1432 1433
f 1436 1437 1435
f 1435 1437 1438
f 1440 1441 1439
f 1439 1441 1442
f 1443 1444 1446
f 1446 1444 1445
f 823 809 938
f 938 809 817
f 810 1447 811
f 811 1447 1448
f 1449 1450 679
f 679 1450 706
f 913 916 1205
f 1205 916 1451
f 1275 1225 912
f 912 1225 909
f 1452 1453 880
f 880 1453 881
f 1444 1401 1445
f 1445 1401 1400
f 936 1454 937
f 937 1454 1360
f 824 1455 810
f 810 1455 1447
f 631 656 632
f 632 656 655
f 966 1456 967
f 967 1456 1457
f 1459 1460 1458
f 1458 1460 1461
f 1460 1462 1461
f 1461 1462 1463
f 972 974 973
f 973 974 975
f 990 995 991
f 991 995 994
f 1464 1187 1033
f 1033 1187 1174
f 1018 1021 1172
f 1172 1021 1173
f 1000 999 1001
f 1001 999 998
f 976 979 1022
f 1022 979 1032
f 1023 1024 980
f 980 1024 982
f 989 986 1171
f 1171 986 1169
f 1171 1170 989
f 989 1170 990
f 1170 1027 990
f 990 1027 995
f 1041 1039 998
f 998 1039 1001
f 1051 1063 1000
f 1000 1063 999
f 1066 1064 1051
f 1051 1064 1063
f 1183 1081 1066
f 1066 1081 1064
f 1178 1372 1103
f 1103 1372 1104
f 1092 1091 1465
f 1465 1091 1182
f 1467 1465 1466
f 1466 1465 1468
f 1469 1470 1184
f 1184 1470 1468
f 1095 1098 1471
f 1471 1098 1101
f 1076 1374 1120
f 1120 1374 1376
f 1110 1472 1127
f 1127 1472 1132
f 1472 1473 1132
f 1132 1473 1129
f 1474 1475 1466
f 1466 1475 1473
f 1119 1118 1116
f 1116 1118 1113
f 1375 1121 1376
f 1376 1121 1120
f 1127 1132 1128
f 1128 1132 1131
f 1227 1476 1228
f 1228 1476 1361
f 1365 1477 1362
f 1362 1477 872
f 1478 1479 1323
f 1323 1479 1230
f 1480 1481 914
f 914 1481 915
f 913 1277 914
f 914 1277 1276
f 1168 1034 1022
f 1022 1034 1023
f 1035 1036 1024
f 1024 1036 1025
f 1039 1041 1170
f 1170 1041 1027
f 1042 1148 1028
f 1028 1148 1146
f 968 1459 969
f 969 1459 1458
f 1482 1483 664
f 664 1483 665
f 1485 1486 1484
f 1484 1486 1487
f 1489 1490 1488
f 1488 1490 1491
f 1492 1493 722
f 722 1493 634
f 1495 1496 1494
f 1494 1496 1497
f 1498 1207 1339
f 1339 1207 863
f 1224 1499 1165
f 1165 1499 1166
f 1160 1163 1500
f 1500 1163 1275
f 1500 877 1160
f 1160 877 1501
f 876 873 1502
f 1502 873 1479
f 945 1264 851
f 851 1264 1229
f 835 1231 839
f 839 1231 871
f 1503 1283 778
f 778 1283 1282
f 716 715 1505
f 1505 715 1504
f 1446 1445 1507
f 1507 1445 1506
f 779 792 1381
f 1381 792 791
f 1430 1409 1341
f 1341 1409 1342
f 1411 1429 1508
f 1508 1429 1417
f 635 1510 1509
f 1509 1510 1511
f 1377 1380 1315
f 1315 1380 1316
f 1445 1400 1506
f 1506 1400 1408
f 918 917 1336
f 1336 917 1333
f 1513 1514 1512
f 1512 1514 870
f 1515 1516 1363
f 1363 1516 1364
f 1453 1517 881
f 881 1517 1276
f 992 1518 993
f 993 1518 1519
f 1520 1029 1518
f 1518 1029 955
f 1520 1026 1521
f 1521 1026 1040
f 1522 1015 1521
f 1521 1015 1043
f 996 1523 997
f 997 1523 1522
f 1060 1016 1524
f 1524 1016 1523
f 1061 1525 1062
f 1062 1525 1524
f 1079 1527 1526
f 1526 1527 1528
f 1093 1529 1094
f 1094 1529 1528
f 1111 1530 1112
f 1112 1530 1531
f 1532 1533 1105
f 1105 1533 1123
f 934 937 1139
f 1139 937 1140
f 1138 1363 1139
f 1139 1363 1362
f 1534 1222 1355
f 1355 1222 1278
f 1535 1223 1534
f 1534 1223 1222
f 821 587 1238
f 1238 587 586
f 1319 711 1317
f 1317 711 1536
f 1538 1200 1537
f 1537 1200 1199
f 1508 1417 1539
f 1539 1417 1416
f 1540 1541 840
f 840 1541 837
f 1231 898 871
f 871 898 901
f 1500 1275 1367
f 1367 1275 912
f 1543 1379 1542
f 1542 1379 1395
f 1539 772 1508
f 1508 772 1544
f 1546 1403 1545
f 1545 1403 1402
f 1548 1549 1547
f 1547 1549 1550
f 1552 1548 1551
f 1551 1548 1547
f 1554 1555 1553
f 1553 1555 1556
f 1558 1559 1557
f 1557 1559 1560
f 1562 1563 1561
f 1561 1563 1564
f 1566 1567 1565
f 1565 1567 1568
f 1570 1571 1569
f 1569 1571 1572
f 1574 1575 1573
f 1573 1575 1576
f 1577 1578 1572
f 1572 1578 1569
f 1580 1581 1579
f 1579 1581 1582
f 1584 1585 1583
f 1583 1585 1586
f 1588 1555 1587
f 1587 1555 1589
f 1591 1592 1590
f 1590 1592 1593
f 1595 1596 1594
f 1594 1596 1597
f 1596 1581 1597
f 1597 1581 1576
f 1599 1570 1598
f 1598 1570 1569
f 1601 1602 1600
f 1600 1602 1603
f 1605 1606 1604
f 1604 1606 1607
f 1608 1609 1568
f 1568 1609 1565
f 1611 1612 1610
f 1610 1612 1613
f 1615 1616 1614
f 1614 1616 1617
f 1619 1617 1618
f 1618 1617 1616
f 1621 1622 1620
f 1620 1622 1623
f 1625 1626 1624
f 1624 1626 1627
f 1629 1630 1628
f 1628 1630 1631
f 1633 1634 1632
f 1632 1634 1635
f 1636 1637 1639
f 1639 1637 1638
f 1641 1642 1640
f 1640 1642 1643
f 1624 1627 1644
f 1644 1627 1645
f 1647 1648 1646
f 1646 1648 1649
f 1651 1652 1650
f 1650 1652 1653
f 1655 1656 1654
f 1654 1656 1657
f 1659 1660 1658
f 1658 1660 1661
f 1662 1663 1631
f 1631 1663 1628
f 1651 1665 1664
f 1664 1665 1666
f 1667 1656 1619
f 1619 1656 1617
f 1669 1670 1668
f 1668 1670 1671
f 1632 1635 1672
f 1672 1635 1673
f 1674 1675 1638
f 1638 1675 1639
f 1677 1678 1676
f 1676 1678 1679
f 1680 1640 1681
f 1681 1640 1643
f 1682 1683 1643
f 1643 1683 1681
f 1670 1669 1235
f 1235 1669 1232
f 1396 1399 1674
f 1674 1399 1675
f 627 630 1679
f 1679 630 1676
f 1681 1315 1680
f 1680 1315 1311
f 1683 1377 1681
f 1681 1377 1315
f 1672 1673 1387
f 1387 1673 1385
f 1636 1684 1646
f 1646 1684 1685
f 1687 1688 1686
f 1686 1688 1689
f 1585 1690 1586
f 1586 1690 1691
f 1599 1692 1551
f 1551 1692 1693
f 1552 1558 1694
f 1694 1558 1557
f 1696 1615 1695
f 1695 1615 1614
f 1698 1699 1697
f 1697 1699 1623
f 1700 1701 1703
f 1703 1701 1702
f 1705 1706 1704
f 1704 1706 1707
f 1708 1709 1640
f 1640 1709 1641
f 1710 1711 1713
f 1713 1711 1712
f 1652 1655 1653
f 1653 1655 1654
f 1714 1699 1712
f 1712 1699 1713
f 1715 1710 1716
f 1716 1710 1713
f 1717 1708 1680
f 1680 1708 1640
f 1393 1392 1715
f 1715 1392 1710
f 1719 1720 1718
f 1718 1720 1721
f 1680 1311 1717
f 1717 1311 789
f 1378 1711 1392
f 1392 1711 1710
f 1388 1391 1719
f 1719 1391 1720
f 1723 1606 1722
f 1722 1606 1689
f 1725 1568 1724
f 1724 1568 1567
f 1726 1647 1685
f 1685 1647 1646
f 1728 1554 1727
f 1727 1554 1553
f 1591 1687 1600
f 1600 1687 1686
f 1730 1595 1729
f 1729 1595 1594
f 1601 1605 1731
f 1731 1605 1604
f 1733 1663 1732
f 1732 1663 1734
f 1736 1639 1735
f 1735 1639 1675
f 1658 1644 1737
f 1737 1644 1645
f 1726 1662 1724
f 1724 1662 1631
f 1399 1738 1675
f 1675 1738 1735
f 1621 1667 1739
f 1739 1667 1619
f 1714 1740 1620
f 1620 1740 1741
f 1592 1549 1593
f 1593 1549 1742
f 1602 1571 1603
f 1603 1571 1550
f 1688 1690 1689
f 1689 1690 1722
f 1588 1559 1582
f 1582 1559 1579
f 1673 1735 1385
f 1385 1735 1738
f 1387 1232 1672
f 1672 1232 1669
f 1580 1692 1573
f 1573 1692 1743
f 1377 1683 1378
f 1378 1683 1711
f 1664 1666 1744
f 1744 1666 1745
f 1744 1696 1664
f 1664 1696 1695
f 1746 1747 1732
f 1732 1747 1748
f 1749 1750 1677
f 1677 1750 1678
f 1709 1708 1750
f 1750 1708 1678
f 1668 1632 1669
f 1669 1632 1672
f 1633 1746 1734
f 1734 1746 1732
f 1679 1678 1717
f 1717 1678 1708
f 789 627 1717
f 1717 627 1679
f 1563 1723 1564
f 1564 1723 1722
f 1728 1584 1751
f 1751 1584 1583
f 1674 1676 1396
f 1396 1676 630
f 1666 1566 1745
f 1745 1566 1565
f 1627 1629 1645
f 1645 1629 1628
f 1637 1749 1638
f 1638 1749 1677
f 1648 1665 1649
f 1649 1665 1752
f 1740 1642 1741
f 1741 1642 1657
f 1676 1674 1677
f 1677 1674 1638
f 1683 1682 1711
f 1711 1682 1712
f 1618 1753 1619
f 1619 1753 1739
f 1701 1739 1702
f 1702 1739 1753
f 1754 1214 1756
f 1756 1214 1755
f 647 1757 619
f 619 1757 941
f 1759 1193 1758
f 1758 1193 691
f 1419 1760 1420
f 1420 1760 1761
f 682 1762 683
f 683 1762 1763
f 1412 780 1413
f 1413 780 1384
f 1383 1398 1384
f 1384 1398 1413
f 1197 1424 1764
f 1764 1424 1423
f 1537 1287 1538
f 1538 1287 1286
f 1634 1684 1635
f 1635 1684 1736
f 1724 1631 1725
f 1725 1631 1630
f 1562 1730 1610
f 1610 1730 1729
f 1735 1673 1736
f 1736 1673 1635
f 1757 1195 941
f 941 1195 1194
f 1766 200 1765
f 1765 200 199
f 475 500 476
f 476 500 479
f 498 558 483
f 483 558 487
f 545 551 546
f 546 551 550
f 453 1281 219
f 219 1281 1314
f 298 453 208
f 208 453 219
f 368 1765 1767
f 1767 1765 199
f 523 405 363
f 363 405 404
f 523 533 405
f 405 533 402
f 298 208 299
f 299 208 207
f 299 207 176
f 176 207 300
f 176 300 173
f 173 300 202
f 173 202 174
f 174 202 201
f 1337 918 1768
f 1768 918 1336
f 1769 1770 1338
f 1338 1770 859
f 581 570 578
f 578 570 1771
f 555 562 580
f 580 562 561
f 504 1772 501
f 501 1772 548
f 517 542 584
f 584 542 543
f 515 514 516
f 516 514 544
f 542 517 544
f 544 517 516
f 561 575 580
f 580 575 581
f 575 569 581
f 581 569 570
f 501 548 1773
f 1773 548 547
f 1774 1775 570
f 570 1775 1771
f 369 368 1776
f 1776 368 1767
f 372 369 375
f 375 369 1776
f 822 1280 1308
f 1308 1280 1320
f 820 1281 822
f 822 1281 1280
f 818 1314 820
f 820 1314 1281
f 1314 818 1313
f 1313 818 804
f 807 814 825
f 825 814 826
f 814 813 826
f 826 813 827
f 813 1220 827
f 827 1220 828
f 580 579 555
f 555 579 547
f 1477 1540 872
f 872 1540 840
f 367 499 368
f 368 499 1765
f 1766 1765 525
f 525 1765 499
f 1777 1766 526
f 526 1766 525
f 520 527 362
f 362 527 384
f 361 1778 519
f 519 1778 528
f 371 1779 372
f 372 1779 369
f 369 1779 370
f 370 1779 478
f 1779 371 478
f 478 371 374
f 1778 1777 528
f 528 1777 526
f 1781 1782 1780
f 1780 1782 1783
f 431 460 67
f 67 460 64
f 68 338 74
f 74 338 72
f 1785 1782 1784
f 1784 1782 1786
f 1787 1788 1790
f 1790 1788 1789
f 1792 1789 1791
f 1791 1789 1793
f 1791 1794 1792
f 1792 1794 1795
f 1794 1796 1795
f 1795 1796 1797
f 1797 1798 938
f 938 1798 868
f 1798 1799 868
f 868 1799 869
f 1801 1802 1800
f 1800 1802 1451
f 1803 1804 1205
f 1205 1804 1206
f 1805 1806 864
f 864 1806 865
f 1806 1807 865
f 865 1807 1808
f 68 71 338
f 287 328 288
f 1320 1321 1308
f 1308 1321 1309
f 1320 441 1321
f 1321 441 217
f 441 152 217
f 217 152 218
f 151 286 152
f 152 286 218
f 297 310 151
f 151 310 286
f 296 307 297
f 297 307 310
f 296 143 307
f 307 143 284
f 143 56 284
f 284 56 104
f 56 59 104
f 104 59 63
f 59 102 63
f 63 102 60
f 102 94 60
f 60 94 282
f 93 459 279
f 279 459 77
f 459 460 77
f 77 460 78
f 460 431 78
f 78 431 295
f 431 49 295
f 295 49 292
f 48 421 49
f 49 421 292
f 276 278 418
f 418 278 429
f 317 432 278
f 278 432 429
f 432 317 433
f 433 317 316
f 326 324 316
f 316 324 433
f 1536 592 1809
f 1809 592 591
f 1810 744 1812
f 1812 744 1811
f 1814 1815 1813
f 1813 1815 1816
f 1817 748 1818
f 1818 748 747
f 1812 1819 1810
f 1810 1819 1817
f 1820 1821 748
f 748 1821 749
f 1823 1824 1822
f 1822 1824 1825
f 1827 1828 1826
f 1826 1828 1829
f 1831 1832 1830
f 1830 1832 1833
f 1834 1827 1243
f 1243 1827 1826
f 1313 804 825
f 825 804 807
f 1835 1253 1236
f 1236 1253 1237
f 1836 1837 1438
f 1438 1837 1435
f 1838 1505 1840
f 1840 1505 1839
f 1841 1842 716
f 716 1842 713
f 1843 1844 1510
f 1510 1844 1845
f 1847 1848 1846
f 1846 1848 1849
f 1850 1240 1822
f 1822 1240 1239
f 636 1831 637
f 637 1831 1830
f 1852 1853 1851
f 1851 1853 1854
f 1855 1856 1858
f 1858 1856 1857
f 1846 1849 1859
f 1859 1849 1860
f 1343 1401 1509
f 1509 1401 1861
f 1509 1861 635
f 635 1861 636
f 1863 1864 1862
f 1862 1864 1865
f 1283 1503 1867
f 1867 1503 1866
f 1868 1867 681
f 681 1867 682
f 1286 1285 683
f 683 1285 684
f 757 756 1274
f 1274 756 1869
f 1274 1869 717
f 717 1869 718
f 1434 1433 719
f 719 1433 720
f 1200 1538 1545
f 1545 1538 1763
f 1285 1289 684
f 684 1289 1273
f 684 1273 681
f 681 1273 1272
f 785 1283 1868
f 1868 1283 1867
f 786 785 1870
f 1870 785 1868
f 1289 757 1273
f 1273 757 1274
f 1539 1416 1871
f 1871 1416 1872
f 773 1871 1403
f 1403 1871 1404
f 675 674 1405
f 1405 674 1402
f 1864 1873 1865
f 1865 1873 1874
f 638 1843 635
f 635 1843 1510
f 1344 1343 1511
f 1511 1343 1509
f 772 1539 773
f 773 1539 1871
f 674 1200 1402
f 1402 1200 1545
f 1538 1286 1763
f 1763 1286 683
f 1444 1443 1875
f 1875 1443 1876
f 1875 1876 1831
f 1831 1876 1832
f 1416 1344 1872
f 1872 1344 1511
f 1877 1878 774
f 774 1878 1879
f 1878 1847 1879
f 1879 1847 1846
f 1880 714 1881
f 1881 714 1848
f 1401 1444 1861
f 1861 1444 1875
f 1861 1875 636
f 636 1875 1831
f 1823 1863 1882
f 1882 1863 1862
f 1441 1440 1884
f 1884 1440 1883
f 1883 1852 1884
f 1884 1852 1851
f 1886 1887 1885
f 1885 1887 1888
f 1358 1889 1359
f 1359 1889 1890
f 1891 1886 1892
f 1892 1886 1885
f 774 1879 775
f 775 1879 1893
f 1859 1893 1846
f 1846 1893 1879
f 713 1842 1849
f 1849 1842 1860
f 1318 1895 1894
f 1894 1895 1896
f 1873 1897 1874
f 1874 1897 1898
f 1898 605 1899
f 1899 605 675
f 1405 1844 675
f 675 1844 1899
f 1404 1845 1405
f 1405 1845 1844
f 593 1296 591
f 591 1296 1809
f 1295 1292 1900
f 1900 1292 1895
f 606 1897 1291
f 1291 1897 1896
f 1510 1845 1511
f 1511 1845 1872
f 1871 1872 1404
f 1404 1872 1845
f 1866 770 1762
f 1762 770 1546
f 1762 682 1866
f 1866 682 1867
f 1870 1868 1272
f 1272 1868 681
f 1272 717 1870
f 1870 717 720
f 1870 720 786
f 786 720 1433
f 786 1433 787
f 787 1433 1432
f 1261 1414 1432
f 1432 1414 787
f 1389 1234 1260
f 1260 1234 1415
f 1719 1670 1388
f 1388 1670 1235
f 1718 1671 1719
f 1719 1671 1670
f 1705 1747 1718
f 1718 1747 1671
f 1659 1901 1704
f 1704 1901 1748
f 1877 1903 1902
f 1902 1903 1904
f 1259 1905 1390
f 1390 1905 1394
f 1715 1720 1393
f 1393 1720 1391
f 1716 1721 1715
f 1715 1721 1720
f 1698 1706 1716
f 1716 1706 1721
f 277 276 47
f 47 276 48
f 84 96 81
f 81 96 82
f 80 70 81
f 81 70 85
f 99 97 88
f 88 97 89
f 90 100 88
f 88 100 99
f 101 95 102
f 102 95 94
f 1906 1907 280
f 280 1907 281
f 97 86 89
f 89 86 85
f 60 282 61
f 61 282 281
f 83 82 46
f 46 82 47
f 293 292 420
f 420 292 421
f 419 1908 420
f 420 1908 1909
f 92 95 91
f 91 95 90
f 279 282 93
f 93 282 94
f 276 418 48
f 48 418 421
f 1910 1660 1697
f 1697 1660 1707
f 1703 1624 1700
f 1700 1624 1644
f 1622 1910 1623
f 1623 1910 1697
f 1701 1700 1911
f 1911 1700 1661
f 1700 1644 1661
f 1661 1644 1658
f 1901 1737 1733
f 1733 1737 1645
f 1625 1912 1604
f 1604 1912 1731
f 1912 1913 1731
f 1731 1913 1914
f 1913 1577 1914
f 1914 1577 1572
f 1915 1578 1616
f 1616 1578 1618
f 1915 1916 1598
f 1598 1916 1743
f 1916 1574 1743
f 1743 1574 1573
f 1575 1917 1576
f 1576 1917 1597
f 1917 1609 1597
f 1597 1609 1594
f 1608 1611 1729
f 1729 1611 1610
f 1918 1612 1629
f 1629 1612 1630
f 1626 1918 1627
f 1627 1918 1629
f 1920 1921 1919
f 1919 1921 1922
f 1920 1924 1923
f 1923 1924 1925
f 1926 1927 1924
f 1924 1927 1925
f 1929 1930 1928
f 1928 1930 1931
f 1932 1933 1935
f 1935 1933 1934
f 1937 1938 1936
f 1936 1938 1939
f 1941 1942 1940
f 1940 1942 1943
f 1941 1945 1944
f 1944 1945 1946
f 1947 1948 1694
f 1694 1948 1949
f 1950 1951 1953
f 1953 1951 1952
f 1955 1956 1954
f 1954 1956 1589
f 1958 1956 1957
f 1957 1956 1932
f 1960 1934 1959
f 1959 1934 1933
f 1962 1963 1961
f 1961 1963 1964
f 1965 1955 1751
f 1751 1955 1954
f 1935 1930 1932
f 1932 1930 1957
f 1951 1950 1926
f 1926 1950 1929
f 1966 1967 1593
f 1593 1967 1590
f 1969 1967 1968
f 1968 1967 1964
f 1962 1921 1970
f 1970 1921 1971
f 1963 1945 1964
f 1964 1945 1968
f 1972 1948 1922
f 1922 1948 1919
f 1966 1972 1961
f 1961 1972 1922
f 1958 1953 1587
f 1587 1953 1560
f 1974 1975 1973
f 1973 1975 1976
f 1978 1979 1977
f 1977 1979 1691
f 1979 1975 1691
f 1691 1975 1586
f 1938 1942 1939
f 1939 1942 1980
f 1952 1947 1557
f 1557 1947 1694
f 1969 1978 1981
f 1981 1978 1977
f 1983 1984 1982
f 1982 1984 1985
f 1986 1987 1989
f 1989 1987 1988
f 1990 1991 1983
f 1983 1991 1984
f 1990 1993 1992
f 1992 1993 1994
f 1995 1996 1994
f 1994 1996 1997
f 1999 2000 1998
f 1998 2000 2001
f 2003 2004 2002
f 2002 2004 2005
f 2007 2008 2006
f 2006 2008 2009
f 2011 2012 2010
f 2010 2012 2013
f 2014 2015 2017
f 2017 2015 2016
f 2018 2019 2021
f 2021 2019 2020
f 2022 1989 2024
f 2024 1989 2023
f 1989 1988 2023
f 2023 1988 2025
f 2026 2027 2017
f 2017 2027 2014
f 2029 2030 2028
f 2028 2030 2031
f 2033 2034 2032
f 2032 2034 2035
f 2032 2035 2036
f 2036 2035 2037
f 2039 2040 2038
f 2038 2040 2041
f 1982 2042 1983
f 1983 2042 2043
f 2045 2046 2044
f 2044 2046 2047
f 2049 2050 2048
f 2048 2050 2051
f 2053 2054 2052
f 2052 2054 2055
f 2057 2058 2056
f 2056 2058 2059
f 2060 2061 2033
f 2033 2061 2034
f 2063 2064 2062
f 2062 2064 2065
f 2066 2035 2067
f 2067 2035 2034
f 2069 2039 2068
f 2068 2039 2038
f 2025 2070 2023
f 2023 2070 2071
f 2072 2024 2071
f 2071 2024 2023
f 2074 2020 2073
f 2073 2020 2019
f 2050 2049 2047
f 2047 2049 2075
f 1983 2043 1990
f 1990 2043 1993
f 2006 2050 2007
f 2007 2050 2076
f 2050 2006 2051
f 2051 2006 2077
f 2079 2080 2078
f 2078 2080 2081
f 2082 2083 2085
f 2085 2083 2084
f 2010 2013 2086
f 2086 2013 2087
f 2089 2033 2088
f 2088 2033 2032
f 2090 2060 2089
f 2089 2060 2033
f 2092 2093 2091
f 2091 2093 2094
f 2096 1986 2095
f 2095 1986 2097
f 2097 1986 2022
f 2022 1986 1989
f 2015 2094 2016
f 2016 2094 2098
f 2016 2098 2100
f 2100 2098 2099
f 2017 2016 2101
f 2101 2016 2100
f 2017 2101 2026
f 2026 2101 2102
f 2100 2099 2104
f 2104 2099 2103
f 2104 2105 2100
f 2100 2105 2101
f 2105 2106 2101
f 2101 2106 2102
f 2108 2061 2107
f 2107 2061 2109
f 2111 2112 2110
f 2110 2112 2020
f 2020 2074 2110
f 2110 2074 2113
f 2115 2116 2114
f 2114 2116 2117
f 2118 2119 1995
f 1995 2119 2120
f 2121 2122 2027
f 2027 2122 2014
f 2047 2075 2044
f 2044 2075 2123
f 2124 2125 2127
f 2127 2125 2126
f 2129 2130 2128
f 2128 2130 2131
f 2132 2133 2057
f 2057 2133 2058
f 2134 1999 2136
f 2136 1999 2135
f 2055 2138 2137
f 2137 2138 2139
f 2141 2142 2140
f 2140 2142 2143
f 2083 2082 2064
f 2064 2082 2065
f 2082 2144 2065
f 2065 2144 2145
f 2040 2146 2041
f 2041 2146 2147
f 2060 2090 2148
f 2148 2090 2149
f 2048 2051 2137
f 2137 2051 2150
f 2151 1997 2135
f 2135 1997 1996
f 2152 2150 2077
f 2077 2150 2051
f 2046 2045 2118
f 2118 2045 2119
f 2154 2155 2153
f 2153 2155 2156
f 2158 2159 2157
f 2157 2159 2160
f 2162 2163 2161
f 2161 2163 2164
f 2164 2163 2165
f 2165 2163 2166
f 2168 2169 2167
f 2167 2169 2170
f 2003 2172 2171
f 2171 2172 2173
f 2174 2175 2002
f 2002 2175 2176
f 2145 2177 2065
f 2065 2177 2062
f 2178 2179 2180
f 2180 2179 2134
f 2181 2052 2152
f 2152 2052 2150
f 2040 2127 2146
f 2146 2127 2182
f 2130 2162 2131
f 2131 2162 2161
f 2052 2055 2150
f 2150 2055 2137
f 2184 2185 2183
f 2183 2185 2186
f 2159 2030 2160
f 2160 2030 2187
f 2146 2182 2029
f 2029 2182 2188
f 2189 2190 2192
f 2192 2190 2191
f 2172 2003 2176
f 2176 2003 2002
f 1998 2151 1999
f 1999 2151 2135
f 2177 2172 2062
f 2062 2172 2176
f 2172 2177 2173
f 2173 2177 2193
f 2063 2194 2064
f 2064 2194 2195
f 2066 2197 2196
f 2196 2197 2198
f 2002 2005 2174
f 2174 2005 2199
f 2004 2003 2200
f 2200 2003 2171
f 2198 2201 2171
f 2171 2201 2200
f 2197 2202 2198
f 2198 2202 2201
f 2202 2197 2203
f 2203 2197 2204
f 2196 2198 2173
f 2173 2198 2171
f 2205 2069 2170
f 2170 2069 2206
f 2197 2066 2204
f 2204 2066 2067
f 2107 2207 2108
f 2108 2207 2208
f 2210 2208 2209
f 2209 2208 2207
f 2185 2211 2212
f 2213 2214 2211
f 2211 2214 2212
f 1998 2001 2213
f 2213 2001 2214
f 2134 2215 1999
f 1999 2215 2000
f 2216 2217 2219
f 2219 2217 2218
f 2206 2220 2170
f 2170 2220 2167
f 2069 2068 2206
f 2206 2068 2221
f 2151 1998 2222
f 2222 1998 2213
f 2124 2039 2205
f 2205 2039 2069
f 2142 2223 2143
f 2143 2223 2128
f 2203 2186 2202
f 2202 2186 2185
f 2185 2184 2211
f 2211 2184 2224
f 2224 2225 2222
f 2222 2225 2226
f 2071 2227 2072
f 2072 2227 2228
f 2229 2074 2230
f 2230 2074 2073
f 2074 2229 2113
f 2113 2229 2231
f 2232 2225 2227
f 2227 2225 2224
f 2233 2234 2031
f 2031 2234 2028
f 2236 2231 2235
f 2235 2231 2229
f 2230 2183 2229
f 2229 2183 2235
f 2237 1987 2096
f 2096 1987 1986
f 2152 2238 2181
f 2181 2238 2239
f 2080 2240 2081
f 2081 2240 2241
f 2236 2242 1971
f 1971 2242 1970
f 1925 2113 1923
f 1923 2113 2231
f 2110 1927 2111
f 2111 1927 1928
f 2103 2111 1931
f 1931 2111 1928
f 1931 2243 2103
f 2103 2243 2104
f 2105 2104 2244
f 2244 2104 2243
f 1939 1980 2148
f 2148 1980 2109
f 1980 1944 2109
f 2109 1944 2107
f 1946 2245 2207
f 2207 2245 2209
f 2245 1970 2209
f 2209 1970 2242
f 2231 2236 1923
f 1923 2236 1971
f 2113 1925 2110
f 2110 1925 1927
f 2234 2246 2028
f 2028 2246 2147
f 2247 2248 2058
f 2058 2248 2059
f 2114 2117 2249
f 2249 2117 2250
f 2252 2253 2251
f 2251 2253 2254
f 2094 2015 2091
f 2091 2015 2255
f 2256 2255 2014
f 2014 2255 2015
f 2257 2145 2258
f 2258 2145 2144
f 2131 2161 2123
f 2123 2161 2044
f 2045 2044 2164
f 2164 2044 2161
f 2045 2164 2119
f 2119 2164 2165
f 2259 2120 2165
f 2165 2120 2119
f 2260 2261 2259
f 2259 2261 2120
f 2205 2262 2124
f 2124 2262 2125
f 2180 2263 2178
f 2178 2263 2264
f 2265 2266 2092
f 2092 2266 2093
f 1992 2267 2268
f 2184 2228 2224
f 2224 2228 2227
f 2048 2269 2049
f 2049 2269 2141
f 2129 2168 2157
f 2157 2168 2167
f 2049 2141 2075
f 2075 2141 2140
f 2199 2215 2270
f 2270 2215 2271
f 2142 2141 2272
f 2272 2141 2269
f 2089 2026 2090
f 2090 2026 2102
f 2146 2029 2147
f 2147 2029 2028
f 2111 2103 2112
f 2112 2103 2099
f 2061 2060 2109
f 2109 2060 2148
f 2273 2274 2041
f 2041 2274 2038
f 2260 2275 2261
f 2261 2275 2136
f 2057 2138 2132
f 2132 2138 2276
f 2272 2269 2056
f 2056 2269 2139
f 2277 2278 2270
f 2270 2278 2199
f 2029 2188 2030
f 2030 2188 2187
f 2040 2039 2127
f 2127 2039 2124
f 2064 2195 2083
f 2083 2195 2279
f 2056 2139 2057
f 2057 2139 2138
f 2278 2277 2247
f 2247 2277 2248
f 2062 2176 2063
f 2063 2176 2175
f 2280 2210 2242
f 2242 2210 2209
f 2282 2233 2281
f 2281 2233 2031
f 2216 2219 2283
f 2283 2219 2221
f 2158 2220 2218
f 2218 2220 2219
f 2217 2282 2218
f 2218 2282 2281
f 2220 2158 2167
f 2167 2158 2157
f 2223 2264 2128
f 2128 2264 2263
f 2261 1996 2120
f 2120 1996 1995
f 2213 2211 2222
f 2222 2211 2224
f 2283 2221 2284
f 2284 2221 2068
f 2135 1996 2136
f 2136 1996 2261
f 2144 2081 2258
f 2258 2081 2241
f 2235 2280 2236
f 2236 2280 2242
f 2246 2273 2147
f 2147 2273 2041
f 2036 2285 2032
f 2032 2285 2088
f 2077 2286 2152
f 2152 2286 2238
f 1937 1960 1973
f 1973 1960 1959
f 2070 2232 2071
f 2071 2232 2227
f 2244 2287 2105
f 2105 2287 2106
f 1936 1939 2149
f 2149 1939 2148
f 1944 1946 2107
f 2107 1946 2207
f 2285 2121 2088
f 2088 2121 2027
f 2253 2249 2254
f 2254 2249 2250
f 2006 2009 2077
f 2077 2009 2286
f 2289 2086 2288
f 2288 2086 2087
f 2223 2142 2290
f 2290 2142 2272
f 2128 2131 2143
f 2143 2131 2123
f 2156 2291 2153
f 2153 2291 2175
f 2292 2293 2278
f 2278 2293 2294
f 2075 2140 2123
f 2123 2140 2143
f 2262 2169 2275
f 2275 2169 2180
f 2275 2180 2136
f 2136 2180 2134
f 2274 2284 2038
f 2038 2284 2068
f 2127 2126 2182
f 2182 2126 2166
f 2094 2093 2098
f 2098 2093 2021
f 2098 2021 2099
f 2099 2021 2112
f 2018 2021 2266
f 2266 2021 2093
f 2251 2289 2252
f 2252 2289 2288
f 1997 2151 2226
f 2226 2151 2222
f 2206 2221 2220
f 2220 2221 2219
f 2269 2048 2139
f 2139 2048 2137
f 2159 2158 2281
f 2281 2158 2218
f 2156 2155 2190
f 2190 2155 2191
f 1974 1965 1583
f 1583 1965 1751
f 2088 2027 2089
f 2089 2027 2026
f 2030 2159 2031
f 2031 2159 2281
f 2106 2149 2102
f 2102 2149 2090
f 2287 1936 2106
f 2106 1936 2149
f 2293 2154 2294
f 2294 2154 2153
f 2021 2020 2112
f 2247 2295 2278
f 2278 2295 2292
f 2284 2296 2283
f 2283 2296 2297
f 2298 2296 2274
f 2274 2296 2284
f 2273 2299 2274
f 2274 2299 2298
f 2246 2300 2273
f 2273 2300 2299
f 2283 2297 2216
f 2216 2297 2301
f 2216 2301 2217
f 2217 2301 2302
f 2302 2303 2217
f 2217 2303 2282
f 2304 2301 2305
f 2305 2301 2297
f 2307 2308 2306
f 2306 2308 2309
f 2306 2310 2307
f 2307 2310 2311
f 2307 2312 2308
f 2308 2312 2313
f 2314 2315 2312
f 2312 2315 2316
f 2316 2317 2312
f 2312 2317 2313
f 2317 2305 2313
f 2313 2305 2318
f 2314 2312 2311
f 2311 2312 2307
f 2319 2320 2322
f 2322 2320 2321
f 2322 2311 2319
f 2319 2311 2310
f 2313 2318 2308
f 2308 2318 2309
f 2296 2298 2318
f 2318 2298 2309
f 2309 2298 2323
f 2323 2298 2299
f 2306 2309 2324
f 2324 2309 2323
f 2310 2306 2325
f 2325 2306 2324
f 2296 2318 2297
f 2297 2318 2305
f 2319 2310 2326
f 2326 2310 2325
f 2328 2325 2327
f 2327 2325 2324
f 2325 2328 2326
f 2326 2328 2329
f 2331 2328 2330
f 2330 2328 2327
f 2332 2333 2327
f 2327 2333 2330
f 2328 2331 2329
f 2329 2331 2334
f 2324 2323 2327
f 2327 2323 2332
f 2300 2332 2299
f 2299 2332 2323
f 2326 2335 2319
f 2319 2335 2320
f 2305 2317 2336
f 2336 2317 2316
f 2336 2316 2337
f 2337 2316 2315
f 2338 2304 2336
f 2336 2304 2305
f 2337 2339 2336
f 2336 2339 2338
f 2337 2315 2341
f 2341 2315 2340
f 2342 2300 2234
f 2234 2300 2246
f 2303 2343 2282
f 2282 2343 2233
f 2234 2233 2342
f 2342 2233 2343
f 2342 2343 2333
f 2333 2343 2344
f 2333 2344 2330
f 2330 2344 2345
f 2346 2344 2303
f 2303 2344 2343
f 2332 2300 2333
f 2333 2300 2342
f 2347 2346 2302
f 2302 2346 2303
f 2301 2304 2302
f 2302 2304 2347
f 2304 2338 2347
f 2347 2338 2348
f 2348 2349 2347
f 2347 2349 2346
f 2350 2351 2348
f 2348 2351 2349
f 2349 2345 2346
f 2346 2345 2344
f 2345 2349 2352
f 2352 2349 2351
f 2338 2339 2348
f 2348 2339 2350
f 2350 2339 2353
f 2353 2339 2354
f 2356 2357 2355
f 2355 2357 2353
f 2351 2350 2357
f 2357 2350 2353
f 2353 2354 2355
f 2355 2354 2335
f 2320 2335 2341
f 2341 2335 2354
f 2339 2337 2354
f 2354 2337 2341
f 2352 2331 2345
f 2345 2331 2330
f 2356 2334 2352
f 2352 2334 2331
f 2356 2352 2357
f 2357 2352 2351
f 2355 2329 2356
f 2356 2329 2334
f 2335 2326 2355
f 2355 2326 2329
f 2321 2314 2322
f 2322 2314 2311
f 2321 2320 2340
f 2340 2320 2341
f 2315 2314 2340
f 2340 2314 2321
f 2125 2260 2126
f 2126 2260 2259
f 2157 2160 2129
f 2129 2160 2130
f 2188 2163 2187
f 2187 2163 2162
f 2182 2166 2188
f 2188 2166 2163
f 2180 2169 2263
f 2263 2169 2168
f 2160 2187 2130
f 2130 2187 2162
f 2275 2260 2262
f 2262 2260 2125
f 2128 2263 2129
f 2129 2263 2168
f 2262 2205 2169
f 2169 2205 2170
f 2165 2166 2259
f 2259 2166 2126
f 2359 2360 2358
f 2358 2360 2361
f 2363 2364 2362
f 2362 2364 2365
f 2367 2363 2366
f 2366 2363 2362
f 2368 2369 2371
f 2371 2369 2370
f 2372 2373 2248
f 2248 2373 2059
f 2364 2374 2365
f 2365 2374 2375
f 2377 2378 2376
f 2376 2378 2379
f 2290 2380 2223
f 2223 2380 2381
f 2223 2381 2264
f 2264 2381 2382
f 2384 2385 2383
f 2383 2385 2386
f 2364 2371 2374
f 2374 2371 2387
f 2059 2373 2290
f 2290 2373 2380
f 2378 2360 2379
f 2379 2360 2388
f 2374 2387 2359
f 2359 2387 2389
f 2390 2367 2386
f 2386 2367 2391
f 2393 2394 2392
f 2392 2394 2395
f 2386 2391 2383
f 2383 2391 2396
f 2367 2366 2391
f 2391 2366 2397
f 2363 2367 2368
f 2368 2367 2390
f 2398 2399 2361
f 2361 2399 2358
f 2399 2400 2358
f 2358 2400 2375
f 2390 2401 2368
f 2368 2401 2369
f 2372 2384 2376
f 2376 2384 2383
f 2374 2359 2375
f 2375 2359 2358
f 2402 2403 2365
f 2365 2403 2362
f 2359 2389 2360
f 2360 2389 2388
f 2364 2363 2371
f 2371 2363 2368
f 2405 2398 2404
f 2404 2398 2361
f 2392 2395 2406
f 2406 2395 2397
f 2377 2396 2394
f 2394 2396 2395
f 2394 2393 2404
f 2404 2393 2405
f 2396 2377 2383
f 2383 2377 2376
f 2406 2397 2407
f 2407 2397 2366
f 2400 2402 2375
f 2375 2402 2365
f 2385 2270 2401
f 2401 2270 2271
f 2403 2407 2362
f 2362 2407 2366
f 2371 2370 2387
f 2387 2370 2382
f 2391 2397 2396
f 2396 2397 2395
f 2378 2377 2404
f 2404 2377 2394
f 2360 2378 2361
f 2361 2378 2404
f 2407 2408 2406
f 2406 2408 2409
f 2410 2408 2403
f 2403 2408 2407
f 2411 2410 2402
f 2402 2410 2403
f 2412 2411 2400
f 2400 2411 2402
f 2406 2409 2392
f 2392 2409 2413
f 2392 2413 2393
f 2393 2413 2414
f 2415 2405 2414
f 2414 2405 2393
f 2416 2413 2417
f 2417 2413 2409
f 2419 2420 2418
f 2418 2420 2421
f 2420 2422 2421
f 2421 2422 2423
f 2420 2424 2422
f 2422 2424 2425
f 2426 2427 2424
f 2424 2427 2428
f 2428 2429 2424
f 2424 2429 2425
f 2426 2424 2419
f 2419 2424 2420
f 2419 2418 2431
f 2431 2418 2430
f 2425 2432 2422
f 2422 2432 2423
f 2408 2410 2432
f 2432 2410 2423
f 2423 2410 2433
f 2433 2410 2411
f 2421 2423 2434
f 2434 2423 2433
f 2435 2418 2434
f 2434 2418 2421
f 2429 2417 2425
f 2425 2417 2432
f 2408 2432 2409
f 2409 2432 2417
f 2418 2435 2430
f 2430 2435 2436
f 2438 2435 2437
f 2437 2435 2434
f 2435 2438 2436
f 2436 2438 2439
f 2441 2438 2440
f 2440 2438 2437
f 2442 2443 2437
f 2437 2443 2440
f 2439 2438 2444
f 2444 2438 2441
f 2433 2442 2434
f 2434 2442 2437
f 2412 2442 2411
f 2411 2442 2433
f 2436 2445 2430
f 2430 2445 2446
f 2430 2446 2431
f 2431 2446 2447
f 2417 2429 2448
f 2448 2429 2428
f 2427 2449 2428
f 2428 2449 2448
f 2450 2416 2448
f 2448 2416 2417
f 2451 2450 2449
f 2449 2450 2448
f 2427 2452 2449
f 2449 2452 2453
f 2447 2446 2452
f 2452 2446 2453
f 2454 2412 2399
f 2399 2412 2400
f 2415 2455 2405
f 2405 2455 2398
f 2399 2398 2454
f 2454 2398 2455
f 2454 2455 2443
f 2443 2455 2456
f 2443 2456 2440
f 2440 2456 2457
f 2458 2456 2415
f 2415 2456 2455
f 2443 2442 2454
f 2454 2442 2412
f 2459 2458 2414
f 2414 2458 2415
f 2413 2416 2414
f 2414 2416 2459
f 2459 2416 2460
f 2460 2416 2450
f 2460 2461 2459
f 2459 2461 2458
f 2462 2463 2460
f 2460 2463 2461
f 2461 2457 2458
f 2458 2457 2456
f 2457 2461 2464
f 2464 2461 2463
f 2451 2462 2450
f 2450 2462 2460
f 2462 2451 2465
f 2465 2451 2466
f 2468 2469 2467
f 2467 2469 2465
f 2463 2462 2469
f 2469 2462 2465
f 2465 2466 2467
f 2467 2466 2445
f 2446 2445 2453
f 2453 2445 2466
f 2451 2449 2466
f 2466 2449 2453
f 2464 2441 2457
f 2457 2441 2440
f 2468 2444 2464
f 2464 2444 2441
f 2468 2464 2469
f 2469 2464 2463
f 2467 2439 2468
f 2468 2439 2444
f 2445 2436 2467
f 2467 2436 2439
f 2447 2426 2431
f 2431 2426 2419
f 2427 2426 2452
f 2452 2426 2447
f 2369 2179 2370
f 2370 2179 2178
f 2376 2379 2372
f 2372 2379 2373
f 2389 2381 2388
f 2388 2381 2380
f 2387 2382 2389
f 2389 2382 2381
f 2270 2385 2277
f 2277 2385 2384
f 2379 2388 2373
f 2373 2388 2380
f 2401 2271 2369
f 2369 2271 2179
f 2248 2277 2372
f 2372 2277 2384
f 2401 2390 2385
f 2385 2390 2386
f 2264 2382 2178
f 2178 2382 2370
f 2215 2134 2271
f 2271 2134 2179
f 2005 2000 2199
f 2199 2000 2215
f 2004 2001 2005
f 2005 2001 2000
f 2200 2214 2004
f 2004 2214 2001
f 2470 2471 2473
f 2473 2471 2472
f 2475 2476 2474
f 2474 2476 2477
f 2479 2475 2478
f 2478 2475 2474
f 2481 2482 2480
f 2480 2482 2483
f 2476 2484 2477
f 2477 2484 2485
f 2487 2488 2486
f 2486 2488 2489
f 2133 2490 2058
f 2058 2490 2491
f 2058 2491 2247
f 2247 2491 2492
f 2494 2495 2493
f 2493 2495 2496
f 2476 2483 2484
f 2484 2483 2497
f 2472 2498 2488
f 2488 2498 2489
f 2484 2497 2471
f 2471 2497 2499
f 2500 2479 2496
f 2496 2479 2501
f 2502 2503 2505
f 2505 2503 2504
f 2496 2501 2493
f 2493 2501 2506
f 2479 2478 2501
f 2501 2478 2507
f 2475 2479 2480
f 2480 2479 2500
f 2508 2509 2473
f 2473 2509 2470
f 2509 2510 2470
f 2470 2510 2485
f 2511 2481 2500
f 2500 2481 2480
f 2512 2494 2486
f 2486 2494 2493
f 2485 2484 2470
f 2470 2484 2471
f 2513 2514 2477
f 2477 2514 2474
f 2471 2499 2472
f 2472 2499 2498
f 2476 2475 2483
f 2483 2475 2480
f 2516 2508 2515
f 2515 2508 2473
f 2502 2505 2517
f 2517 2505 2507
f 2504 2487 2505
f 2505 2487 2506
f 2503 2516 2504
f 2504 2516 2515
f 2506 2487 2493
f 2493 2487 2486
f 2517 2507 2518
f 2518 2507 2478
f 2510 2513 2485
f 2485 2513 2477
f 2511 2495 2293
f 2293 2495 2154
f 2514 2518 2474
f 2474 2518 2478
f 2483 2482 2497
f 2497 2482 2492
f 2501 2507 2506
f 2506 2507 2505
f 2488 2487 2515
f 2515 2487 2504
f 2472 2488 2473
f 2473 2488 2515
f 2518 2519 2517
f 2517 2519 2520
f 2521 2519 2514
f 2514 2519 2518
f 2522 2521 2513
f 2513 2521 2514
f 2523 2522 2510
f 2510 2522 2513
f 2517 2520 2502
f 2502 2520 2524
f 2502 2524 2503
f 2503 2524 2525
f 2525 2526 2503
f 2503 2526 2516
f 2527 2524 2528
f 2528 2524 2520
f 2530 2531 2529
f 2529 2531 2532
f 2531 2533 2532
f 2532 2533 2534
f 2531 2535 2533
f 2533 2535 2536
f 2537 2538 2535
f 2535 2538 2539
f 2539 2540 2535
f 2535 2540 2536
f 2537 2535 2530
f 2530 2535 2531
f 2529 2541 2530
f 2530 2541 2542
f 2543 2534 2536
f 2536 2534 2533
f 2519 2521 2543
f 2543 2521 2534
f 2534 2521 2544
f 2544 2521 2522
f 2532 2534 2545
f 2545 2534 2544
f 2529 2532 2546
f 2546 2532 2545
f 2536 2540 2543
f 2543 2540 2528
f 2519 2543 2520
f 2520 2543 2528
f 2541 2529 2547
f 2547 2529 2546
f 2548 2549 2545
f 2545 2549 2546
f 2549 2550 2546
f 2546 2550 2547
f 2551 2552 2548
f 2548 2552 2549
f 2548 2553 2551
f 2551 2553 2554
f 2550 2549 2555
f 2555 2549 2552
f 2545 2544 2548
f 2548 2544 2553
f 2523 2553 2522
f 2522 2553 2544
f 2547 2556 2541
f 2541 2556 2557
f 2541 2557 2542
f 2542 2557 2558
f 2528 2540 2559
f 2559 2540 2539
f 2538 2560 2539
f 2539 2560 2559
f 2561 2527 2559
f 2559 2527 2528
f 2560 2562 2559
f 2559 2562 2561
f 2560 2538 2564
f 2564 2538 2563
f 2558 2557 2563
f 2563 2557 2564
f 2565 2523 2509
f 2509 2523 2510
f 2526 2566 2516
f 2516 2566 2508
f 2509 2508 2565
f 2565 2508 2566
f 2565 2566 2554
f 2554 2566 2567
f 2554 2567 2551
f 2551 2567 2568
f 2569 2567 2526
f 2526 2567 2566
f 2553 2523 2554
f 2554 2523 2565
f 2570 2569 2525
f 2525 2569 2526
f 2524 2527 2525
f 2525 2527 2570
f 2527 2561 2570
f 2570 2561 2571
f 2571 2572 2570
f 2570 2572 2569
f 2573 2574 2571
f 2571 2574 2572
f 2572 2568 2569
f 2569 2568 2567
f 2568 2572 2575
f 2575 2572 2574
f 2562 2573 2561
f 2561 2573 2571
f 2573 2562 2576
f 2576 2562 2577
f 2579 2580 2578
f 2578 2580 2576
f 2574 2573 2580
f 2580 2573 2576
f 2576 2577 2578
f 2578 2577 2556
f 2557 2556 2564
f 2564 2556 2577
f 2562 2560 2577
f 2577 2560 2564
f 2575 2552 2568
f 2568 2552 2551
f 2579 2555 2575
f 2575 2555 2552
f 2579 2575 2580
f 2580 2575 2574
f 2550 2555 2578
f 2578 2555 2579
f 2556 2547 2578
f 2578 2547 2550
f 2558 2537 2542
f 2542 2537 2530
f 2538 2537 2563
f 2563 2537 2558
f 2292 2295 2481
f 2481 2295 2482
f 2486 2489 2512
f 2512 2489 2581
f 2499 2491 2498
f 2498 2491 2490
f 2497 2492 2499
f 2499 2492 2491
f 2155 2154 2494
f 2494 2154 2495
f 2581 2489 2490
f 2490 2489 2498
f 2293 2292 2511
f 2511 2292 2481
f 2191 2155 2512
f 2512 2155 2494
f 2500 2496 2511
f 2511 2496 2495
f 2247 2492 2295
f 2295 2492 2482
f 2583 2584 2582
f 2582 2584 2585
f 2587 2588 2586
f 2586 2588 2589
f 2591 2587 2590
f 2590 2587 2586
f 2593 2594 2592
f 2592 2594 2595
f 2596 2597 2599
f 2599 2597 2598
f 2588 2600 2589
f 2589 2600 2601
f 2602 2603 2605
f 2605 2603 2604
f 2606 2607 2609
f 2609 2607 2608
f 2609 2608 2190
f 2190 2608 2610
f 2611 2612 2614
f 2614 2612 2613
f 2600 2588 2615
f 2615 2588 2595
f 2599 2598 2606
f 2606 2598 2607
f 2584 2616 2604
f 2604 2616 2605
f 2600 2615 2583
f 2583 2615 2617
f 2591 2619 2618
f 2618 2619 2614
f 2621 2622 2620
f 2620 2622 2623
f 2619 2624 2614
f 2614 2624 2611
f 2591 2590 2619
f 2619 2590 2625
f 2587 2591 2592
f 2592 2591 2618
f 2626 2627 2585
f 2585 2627 2582
f 2627 2628 2582
f 2582 2628 2601
f 2629 2593 2618
f 2618 2593 2592
f 2602 2597 2611
f 2611 2597 2612
f 2600 2583 2601
f 2601 2583 2582
f 2630 2631 2589
f 2589 2631 2586
f 2583 2617 2584
f 2584 2617 2616
f 2588 2587 2595
f 2595 2587 2592
f 2633 2626 2632
f 2632 2626 2585
f 2620 2623 2634
f 2634 2623 2625
f 2622 2603 2623
f 2623 2603 2624
f 2621 2633 2622
f 2622 2633 2632
f 2611 2624 2602
f 2602 2624 2603
f 2634 2625 2635
f 2635 2625 2590
f 2628 2630 2601
f 2601 2630 2589
f 2613 2195 2629
f 2629 2195 2194
f 2631 2635 2586
f 2586 2635 2590
f 2595 2594 2615
f 2615 2594 2610
f 2619 2625 2624
f 2624 2625 2623
f 2632 2604 2622
f 2622 2604 2603
f 2585 2584 2632
f 2632 2584 2604
f 2635 2636 2634
f 2634 2636 2637
f 2638 2636 2631
f 2631 2636 2635
f 2639 2638 2630
f 2630 2638 2631
f 2640 2639 2628
f 2628 2639 2630
f 2634 2637 2620
f 2620 2637 2641
f 2620 2641 2621
f 2621 2641 2642
f 2642 2643 2621
f 2621 2643 2633
f 2641 2637 2644
f 2644 2637 2645
f 2646 2647 2649
f 2649 2647 2648
f 2648 2650 2649
f 2649 2650 2651
f 2648 2652 2650
f 2650 2652 2653
f 2652 2654 2656
f 2656 2654 2655
f 2656 2657 2652
f 2652 2657 2653
f 2654 2652 2647
f 2647 2652 2648
f 2647 2646 2659
f 2659 2646 2658
f 2660 2651 2653
f 2653 2651 2650
f 2636 2638 2660
f 2660 2638 2651
f 2651 2638 2661
f 2661 2638 2639
f 2651 2661 2649
f 2649 2661 2662
f 2663 2646 2662
f 2662 2646 2649
f 2653 2657 2660
f 2660 2657 2645
f 2636 2660 2637
f 2637 2660 2645
f 2646 2663 2658
f 2658 2663 2664
f 2665 2666 2662
f 2662 2666 2663
f 2666 2667 2663
f 2663 2667 2664
f 2668 2669 2665
f 2665 2669 2666
f 2665 2670 2668
f 2668 2670 2671
f 2667 2666 2672
f 2672 2666 2669
f 2662 2661 2665
f 2665 2661 2670
f 2640 2670 2639
f 2639 2670 2661
f 2673 2674 2664
f 2664 2674 2658
f 2658 2674 2659
f 2659 2674 2675
f 2645 2657 2676
f 2676 2657 2656
f 2677 2676 2655
f 2655 2676 2656
f 2676 2678 2645
f 2645 2678 2644
f 2677 2679 2676
f 2676 2679 2678
f 2655 2680 2677
f 2677 2680 2681
f 2675 2674 2680
f 2680 2674 2681
f 2682 2640 2627
f 2627 2640 2628
f 2643 2683 2633
f 2633 2683 2626
f 2682 2627 2683
f 2683 2627 2626
f 2683 2684 2682
f 2682 2684 2671
f 2684 2685 2671
f 2671 2685 2668
f 2686 2684 2643
f 2643 2684 2683
f 2670 2640 2671
f 2671 2640 2682
f 2687 2686 2642
f 2642 2686 2643
f 2642 2641 2687
f 2687 2641 2644
f 2687 2644 2688
f 2688 2644 2678
f 2688 2689 2687
f 2687 2689 2686
f 2690 2691 2688
f 2688 2691 2689
f 2689 2685 2686
f 2686 2685 2684
f 2685 2689 2692
f 2692 2689 2691
f 2679 2690 2678
f 2678 2690 2688
f 2690 2679 2693
f 2693 2679 2694
f 2696 2697 2695
f 2695 2697 2693
f 2691 2690 2697
f 2697 2690 2693
f 2693 2694 2695
f 2695 2694 2673
f 2674 2673 2681
f 2681 2673 2694
f 2679 2677 2694
f 2694 2677 2681
f 2685 2692 2668
f 2668 2692 2669
f 2696 2672 2692
f 2692 2672 2669
f 2696 2692 2697
f 2697 2692 2691
f 2695 2667 2696
f 2696 2667 2672
f 2673 2664 2695
f 2695 2664 2667
f 2675 2654 2659
f 2659 2654 2647
f 2655 2654 2680
f 2680 2654 2675
f 2291 2156 2593
f 2593 2156 2594
f 2597 2602 2598
f 2598 2602 2605
f 2616 2617 2607
f 2607 2617 2608
f 2615 2610 2617
f 2617 2610 2608
f 2597 2596 2612
f 2612 2596 2698
f 2598 2605 2607
f 2607 2605 2616
f 2194 2291 2629
f 2629 2291 2593
f 2629 2618 2613
f 2613 2618 2614
f 2190 2610 2156
f 2156 2610 2594
f 2700 2010 2699
f 2699 2010 2086
f 2267 2701 2116
f 2116 2701 2702
f 2116 2702 2117
f 2117 2702 2703
f 2704 2705 2250
f 2250 2705 2254
f 2011 2706 2267
f 2267 2706 2701
f 2699 2086 2707
f 2707 2086 2289
f 2010 2700 2011
f 2011 2700 2706
f 2708 2707 2251
f 2251 2707 2289
f 2703 2704 2117
f 2117 2704 2250
f 2705 2708 2254
f 2254 2708 2251
f 2709 2710 2708
f 2708 2710 2707
f 2711 2709 2705
f 2705 2709 2708
f 2712 2711 2704
f 2704 2711 2705
f 2713 2712 2703
f 2703 2712 2704
f 2707 2710 2699
f 2699 2710 2714
f 2699 2714 2700
f 2700 2714 2715
f 2716 2706 2715
f 2715 2706 2700
f 2714 2710 2717
f 2717 2710 2718
f 2720 2721 2719
f 2719 2721 2722
f 2721 2723 2722
f 2722 2723 2724
f 2721 2725 2723
f 2723 2725 2726
f 2727 2728 2725
f 2725 2728 2726
f 2729 2725 2720
f 2720 2725 2721
f 2731 2729 2730
f 2730 2729 2720
f 2719 2732 2720
f 2720 2732 2730
f 2726 2733 2723
f 2723 2733 2724
f 2709 2711 2733
f 2733 2711 2724
f 2724 2711 2734
f 2734 2711 2712
f 2722 2724 2735
f 2735 2724 2734
f 2719 2722 2736
f 2736 2722 2735
f 2726 2728 2733
f 2733 2728 2718
f 2709 2733 2710
f 2710 2733 2718
f 2732 2719 2737
f 2737 2719 2736
f 2738 2739 2735
f 2735 2739 2736
f 2739 2740 2736
f 2736 2740 2737
f 2741 2742 2738
f 2738 2742 2739
f 2738 2743 2741
f 2741 2743 2744
f 2740 2739 2745
f 2745 2739 2742
f 2735 2734 2738
f 2738 2734 2743
f 2713 2743 2712
f 2712 2743 2734
f 2737 2746 2732
f 2732 2746 2747
f 2732 2747 2730
f 2730 2747 2731
f 2718 2728 2748
f 2748 2728 2727
f 2749 2750 2727
f 2727 2750 2748
f 2748 2751 2718
f 2718 2751 2717
f 2750 2752 2748
f 2748 2752 2751
f 2750 2749 2754
f 2754 2749 2753
f 2731 2747 2753
f 2753 2747 2754
f 2727 2725 2749
f 2749 2725 2729
f 2749 2729 2753
f 2753 2729 2731
f 2702 2755 2703
f 2703 2755 2713
f 2706 2716 2701
f 2701 2716 2756
f 2755 2702 2756
f 2756 2702 2701
f 2756 2757 2755
f 2755 2757 2744
f 2757 2758 2744
f 2744 2758 2741
f 2759 2757 2716
f 2716 2757 2756
f 2743 2713 2744
f 2744 2713 2755
f 2760 2759 2715
f 2715 2759 2716
f 2715 2714 2760
f 2760 2714 2717
f 2760 2717 2761
f 2761 2717 2751
f 2761 2762 2760
f 2760 2762 2759
f 2763 2764 2761
f 2761 2764 2762
f 2762 2758 2759
f 2759 2758 2757
f 2758 2762 2765
f 2765 2762 2764
f 2752 2763 2751
f 2751 2763 2761
f 2763 2752 2766
f 2766 2752 2767
f 2768 2769 2766
f 2766 2769 2770
f 2764 2763 2770
f 2770 2763 2766
f 2766 2767 2768
f 2768 2767 2746
f 2747 2746 2754
f 2754 2746 2767
f 2752 2750 2767
f 2767 2750 2754
f 2758 2765 2741
f 2741 2765 2742
f 2769 2745 2765
f 2765 2745 2742
f 2769 2765 2770
f 2770 2765 2764
f 2768 2740 2769
f 2769 2740 2745
f 2746 2737 2768
f 2768 2737 2740
f 2201 2212 2200
f 2200 2212 2214
f 2201 2202 2212
f 2212 2202 2185
f 2512 2581 2191
f 2191 2581 2192
f 2059 2290 2056
f 2056 2290 2272
f 2174 2199 2294
f 2294 2199 2278
f 2063 2175 2194
f 2194 2175 2291
f 2192 2581 2133
f 2133 2581 2490
f 2133 2132 2192
f 2192 2132 2189
f 2054 2276 2055
f 2055 2276 2138
f 2083 2279 2084
f 2084 2279 2771
f 2771 2279 2599
f 2599 2279 2596
f 2606 2772 2599
f 2599 2772 2771
f 2772 2773 2771
f 2771 2773 2084
f 2773 2774 2084
f 2084 2774 2085
f 2085 2775 2082
f 2082 2775 2144
f 2774 2078 2085
f 2085 2078 2775
f 2078 2774 2079
f 2079 2774 2776
f 2774 2773 2776
f 2776 2773 2777
f 2773 2772 2777
f 2777 2772 2778
f 2190 2189 2609
f 2609 2189 2778
f 2053 2052 2779
f 2779 2052 2181
f 2144 2775 2081
f 2081 2775 2078
f 2294 2153 2174
f 2174 2153 2175
f 2132 2276 2189
f 2189 2276 2778
f 2606 2609 2772
f 2772 2609 2778
f 2195 2613 2698
f 2698 2613 2612
f 2596 2279 2698
f 2698 2279 2195
f 2054 2777 2276
f 2276 2777 2778
f 2777 2054 2776
f 2776 2054 2053
f 2053 2779 2776
f 2776 2779 2079
f 2779 2181 2079
f 2079 2181 2080
f 2181 2239 2080
f 2080 2239 2240
f 2122 2256 2014
f 2042 1982 2076
f 2076 1982 2007
f 1982 1985 2007
f 2007 1985 2008
f 2095 2097 2265
f 2265 2097 2266
f 2076 2050 2042
f 2042 2050 2047
f 2046 2043 2047
f 2047 2043 2042
f 2118 1993 2046
f 2046 1993 2043
f 1995 1994 2118
f 2118 1994 1993
f 2267 1992 2011
f 2011 1992 2012
f 1997 2012 1994
f 1994 2012 1992
f 2226 2013 1997
f 1997 2013 2012
f 2225 2087 2226
f 2226 2087 2013
f 2225 2232 2087
f 2087 2232 2288
f 2232 2070 2288
f 2288 2070 2252
f 2070 2025 2252
f 2252 2025 2253
f 1988 2249 2025
f 2025 2249 2253
f 2116 2115 2267
f 2267 2115 2268
f 2096 1984 2237
f 2237 1984 1991
f 2095 1985 2096
f 2096 1985 1984
f 2265 2008 2095
f 2095 2008 1985
f 2092 2009 2265
f 2265 2009 2008
f 2091 2286 2092
f 2092 2286 2009
f 2255 2238 2091
f 2091 2238 2286
f 2256 2239 2255
f 2255 2239 2238
f 2122 2240 2256
f 2256 2240 2239
f 2121 2241 2122
f 2122 2241 2240
f 2022 2018 2097
f 2097 2018 2266
f 2022 2024 2018
f 2018 2024 2019
f 2024 2072 2019
f 2019 2072 2073
f 2072 2228 2073
f 2073 2228 2230
f 2228 2184 2230
f 2230 2184 2183
f 2121 2285 2241
f 2241 2285 2258
f 2285 2036 2258
f 2258 2036 2257
f 2177 2145 2193
f 2193 2145 2257
f 2173 2193 2196
f 2196 2193 2037
f 2036 2037 2257
f 2257 2037 2193
f 2196 2037 2066
f 2066 2037 2035
f 2061 2108 2034
f 2034 2108 2067
f 2108 2208 2067
f 2067 2208 2204
f 2208 2210 2204
f 2204 2210 2203
f 2210 2280 2203
f 2203 2280 2186
f 2183 2186 2235
f 2235 2186 2280
f 1987 2114 1988
f 1988 2114 2249
f 2237 2115 1987
f 1987 2115 2114
f 1991 2268 2237
f 2237 2268 2115
f 1991 1990 2268
f 2268 1990 1992
f 107 110 2781
f 2781 110 2780
f 117 2782 118
f 118 2782 2783
f 119 2784 120
f 120 2784 2785
f 125 2786 126
f 126 2786 2787
f 127 2788 128
f 128 2788 2789
f 127 132 2788
f 2788 132 2790
f 231 230 2792
f 2792 230 2791
f 118 2783 119
f 119 2783 2784
f 241 243 2794
f 2794 243 2793
f 2781 2795 107
f 107 2795 352
f 120 2785 437
f 437 2785 2796
f 126 2787 110
f 110 2787 2780
f 455 2797 456
f 456 2797 2798
f 128 2789 457
f 457 2789 2799
f 456 2798 117
f 117 2798 2782
f 2794 2797 241
f 241 2797 455
f 457 2799 125
f 125 2799 2786
f 132 231 2790
f 2790 231 2792
f 230 437 2791
f 2791 437 2796
f 2792 2789 2790
f 2790 2789 2788
f 2785 2784 2801
f 2801 2784 2800
f 2786 2802 2787
f 2787 2802 2803
f 2792 2791 2805
f 2805 2791 2804
f 2784 2783 2800
f 2800 2783 2806
f 2785 2801 2796
f 2796 2801 2807
f 2787 2803 2780
f 2780 2803 2808
f 2789 2809 2799
f 2799 2809 2810
f 2799 2810 2786
f 2786 2810 2802
f 2791 2796 2804
f 2804 2796 2807
f 2789 2792 2809
f 2809 2792 2805
f 2812 2797 2811
f 2811 2797 2794
f 2809 2805 2810
f 2810 2805 2804
f 2810 2804 2802
f 2802 2804 2807
f 2802 2807 2803
f 2803 2807 2801
f 2808 2803 2800
f 2800 2803 2801
f 2814 699 2813
f 2813 699 698
f 2808 2815 2780
f 2780 2815 2781
f 2817 2782 2816
f 2816 2782 2798
f 2815 2818 2781
f 2781 2818 2795
f 2797 2812 2798
f 2798 2812 2816
f 2783 2782 2806
f 2806 2782 2817
f 2800 2806 2808
f 2808 2806 2815
f 2794 2793 2811
f 2811 2793 2819
f 174 201 384
f 384 201 362
f 200 1766 390
f 390 1766 1777
f 1777 1778 390
f 390 1778 398
f 1778 361 398
f 398 361 222
f 2820 2821 628
f 628 2821 629
f 1406 2820 790
f 790 2820 628
f 794 1415 1233
f 1233 1415 1234
f 1406 790 1407
f 1407 790 1312
f 1407 1312 2822
f 2822 1312 1316
f 2823 1380 1543
f 1543 1380 1379
f 1385 1738 1382
f 1382 1738 1383
f 1381 791 1382
f 1382 791 1386
f 791 794 1386
f 1386 794 1233
f 1259 1390 1260
f 1260 1390 1389
f 1905 1542 1394
f 1394 1542 1395
f 1410 1413 1397
f 1397 1413 1398
f 2821 1410 629
f 629 1410 1397
f 2823 2822 1380
f 1380 2822 1316
f 1392 1395 1378
f 1378 1395 1379
f 1738 1399 1383
f 1383 1399 1398
f 1388 1235 1389
f 1389 1235 1234
f 1393 1391 1394
f 1394 1391 1390
f 1381 1384 779
f 779 1384 780
f 1282 788 792
f 792 788 793
f 1431 1262 1432
f 1432 1262 1261
f 1400 1342 1408
f 1408 1342 1409
f 1508 1544 1411
f 1411 1544 1412
f 788 787 793
f 793 787 1414
f 2821 2820 1429
f 1429 2820 1430
f 2822 2823 1506
f 1506 2823 1507
f 778 1282 779
f 779 1282 792
f 2820 1406 1430
f 1430 1406 1409
f 1410 2821 1411
f 1411 2821 1429
f 1407 2822 1408
f 1408 2822 1506
f 1544 781 1412
f 1412 781 780
f 1260 1415 1261
f 1261 1415 1414
f 1334 2824 923
f 923 2824 924
f 2826 1268 2825
f 2825 1268 1267
f 769 1212 2827
f 2827 1212 2828
f 1492 1190 1266
f 1266 1190 1267
f 1488 2829 1489
f 1489 2829 2830
f 922 1329 923
f 923 1329 1328
f 1484 2831 1485
f 1485 2831 2832
f 1482 2833 1485
f 1485 2833 1486
f 1324 1493 1489
f 1489 1493 1490
f 1265 1491 1266
f 1266 1491 1490
f 2835 2836 2834
f 2834 2836 2837
f 1250 2838 2827
f 2827 2838 2839
f 1488 1491 2840
f 2840 1491 2841
f 1268 2826 2842
f 2842 2826 2843
f 2844 2845 1495
f 1495 2845 1496
f 1427 2847 2846
f 2846 2847 926
f 2829 1488 2848
f 2848 1488 2840
f 1329 922 2849
f 2849 922 927
f 2850 2851 768
f 768 2851 1213
f 1265 1268 2852
f 2852 1268 2842
f 1491 1265 2841
f 2841 1265 2852
f 2854 2855 2853
f 2853 2855 2856
f 2855 2857 2856
f 2856 2857 598
f 2857 2858 598
f 598 2858 595
f 2858 2859 595
f 595 2859 626
f 649 652 2860
f 2860 652 2861
f 639 642 2862
f 2862 642 2863
f 2864 705 2862
f 2862 705 639
f 2865 1418 2864
f 2864 1418 705
f 2866 2867 2865
f 2865 2867 1418
f 1760 1348 1761
f 1761 1348 2867
f 1764 2868 1197
f 1197 2868 1198
f 2869 611 2868
f 2868 611 1198
f 2870 612 2869
f 2869 612 611
f 1352 1350 944
f 944 1350 688
f 1350 1256 688
f 688 1256 685
f 1256 1255 685
f 685 1255 692
f 1255 2871 692
f 692 2871 2872
f 701 2873 698
f 698 2873 2813
f 2872 1349 692
f 692 1349 693
f 1696 1744 1574
f 1574 1744 1575
f 1753 1618 1577
f 1577 1618 1578
f 1729 1594 1608
f 1608 1594 1609
f 1725 1630 1611
f 1611 1630 1612
f 1604 1607 1625
f 1625 1607 1626
f 1624 1703 1625
f 1625 1703 1912
f 1703 1702 1912
f 1912 1702 1913
f 1702 1753 1913
f 1913 1753 1577
f 1598 1569 1915
f 1915 1569 1578
f 1616 1615 1915
f 1915 1615 1916
f 1615 1696 1916
f 1916 1696 1574
f 1744 1745 1575
f 1575 1745 1917
f 1745 1565 1917
f 1917 1565 1609
f 1568 1725 1608
f 1608 1725 1611
f 2874 1613 1918
f 1918 1613 1612
f 1607 2874 1626
f 1626 2874 1918
f 1610 1613 1562
f 1562 1613 1563
f 1547 1550 1570
f 1570 1550 1571
f 1573 1576 1580
f 1580 1576 1581
f 1553 1556 1595
f 1595 1556 1596
f 1556 1582 1596
f 1596 1582 1581
f 1551 1547 1599
f 1599 1547 1570
f 1731 1914 1601
f 1601 1914 1602
f 1686 1689 1605
f 1605 1689 1606
f 1598 1743 1599
f 1599 1743 1692
f 2874 1607 1723
f 1723 1607 1606
f 1727 1553 1730
f 1730 1553 1595
f 1600 1686 1601
f 1601 1686 1605
f 1914 1572 1602
f 1602 1572 1571
f 1579 1693 1580
f 1580 1693 1692
f 1613 2874 1563
f 1563 2874 1723
f 1561 1727 1562
f 1562 1727 1730
f 1949 1742 1548
f 1548 1742 1549
f 1694 1949 1552
f 1552 1949 1548
f 1954 1589 1554
f 1554 1589 1555
f 1693 1579 1558
f 1558 1579 1559
f 1561 1564 1584
f 1584 1564 1585
f 1582 1556 1588
f 1588 1556 1555
f 1600 1603 1591
f 1591 1603 1592
f 1981 1977 1687
f 1687 1977 1688
f 1564 1722 1585
f 1585 1722 1690
f 1551 1693 1552
f 1552 1693 1558
f 1751 1954 1728
f 1728 1954 1554
f 1590 1981 1591
f 1591 1981 1687
f 1603 1550 1592
f 1592 1550 1549
f 1977 1691 1688
f 1688 1691 1690
f 1587 1560 1588
f 1588 1560 1559
f 1727 1561 1728
f 1728 1561 1584
f 2875 1919 1947
f 1947 1919 1948
f 1557 1560 1952
f 1952 1560 1953
f 1933 1932 1955
f 1955 1932 1956
f 1587 1589 1958
f 1958 1589 1956
f 1959 1933 1965
f 1965 1933 1955
f 1961 1964 1966
f 1966 1964 1967
f 1981 1590 1969
f 1969 1590 1967
f 1742 1949 1972
f 1972 1949 1948
f 1593 1742 1966
f 1966 1742 1972
f 1957 1950 1958
f 1958 1950 1953
f 1583 1586 1974
f 1974 1586 1975
f 1940 1943 1978
f 1978 1943 1979
f 1943 1976 1979
f 1979 1976 1975
f 1951 2875 1952
f 1952 2875 1947
f 1968 1940 1969
f 1969 1940 1978
f 1973 1959 1974
f 1974 1959 1965
f 1923 1971 1920
f 1920 1971 1921
f 1919 2875 1920
f 1920 2875 1924
f 2875 1951 1924
f 1924 1951 1926
f 1950 1957 1929
f 1929 1957 1930
f 2244 2243 1934
f 1934 2243 1935
f 1973 1976 1937
f 1937 1976 1938
f 1944 1980 1941
f 1941 1980 1942
f 1940 1968 1941
f 1941 1968 1945
f 2287 2244 1960
f 1960 2244 1934
f 1970 2245 1962
f 1962 2245 1963
f 2243 1931 1935
f 1935 1931 1930
f 1927 1926 1928
f 1928 1926 1929
f 1961 1922 1962
f 1962 1922 1921
f 2245 1946 1963
f 1963 1946 1945
f 1976 1943 1938
f 1938 1943 1942
f 1936 2287 1937
f 1937 2287 1960
f 743 1238 608
f 608 1238 609
f 607 1811 608
f 608 1811 744
f 1304 2876 1305
f 1305 2876 2877
f 586 585 1298
f 1298 585 1299
f 585 702 1299
f 1299 702 1300
f 702 1428 1300
f 1300 1428 1301
f 1238 586 609
f 609 586 1298
f 2878 2879 1218
f 1218 2879 2877
f 2880 2881 1812
f 1812 2881 1819
f 2883 1821 2882
f 2882 1821 1820
f 2840 2841 620
f 620 2841 621
f 2842 2843 795
f 795 2843 796
f 892 895 2844
f 2844 895 2845
f 2848 2840 942
f 942 2840 620
f 2849 927 1202
f 1202 927 1203
f 2852 2842 1270
f 1270 2842 795
f 2841 2852 621
f 621 2852 1270
f 941 1759 942
f 942 1759 2884
f 659 929 1427
f 1427 929 2847
f 1237 2851 751
f 751 2851 2850
f 1216 2885 1217
f 1217 2885 1754
f 2887 734 2886
f 2886 734 733
f 2889 1816 2888
f 2888 1816 1815
f 2890 1245 2889
f 2889 1245 1816
f 1824 2891 1825
f 1825 2891 1246
f 2892 2893 2895
f 2895 2893 2894
f 1854 1833 1851
f 1851 1833 1832
f 1851 1832 1884
f 1884 1832 1876
f 1884 1876 1441
f 1441 1876 1443
f 1441 1443 1442
f 1442 1443 1446
f 1442 1446 2896
f 2896 1446 1507
f 2897 2823 2898
f 2898 2823 1543
f 1542 2899 1543
f 1543 2899 2898
f 1542 1905 2899
f 2899 1905 2900
f 1905 1259 2900
f 2900 1259 2901
f 1262 1431 2902
f 2902 1431 1904
f 1431 1434 1904
f 1904 1434 1902
f 1902 1434 2903
f 2903 1434 719
f 2903 719 2904
f 2904 719 718
f 1869 1881 718
f 718 1881 2904
f 1881 1869 1880
f 1880 1869 756
f 1880 756 2905
f 2905 756 755
f 2905 755 2906
f 2906 755 758
f 762 2907 763
f 763 2907 2908
f 724 723 2909
f 2909 723 894
f 796 895 723
f 723 895 894
f 2843 2845 796
f 796 2845 895
f 2826 1496 2843
f 2843 1496 2845
f 2825 1497 2826
f 2826 1497 1496
f 1189 2836 2825
f 2825 2836 1497
f 797 891 798
f 798 891 2837
f 802 888 797
f 797 888 891
f 2910 2911 2913
f 2913 2911 2912
f 1780 1783 2915
f 2915 1783 2914
f 2916 2917 831
f 831 2917 832
f 2918 2919 845
f 845 2919 846
f 2920 2916 847
f 847 2916 831
f 2921 2922 857
f 857 2922 858
f 2923 2924 860
f 860 2924 861
f 2919 2912 846
f 846 2912 887
f 2925 2920 940
f 940 2920 847
f 2924 2926 861
f 861 2926 1204
f 2917 2918 832
f 832 2918 845
f 2927 2928 1449
f 1449 2928 1450
f 2929 2930 889
f 889 2930 2931
f 2896 1507 2897
f 2897 1507 2823
f 2902 2901 1262
f 1262 2901 1259
f 2932 2933 750
f 750 2933 1236
f 2933 2934 1236
f 1236 2934 1835
f 2936 2937 2935
f 2935 2937 2938
f 2940 2941 2939
f 2939 2941 2942
f 2943 2944 1841
f 1841 2944 1842
f 2945 1860 2944
f 2944 1860 1842
f 2945 2946 1860
f 1860 2946 1859
f 1889 2947 1890
f 1890 2947 1856
f 1856 2947 1857
f 1857 2947 2948
f 2950 709 2949
f 2949 709 1829
f 2952 730 2951
f 2951 730 729
f 2866 2953 2867
f 2867 2953 1761
f 2953 2954 1761
f 1761 2954 1420
f 2954 2955 1420
f 1420 2955 742
f 2955 2956 742
f 742 2956 739
f 2956 2957 739
f 739 2957 760
f 2957 2958 760
f 760 2958 761
f 2958 2959 761
f 761 2959 2960
f 2959 2961 2960
f 2960 2961 2962
f 2963 2964 1839
f 1839 2964 1840
f 2964 2965 1840
f 1840 2965 2942
f 2966 2950 2939
f 2939 2950 2949
f 2935 2967 2936
f 2936 2967 2968
f 2969 2970 736
f 736 2970 735
f 734 2887 1815
f 1815 2887 2888
f 2887 2882 2888
f 2888 2882 2881
f 1819 1820 1817
f 1817 1820 748
f 1195 1757 1197
f 1197 1757 1424
f 1757 647 1424
f 1424 647 646
f 647 648 646
f 646 648 643
f 648 1271 643
f 643 1271 737
f 1271 725 737
f 737 725 765
f 725 724 765
f 765 724 762
f 762 724 2907
f 2907 724 2909
f 1254 1437 2909
f 2909 1437 2907
f 1438 1253 1836
f 1836 1253 1835
f 1836 1835 2938
f 2938 1835 2934
f 2971 2972 2935
f 2935 2972 2967
f 897 896 2969
f 2969 896 2970
f 1815 1814 734
f 734 1814 731
f 728 1215 896
f 896 1215 732
f 2885 1216 733
f 733 1216 2886
f 1216 1219 2886
f 2886 1219 2883
f 2876 1304 1821
f 1821 1304 749
f 1304 1303 749
f 749 1303 746
f 1818 2973 1817
f 1817 2973 1810
f 747 2974 1818
f 1818 2974 2973
f 747 746 2974
f 2974 746 1303
f 2976 2977 2975
f 2975 2977 2978
f 2976 2979 2901
f 2901 2979 2900
f 2980 2981 2982
f 2982 2981 2979
f 2981 2980 2983
f 2983 2980 2984
f 2985 2897 2983
f 2983 2897 2898
f 2987 2988 2986
f 2986 2988 2985
f 2896 2988 1442
f 1442 2988 1439
f 1903 2977 1904
f 1904 2977 2902
f 1856 1855 1890
f 1890 1855 2989
f 2989 2990 1890
f 1890 2990 1359
f 2990 2991 1359
f 1359 2991 1356
f 2946 2992 1859
f 1859 2992 1893
f 2992 2993 1893
f 1893 2993 775
f 2993 2994 775
f 775 2994 776
f 2986 1356 2987
f 2987 1356 2991
f 2975 2978 776
f 776 2978 777
f 2982 2994 2980
f 2980 2994 2995
f 1357 2984 2995
f 2995 2984 2980
f 2995 2996 1357
f 1357 2996 1358
f 2996 2997 1358
f 1358 2997 1889
f 2998 2999 2932
f 2932 2999 2933
f 2999 2971 2933
f 2933 2971 2934
f 1837 1836 2937
f 2937 1836 2938
f 2943 1841 2941
f 2941 1841 1838
f 3001 2944 3000
f 3000 2944 2943
f 3001 3002 2944
f 2944 3002 2945
f 3002 3003 2945
f 2945 3003 2946
f 2997 3003 1889
f 1889 3003 2947
f 2947 3003 2948
f 2948 3003 3002
f 3001 3004 3002
f 3002 3004 2948
f 3000 3005 3001
f 3001 3005 3004
f 2940 3006 3000
f 3000 3006 3005
f 2999 3007 2971
f 2971 3007 2972
f 2998 2951 2999
f 2999 2951 3007
f 3008 2952 2998
f 2998 2952 2951
f 2966 2965 2936
f 2936 2965 2937
f 2935 2938 2971
f 2971 2938 2934
f 3003 2997 2946
f 2946 2997 2992
f 2997 2996 2992
f 2992 2996 2993
f 2996 2995 2993
f 2993 2995 2994
f 1356 2986 1357
f 1357 2986 2984
f 2982 2975 2994
f 2994 2975 776
f 1844 1843 1899
f 1899 1843 3009
f 1843 638 3009
f 3009 638 3010
f 638 637 3010
f 3010 637 3011
f 637 1830 3011
f 3011 1830 3012
f 1830 1833 3012
f 3012 1833 2894
f 1833 1854 2894
f 2894 1854 2895
f 1854 1853 2895
f 2895 1853 1888
f 1858 1857 1885
f 1885 1857 1892
f 1899 3009 1898
f 1898 3009 1874
f 3009 3010 1874
f 1874 3010 1865
f 3010 3011 1865
f 1865 3011 1862
f 3011 3012 1862
f 1862 3012 1882
f 3012 2894 1882
f 1882 2894 2893
f 1850 2890 782
f 782 2890 2889
f 783 2880 1811
f 1811 2880 1812
f 744 1810 745
f 745 1810 2973
f 745 2973 805
f 805 2973 806
f 2973 2974 806
f 806 2974 815
f 1303 812 2974
f 2974 812 815
f 1303 1302 812
f 812 1302 1221
f 1307 3013 1302
f 1302 3013 1221
f 1734 3014 1633
f 1633 3014 1634
f 1646 1649 1636
f 1636 1649 1637
f 1654 1657 1641
f 1641 1657 1642
f 1639 1736 1636
f 1636 1736 1684
f 1716 1713 1698
f 1698 1713 1699
f 1718 1721 1705
f 1705 1721 1706
f 1653 1654 1709
f 1709 1654 1641
f 1620 1623 1714
f 1714 1623 1699
f 1712 1682 1714
f 1714 1682 1740
f 1668 1671 1746
f 1746 1671 1747
f 1752 1650 1749
f 1749 1650 1750
f 1750 1650 1709
f 1709 1650 1653
f 1632 1668 1633
f 1633 1668 1746
f 1649 1752 1637
f 1637 1752 1749
f 1682 1643 1740
f 1740 1643 1642
f 3014 1685 1634
f 1634 1685 1684
f 1704 1748 1705
f 1705 1748 1747
f 1697 1707 1698
f 1698 1707 1706
f 1739 1701 1621
f 1621 1701 1622
f 1567 1566 1647
f 1647 1566 1648
f 1664 1695 1651
f 1651 1695 1652
f 1614 1617 1655
f 1655 1617 1656
f 1704 1707 1659
f 1659 1707 1660
f 3014 1734 1662
f 1662 1734 1663
f 1650 1752 1651
f 1651 1752 1665
f 1741 1657 1667
f 1667 1657 1656
f 1695 1614 1652
f 1652 1614 1655
f 1724 1567 1726
f 1726 1567 1647
f 1645 1628 1733
f 1733 1628 1663
f 1685 3014 1726
f 1726 3014 1662
f 1620 1741 1621
f 1621 1741 1667
f 1566 1666 1648
f 1648 1666 1665
f 1658 1737 1659
f 1659 1737 1901
f 1911 1661 1910
f 1910 1661 1660
f 1701 1911 1622
f 1622 1911 1910
f 1732 1748 1733
f 1733 1748 1901
f 1857 2948 1892
f 1892 2948 3004
f 1892 3004 1891
f 1891 3004 3005
f 1828 3006 1829
f 1829 3006 2949
f 2967 736 2968
f 2968 736 710
f 2972 2969 2967
f 2967 2969 736
f 2969 2972 897
f 897 2972 3007
f 897 3007 729
f 729 3007 2951
f 3016 753 3015
f 3015 753 752
f 3018 767 3017
f 3017 767 766
f 3019 3020 1249
f 1249 3020 3021
f 2915 2914 3019
f 3019 2914 3020
f 3023 2914 3022
f 3022 2914 1783
f 2827 2839 769
f 769 2839 766
f 3025 2838 3024
f 3024 2838 3021
f 768 767 2850
f 2850 767 3026
f 2850 3026 751
f 751 3026 752
f 750 753 2932
f 2932 753 3027
f 3008 2998 3027
f 3027 2998 2932
f 3028 3029 3008
f 3008 3029 2952
f 3029 3030 2952
f 2952 3030 730
f 3032 3033 3031
f 3031 3033 3034
f 3036 3037 3035
f 3035 3037 3038
f 2870 3039 612
f 612 3039 3040
f 3041 3042 3031
f 3031 3042 3038
f 3034 1352 3043
f 3043 1352 944
f 612 3040 613
f 613 3040 3044
f 613 3044 1425
f 1425 3044 1422
f 3045 3042 669
f 669 3042 670
f 3041 3043 599
f 599 3043 600
f 772 771 1544
f 1544 771 781
f 1503 771 1866
f 1866 771 770
f 771 1503 781
f 781 1503 778
f 61 281 416
f 416 281 1907
f 283 103 3046
f 3046 103 3047
f 76 79 3048
f 3048 79 3049
f 280 76 1906
f 1906 76 3048
f 3051 335 3050
f 3050 335 334
f 3053 417 3052
f 3052 417 416
f 3055 435 3054
f 3054 435 434
f 428 435 419
f 419 435 1908
f 420 1909 293
f 293 1909 443
f 79 294 3049
f 3049 294 444
f 3057 444 3056
f 3056 444 443
f 3051 3058 335
f 335 3058 452
f 216 215 1332
f 1332 215 452
f 308 283 462
f 462 283 3046
f 3050 334 3059
f 3059 334 462
f 103 62 3047
f 3047 62 417
f 313 312 434
f 434 312 463
f 3061 574 3060
f 3060 574 573
f 1310 3062 1428
f 1428 3062 3063
f 1258 3064 1255
f 1255 3064 2871
f 932 3065 2853
f 2853 3065 3066
f 699 2814 931
f 931 2814 3067
f 3068 1301 3063
f 3063 1301 1428
f 571 574 1310
f 1310 574 3062
f 3060 573 3069
f 3069 573 1332
f 3070 3071 1906
f 1906 3071 1907
f 3072 3073 1908
f 1908 3073 1909
f 3075 2814 3074
f 3074 2814 2813
f 2854 3076 1258
f 1258 3076 3064
f 2871 3077 2872
f 2872 3077 3078
f 3074 2813 3079
f 3079 2813 2873
f 2872 3078 1349
f 1349 3078 3080
f 2873 701 3068
f 3068 701 1301
f 1330 1201 3080
f 3080 1201 1349
f 1264 1263 3081
f 3081 1263 3082
f 3083 3084 3082
f 3082 3084 3081
f 811 1448 3086
f 3086 1448 3085
f 808 811 3087
f 3087 811 3086
f 3088 3083 833
f 833 3083 3082
f 884 3089 885
f 885 3089 3090
f 3087 1790 808
f 808 1790 816
f 1790 3087 1787
f 1787 3087 3091
f 3092 3091 3086
f 3086 3091 3087
f 3093 3094 3084
f 3084 3094 3095
f 3089 3096 3090
f 3090 3096 3088
f 3097 3093 3083
f 3083 3093 3084
f 3099 3100 3098
f 3098 3100 1786
f 3101 1788 2913
f 2913 1788 3102
f 838 837 885
f 885 837 886
f 886 837 3103
f 3103 837 1541
f 3094 3093 3104
f 3104 3093 3097
f 3105 3106 3089
f 3089 3106 3096
f 3108 3109 3107
f 3107 3109 3110
f 3111 3112 3091
f 3091 3112 1787
f 3114 3108 3113
f 3113 3108 3107
f 3114 3115 3112
f 3112 3115 3102
f 3091 3092 3111
f 3111 3092 3116
f 839 838 835
f 835 838 836
f 885 3090 838
f 838 3090 836
f 3110 3117 1247
f 1247 3117 3118
f 1247 3118 1248
f 1248 3118 3119
f 3120 3121 3119
f 3119 3121 1248
f 1247 844 3110
f 3110 844 3107
f 844 843 3107
f 3107 843 3113
f 843 3099 3113
f 3113 3099 3122
f 1781 3123 3098
f 3098 3123 3124
f 2915 2931 1780
f 1780 2931 2930
f 3019 3125 2915
f 2915 3125 2931
f 890 3125 2834
f 2834 3125 1252
f 3125 3019 1252
f 1252 3019 1249
f 907 908 946
f 946 908 947
f 1185 1188 1369
f 1369 1188 948
f 954 957 951
f 951 957 952
f 910 965 953
f 953 965 950
f 905 958 960
f 960 958 961
f 3126 978 949
f 949 978 962
f 936 935 967
f 967 935 968
f 994 993 969
f 969 993 966
f 902 904 971
f 971 904 972
f 983 985 973
f 973 985 970
f 906 905 974
f 974 905 960
f 977 981 959
f 959 981 975
f 911 910 1143
f 1143 910 953
f 952 957 1142
f 1142 957 1145
f 911 1143 1366
f 1366 1143 1368
f 1185 1369 1145
f 1145 1369 1142
f 993 1519 966
f 966 1519 1456
f 965 1454 950
f 950 1454 1457
f 900 899 1459
f 1459 899 1460
f 988 991 1461
f 1461 991 1458
f 899 963 1460
f 1460 963 1462
f 985 987 970
f 970 987 1463
f 904 906 972
f 972 906 974
f 981 983 975
f 975 983 973
f 935 900 968
f 968 900 1459
f 991 994 1458
f 1458 994 969
f 1154 1526 1088
f 1088 1526 1089
f 1109 1112 1092
f 1092 1112 1093
f 1083 1098 1084
f 1084 1098 1097
f 1078 1471 1100
f 1100 1471 1101
f 1075 1078 1104
f 1104 1078 1100
f 1152 1154 1156
f 1156 1154 1088
f 1156 1155 1372
f 1372 1155 1373
f 1372 1373 1104
f 1104 1373 1075
f 1467 1109 1465
f 1465 1109 1092
f 1465 1182 1468
f 1468 1182 1184
f 1474 1470 1096
f 1096 1470 1097
f 1102 1101 1083
f 1083 1101 1098
f 1112 1531 1093
f 1093 1531 1529
f 1102 1073 1099
f 1099 1073 1072
f 1526 1154 1079
f 1079 1154 1080
f 1081 1091 1082
f 1082 1091 1094
f 1069 1068 1085
f 1085 1068 1086
f 1153 1151 1080
f 1080 1151 1058
f 1371 1177 1179
f 1179 1177 1176
f 1099 1072 1103
f 1103 1072 1176
f 1068 1071 1086
f 1086 1071 1073
f 1085 1084 1180
f 1180 1084 1469
f 1066 1065 1183
f 1183 1065 1181
f 1153 1152 1177
f 1177 1152 1178
f 1091 1081 1182
f 1182 1081 1183
f 1057 1525 1079
f 1079 1525 1527
f 1120 1117 1076
f 1076 1117 1077
f 1087 1090 1107
f 1107 1090 1108
f 1127 1126 1110
f 1110 1126 1111
f 1095 1116 1096
f 1096 1116 1115
f 1471 1078 1119
f 1119 1078 1077
f 1087 1107 1155
f 1155 1107 1158
f 1376 1374 1157
f 1157 1374 1158
f 1076 1075 1374
f 1374 1075 1373
f 1109 1467 1110
f 1110 1467 1472
f 1467 1466 1472
f 1472 1466 1473
f 1135 1475 1114
f 1114 1475 1115
f 1471 1119 1095
f 1095 1119 1116
f 1126 1532 1111
f 1111 1532 1530
f 914 1276 1480
f 1480 1276 1517
f 3127 3128 1223
f 1223 3128 1224
f 824 933 1455
f 1455 933 3129
f 3131 1448 3130
f 3130 1448 1447
f 3132 3133 1452
f 1452 3133 1453
f 3130 1447 1322
f 1322 1447 1455
f 933 1514 3129
f 3129 1514 3134
f 1161 3135 1480
f 1480 3135 1481
f 3128 3136 1224
f 1224 3136 1499
f 3133 1162 1453
f 1453 1162 1517
f 1515 3127 1535
f 1535 3127 1223
f 3095 3085 3131
f 3131 3085 1448
f 3137 3092 3085
f 3085 3092 3086
f 3138 3116 3137
f 3137 3116 3092
f 3110 3109 3117
f 3117 3109 3139
f 3105 3140 3117
f 3117 3140 3118
f 3140 3141 3118
f 3118 3141 3119
f 3142 3120 3141
f 3141 3120 3119
f 1498 3143 1277
f 1277 3143 882
f 3144 3145 1340
f 1340 3145 1339
f 1340 3146 3144
f 3144 3146 3147
f 3145 3144 3143
f 3143 3144 3148
f 871 901 872
f 872 901 1362
f 3149 3148 3147
f 3147 3148 3144
f 1208 3150 1209
f 3098 1786 1781
f 1781 1786 1782
f 2930 2929 3123
f 3123 2929 2911
f 1794 1791 2916
f 2916 1791 2917
f 1793 3101 2918
f 2918 3101 2919
f 1796 1794 2920
f 2920 1794 2916
f 3151 3152 2921
f 2921 3152 2922
f 3153 3154 2923
f 2923 3154 2924
f 2919 3101 2912
f 2912 3101 2913
f 3155 1796 2925
f 2925 1796 2920
f 3154 3156 2924
f 2924 3156 2926
f 1791 1793 2917
f 2917 1793 2918
f 3157 3158 2927
f 2927 3158 2928
f 1780 2930 1781
f 1781 2930 3123
f 2825 1267 1189
f 1189 1267 1190
f 2827 2828 1250
f 1250 2828 1251
f 1489 2830 1324
f 1324 2830 1325
f 923 1328 1334
f 1334 1328 1335
f 1485 2832 1482
f 1482 2832 1483
f 1266 1490 1492
f 1492 1490 1493
f 1333 1346 1334
f 1334 1346 2824
f 722 799 1492
f 1492 799 1190
f 664 657 1482
f 1482 657 2833
f 631 634 1324
f 1324 634 1493
f 2828 1494 1251
f 1251 1494 2835
f 1249 3021 1250
f 1250 3021 2838
f 798 2837 1189
f 1189 2837 2836
f 3100 842 3160
f 3160 842 3159
f 1788 3101 1789
f 1789 3101 1793
f 1792 816 1789
f 1789 816 1790
f 817 816 1795
f 1795 816 1792
f 938 817 1797
f 1797 817 1795
f 1796 3155 1797
f 1797 3155 1798
f 3155 3158 1798
f 1798 3158 1799
f 3157 3152 1801
f 1801 3152 1802
f 3151 3156 1803
f 1803 3156 1804
f 3154 3153 1805
f 1805 3153 1806
f 3153 3161 1806
f 1806 3161 1807
f 3099 843 3100
f 3100 843 842
f 1788 1787 3102
f 3102 1787 3112
f 2910 3115 3124
f 3124 3115 3122
f 3099 3098 3122
f 3122 3098 3124
f 416 1907 3052
f 3052 1907 3071
f 3046 3047 3163
f 3163 3047 3162
f 249 445 259
f 259 445 3164
f 425 3165 424
f 424 3165 461
f 408 410 329
f 329 410 330
f 39 331 40
f 40 331 332
f 305 304 423
f 423 304 464
f 385 254 458
f 458 254 392
f 250 415 251
f 251 415 412
f 233 337 234
f 234 337 3166
f 435 3055 1908
f 1908 3055 3072
f 443 1909 3056
f 3056 1909 3073
f 3167 3049 3057
f 3057 3049 444
f 452 3058 1332
f 1332 3058 3069
f 234 3166 346
f 346 3166 411
f 3046 3163 462
f 462 3163 3059
f 259 3164 260
f 260 3164 336
f 3047 417 3162
f 3162 417 3053
f 463 3168 434
f 434 3168 3054
f 454 830 425
f 425 830 3165
f 3062 3169 3063
f 3063 3169 3170
f 1355 1354 1534
f 1534 1354 3171
f 3063 3170 3068
f 3068 3170 3172
f 574 3061 3062
f 3062 3061 3169
f 1534 3171 1535
f 1535 3171 3173
f 3079 2873 3172
f 3172 2873 3068
f 2838 3025 2839
f 2839 3025 3174
f 3176 3177 3175
f 3175 3177 3178
f 3180 1125 3179
f 3179 1125 1128
f 3182 3183 3181
f 3181 3183 3184
f 1134 3185 1130
f 1130 3185 3182
f 3186 3187 3189
f 3189 3187 3188
f 3191 3189 3190
f 3190 3189 3188
f 1137 1122 3190
f 3190 1122 3192
f 3175 3178 3193
f 3193 3178 3194
f 3181 3184 3179
f 3179 3184 3195
f 3197 3198 3196
f 3196 3198 3180
f 3200 3178 3199
f 3199 3178 3177
f 3202 3196 3201
f 3201 3196 3195
f 3204 3184 3203
f 3203 3184 3183
f 3206 3207 3205
f 3205 3207 3186
f 3205 3186 3208
f 3208 3186 3189
f 3209 3208 3191
f 3191 3208 3189
f 3210 3194 3200
f 3200 3194 3178
f 3201 3195 3204
f 3204 3195 3184
f 3197 3211 3177
f 3177 3211 3199
f 3213 3214 3212
f 3212 3214 3215
f 3217 3218 3216
f 3216 3218 3219
f 3221 3222 3220
f 3220 3222 3223
f 3225 3226 3224
f 3224 3226 3227
f 3229 3230 3228
f 3228 3230 3231
f 3233 3234 3232
f 3232 3234 3235
f 3237 3238 3236
f 3236 3238 3239
f 3238 3240 3239
f 3239 3240 3241
f 3232 3235 3242
f 3242 3235 3243
f 3245 3246 3244
f 3244 3246 3247
f 3248 3249 3245
f 3245 3249 3246
f 3251 3252 3250
f 3250 3252 3253
f 3255 3252 3254
f 3254 3252 3251
f 3256 3257 3259
f 3259 3257 3258
f 3261 3262 3260
f 3260 3262 3263
f 3265 3263 3264
f 3264 3263 3262
f 3256 3259 3266
f 3266 3259 3267
f 3269 3270 3268
f 3268 3270 3271
f 3269 3272 3270
f 3270 3272 3273
f 3274 3275 3277
f 3277 3275 3276
f 3278 3279 3276
f 3276 3279 3277
f 3281 3282 3280
f 3280 3282 3283
f 3280 3284 3281
f 3281 3284 3285
f 3287 3288 3286
f 3286 3288 3289
f 3290 3291 3288
f 3288 3291 3289
f 3234 3218 3235
f 3235 3218 3217
f 3232 3292 3233
f 3233 3292 3293
f 3239 3294 3236
f 3236 3294 3219
f 3233 3293 3237
f 3237 3293 3295
f 3296 3294 3241
f 3241 3294 3239
f 3240 3238 3297
f 3297 3238 3298
f 3217 3216 3235
f 3235 3216 3243
f 3297 3299 3240
f 3240 3299 3242
f 3246 3300 3247
f 3247 3300 3223
f 3301 3302 3254
f 3254 3302 3244
f 3249 3303 3246
f 3246 3303 3300
f 3245 3304 3248
f 3248 3304 3292
f 3252 3221 3253
f 3253 3221 3220
f 3250 3248 3299
f 3299 3248 3292
f 3222 3221 3255
f 3255 3221 3252
f 3297 3301 3251
f 3251 3301 3254
f 3258 3214 3259
f 3259 3214 3213
f 3257 3256 3304
f 3304 3256 3305
f 3263 3306 3260
f 3260 3306 3215
f 3261 3257 3302
f 3302 3257 3304
f 3307 3306 3265
f 3265 3306 3263
f 3262 3301 3264
f 3264 3301 3308
f 3259 3213 3267
f 3267 3213 3212
f 3308 3309 3264
f 3264 3309 3266
f 3270 3310 3271
f 3271 3310 3231
f 3311 3312 3278
f 3278 3312 3268
f 3270 3273 3310
f 3310 3273 3313
f 3272 3269 3305
f 3305 3269 3314
f 3277 3229 3274
f 3274 3229 3228
f 3275 3272 3309
f 3309 3272 3305
f 3279 3230 3277
f 3277 3230 3229
f 3276 3308 3278
f 3278 3308 3311
f 3281 3315 3282
f 3282 3315 3227
f 3290 3316 3283
f 3283 3316 3317
f 3281 3285 3315
f 3315 3285 3318
f 3284 3280 3314
f 3314 3280 3319
f 3289 3225 3286
f 3286 3225 3224
f 3287 3284 3312
f 3284 3314 3312
f 3291 3226 3289
f 3289 3226 3225
f 3288 3311 3290
f 3290 3311 3316
f 3212 3215 3307
f 3307 3215 3306
f 3294 3296 3219
f 3219 3296 3216
f 3303 3220 3300
f 3300 3220 3223
f 3224 3227 3318
f 3318 3227 3315
f 3228 3231 3313
f 3313 3231 3310
f 3234 3233 3236
f 3236 3233 3237
f 3243 3241 3242
f 3242 3241 3240
f 3247 3255 3244
f 3244 3255 3254
f 3253 3249 3250
f 3250 3249 3248
f 3260 3258 3261
f 3261 3258 3257
f 3266 3267 3264
f 3264 3267 3265
f 3268 3271 3278
f 3278 3271 3279
f 3274 3273 3275
f 3275 3273 3272
f 3283 3282 3290
f 3290 3282 3291
f 3286 3285 3287
f 3287 3285 3284
f 3218 3234 3219
f 3219 3234 3236
f 3295 3298 3237
f 3237 3298 3238
f 3216 3296 3243
f 3243 3296 3241
f 3242 3299 3232
f 3232 3299 3292
f 3223 3222 3247
f 3247 3222 3255
f 3244 3302 3245
f 3245 3302 3304
f 3303 3249 3220
f 3220 3249 3253
f 3297 3251 3299
f 3299 3251 3250
f 3215 3214 3260
f 3260 3214 3258
f 3301 3262 3302
f 3302 3262 3261
f 3212 3307 3267
f 3267 3307 3265
f 3266 3309 3256
f 3256 3309 3305
f 3271 3231 3279
f 3279 3231 3230
f 3268 3312 3269
f 3269 3312 3314
f 3228 3313 3274
f 3274 3313 3273
f 3308 3276 3309
f 3309 3276 3275
f 3282 3227 3291
f 3291 3227 3226
f 3317 3319 3283
f 3283 3319 3280
f 3224 3318 3286
f 3286 3318 3285
f 3312 3311 3287
f 3311 3288 3287
f 3320 3321 3194
f 3194 3321 3193
f 1375 3321 1121
f 1121 3321 3322
f 3323 3324 3322
f 3322 3324 3192
f 3175 1124 3176
f 3176 1124 1123
f 3179 3195 3180
f 3180 3195 3196
f 3181 1131 3182
f 3182 1131 1130
f 3207 3185 3186
f 3186 3185 3187
f 1136 3188 1133
f 1133 3188 3187
f 3190 3188 1137
f 1137 3188 1136
f 3193 1159 3175
f 3175 1159 1124
f 3179 1128 3181
f 3181 1128 1131
f 1533 3198 1123
f 1123 3198 3176
f 3321 1375 3193
f 3193 1375 1159
f 3321 3320 3322
f 3322 3320 3323
f 1122 1121 3192
f 3192 1121 3322
f 3194 3210 3320
f 3320 3210 3325
f 3324 3323 3327
f 3327 3323 3326
f 3320 3325 3323
f 3323 3325 3326
f 3208 3328 3205
f 3205 3328 3329
f 3330 3206 3329
f 3329 3206 3205
f 3203 3331 3204
f 3204 3331 3332
f 3210 3333 3325
f 3325 3333 3334
f 3325 3334 3326
f 3326 3334 3335
f 3327 3326 3336
f 3336 3326 3335
f 3327 3209 3324
f 3324 3209 3191
f 3190 3192 3191
f 3191 3192 3324
f 3338 3339 3337
f 3337 3339 3340
f 3338 3341 3339
f 3339 3341 3342
f 3341 3343 3342
f 3342 3343 3344
f 3343 3345 3344
f 3344 3345 3346
f 3345 3347 3346
f 3346 3347 3348
f 3347 3349 3348
f 3348 3349 3350
f 3337 3340 3351
f 3351 3340 3352
f 3351 3352 3353
f 3353 3352 3354
f 3353 3354 3355
f 3355 3354 3356
f 3350 3349 3357
f 3357 3349 3358
f 3355 3356 3359
f 3359 3356 3360
f 3359 3360 3361
f 3361 3360 3362
f 3361 3362 3363
f 3363 3362 3364
f 3363 3364 3358
f 3358 3364 3357
f 3339 3342 3365
f 3365 3342 3366
f 3342 3344 3366
f 3366 3344 3367
f 3344 3346 3367
f 3367 3346 3368
f 3346 3348 3368
f 3368 3348 3369
f 3348 3350 3369
f 3369 3350 3370
f 3368 3369 3371
f 3371 3369 3372
f 3369 3370 3372
f 3372 3370 3373
f 3373 3374 3372
f 3372 3374 3375
f 3377 3378 3376
f 3376 3378 3379
f 3377 3375 3378
f 3378 3375 3374
f 3375 3380 3372
f 3372 3380 3371
f 3377 3381 3375
f 3375 3381 3380
f 3376 3382 3377
f 3377 3382 3381
f 3384 3385 3383
f 3383 3385 3386
f 3384 3383 3388
f 3388 3383 3387
f 3388 3387 3389
f 3389 3387 3390
f 3392 3385 3391
f 3391 3385 3384
f 3388 3393 3384
f 3384 3393 3391
f 3389 3394 3388
f 3388 3394 3393
f 3389 3395 3394
f 3394 3395 3396
f 3395 3389 3397
f 3397 3389 3390
f 3339 3365 3340
f 3340 3365 3398
f 3340 3398 3352
f 3352 3398 3399
f 3371 3400 3368
f 3368 3400 3367
f 3400 3401 3367
f 3367 3401 3366
f 3366 3401 3365
f 3365 3401 3402
f 3398 3365 3403
f 3403 3365 3402
f 3398 3403 3399
f 3399 3403 3404
f 3403 3405 3404
f 3404 3405 3406
f 3352 3399 3354
f 3354 3399 3407
f 3399 3404 3407
f 3407 3404 3408
f 3404 3406 3408
f 3408 3406 3409
f 3405 3410 3406
f 3406 3410 3411
f 3410 3412 3411
f 3411 3412 3413
f 3397 3414 3395
f 3395 3414 3415
f 3417 3415 3416
f 3416 3415 3412
f 3410 3418 3412
f 3412 3418 3416
f 3410 3405 3418
f 3418 3405 3419
f 3405 3403 3419
f 3419 3403 3402
f 3370 3350 3420
f 3420 3350 3357
f 3373 3370 3421
f 3421 3370 3420
f 3374 3373 3422
f 3422 3373 3421
f 3378 3374 3423
f 3423 3374 3422
f 3378 3423 3379
f 3379 3423 3424
f 3424 3425 3379
f 3379 3425 3386
f 3383 3426 3387
f 3387 3426 3427
f 3387 3427 3390
f 3390 3427 3428
f 3390 3428 3397
f 3397 3428 3429
f 3429 3430 3397
f 3397 3430 3414
f 3411 3413 3431
f 3431 3413 3432
f 3406 3411 3409
f 3409 3411 3431
f 3401 3400 3335
f 3335 3400 3336
f 3401 3335 3402
f 3402 3335 3334
f 3402 3334 3419
f 3419 3334 3333
f 3419 3333 3418
f 3418 3333 3433
f 3418 3433 3416
f 3416 3433 3434
f 3435 3417 3434
f 3434 3417 3416
f 3394 3396 3436
f 3436 3396 3437
f 3393 3394 3332
f 3332 3394 3436
f 3393 3332 3391
f 3391 3332 3331
f 3330 3392 3331
f 3331 3392 3391
f 3382 3329 3381
f 3381 3329 3328
f 3354 3407 3356
f 3356 3407 3438
f 3356 3438 3360
f 3360 3438 3439
f 3360 3439 3362
f 3362 3439 3440
f 3362 3440 3364
f 3364 3440 3441
f 3364 3441 3357
f 3357 3441 3420
f 3421 3420 3442
f 3442 3420 3441
f 3442 3441 3443
f 3443 3441 3440
f 3443 3440 3444
f 3444 3440 3439
f 3444 3439 3445
f 3445 3439 3438
f 3445 3438 3408
f 3408 3438 3407
f 3422 3421 3446
f 3446 3421 3442
f 3446 3442 3447
f 3447 3442 3443
f 3447 3443 3448
f 3448 3443 3444
f 3448 3444 3449
f 3449 3444 3445
f 3449 3445 3409
f 3409 3445 3408
f 3409 3431 3449
f 3449 3431 3450
f 3449 3450 3448
f 3448 3450 3451
f 3451 3452 3448
f 3448 3452 3447
f 3447 3452 3446
f 3446 3452 3453
f 3446 3453 3422
f 3422 3453 3423
f 3424 3423 3454
f 3454 3423 3453
f 3452 3455 3453
f 3453 3455 3454
f 3452 3451 3455
f 3455 3451 3456
f 3450 3457 3451
f 3451 3457 3456
f 3431 3432 3450
f 3450 3432 3457
f 3454 3458 3424
f 3424 3458 3425
f 3427 3426 3459
f 3459 3426 3460
f 3428 3427 3461
f 3461 3427 3459
f 3428 3461 3429
f 3429 3461 3462
f 3462 3463 3429
f 3429 3463 3430
f 3464 3465 3462
f 3462 3465 3463
f 3455 3466 3454
f 3454 3466 3458
f 3465 3464 3466
f 3466 3464 3467
f 3461 3459 3468
f 3468 3459 3469
f 3468 3469 3464
f 3464 3469 3467
f 3464 3462 3468
f 3468 3462 3461
f 3459 3460 3469
f 3469 3460 3467
f 3295 3351 3298
f 3298 3351 3353
f 3353 3355 3298
f 3298 3355 3297
f 3297 3355 3301
f 3301 3355 3359
f 3301 3359 3308
f 3308 3359 3361
f 3308 3361 3311
f 3311 3361 3363
f 3311 3363 3316
f 3316 3363 3358
f 3316 3358 3317
f 3317 3358 3349
f 3349 3347 3317
f 3317 3347 3319
f 3347 3345 3319
f 3319 3345 3314
f 3345 3343 3314
f 3314 3343 3305
f 3343 3341 3305
f 3305 3341 3304
f 3304 3341 3292
f 3292 3341 3338
f 3292 3338 3293
f 3293 3338 3337
f 3293 3337 3295
f 3295 3337 3351
f 3437 3202 3436
f 3436 3202 3201
f 3436 3201 3332
f 3332 3201 3204
f 3433 3200 3434
f 3434 3200 3199
f 3211 3435 3199
f 3199 3435 3434
f 3333 3210 3433
f 3433 3210 3200
f 3380 3470 3371
f 3400 3371 3336
f 3336 3371 3470
f 3381 3328 3380
f 3380 3328 3470
f 3470 3328 3209
f 3209 3328 3208
f 3336 3470 3327
f 3327 3470 3209
f 1545 1763 1546
f 1546 1763 1762
f 1403 1546 773
f 773 1546 770
f 1221 3013 1220
f 1220 3013 3471
f 1305 2877 1306
f 1306 2877 2879
f 1220 3471 828
f 828 3471 829
f 1217 1754 3472
f 3472 1754 1756
f 1049 3473 1048
f 1048 3473 3474
f 1371 1179 3473
f 3473 1179 3474
f 1074 3475 1179
f 1179 3475 3474
f 3474 3475 1048
f 1048 3475 1056
f 919 666 1345
f 1345 666 665
f 856 680 919
f 919 680 666
f 679 680 1449
f 1449 680 858
f 1367 878 1500
f 1500 878 877
f 1366 908 1367
f 1367 908 878
f 1512 916 1513
f 1513 916 915
f 947 1368 948
f 948 1368 1369
f 1047 1021 1044
f 1044 1021 1020
f 1370 1049 1019
f 1019 1049 1020
f 1173 1030 1174
f 1174 1030 1033
f 3126 1188 1464
f 1464 1188 1187
f 1800 1451 1512
f 1512 1451 916
f 1175 1174 1186
f 1186 1174 1187
f 1030 1173 1047
f 1047 1173 1021
f 1513 915 3476
f 3476 915 1481
f 1345 665 3477
f 3477 665 1483
f 1502 1501 876
f 876 1501 877
f 1205 1451 1803
f 1803 1451 1802
f 3479 2832 3478
f 3478 2832 2831
f 1449 858 2927
f 2927 858 2922
f 908 1366 947
f 947 1366 1368
f 949 948 3126
f 3126 948 1188
f 3480 3135 1502
f 1502 3135 1501
f 2927 2922 3157
f 3157 2922 3152
f 3477 1483 3479
f 3479 1483 2832
f 1803 1802 3151
f 3151 1802 3152
f 663 658 664
f 664 658 657
f 655 658 939
f 939 658 706
f 1512 870 1800
f 1800 870 869
f 875 874 876
f 876 874 873
f 849 874 905
f 905 874 958
f 949 962 946
f 946 962 961
f 978 3126 979
f 979 3126 1464
f 1031 1168 1032
f 1032 1168 1022
f 1045 1013 1046
f 1046 1013 1012
f 1045 1044 1056
f 1056 1044 1048
f 1047 1046 1030
f 1030 1046 1031
f 939 706 940
f 940 706 1450
f 979 1464 1032
f 1032 1464 1033
f 3480 1478 3476
f 3476 1478 3134
f 2829 1487 2830
f 2830 1487 1486
f 848 1230 873
f 873 1230 1479
f 867 870 933
f 933 870 1514
f 1800 869 1801
f 1801 869 1799
f 2830 1486 1325
f 1325 1486 2833
f 940 1450 2925
f 2925 1450 2928
f 946 961 907
f 907 961 958
f 959 962 977
f 977 962 978
f 3476 3134 1513
f 1513 3134 1514
f 2925 2928 3155
f 3155 2928 3158
f 1325 2833 656
f 656 2833 657
f 1801 1799 3157
f 3157 1799 3158
f 1074 1055 3475
f 3475 1055 1056
f 1371 3473 1370
f 1370 3473 1049
f 2884 615 3481
f 3481 615 618
f 3478 2831 2846
f 2846 2831 617
f 2831 1484 617
f 617 1484 618
f 1484 1487 618
f 618 1487 3481
f 2848 3481 2829
f 2829 3481 1487
f 1480 1517 1161
f 1161 1517 1162
f 3129 1323 1455
f 1455 1323 1322
f 3129 3134 1323
f 1323 3134 1478
f 1535 3173 1515
f 1515 3173 1516
f 3085 3095 3137
f 3137 3095 3094
f 3137 3094 3138
f 3138 3094 3104
f 3117 3139 3105
f 3105 3139 3106
f 1138 1141 3127
f 3127 1141 3128
f 3081 3131 1264
f 1264 3131 3130
f 1227 1226 3132
f 3132 1226 3133
f 1264 3130 1229
f 1229 3130 1322
f 1160 1501 1161
f 1161 1501 3135
f 1141 1476 3128
f 3128 1476 3136
f 1226 1163 3133
f 3133 1163 1162
f 1363 1138 1515
f 1515 1138 3127
f 3084 3095 3081
f 3081 3095 3131
f 3089 884 3105
f 3105 884 3140
f 884 883 3140
f 3140 883 3141
f 883 3482 3141
f 3141 3482 3142
f 3476 1481 3480
f 3480 1481 3135
f 1502 1479 3480
f 3480 1479 1478
f 3168 463 440
f 714 1880 715
f 715 1880 2905
f 896 732 2970
f 2970 732 731
f 1263 834 3082
f 3082 834 833
f 898 1231 853
f 853 1231 854
f 3125 890 2931
f 2931 890 889
f 1237 893 2851
f 2851 893 892
f 898 853 899
f 899 853 963
f 988 987 989
f 989 987 986
f 1002 1007 1003
f 1003 1007 1006
f 1038 1036 1007
f 1007 1036 1004
f 1070 1052 1005
f 1005 1052 1006
f 1069 1067 1070
f 1070 1067 1052
f 1130 1129 1134
f 1134 1129 1135
f 879 1167 880
f 880 1167 1166
f 1171 1169 1037
f 1037 1169 1038
f 1085 1180 1069
f 1069 1180 1067
f 1209 1210 879
f 879 1210 1167
f 2885 1215 1754
f 1754 1215 1214
f 1263 855 834
f 834 855 854
f 708 1244 1826
f 1826 1244 1243
f 2909 894 1254
f 1254 894 893
f 1228 1361 964
f 964 1361 1360
f 2908 2907 1436
f 1436 2907 1437
f 2990 1440 2991
f 2991 1440 1439
f 964 1360 965
f 965 1360 1454
f 950 1457 951
f 951 1457 1456
f 970 1463 971
f 971 1463 1462
f 1025 1169 984
f 984 1169 986
f 1084 1097 1469
f 1469 1097 1470
f 1096 1115 1474
f 1474 1115 1475
f 1140 1361 1141
f 1141 1361 1476
f 1212 1495 2828
f 2828 1495 1494
f 880 1166 1452
f 1452 1166 1499
f 715 2905 1504
f 1504 2905 2906
f 954 1519 955
f 955 1519 1518
f 1026 1520 992
f 992 1520 1518
f 1029 1520 1043
f 1043 1520 1521
f 997 1522 1040
f 1040 1522 1521
f 1015 1522 1016
f 1016 1522 1523
f 1523 996 1524
f 1524 996 1062
f 1057 1060 1525
f 1525 1060 1524
f 1094 1528 1082
f 1082 1528 1527
f 1526 1528 1089
f 1089 1528 1529
f 1090 1531 1108
f 1108 1531 1530
f 1125 1533 1126
f 1126 1533 1532
f 3483 1755 727
f 727 1755 1214
f 735 1814 707
f 707 1814 1813
f 2891 1834 1246
f 1246 1834 1243
f 2904 1881 1847
f 1847 1881 1848
f 1852 1855 1853
f 1853 1855 1858
f 1902 2903 1877
f 1877 2903 1878
f 2903 2904 1878
f 1878 2904 1847
f 714 713 1848
f 1848 713 1849
f 1440 2990 1883
f 1883 2990 2989
f 1883 2989 1852
f 1852 2989 1855
f 2895 1888 2892
f 2892 1888 1887
f 774 777 1877
f 1877 777 1903
f 1251 2835 1252
f 1252 2835 2834
f 1213 2844 1212
f 1212 2844 1495
f 2851 892 1213
f 1213 892 2844
f 3123 2911 3124
f 3124 2911 2910
f 887 2929 888
f 888 2929 889
f 1435 2963 1436
f 1436 2963 2961
f 1253 1438 1254
f 1254 1438 1437
f 2970 731 735
f 735 731 1814
f 733 732 2885
f 2885 732 1215
f 2901 2902 2976
f 2976 2902 2977
f 2975 2982 2976
f 2976 2982 2979
f 2899 2900 2981
f 2981 2900 2979
f 2899 2981 2898
f 2898 2981 2983
f 2986 2985 2984
f 2984 2985 2983
f 2897 2985 2896
f 2896 2985 2988
f 2991 1439 2987
f 2987 1439 2988
f 777 2978 1903
f 1903 2978 2977
f 1885 1888 1858
f 1858 1888 1853
f 3090 3088 836
f 836 3088 833
f 3083 3088 3097
f 3097 3088 3096
f 3097 3096 3104
f 3104 3096 3106
f 3111 3116 3108
f 3108 3116 3109
f 3112 3111 3114
f 3114 3111 3108
f 3113 3122 3114
f 3114 3122 3115
f 891 890 2837
f 2837 890 2834
f 951 1456 954
f 954 1456 1519
f 967 1457 936
f 936 1457 1454
f 971 1462 902
f 902 1462 963
f 1461 1463 988
f 988 1463 987
f 1466 1468 1474
f 1474 1468 1470
f 1089 1529 1090
f 1090 1529 1531
f 1184 1181 1469
f 1469 1181 1180
f 1082 1527 1061
f 1061 1527 1525
f 1129 1473 1135
f 1135 1473 1475
f 1108 1530 1105
f 1105 1530 1532
f 1452 1499 3132
f 3132 1499 3136
f 3109 3116 3139
f 3139 3116 3138
f 2912 2911 887
f 887 2911 2929
f 2836 2835 1497
f 1497 2835 1494
f 2913 3102 2910
f 2910 3102 3115
f 1133 3187 1134
f 1134 3187 3185
f 3177 3176 3197
f 3197 3176 3198
f 3203 3183 3206
f 3206 3183 3207
f 3196 3202 3197
f 3197 3202 3211
f 3183 3182 3207
f 3207 3182 3185
f 1125 3180 1533
f 1533 3180 3198
f 3331 3203 3330
f 3330 3203 3206
f 3376 3379 3385
f 3385 3379 3386
f 3382 3376 3392
f 3392 3376 3385
f 3412 3415 3413
f 3413 3415 3414
f 3417 3396 3415
f 3415 3396 3395
f 3383 3386 3426
f 3426 3386 3425
f 3413 3414 3432
f 3432 3414 3430
f 3437 3396 3435
f 3435 3396 3417
f 3329 3382 3330
f 3330 3382 3392
f 3426 3425 3460
f 3460 3425 3458
f 3432 3430 3457
f 3457 3430 3463
f 3457 3463 3456
f 3456 3463 3465
f 3460 3458 3467
f 3467 3458 3466
f 3466 3455 3465
f 3465 3455 3456
f 3202 3437 3211
f 3211 3437 3435
f 3104 3106 3138
f 3138 3106 3139
f 3132 3136 1227
f 1227 3136 1476
f 943 687 600
f 600 687 601
f 596 625 667
f 667 625 1297
f 687 686 601
f 601 686 653
f 1319 784 711
f 711 784 712
f 1811 607 783
f 783 607 712
f 862 921 917
f 917 921 920
f 3478 925 3479
f 3479 925 924
f 2846 926 3478
f 3478 926 925
f 659 662 929
f 929 662 930
f 856 921 857
f 857 921 1204
f 1206 864 1207
f 1207 864 863
f 2876 1219 2877
f 2877 1219 1218
f 667 1297 593
f 593 1297 1296
f 917 920 1333
f 1333 920 1346
f 686 693 653
f 653 693 930
f 1277 913 1498
f 1498 913 1207
f 592 1536 610
f 610 1536 711
f 864 1206 1805
f 1805 1206 1804
f 1317 1536 1900
f 1900 1536 1809
f 1900 1809 1295
f 1295 1809 1296
f 3479 924 3477
f 3477 924 2824
f 927 926 1203
f 1203 926 2847
f 3484 2859 3032
f 3032 2859 3033
f 3472 2878 1217
f 1217 2878 1218
f 2889 2888 2880
f 2880 2888 2881
f 2886 2883 2887
f 2887 2883 2882
f 929 928 2847
f 2847 928 1203
f 857 1204 2921
f 2921 1204 2926
f 1820 1819 2882
f 2882 1819 2881
f 1821 2883 2876
f 2876 2883 1219
f 782 2889 783
f 783 2889 2880
f 1352 3034 1353
f 1353 3034 3033
f 3031 3034 3041
f 3041 3034 3043
f 944 943 3043
f 3043 943 600
f 1339 3145 1498
f 1498 3145 3143
f 1208 882 3148
f 3148 882 3143
f 2921 2926 3151
f 3151 2926 3156
f 3477 2824 1345
f 1345 2824 1346
f 1805 1804 3154
f 3154 1804 3156
f 886 3103 883
f 883 3103 3482
f 841 1248 3485
f 3485 1248 3121
f 2811 2819 2812
f 2812 2819 2816
f 2818 2815 2817
f 2817 2815 2806
f 2817 2816 2818
f 2818 2816 2819
f 2793 2795 2819
f 2819 2795 2818
f 243 352 2793
f 2793 352 2795
f 242 353 243
f 243 353 352
f 359 191 242
f 242 191 353
f 247 192 359
f 359 192 191
f 157 193 247
f 247 193 192
f 156 194 157
f 157 194 193
f 378 261 156
f 156 261 194
f 378 381 261
f 261 381 195
f 195 381 196
f 196 381 376
f 196 376 198
f 198 376 375
f 375 1776 198
f 198 1776 197
f 1776 1767 197
f 197 1767 274
f 181 274 199
f 199 274 1767
f 568 566 564
f 564 566 563
f 568 569 566
f 566 569 567
f 501 1773 1771
f 1771 1773 578
f 547 579 1773
f 1773 579 578
f 3486 470 474
f 474 470 469
f 450 582 3487
f 3487 582 3488
f 582 583 3488
f 3488 583 3489
f 583 584 3489
f 3489 584 3490
f 3490 584 3491
f 3491 584 543
f 470 3486 466
f 466 3486 467
f 3489 3490 503
f 503 3490 504
f 503 3492 3489
f 3489 3492 3488
f 3492 503 3493
f 3493 503 502
f 3495 3492 3494
f 3494 3492 3493
f 3487 3488 3495
f 3495 3488 3492
f 468 1774 465
f 465 1774 570
f 3494 3493 1775
f 1775 3493 1771
f 3490 3491 504
f 504 3491 1772
f 3491 543 1772
f 1772 543 548
f 450 3487 474
f 474 3487 3486
f 3495 467 3487
f 3487 467 3486
f 3494 468 3495
f 3495 468 467
f 468 3494 1774
f 1774 3494 1775
f 501 1771 502
f 502 1771 3493
f 527 366 384
f 384 366 365
f 522 524 527
f 527 524 366
f 521 534 522
f 522 534 524
f 530 535 521
f 521 535 534
f 508 486 513
f 513 486 532
f 513 532 541
f 541 532 535
f 667 668 596
f 596 668 597
f 1294 1297 624
f 624 1297 625
f 603 641 604
f 604 641 640
f 1290 1293 650
f 650 1293 651
f 1758 691 660
f 660 691 661
f 602 671 599
f 599 671 670
f 654 662 690
f 690 662 661
f 2856 598 695
f 695 598 597
f 602 654 671
f 671 654 690
f 604 640 676
f 676 640 704
f 1826 1829 708
f 708 1829 709
f 1288 1284 740
f 740 1284 741
f 755 754 758
f 758 754 759
f 2853 2856 932
f 932 2856 695
f 689 691 1192
f 1192 691 1193
f 784 1319 1240
f 1240 1319 1241
f 1813 1816 1244
f 1244 1816 1245
f 754 1288 759
f 759 1288 740
f 1894 1242 1318
f 1318 1242 1241
f 2867 1348 1418
f 1418 1348 1347
f 676 704 673
f 673 704 1347
f 1284 1287 741
f 741 1287 1419
f 1421 1426 1422
f 1422 1426 1425
f 1758 660 615
f 615 660 616
f 1192 1191 1421
f 1421 1191 1426
f 2962 1839 1504
f 1504 1839 1505
f 941 1194 1759
f 1759 1194 1193
f 1287 1537 1419
f 1419 1537 1760
f 1882 2893 1823
f 1823 2893 1824
f 1886 1891 1827
f 1827 1891 1828
f 1887 1886 1834
f 1834 1886 1827
f 1841 716 1838
f 1838 716 1505
f 782 784 1850
f 1850 784 1240
f 1239 1242 1863
f 1863 1242 1864
f 1242 1894 1864
f 1864 1894 1873
f 1822 1239 1823
f 1823 1239 1863
f 1318 1317 1895
f 1895 1317 1900
f 1894 1896 1873
f 1873 1896 1897
f 1291 1896 1292
f 1292 1896 1895
f 605 1898 606
f 606 1898 1897
f 1258 1257 2854
f 2854 1257 2855
f 1257 1351 2855
f 2855 1351 2857
f 1351 1353 2857
f 2857 1353 2858
f 1353 3033 2858
f 2858 3033 2859
f 2860 2861 3036
f 3036 2861 3037
f 2862 2863 2870
f 2870 2863 3039
f 2870 2869 2862
f 2862 2869 2864
f 2868 2865 2869
f 2869 2865 2864
f 1764 2866 2868
f 2868 2866 2865
f 1537 1199 1760
f 1760 1199 1348
f 615 2884 1758
f 1758 2884 1759
f 1825 1246 2890
f 2890 1246 1245
f 2893 2892 1824
f 1824 2892 2891
f 761 2960 758
f 758 2960 2906
f 3000 2943 2940
f 2940 2943 2941
f 2968 710 2950
f 2950 710 709
f 1764 1423 2866
f 2866 1423 2953
f 1423 645 2953
f 2953 645 2954
f 645 644 2954
f 2954 644 2955
f 644 738 2955
f 2955 738 2956
f 738 764 2956
f 2956 764 2957
f 764 763 2957
f 2957 763 2958
f 763 2908 2958
f 2958 2908 2959
f 2908 1436 2959
f 2959 1436 2961
f 1837 2964 1435
f 1435 2964 2963
f 1837 2937 2964
f 2964 2937 2965
f 2936 2968 2966
f 2966 2968 2950
f 1840 2942 1838
f 1838 2942 2941
f 2939 2949 2940
f 2940 2949 3006
f 2939 2942 2966
f 2966 2942 2965
f 1822 1825 1850
f 1850 1825 2890
f 1891 3005 1828
f 1828 3005 3006
f 3035 3038 3045
f 3045 3038 3042
f 3045 3044 3035
f 3035 3044 3040
f 669 1422 3045
f 3045 1422 3044
f 599 670 3041
f 3041 670 3042
f 931 3067 932
f 932 3067 3065
f 2853 3066 2854
f 2854 3066 3076
f 3067 3496 3065
f 3065 3496 3497
f 3066 3498 3076
f 3076 3498 3499
f 707 1813 708
f 708 1813 1244
f 2960 2962 2906
f 2906 2962 1504
f 2892 1887 2891
f 2891 1887 1834
f 1839 2962 2963
f 2963 2962 2961
f 595 626 596
f 596 626 625
f 623 626 3484
f 3484 626 2859
f 1291 1290 606
f 606 1290 603
f 1290 650 603
f 603 650 641
f 641 650 642
f 642 650 649
f 2860 2863 649
f 649 2863 642
f 3036 3039 2860
f 2860 3039 2863
f 3035 3040 3036
f 3036 3040 3039
f 1294 1293 1295
f 1295 1293 1292
f 624 651 1294
f 1294 651 1293
f 623 652 624
f 624 652 651
f 3484 2861 623
f 623 2861 652
f 3032 3037 3484
f 3484 3037 2861
f 3031 3038 3032
f 3032 3038 3037
f 3481 2848 2884
f 2884 2848 942
f 2846 617 1427
f 1427 617 616
f 3049 3167 3048
f 3048 3167 3500
f 1906 3048 3070
f 3070 3048 3500
f 1337 1768 3501
f 3501 1768 3502
f 3020 3503 3021
f 3021 3503 3024
f 2914 3023 3020
f 3020 3023 3503
f 859 1770 860
f 860 1770 3504
f 1336 3505 1768
f 1768 3505 3502
f 3065 3497 3066
f 3066 3497 3498
f 2814 3075 3067
f 3067 3075 3496
f 2839 3174 766
f 766 3174 3017
f 1337 3501 1338
f 1338 3501 1769
f 767 3018 3026
f 3026 3018 3506
f 3076 3499 3064
f 3064 3499 3507
f 727 730 3483
f 3483 730 3030
f 3064 3507 2871
f 2871 3507 3077
f 3100 3160 1786
f 1786 3160 1784
f 3026 3506 752
f 752 3506 3015
f 860 3504 2923
f 2923 3504 3508
f 753 3016 3027
f 3027 3016 3509
f 3027 3509 3008
f 3008 3509 3028
f 1782 1785 1783
f 1783 1785 3022
f 2923 3508 3153
f 3153 3508 3161
f 3148 3149 1208
f 1208 3149 3150
f 1335 1328 3510
f 3510 1328 1327
f 1336 1335 3505
f 3505 1335 3510
f 866 3511 1340
f 1340 3511 3146
f 865 1808 866
f 866 1808 3511
f 842 841 3159
f 3159 841 3485
f 2849 3512 1329
f 1329 3512 1326
f 1202 1331 2849
f 2849 1331 3512
f 3514 3515 3513
f 3513 3515 3516
f 3518 3516 3517
f 3517 3516 3515
f 3519 3520 3514
f 3514 3520 3515
f 3522 3523 3521
f 3521 3523 3524
f 3526 3527 3525
f 3525 3527 3528
f 3530 3531 3529
f 3529 3531 3532
f 3534 3535 3533
f 3533 3535 3536
f 3529 3532 3537
f 3537 3532 3538
f 3537 3539 3529
f 3529 3539 3540
f 3542 3543 3541
f 3541 3543 3544
f 3546 3547 3545
f 3545 3547 3548
f 3550 3534 3549
f 3549 3534 3533
f 3550 3543 3551
f 3551 3543 3552
f 3537 3545 3539
f 3539 3545 3548
f 3553 3554 3556
f 3556 3554 3555
f 3537 3557 3545
f 3545 3557 3546
f 3558 3559 3561
f 3561 3559 3560
f 3563 3564 3562
f 3562 3564 3565
f 3564 3563 3566
f 3566 3563 3567
f 3569 3570 3568
f 3568 3570 3571
f 3573 3574 3572
f 3572 3574 3575
f 3577 3578 3576
f 3576 3578 3579
f 3581 3582 3580
f 3580 3582 3583
f 3585 3586 3584
f 3584 3586 3579
f 3586 3587 3579
f 3579 3587 3576
f 3589 3590 3588
f 3588 3590 3591
f 3592 3593 3595
f 3595 3593 3594
f 3597 3598 3596
f 3596 3598 3595
f 3583 3600 3599
f 3599 3600 3601
f 3603 3599 3602
f 3602 3599 3601
f 3605 3606 3604
f 3604 3606 3607
f 3608 3555 3596
f 3596 3555 3554
f 3597 3610 3609
f 3609 3610 3565
f 3564 3611 3565
f 3565 3611 3609
f 3611 3564 3612
f 3612 3564 3566
f 3613 3614 3569
f 3569 3614 3570
f 3615 3616 3573
f 3573 3616 3574
f 3517 3617 3518
f 3518 3617 3618
f 3620 3621 3619
f 3619 3621 3622
f 3624 3625 3623
f 3623 3625 3626
f 3628 3629 3627
f 3627 3629 3630
f 3632 3633 3631
f 3631 3633 3634
f 3636 3637 3635
f 3635 3637 3638
f 3640 3641 3639
f 3639 3641 3642
f 3643 3644 3639
f 3639 3644 3640
f 3646 3513 3645
f 3645 3513 3647
f 3648 3514 3646
f 3646 3514 3513
f 3649 3519 3648
f 3648 3519 3514
f 3650 3651 3527
f 3527 3651 3652
f 3654 3651 3653
f 3653 3651 3650
f 3568 3571 3655
f 3655 3571 3656
f 3657 3658 3653
f 3653 3658 3659
f 3661 3662 3660
f 3660 3662 3658
f 3664 3665 3663
f 3663 3665 3666
f 3667 3657 3650
f 3650 3657 3653
f 3669 3523 3668
f 3668 3523 3670
f 3672 3673 3671
f 3671 3673 3674
f 3676 3677 3675
f 3675 3677 3678
f 3671 3674 3676
f 3676 3674 3677
f 3680 3681 3679
f 3679 3681 3682
f 3683 3684 3680
f 3680 3684 3681
f 3685 3686 3661
f 3661 3686 3662
f 3686 3687 3662
f 3662 3687 3688
f 3684 3683 3689
f 3689 3683 3690
f 3692 3693 3691
f 3691 3693 3694
f 3691 3694 3695
f 3695 3694 3696
f 3698 3699 3697
f 3697 3699 3700
f 3702 3703 3701
f 3701 3703 3704
f 3705 3706 3519
f 3519 3706 3520
f 3673 3672 3707
f 3707 3672 3708
f 3709 3710 3682
f 3682 3710 3679
f 3711 3712 3692
f 3692 3712 3693
f 3714 3715 3713
f 3713 3715 3716
f 3718 3700 3717
f 3717 3700 3699
f 3720 3721 3719
f 3719 3721 3722
f 3724 3725 3723
f 3723 3725 3726
f 3727 3728 3730
f 3730 3728 3729
f 3722 3721 3731
f 3731 3721 3732
f 3697 3700 3733
f 3733 3700 3714
f 3733 3714 3734
f 3734 3714 3713
f 3721 3723 3732
f 3732 3723 3735
f 3720 3736 3724
f 3724 3736 3737
f 3700 3718 3714
f 3714 3718 3715
f 3717 3699 3738
f 3738 3699 3739
f 3536 3740 3533
f 3533 3740 3540
f 3742 3743 3741
f 3741 3743 3744
f 3746 3747 3745
f 3745 3747 3748
f 3750 3751 3749
f 3749 3751 3752
f 3627 3632 3628
f 3628 3632 3631
f 3754 3755 3753
f 3753 3755 3626
f 3562 3565 3756
f 3756 3565 3610
f 3527 3652 3528
f 3528 3652 3757
f 3758 3524 3669
f 3669 3524 3523
f 3582 3598 3583
f 3583 3598 3600
f 3759 3670 3522
f 3522 3670 3523
f 3675 3678 3760
f 3760 3678 3761
f 3762 3763 3690
f 3690 3763 3689
f 3765 3766 3764
f 3764 3766 3767
f 3768 3739 3698
f 3698 3739 3699
f 3726 3725 3770
f 3770 3725 3769
f 3645 3647 3771
f 3771 3647 3772
f 3645 3678 3646
f 3646 3678 3677
f 3646 3677 3648
f 3648 3677 3674
f 3673 3649 3674
f 3674 3649 3648
f 3707 3773 3673
f 3673 3773 3649
f 3775 3776 3774
f 3774 3776 3777
f 3779 3526 3778
f 3778 3526 3525
f 3526 3779 3667
f 3667 3779 3780
f 3780 3781 3667
f 3667 3781 3657
f 3672 3679 3708
f 3708 3679 3710
f 3671 3680 3672
f 3672 3680 3679
f 3676 3683 3671
f 3671 3683 3680
f 3675 3690 3676
f 3676 3690 3683
f 3760 3762 3675
f 3675 3762 3690
f 3682 3681 3783
f 3783 3681 3782
f 3689 3784 3684
f 3684 3784 3785
f 3684 3785 3681
f 3681 3785 3782
f 3786 3709 3783
f 3783 3709 3682
f 3784 3689 3787
f 3787 3689 3763
f 3789 3557 3788
f 3788 3557 3790
f 3792 3793 3791
f 3791 3793 3794
f 3616 3615 3795
f 3795 3615 3796
f 3797 3798 3727
f 3727 3798 3728
f 3800 3801 3799
f 3799 3801 3802
f 3803 3578 3592
f 3592 3578 3593
f 3805 3806 3804
f 3804 3806 3807
f 3599 3603 3585
f 3585 3603 3586
f 3587 3586 3604
f 3604 3586 3603
f 3588 3591 3794
f 3794 3591 3791
f 3581 3803 3582
f 3582 3803 3592
f 3594 3561 3608
f 3608 3561 3790
f 3662 3688 3808
f 3808 3688 3809
f 3665 3664 3810
f 3810 3664 3811
f 3719 3812 3720
f 3720 3812 3736
f 3717 3813 3718
f 3718 3813 3737
f 3723 3721 3724
f 3724 3721 3720
f 3813 3717 3814
f 3814 3717 3738
f 3815 3816 303
f 303 3816 304
f 3818 3819 3817
f 3817 3819 3820
f 3578 3803 3579
f 3579 3803 3584
f 3558 3593 3577
f 3577 3593 3578
f 3822 3823 3821
f 3821 3823 3824
f 3546 3826 3825
f 3825 3826 3827
f 3828 3829 3547
f 3547 3829 3541
f 3831 3542 3830
f 3830 3542 3832
f 3834 3822 3833
f 3833 3822 3821
f 3835 3836 3827
f 3827 3836 3825
f 3800 3799 3828
f 3828 3799 3829
f 3830 3832 3837
f 3837 3832 3838
f 331 330 3551
f 3551 330 3839
f 3831 333 3552
f 3552 333 332
f 3819 3797 3841
f 3841 3797 3840
f 3513 3516 3647
f 3647 3516 3746
f 337 336 3745
f 3745 336 3772
f 3525 3528 3775
f 3775 3528 3749
f 3610 3597 3554
f 3554 3597 3596
f 3706 3702 3520
f 3520 3702 3701
f 3756 3610 3553
f 3553 3610 3554
f 3757 3750 3528
f 3528 3750 3749
f 3517 3515 3701
f 3701 3515 3520
f 3842 3584 3581
f 3581 3584 3803
f 3525 3775 3778
f 3778 3775 3774
f 3638 3843 3635
f 3635 3843 3618
f 3617 3621 3618
f 3618 3621 3635
f 3617 3517 3704
f 3704 3517 3701
f 3521 3624 3522
f 3522 3624 3623
f 3749 3844 3775
f 3775 3844 3776
f 3846 3847 3845
f 3845 3847 3848
f 3843 3747 3618
f 3618 3747 3518
f 3850 3851 3849
f 3849 3851 3748
f 3853 3854 3852
f 3852 3854 3855
f 3856 3857 3622
f 3622 3857 3619
f 3859 3860 3858
f 3858 3860 3861
f 3862 3844 3752
f 3752 3844 3749
f 3863 3759 3623
f 3623 3759 3522
f 3864 3777 3630
f 3630 3777 3776
f 3713 3865 3734
f 3734 3865 3866
f 3868 3869 3867
f 3867 3869 3870
f 3872 3873 3871
f 3871 3873 3874
f 3876 3877 3875
f 3875 3877 3878
f 3879 3880 3878
f 3878 3880 3881
f 3882 3883 3885
f 3885 3883 3884
f 3780 3886 3781
f 3781 3886 3887
f 3888 3685 3869
f 3869 3685 3661
f 3880 3879 3883
f 3883 3879 3884
f 3693 3783 3694
f 3694 3783 3782
f 3696 3785 3764
f 3764 3785 3784
f 3694 3782 3696
f 3696 3782 3785
f 3693 3786 3783
f 3787 3765 3784
f 3784 3765 3764
f 386 385 3765
f 3765 385 3766
f 3695 3889 3691
f 3691 3889 3890
f 3691 3890 3692
f 3692 3890 3891
f 3892 3711 3891
f 3891 3711 3692
f 3767 3893 3695
f 3695 3893 3889
f 3766 3894 3767
f 3767 3894 3893
f 3882 3885 3895
f 3895 3885 3896
f 3898 3698 3897
f 3897 3698 3697
f 3897 3697 3899
f 3899 3697 3733
f 3899 3733 3900
f 3900 3733 3734
f 3901 3768 3898
f 3898 3768 3698
f 3901 3902 3768
f 3768 3902 3903
f 3904 3905 3907
f 3907 3905 3906
f 3869 3661 3870
f 3870 3661 3660
f 3908 3909 3896
f 3896 3909 3895
f 3909 3758 3895
f 3895 3758 3669
f 3751 3531 3752
f 3752 3531 3848
f 3858 3536 3854
f 3854 3536 3535
f 3652 3562 3757
f 3757 3562 3756
f 3651 3654 3563
f 3563 3654 3567
f 3655 3656 3808
f 3808 3656 3659
f 3530 3740 3845
f 3845 3740 3861
f 3751 3750 3556
f 3556 3750 3553
f 3817 3820 3796
f 3796 3820 3795
f 410 409 3910
f 3910 409 3855
f 3750 3757 3553
f 3553 3757 3756
f 3908 3886 3909
f 3909 3886 3780
f 409 411 3855
f 3855 411 3851
f 413 412 3760
f 3760 412 3762
f 415 414 3763
f 3763 414 3787
f 3790 3557 3538
f 3538 3557 3537
f 3555 3608 3538
f 3538 3608 3790
f 3574 3911 3575
f 3575 3911 3912
f 3535 3534 3910
f 3910 3534 3839
f 3831 3552 3542
f 3542 3552 3543
f 3534 3550 3839
f 3839 3550 3551
f 3543 3550 3544
f 3544 3550 3549
f 3913 3914 3916
f 3916 3914 3915
f 3806 3805 3589
f 3589 3805 3590
f 3849 3843 3917
f 3917 3843 3638
f 3853 3644 3859
f 3859 3644 3742
f 3747 3746 3518
f 3518 3746 3516
f 3695 3696 3767
f 3767 3696 3764
f 3903 3918 3768
f 3768 3918 3739
f 3738 3739 3816
f 3816 3739 3918
f 3919 3920 3769
f 3769 3920 3770
f 3921 3726 3922
f 3922 3726 3770
f 3678 3645 3761
f 3761 3645 3771
f 3924 3913 3923
f 3923 3913 3916
f 3802 3925 3838
f 3838 3925 3837
f 3577 3926 3558
f 3558 3926 3559
f 3815 3919 3814
f 3814 3919 3769
f 3927 3928 3822
f 3822 3928 3823
f 3829 3832 3541
f 3541 3832 3542
f 3834 3927 3822
f 3832 3829 3838
f 3838 3829 3799
f 3745 3772 3746
f 3746 3772 3647
f 3849 3748 3843
f 3843 3748 3747
f 3854 3853 3858
f 3858 3853 3859
f 3854 3535 3855
f 3855 3535 3910
f 3557 3789 3546
f 3546 3789 3826
f 3923 3823 3924
f 3924 3823 3928
f 3823 3923 3929
f 3929 3923 3930
f 3531 3751 3532
f 3532 3751 3556
f 3532 3556 3538
f 3538 3556 3555
f 3932 3634 3931
f 3931 3634 3633
f 3814 3769 3813
f 3813 3769 3725
f 3620 3636 3621
f 3621 3636 3635
f 3847 3862 3848
f 3848 3862 3752
f 3531 3530 3848
f 3848 3530 3845
f 3933 3934 3830
f 3830 3934 3831
f 3925 3933 3837
f 3837 3933 3830
f 3934 440 3831
f 3831 440 333
f 3925 3802 3833
f 3833 3802 3801
f 3776 3844 3630
f 3630 3844 3627
f 3808 3659 3662
f 3662 3659 3658
f 3667 3650 3526
f 3526 3650 3527
f 3935 3666 3936
f 3936 3666 3665
f 3718 3737 3715
f 3715 3737 3736
f 3663 3809 3664
f 3664 3809 3688
f 3807 3806 3938
f 3938 3806 3937
f 445 413 3761
f 3761 413 3760
f 3902 447 3903
f 3903 447 446
f 3897 3890 3898
f 3898 3890 3889
f 3899 3891 3897
f 3897 3891 3890
f 3898 3889 3901
f 3901 3889 3893
f 3893 3894 3901
f 3901 3894 3902
f 414 386 3787
f 3787 386 3765
f 3940 3941 3939
f 3939 3941 3942
f 3840 3797 3943
f 3943 3797 3727
f 3665 3810 3936
f 3936 3810 3944
f 3921 3735 3726
f 3726 3735 3723
f 3920 3945 3770
f 3770 3945 3922
f 3521 3524 3774
f 3774 3524 3778
f 3864 3946 3625
f 3625 3946 3947
f 3773 3705 3649
f 3649 3705 3519
f 3779 3778 3758
f 3758 3778 3524
f 3812 3716 3736
f 3736 3716 3715
f 3624 3521 3777
f 3777 3521 3774
f 3703 3856 3704
f 3704 3856 3622
f 3900 3892 3899
f 3899 3892 3891
f 3641 3917 3642
f 3642 3917 3948
f 3895 3669 3882
f 3882 3669 3668
f 3855 3851 3852
f 3852 3851 3850
f 3894 458 3902
f 3902 458 447
f 3781 3887 3660
f 3660 3887 3870
f 3570 3566 3571
f 3571 3566 3567
f 3950 3576 3949
f 3949 3576 3587
f 3605 3602 3614
f 3614 3602 3612
f 3614 3612 3570
f 3570 3612 3566
f 3571 3567 3656
f 3656 3567 3654
f 3660 3658 3781
f 3781 3658 3657
f 3604 3607 3587
f 3587 3607 3949
f 3653 3659 3654
f 3654 3659 3656
f 3529 3540 3530
f 3530 3540 3740
f 3687 3811 3688
f 3688 3811 3664
f 3813 3725 3737
f 3737 3725 3724
f 3919 3815 461
f 461 3815 303
f 3818 3798 3819
f 3819 3798 3797
f 3819 3841 3820
f 3820 3841 3951
f 3816 3815 3738
f 3738 3815 3814
f 3540 3539 3533
f 3533 3539 3549
f 3548 3547 3544
f 3544 3547 3541
f 3539 3548 3549
f 3549 3548 3544
f 3741 3931 3860
f 3860 3931 3846
f 3801 3800 3835
f 3835 3800 3836
f 3934 3933 3824
f 3824 3933 3821
f 3825 3828 3546
f 3546 3828 3547
f 3833 3821 3925
f 3925 3821 3933
f 3800 3828 3836
f 3836 3828 3825
f 3824 3952 3934
f 3934 3952 440
f 3860 3846 3861
f 3861 3846 3845
f 3629 3946 3630
f 3630 3946 3864
f 3740 3536 3861
f 3861 3536 3858
f 3833 3801 3834
f 3834 3801 3835
f 3583 3599 3580
f 3580 3599 3585
f 3651 3563 3652
f 3652 3563 3562
f 3758 3909 3779
f 3779 3909 3780
f 3621 3617 3622
f 3622 3617 3704
f 3625 3947 3626
f 3626 3947 3753
f 3633 3632 3847
f 3847 3632 3862
f 3852 3850 3640
f 3640 3850 3641
f 3644 3853 3640
f 3640 3853 3852
f 3859 3742 3860
f 3860 3742 3741
f 3632 3627 3862
f 3862 3627 3844
f 3755 3863 3626
f 3626 3863 3623
f 3917 3638 3948
f 3948 3638 3637
f 3644 3643 3742
f 3742 3643 3743
f 3931 3633 3846
f 3846 3633 3847
f 3625 3624 3864
f 3864 3624 3777
f 3917 3641 3849
f 3849 3641 3850
f 3744 3932 3741
f 3741 3932 3931
f 3903 446 3918
f 3918 446 464
f 3953 3954 3956
f 3956 3954 3955
f 3958 3959 3957
f 3957 3959 3960
f 3876 3958 3877
f 3877 3958 3957
f 3877 3957 3961
f 3961 3957 3962
f 3963 3964 3958
f 3958 3964 3959
f 3965 3966 3876
f 3876 3966 3958
f 3966 3963 3958
f 3966 3967 3963
f 3963 3967 3968
f 3878 3877 3879
f 3879 3877 3961
f 3967 3969 3968
f 3968 3969 3970
f 3969 3971 3970
f 3970 3971 3972
f 3974 3904 3973
f 3973 3904 3907
f 3971 3975 3972
f 3972 3975 3976
f 3976 3975 3978
f 3978 3975 3977
f 3979 3980 3977
f 3977 3980 3978
f 3981 3982 3979
f 3979 3982 3980
f 3983 3984 3981
f 3981 3984 3982
f 3972 3985 3970
f 3970 3985 3986
f 3871 3987 3969
f 3969 3987 3971
f 3872 3871 3967
f 3967 3871 3969
f 3965 3872 3966
f 3966 3872 3967
f 3970 3986 3968
f 3968 3986 3988
f 3879 3961 3884
f 3884 3961 3940
f 3884 3940 3885
f 3885 3940 3939
f 3989 3990 3992
f 3992 3990 3991
f 3942 3993 3995
f 3995 3993 3994
f 3994 3996 3995
f 3995 3996 3974
f 3997 3998 3994
f 3994 3998 3996
f 3999 3997 3993
f 3993 3997 3994
f 4001 3996 4000
f 4000 3996 3998
f 4000 3998 4002
f 4002 3998 4003
f 4004 4003 3997
f 3997 4003 3998
f 3997 3999 4004
f 4004 3999 4005
f 4006 3995 3973
f 3973 3995 3974
f 3939 3942 4006
f 4006 3942 3995
f 3906 3887 3907
f 3907 3887 3886
f 3887 3906 3870
f 3870 3906 3867
f 3908 3973 3886
f 3886 3973 3907
f 3865 4007 3866
f 3866 4007 4008
f 3984 3983 4009
f 4009 3983 4010
f 3961 3962 3940
f 3940 3962 3941
f 4012 3868 4011
f 4011 3868 3867
f 4013 3975 3987
f 3987 3975 3971
f 4014 3977 4013
f 4013 3977 3975
f 4015 4010 4007
f 4007 4010 3983
f 4007 3983 4008
f 4008 3983 3981
f 4008 3981 4016
f 4016 3981 3979
f 4017 3984 4018
f 4018 3984 4009
f 3977 4014 3979
f 3979 4014 4016
f 3982 3984 4019
f 4019 3984 4017
f 4021 4022 4020
f 4020 4022 4023
f 4022 4012 4023
f 4023 4012 4011
f 4023 3904 4020
f 4020 3904 3974
f 4024 4025 4018
f 4018 4025 4017
f 4026 4027 4024
f 4024 4027 4025
f 4028 4026 4029
f 4029 4026 4024
f 4018 4021 4024
f 4024 4021 4029
f 4030 4031 4026
f 4026 4031 4027
f 4032 4030 4028
f 4028 4030 4026
f 4029 4001 4028
f 4028 4001 4000
f 4028 4000 4032
f 4032 4000 4002
f 4034 4035 4033
f 4033 4035 4036
f 4037 4038 4019
f 4019 4038 4039
f 4041 4039 4040
f 4040 4039 4038
f 4040 4038 4042
f 4042 4038 4036
f 4042 4036 4043
f 4043 4036 4035
f 3985 4044 4046
f 4046 4044 4045
f 4047 4048 4045
f 4045 4048 4046
f 4047 4049 4048
f 4048 4049 4050
f 4042 4047 4040
f 4040 4047 4045
f 4043 4049 4042
f 4042 4049 4047
f 4040 4045 4041
f 4041 4045 4044
f 4052 3959 4051
f 4051 3959 3964
f 4053 4054 4051
f 4051 4054 4055
f 3956 3960 4052
f 4052 3960 3959
f 3953 3956 4056
f 4056 3956 4052
f 4058 3953 4057
f 4057 3953 4056
f 4060 4061 4059
f 4059 4061 4062
f 4063 4064 4054
f 4054 4064 4057
f 4054 4053 4063
f 4063 4053 4065
f 4066 4067 4069
f 4069 4067 4068
f 4048 4050 4063
f 4063 4050 4064
f 4063 4065 4048
f 4048 4065 4046
f 3985 4046 3986
f 3986 4046 4065
f 3986 4065 3988
f 3988 4065 4053
f 3988 4053 3964
f 3964 4053 4051
f 3976 3978 4044
f 4044 3978 4041
f 3980 3982 4039
f 4039 3982 4019
f 4039 4041 3980
f 3980 4041 3978
f 3973 3908 4006
f 4006 3908 3896
f 3885 3939 3896
f 3896 3939 4006
f 4031 4034 4027
f 4027 4034 4033
f 4027 4033 4025
f 4025 4033 4037
f 4019 4017 4037
f 4037 4017 4025
f 3993 3942 4070
f 4070 3942 3941
f 3999 3993 4071
f 4071 3993 4070
f 3999 4071 4005
f 4005 4071 4072
f 4073 4074 4076
f 4076 4074 4075
f 4078 4079 4077
f 4077 4079 4080
f 4082 4080 4081
f 4081 4080 4079
f 4084 4085 4083
f 4083 4085 4086
f 4087 4088 4090
f 4090 4088 4089
f 4092 4093 4091
f 4091 4093 4094
f 4096 4097 4095
f 4095 4097 4098
f 4100 4101 4099
f 4099 4101 4102
f 4103 4104 4106
f 4106 4104 4105
f 4108 4109 4107
f 4107 4109 4110
f 4112 4113 4111
f 4111 4113 4114
f 4116 4117 4115
f 4115 4117 4118
f 4120 4121 4119
f 4119 4121 4122
f 4123 4124 4126
f 4126 4124 4125
f 4127 4128 4130
f 4130 4128 4129
f 4132 4133 4131
f 4131 4133 4134
f 4136 4108 4135
f 4135 4108 4107
f 4138 4139 4137
f 4137 4139 4140
f 4141 4142 4088
f 4088 4142 4089
f 4144 4145 4143
f 4143 4145 4146
f 4148 4149 4147
f 4147 4149 4150
f 4152 4153 4151
f 4151 4153 4154
f 4156 4082 4155
f 4155 4082 4081
f 4157 4158 4160
f 4160 4158 4159
f 4161 4162 4164
f 4164 4162 4163
f 4166 4122 4165
f 4165 4122 4121
f 4168 4152 4167
f 4167 4152 4151
f 4169 4170 4172
f 4172 4170 4171
f 4174 4175 4173
f 4173 4175 4176
f 4178 4149 4177
f 4177 4149 4179
f 4173 4176 4180
f 4180 4176 4181
f 4156 4085 4182
f 4182 4085 4183
f 4182 4184 4156
f 4156 4184 4082
f 4185 4186 4184
f 4184 4186 4187
f 4186 4188 4187
f 4187 4188 4189
f 4190 4191 4073
f 4073 4191 4074
f 4177 4179 4158
f 4158 4179 4159
f 4193 4127 4192
f 4192 4127 4130
f 4144 4194 4151
f 4151 4194 4167
f 4196 4197 4195
f 4195 4197 4198
f 4095 4199 4096
f 4096 4199 4200
f 4201 4202 4204
f 4204 4202 4203
f 4205 4206 4208
f 4208 4206 4207
f 4121 4120 4209
f 4209 4120 4210
f 4212 4213 4211
f 4211 4213 4214
f 4216 4217 4215
f 4215 4217 4218
f 4220 4221 4219
f 4219 4221 4222
f 4224 4196 4223
f 4223 4196 4195
f 4225 4226 4134
f 4134 4226 4131
f 4228 4229 4227
f 4227 4229 4230
f 4232 4233 4231
f 4231 4233 4098
f 4235 4236 4234
f 4234 4236 4237
f 4239 4240 4238
f 4238 4240 4241
f 4242 4243 4245
f 4245 4243 4244
f 4246 4247 4249
f 4249 4247 4248
f 4251 4252 4250
f 4250 4252 4253
f 4255 4256 4254
f 4254 4256 4257
f 4259 4260 4258
f 4258 4260 4261
f 4263 4264 4262
f 4262 4264 4265
f 4267 4268 4266
f 4266 4268 4269
f 4271 4199 4270
f 4270 4199 4272
f 4273 4274 4276
f 4276 4274 4275
f 4115 4118 4277
f 4277 4118 4278
f 4280 4281 4279
f 4279 4281 4282
f 4211 4283 4212
f 4212 4283 4284
f 4286 4287 4285
f 4285 4287 4288
f 4165 4121 4289
f 4289 4121 4209
f 4291 4286 4290
f 4290 4286 4285
f 4293 4294 4292
f 4292 4294 4295
f 4297 4298 4296
f 4296 4298 4299
f 4301 4302 4300
f 4300 4302 4303
f 4299 4304 4296
f 4296 4304 4305
f 4306 4292 4307
f 4307 4292 4295
f 4307 4308 4306
f 4306 4308 4309
f 4310 4309 4075
f 4075 4309 4308
f 4299 4298 4312
f 4312 4298 4311
f 4302 4301 4293
f 4293 4301 4294
f 3735 3921 4313
f 4313 3921 4314
f 4315 4314 3922
f 3922 4314 3921
f 4316 3945 829
f 829 3945 830
f 4289 4317 4165
f 4165 4317 4318
f 4320 4321 4319
f 4319 4321 4322
f 4324 4325 4323
f 4323 4325 4326
f 4327 4328 4330
f 4330 4328 4329
f 4290 4331 4291
f 4291 4331 4332
f 4165 4318 4166
f 4166 4318 4333
f 4334 4335 4337
f 4337 4335 4336
f 4339 4340 4338
f 4338 4340 4341
f 4168 4343 4342
f 4342 4343 4344
f 4346 4347 4345
f 4345 4347 4348
f 4350 4351 4349
f 4349 4351 4352
f 4354 4355 4353
f 4353 4355 4356
f 4357 4358 4324
f 4324 4358 4325
f 4337 4359 4334
f 4334 4359 4360
f 4362 4363 4361
f 4361 4363 4364
f 4366 4367 4365
f 4365 4367 4368
f 4369 4370 4372
f 4372 4370 4371
f 4331 4290 4374
f 4374 4290 4373
f 4373 4376 4375
f 4375 4376 4377
f 4379 4380 4378
f 4378 4380 4381
f 4217 4382 4218
f 4218 4382 4383
f 4385 4386 4384
f 4384 4386 4387
f 4388 4389 4338
f 4338 4389 4390
f 4337 4336 4392
f 4392 4336 4391
f 4394 4362 4393
f 4393 4362 4361
f 4396 4397 4395
f 4395 4397 4398
f 4400 4401 4399
f 4399 4401 4402
f 4345 4403 4346
f 4346 4403 4404
f 4405 4406 4342
f 4342 4406 4407
f 4409 4410 4408
f 4408 4410 4411
f 4408 4412 4409
f 4409 4412 4413
f 4181 4415 4414
f 4414 4415 4416
f 4182 4183 4417
f 4417 4183 4418
f 4419 4353 4311
f 4311 4353 4312
f 4421 4422 4420
f 4420 4422 4423
f 4353 4356 4312
f 4312 4356 4424
f 4166 4333 4425
f 4425 4333 4426
f 4425 4143 4166
f 4166 4143 4122
f 4427 4107 4428
f 4428 4107 4110
f 4429 4430 4174
f 4174 4430 4175
f 4335 4431 4336
f 4336 4431 4390
f 4336 4390 4391
f 4391 4390 4389
f 4432 4433 4435
f 4435 4433 4434
f 4437 4438 4436
f 4436 4438 4439
f 4441 4442 4440
f 4440 4442 4443
f 4359 4444 4361
f 4361 4444 4393
f 4446 4447 4445
f 4445 4447 4448
f 4338 4341 4388
f 4388 4341 4449
f 4450 4451 4398
f 4398 4451 4395
f 4453 4454 4452
f 4452 4454 4455
f 4457 4458 4456
f 4456 4458 4459
f 4460 4461 4448
f 4448 4461 4445
f 4463 4464 4462
f 4462 4464 4465
f 4462 4465 4466
f 4466 4465 4467
f 4468 4469 4467
f 4467 4469 4466
f 4469 4468 4470
f 4470 4468 4471
f 4472 4473 4471
f 4471 4473 4470
f 4475 4476 4474
f 4474 4476 4477
f 4479 4480 4478
f 4478 4480 4481
f 4483 4484 4482
f 4482 4484 4485
f 4487 4488 4486
f 4486 4488 4489
f 4491 4492 4490
f 4490 4492 4493
f 4494 4495 4493
f 4493 4495 4490
f 4496 4497 4494
f 4494 4497 4495
f 4497 4496 4498
f 4498 4496 4499
f 4500 4501 4503
f 4503 4501 4502
f 4505 4506 4504
f 4504 4506 4507
f 4466 4508 4462
f 4462 4508 4509
f 4470 4510 4469
f 4469 4510 4511
f 4513 4479 4512
f 4512 4479 4478
f 4515 4443 4514
f 4514 4443 4442
f 4516 4517 4519
f 4519 4517 4518
f 4521 4495 4520
f 4520 4495 4497
f 4522 4490 4521
f 4521 4490 4495
f 4491 4523 4488
f 4488 4523 4524
f 4525 4489 4524
f 4524 4489 4488
f 4484 4526 4485
f 4485 4526 4527
f 4503 4528 4500
f 4500 4528 4529
f 4530 4531 4533
f 4533 4531 4532
f 4535 4506 4534
f 4534 4506 4530
f 4486 4536 4487
f 4487 4536 4537
f 4487 4537 4492
f 4492 4537 4538
f 4494 4539 4496
f 4496 4539 4540
f 4542 4533 4541
f 4541 4533 4499
f 4544 4545 4543
f 4543 4545 4546
f 4548 4549 4547
f 4547 4549 4550
f 4536 4551 4537
f 4537 4551 4552
f 4537 4552 4538
f 4538 4552 4553
f 4554 4539 4556
f 4556 4539 4555
f 4557 4540 4554
f 4554 4540 4539
f 4559 4557 4558
f 4558 4557 4560
f 4540 4557 4541
f 4541 4557 4559
f 4562 4563 4561
f 4561 4563 4564
f 4546 4565 4543
f 4543 4565 4566
f 4547 4567 4548
f 4548 4567 4568
f 4570 4571 4569
f 4569 4571 4572
f 4574 4575 4573
f 4573 4575 4576
f 4578 4579 4577
f 4577 4579 4580
f 4582 4583 4581
f 4581 4583 4584
f 4585 4586 4588
f 4588 4586 4587
f 4589 4585 4590
f 4590 4585 4588
f 4592 4593 4591
f 4591 4593 4594
f 4596 4597 4595
f 4595 4597 4598
f 4600 4601 4599
f 4599 4601 4602
f 4563 4604 4603
f 4603 4604 4605
f 4603 4606 4608
f 4608 4606 4607
f 4609 4610 4594
f 4594 4610 4591
f 4611 4612 4614
f 4614 4612 4613
f 4616 4617 4615
f 4615 4617 4618
f 4602 4620 4619
f 4619 4620 4621
f 4619 4622 4602
f 4602 4622 4599
f 4605 4599 4623
f 4623 4599 4622
f 4605 4623 4603
f 4603 4623 4606
f 4625 4626 4624
f 4624 4626 4627
f 4438 4437 4628
f 4628 4437 4629
f 4442 4441 4630
f 4630 4441 4631
f 4630 4632 4442
f 4442 4632 4514
f 4633 4634 4529
f 4529 4634 4500
f 4500 4634 4501
f 4501 4634 4635
f 4637 4546 4636
f 4636 4546 4545
f 4639 4565 4638
f 4638 4565 4640
f 4573 4576 4641
f 4641 4576 4642
f 4593 4643 4594
f 4594 4643 4644
f 4645 4609 4644
f 4644 4609 4594
f 4647 4648 4646
f 4646 4648 4649
f 4651 4652 4650
f 4650 4652 4653
f 4654 4498 4519
f 4519 4498 4532
f 4520 4508 4521
f 4521 4508 4511
f 4522 4510 4523
f 4523 4510 4655
f 4524 4656 4525
f 4525 4656 4657
f 4514 4529 4515
f 4515 4529 4528
f 4658 4659 4661
f 4661 4659 4660
f 4496 4540 4499
f 4499 4540 4541
f 4493 4555 4494
f 4494 4555 4539
f 4549 4483 4550
f 4550 4483 4482
f 4545 4544 4501
f 4501 4544 4502
f 4636 4545 4635
f 4635 4545 4501
f 4589 4663 4662
f 4662 4663 4664
f 4662 4665 4558
f 4558 4665 4559
f 4569 4586 4570
f 4570 4586 4560
f 4552 4666 4553
f 4553 4666 4667
f 4668 4669 4670
f 4670 4669 4666
f 4672 4673 4671
f 4671 4673 4674
f 4287 4675 4288
f 4288 4675 4676
f 4678 4679 4677
f 4677 4679 4680
f 4681 4678 4682
f 4682 4678 4677
f 4682 4683 4681
f 4681 4683 4684
f 4161 4164 4685
f 4685 4164 4686
f 4414 4687 4689
f 4689 4687 4688
f 4405 4690 4346
f 4346 4690 4347
f 4691 4399 4693
f 4693 4399 4692
f 1209 4694 4365
f 4365 4694 4366
f 4650 1211 4651
f 4651 1211 1210
f 4695 4696 4255
f 4255 4696 4256
f 4697 4698 4218
f 4218 4698 4215
f 4700 4701 4699
f 4699 4701 4702
f 4703 4704 4303
f 4303 4704 4300
f 4315 3922 4316
f 4316 3922 3945
f 4653 4706 4705
f 4705 4706 4707
f 4709 4710 4708
f 4708 4710 4711
f 4335 4334 4713
f 4713 4334 4712
f 4714 4340 4321
f 4321 4340 4322
f 4716 4717 4715
f 4715 4717 4718
f 4238 4241 4719
f 4719 4241 4720
f 4231 4721 4307
f 4307 4721 4308
f 4723 4724 4722
f 4722 4724 4725
f 4727 4728 4726
f 4726 4728 4729
f 4730 4731 4327
f 4327 4731 4328
f 4733 4734 4732
f 4732 4734 4735
f 4720 4381 4736
f 4736 4381 4737
f 4738 4739 4741
f 4741 4739 4740
f 4743 4744 4742
f 4742 4744 4745
f 4338 4390 4339
f 4339 4390 4431
f 4746 4747 4431
f 4431 4747 4339
f 4291 4332 4289
f 4289 4332 4317
f 4289 4209 4291
f 4291 4209 4286
f 4287 4286 4210
f 4210 4286 4209
f 4749 4750 4748
f 4748 4750 4751
f 4212 4284 4752
f 4752 4284 4753
f 4752 4754 4212
f 4212 4754 4213
f 4252 4251 4225
f 4225 4251 4226
f 4227 4230 4248
f 4248 4230 4249
f 4205 4755 4757
f 4757 4755 4756
f 4708 4711 4758
f 4758 4711 4647
f 4367 4366 4759
f 4759 4366 4760
f 4526 4513 4527
f 4527 4513 4512
f 4420 4423 4385
f 4385 4423 4386
f 4705 4761 4653
f 4653 4761 4650
f 4761 1279 4650
f 4650 1279 1211
f 4762 4763 3944
f 3944 4763 3936
f 4274 4273 4765
f 4765 4273 4764
f 4767 4768 4766
f 4766 4768 4769
f 4770 4771 4769
f 4769 4771 4766
f 4771 4770 4242
f 4242 4770 4243
f 4093 4163 4094
f 4094 4163 4162
f 4772 4773 4775
f 4775 4773 4774
f 4777 4778 4776
f 4776 4778 4779
f 4417 4185 4182
f 4182 4185 4184
f 4780 4078 4781
f 4781 4078 4077
f 4781 4077 4782
f 4782 4077 4189
f 4188 4783 4189
f 4189 4783 4782
f 4295 4232 4307
f 4307 4232 4231
f 4785 4786 4784
f 4784 4786 4787
f 4784 1307 4785
f 4785 1307 1306
f 4078 4780 4096
f 4096 4780 4097
f 4075 4074 4310
f 4310 4074 4788
f 4788 4074 4789
f 4789 4074 4191
f 4789 4191 4059
f 4059 4191 4790
f 4791 4277 4792
f 4792 4277 4278
f 3732 3735 4793
f 4793 3735 4313
f 4793 4794 3732
f 3732 4794 3731
f 4792 4795 4791
f 4791 4795 4796
f 4797 4798 4799
f 4799 4798 4724
f 4763 4800 3936
f 3936 4800 3935
f 4801 4062 3729
f 3729 4062 3730
f 4713 4712 4802
f 4802 4712 4803
f 4146 4804 4119
f 4119 4804 4805
f 4498 4654 4497
f 4497 4654 4520
f 4806 4807 1326
f 1326 4807 1327
f 4689 4688 1330
f 1330 4688 1331
f 4801 4789 4062
f 4062 4789 4059
f 3730 4062 4808
f 4808 4062 4061
f 4810 4811 4809
f 4809 4811 4812
f 4813 4403 4814
f 4814 4403 4345
f 4815 4816 4349
f 4349 4816 4350
f 4817 4818 4820
f 4820 4818 4819
f 4406 4821 4407
f 4407 4821 4822
f 4823 4161 4824
f 4824 4161 4685
f 4181 4414 4825
f 4825 4414 4689
f 4741 4740 4826
f 4826 4740 4827
f 4828 4829 4827
f 4827 4829 4826
f 4142 4141 4415
f 4415 4141 4148
f 4830 1354 4761
f 4761 1354 1279
f 4832 4833 4831
f 4831 4833 4834
f 4835 4836 4626
f 4626 4836 4421
f 4451 4709 4395
f 4395 4709 4708
f 4627 4420 4837
f 4837 4420 4385
f 4837 1365 4838
f 4838 1365 1364
f 4397 4396 4839
f 4839 4396 4840
f 4842 4628 4841
f 4841 4628 4629
f 4671 4674 4631
f 4631 4674 4630
f 4674 4659 4630
f 4630 4659 4632
f 4633 4632 4658
f 4658 4632 4659
f 4658 4504 4633
f 4633 4504 4634
f 4635 4634 4507
f 4507 4634 4504
f 4843 4636 4507
f 4507 4636 4635
f 4844 4637 4843
f 4843 4637 4636
f 4637 4844 4640
f 4640 4844 4664
f 4638 4663 4642
f 4642 4663 4845
f 4847 4643 4846
f 4846 4643 4641
f 4644 4848 4645
f 4645 4848 4849
f 4851 4852 4850
f 4850 4852 4853
f 4855 4856 4854
f 4854 4856 4857
f 4859 4860 4858
f 4858 4860 4857
f 4715 4718 4859
f 4859 4718 4860
f 4862 4863 4861
f 4861 4863 4864
f 4866 4867 4865
f 4865 4867 4868
f 4870 4871 4869
f 4869 4871 4872
f 4869 4872 4116
f 4116 4872 4117
f 4820 4819 4874
f 4874 4819 4873
f 4876 4877 4875
f 4875 4877 4878
f 4880 4881 4879
f 4879 4881 4882
f 4884 4885 4883
f 4883 4885 4886
f 4887 4888 4280
f 4280 4888 4281
f 4818 4817 4889
f 4889 4817 4890
f 4891 4193 4823
f 4823 4193 4192
f 4892 4893 4228
f 4228 4893 4229
f 4158 4157 4894
f 4894 4157 4895
f 4896 4897 4132
f 4132 4897 4133
f 4099 4683 4100
f 4100 4683 4682
f 4101 4100 4899
f 4899 4100 4898
f 4150 4106 4147
f 4147 4106 4900
f 4100 4682 4898
f 4898 4682 4677
f 4080 4082 4187
f 4187 4082 4184
f 4077 4080 4189
f 4189 4080 4187
f 4191 4190 4790
f 4790 4190 4901
f 4177 4158 4680
f 4680 4158 4894
f 4108 4136 4752
f 4752 4136 4754
f 4752 4753 4108
f 4108 4753 4109
f 4817 4902 4890
f 4890 4902 4903
f 4904 4905 4907
f 4907 4905 4906
f 4909 4910 4908
f 4908 4910 4911
f 4913 4914 4912
f 4912 4914 4915
f 4916 4917 4919
f 4919 4917 4918
f 4312 4424 4299
f 4299 4424 4304
f 4920 4921 4297
f 4297 4921 4298
f 4194 4922 4167
f 4167 4922 4923
f 4924 4400 4691
f 4691 4400 4399
f 4395 4708 4396
f 4396 4708 4758
f 4367 4925 4368
f 4368 4925 4926
f 4919 4918 4873
f 4873 4918 4874
f 4836 4927 4421
f 4421 4927 4422
f 4921 4928 4298
f 4298 4928 4311
f 4143 4146 4122
f 4122 4146 4119
f 4929 4930 4455
f 4455 4930 4452
f 4932 4933 4931
f 4931 4933 4934
f 4935 4936 4932
f 4932 4936 4933
f 4461 4460 4457
f 4457 4460 4458
f 4480 4479 4475
f 4475 4479 4476
f 4660 4673 4517
f 4517 4673 4937
f 4661 4505 4658
f 4658 4505 4504
f 4484 4483 4489
f 4489 4483 4486
f 4462 4509 4463
f 4463 4509 4518
f 4469 4511 4466
f 4466 4511 4508
f 4655 4473 4656
f 4656 4473 4477
f 4476 4657 4477
f 4477 4657 4656
f 4479 4513 4476
f 4476 4513 4657
f 4489 4525 4484
f 4484 4525 4526
f 4483 4549 4486
f 4486 4549 4536
f 4549 4548 4536
f 4536 4548 4551
f 4548 4568 4551
f 4551 4568 4670
f 4663 4589 4845
f 4845 4589 4590
f 4668 4577 4938
f 4938 4577 4580
f 4940 4938 4939
f 4939 4938 4941
f 4940 4942 4669
f 4669 4942 4943
f 4587 4582 4944
f 4944 4582 4581
f 4848 4847 4608
f 4608 4847 4564
f 4616 4945 4613
f 4613 4945 4598
f 4615 4946 4616
f 4616 4946 4945
f 4947 4939 4948
f 4948 4939 4946
f 4599 4605 4600
f 4600 4605 4604
f 4608 4607 4848
f 4848 4607 4849
f 4613 4612 4616
f 4616 4612 4617
f 4835 4949 4709
f 4709 4949 4710
f 4357 1477 4837
f 4837 1477 1365
f 4712 4950 4803
f 4803 4950 4951
f 4401 4952 4402
f 4402 4952 4953
f 4759 4760 4402
f 4402 4760 4399
f 4508 4520 4509
f 4509 4520 4654
f 4510 4522 4511
f 4511 4522 4521
f 4513 4526 4657
f 4657 4526 4525
f 4632 4633 4514
f 4514 4633 4529
f 4931 4934 4453
f 4453 4934 4454
f 4153 4954 4154
f 4154 4954 4955
f 4957 4958 4956
f 4956 4958 4959
f 4961 4962 4960
f 4960 4962 4963
f 4120 4964 4210
f 4210 4964 4965
f 4967 4968 4966
f 4966 4968 4969
f 4349 4692 4815
f 4815 4692 4970
f 4652 4971 4653
f 4653 4971 4706
f 4758 4647 4972
f 4972 4647 4646
f 4973 4363 4646
f 4646 4363 4972
f 4950 4360 4974
f 4974 4360 4364
f 4431 4335 4746
f 4746 4335 4713
f 4358 4714 4325
f 4325 4714 4321
f 4765 4764 4266
f 4266 4764 4975
f 4202 4976 4203
f 4203 4976 4977
f 4917 4978 4918
f 4918 4978 4979
f 4279 4282 4854
f 4854 4282 4269
f 4820 4880 4817
f 4817 4880 4902
f 4890 4903 4980
f 4980 4903 4886
f 4982 4983 4981
f 4981 4983 4123
f 4795 4851 4796
f 4796 4851 4850
f 4918 4979 4874
f 4874 4979 4881
f 4809 4404 4810
f 4810 4404 4403
f 4354 4985 4984
f 4984 4985 4986
f 1364 1516 4838
f 4838 1516 4987
f 4759 4988 4367
f 4367 4988 4925
f 4989 4990 4481
f 4481 4990 4478
f 4443 4515 4990
f 4990 4515 4991
f 4527 4512 4992
f 4992 4512 4991
f 4528 4503 4992
f 4992 4503 4993
f 4993 4994 4485
f 4485 4994 4482
f 4544 4995 4502
f 4502 4995 4994
f 4995 4996 4550
f 4550 4996 4547
f 4998 4999 4997
f 4997 4999 4566
f 4998 5000 4578
f 4578 5000 4579
f 5001 5002 4596
f 4596 5002 4597
f 5003 4591 5004
f 5004 4591 4610
f 4626 4421 4627
f 4627 4421 4420
f 4837 4838 4627
f 4627 4838 4624
f 4761 4705 4830
f 4830 4705 5005
f 4705 4707 5005
f 5005 4707 5006
f 4308 4721 4075
f 4075 4721 4076
f 5007 4200 4797
f 4797 4200 4798
f 4685 4686 5008
f 5008 4686 5009
f 4889 4890 5010
f 5010 4890 4980
f 4323 1541 4324
f 4324 1541 1540
f 4385 4384 4358
f 4358 4384 4714
f 4396 4758 4840
f 4840 4758 4972
f 4866 4852 5011
f 5011 4852 5012
f 5013 4260 4980
f 4980 4260 5010
f 4875 4878 5014
f 5014 4878 5015
f 5017 5018 5016
f 5016 5018 5019
f 5016 5019 5020
f 5020 5019 5021
f 5023 5024 5022
f 5022 5024 5025
f 5027 5028 5026
f 5026 5028 5029
f 5031 5032 5030
f 5030 5032 5033
f 5035 5036 5034
f 5034 5036 5037
f 5039 5040 5038
f 5038 5040 5041
f 5043 5044 5042
f 5042 5044 5045
f 5038 5046 5039
f 5039 5046 5047
f 5049 5050 5048
f 5048 5050 5051
f 5053 5054 5052
f 5052 5054 5055
f 5057 5024 5056
f 5056 5024 5058
f 5060 5061 5059
f 5059 5061 5062
f 5064 5065 5063
f 5063 5065 5066
f 5043 5050 5064
f 5064 5050 5065
f 5038 5041 5067
f 5067 5041 5068
f 5070 5071 5069
f 5069 5071 5072
f 5074 5075 5073
f 5073 5075 5076
f 5034 5077 5035
f 5035 5077 5078
f 5080 5081 5079
f 5079 5081 5082
f 5084 5085 5083
f 5083 5085 5086
f 5085 5084 5087
f 5087 5084 5088
f 5090 5091 5089
f 5089 5091 5092
f 5094 5095 5093
f 5093 5095 5096
f 5098 5099 5097
f 5097 5099 5100
f 5102 5103 5101
f 5101 5103 5104
f 5105 5106 5108
f 5108 5106 5107
f 5110 5111 5109
f 5109 5111 5112
f 5114 5094 5113
f 5113 5094 5093
f 5116 5117 5115
f 5115 5117 5118
f 5120 5121 5119
f 5119 5121 5122
f 5124 5125 5123
f 5123 5125 5126
f 5128 5129 5127
f 5127 5129 5130
f 5097 5131 5098
f 5098 5131 5132
f 5134 5135 5133
f 5133 5135 5122
f 5084 5125 5088
f 5088 5125 5136
f 5138 5139 5137
f 5137 5139 5140
f 5142 5102 5141
f 5141 5102 5101
f 5106 5143 5107
f 5107 5143 5144
f 5146 5147 5145
f 5145 5147 5148
f 5149 5150 5109
f 5109 5150 5110
f 5151 5110 5152
f 5152 5110 5150
f 4715 5140 4716
f 4716 5140 5139
f 5143 4870 5144
f 5144 4870 4869
f 4115 5146 4116
f 4116 5146 5145
f 4791 4796 5149
f 5149 4796 5150
f 4796 4850 5150
f 5150 4850 5152
f 4858 5142 4859
f 4859 5142 5141
f 5153 5154 5115
f 5115 5154 5105
f 5156 5157 5155
f 5155 5157 5158
f 5159 5160 5053
f 5053 5160 5054
f 5161 5162 5020
f 5020 5162 5068
f 5026 5029 5163
f 5163 5029 5021
f 5083 5086 5164
f 5164 5086 5165
f 5090 5167 5166
f 5166 5167 5168
f 5169 5170 5172
f 5172 5170 5171
f 5174 5175 5173
f 5173 5175 5176
f 5177 5109 5178
f 5178 5109 5112
f 5179 5180 5182
f 5182 5180 5181
f 5123 5126 5120
f 5120 5126 5121
f 5180 5167 5181
f 5181 5167 5183
f 5184 5185 5179
f 5179 5185 5180
f 5186 5149 5177
f 5177 5149 5109
f 4868 5184 4865
f 4865 5184 5179
f 5188 5189 5187
f 5187 5189 5190
f 4277 4791 5186
f 5186 4791 5149
f 5179 5182 4865
f 4865 5182 4853
f 5189 4862 5190
f 5190 4862 4861
f 5156 5075 5191
f 5191 5075 5192
f 5036 5035 5193
f 5193 5035 5194
f 5115 5118 5153
f 5153 5118 5195
f 5022 5025 5196
f 5196 5025 5197
f 5155 5158 5069
f 5069 5158 5062
f 5063 5066 5198
f 5198 5066 5199
f 5073 5076 5200
f 5200 5076 5072
f 5202 5131 5201
f 5201 5131 5203
f 5143 5106 5204
f 5204 5106 5205
f 5114 5113 5206
f 5206 5113 5127
f 5098 5132 5193
f 5193 5132 5195
f 5204 5207 5143
f 5143 5207 4870
f 5088 5136 5208
f 5208 5136 5092
f 5209 5210 5089
f 5089 5210 5183
f 5211 5018 5060
f 5060 5018 5061
f 5017 5040 5070
f 5070 5040 5071
f 5191 5160 5156
f 5156 5160 5157
f 5048 5028 5049
f 5049 5028 5058
f 5207 5204 4858
f 4858 5204 5142
f 4859 5141 4715
f 4715 5141 5140
f 5212 5162 5042
f 5042 5162 5051
f 5182 5152 4853
f 4853 5152 4850
f 5214 5134 5213
f 5213 5134 5133
f 5164 5165 5133
f 5133 5165 5213
f 5215 5216 5201
f 5201 5216 5217
f 5147 5218 5148
f 5148 5218 5219
f 5147 5177 5218
f 5218 5177 5178
f 5141 5101 5140
f 5140 5101 5137
f 5201 5217 5202
f 5202 5217 5104
f 5146 5186 5147
f 5147 5186 5177
f 4277 5186 4115
f 4115 5186 5146
f 5191 5192 5031
f 5031 5192 5032
f 5052 5055 5220
f 5220 5055 5197
f 4116 5145 4869
f 4869 5145 5144
f 5034 5037 5214
f 5214 5037 5134
f 5097 5100 5114
f 5114 5100 5094
f 5108 5107 5219
f 5219 5107 5148
f 5221 5135 5116
f 5116 5135 5117
f 5124 5111 5209
f 5209 5111 5210
f 5107 5144 5148
f 5148 5144 5145
f 5152 5182 5151
f 5151 5182 5181
f 5208 5222 5088
f 5088 5222 5087
f 5222 5208 5171
f 5171 5208 5172
f 5223 1756 4698
f 4698 1756 1755
f 4427 5224 4107
f 4107 5224 4135
f 4178 4679 5225
f 5225 4679 5226
f 5227 5228 4892
f 4892 5228 4893
f 5229 5230 4171
f 4171 5230 4172
f 4855 4268 4884
f 4884 4268 4885
f 4884 4871 4855
f 4855 4871 4856
f 4684 5231 4896
f 4896 5231 4897
f 4768 4767 5009
f 5009 4767 5008
f 5205 5154 5102
f 5102 5154 5103
f 5099 5098 5194
f 5194 5098 5193
f 5198 5199 5079
f 5079 5199 5033
f 5102 5142 5205
f 5205 5142 5204
f 5224 4427 4681
f 4681 4427 4678
f 3712 3711 5232
f 5232 3711 5233
f 3968 3988 3963
f 3963 3988 3964
f 3976 4044 3972
f 3972 4044 3985
f 4038 4037 4036
f 4036 4037 4033
f 4794 4762 3731
f 3731 4762 3944
f 3731 3944 3722
f 3722 3944 3810
f 3874 5234 5232
f 5232 5234 3712
f 3906 3905 3867
f 3867 3905 4011
f 3904 4023 3905
f 3905 4023 4011
f 3719 3722 3811
f 3811 3722 3810
f 3812 3719 3687
f 3687 3719 3811
f 3716 3812 3686
f 3686 3812 3687
f 3713 3716 3685
f 3685 3716 3686
f 4810 4403 5235
f 5235 4403 4813
f 4345 1770 4814
f 4814 1770 1769
f 4067 4066 4058
f 4058 4066 5236
f 4043 4068 4049
f 4049 4068 4050
f 4034 5237 3989
f 3989 5237 3990
f 4031 4030 4072
f 4072 4030 4005
f 4003 4004 4002
f 4002 4004 4032
f 4004 4005 4032
f 4032 4005 4030
f 4067 4064 4068
f 4068 4064 4050
f 4058 4057 4067
f 4067 4057 4064
f 4035 4034 5238
f 5238 4034 3989
f 5236 5239 4058
f 4058 5239 5240
f 5234 3874 5241
f 5241 3874 3873
f 5241 3873 3881
f 3881 3873 3878
f 4800 4763 4788
f 4788 4763 4310
f 4763 4762 4310
f 4310 4762 4309
f 4762 4794 4309
f 4309 4794 4306
f 4794 4793 4306
f 4306 4793 4292
f 4293 4313 4302
f 4302 4313 4314
f 4302 4314 4303
f 4303 4314 4315
f 4303 4315 4703
f 4703 4315 4316
f 4035 4069 4043
f 4043 4069 4068
f 4324 1540 4357
f 4357 1540 1477
f 5232 3987 3874
f 3874 3987 3871
f 3987 5232 4013
f 4013 5232 5233
f 4013 5233 4014
f 4014 5233 5242
f 3888 4015 3865
f 3865 4015 4007
f 3866 4008 5243
f 5243 4008 4016
f 3873 5244 3878
f 3878 5244 3875
f 3965 5244 3872
f 3872 5244 3873
f 3876 3875 3965
f 3965 3875 5244
f 5243 4016 5242
f 5242 4016 4014
f 5246 5247 5245
f 5245 5247 5248
f 3576 3950 3577
f 3577 3950 3926
f 3584 3842 3585
f 3585 3842 3580
f 5249 5247 1784
f 1784 5247 1785
f 5250 5251 5253
f 5253 5251 5252
f 5255 5252 5254
f 5254 5252 5256
f 5254 5256 5258
f 5258 5256 5257
f 5258 5257 5260
f 5260 5257 5259
f 4356 5261 4424
f 4424 5261 5259
f 4355 5262 4356
f 4356 5262 5261
f 4924 5264 5263
f 5263 5264 5265
f 4693 5266 4691
f 4691 5266 5267
f 4351 5268 4352
f 4352 5268 5269
f 1808 1807 4351
f 4351 1807 5268
f 3580 3842 3581
f 3799 3802 3838
f 4800 4788 4801
f 4801 4788 4789
f 3729 3935 4801
f 4801 3935 4800
f 3728 3666 3729
f 3729 3666 3935
f 3728 3798 3666
f 3666 3798 3663
f 3798 3818 3663
f 3663 3818 3809
f 3818 3817 3809
f 3809 3817 3808
f 3796 3655 3817
f 3817 3655 3808
f 3615 3568 3796
f 3796 3568 3655
f 3573 3569 3615
f 3615 3569 3568
f 3572 3613 3573
f 3573 3613 3569
f 3792 3606 3572
f 3572 3606 3613
f 3607 3791 3949
f 3949 3791 3591
f 3590 3950 3591
f 3591 3950 3949
f 3805 3926 3590
f 3590 3926 3950
f 3804 3559 3805
f 3805 3559 3926
f 3804 3914 3559
f 3559 3914 3560
f 3924 3789 3913
f 3913 3789 3788
f 3924 3928 3789
f 3789 3928 3826
f 3928 3927 3826
f 3826 3927 3827
f 3927 3834 3827
f 3827 3834 3835
f 4079 4078 5270
f 5270 4078 5007
f 5271 5272 4233
f 4233 5272 5273
f 5275 5276 5274
f 5274 5276 5277
f 5278 5279 4236
f 4236 5279 4237
f 5278 5280 5271
f 5271 5280 5272
f 4235 5281 4236
f 4236 5281 5282
f 5284 5285 5283
f 5283 5285 5286
f 5288 5289 5287
f 5287 5289 5290
f 5292 5293 5291
f 5291 5293 5294
f 5287 5290 4726
f 4726 5290 5295
f 4293 4292 4313
f 4313 4292 4793
f 4720 4736 4719
f 4719 4736 5296
f 5297 4909 5298
f 5298 4909 4908
f 5299 5300 4976
f 4976 5300 5301
f 5302 4202 5303
f 5303 4202 4201
f 5304 5305 4983
f 4983 5305 5306
f 5308 5309 5307
f 5307 5309 5310
f 4722 4725 5283
f 5283 4725 5311
f 5291 5294 4125
f 4125 5294 4126
f 5313 5314 5312
f 5312 5314 5315
f 5316 5317 5319
f 5319 5317 5318
f 5321 5308 5320
f 5320 5308 5307
f 4819 4981 4873
f 4873 4981 5322
f 4981 4123 5322
f 5322 4123 4126
f 5324 5325 5323
f 5323 5325 5326
f 4764 5327 4975
f 4975 5327 5328
f 4172 5327 4169
f 4169 5327 5329
f 4768 4171 4769
f 4769 4171 4170
f 4243 4755 4244
f 4244 4755 5330
f 4755 4205 5330
f 5330 4205 4208
f 4206 4906 4207
f 4207 4906 4905
f 4686 5014 5009
f 5009 5014 5229
f 4756 4770 4170
f 4170 4770 4769
f 4170 4169 4756
f 4756 4169 4757
f 4273 5329 4764
f 4764 5329 5327
f 4276 5331 4273
f 4273 5331 5329
f 4770 4756 4243
f 4243 4756 4755
f 5333 4889 5332
f 5332 4889 5010
f 4877 5332 4878
f 4878 5332 4259
f 4875 4164 4876
f 4876 4164 4163
f 5334 5335 5324
f 5324 5335 5325
f 4983 5306 4123
f 4123 5306 4124
f 4818 4982 4819
f 4819 4982 4981
f 5332 5010 4259
f 4259 5010 4260
f 5014 4686 4875
f 4875 4686 4164
f 4171 4768 5229
f 5229 4768 5009
f 5337 4916 5336
f 5336 4916 4919
f 5293 5337 5294
f 5294 5337 5336
f 4982 4818 5333
f 5333 4818 4889
f 5338 5339 4262
f 4262 5339 5340
f 5307 5310 5338
f 5338 5310 5339
f 5341 5342 4204
f 4204 5342 5309
f 5336 4919 5322
f 5322 4919 4873
f 5294 5336 4126
f 4126 5336 5322
f 5323 5326 5343
f 5343 5326 5286
f 4914 5344 4915
f 4915 5344 5345
f 5312 5315 5344
f 5344 5315 5345
f 5347 5348 5346
f 5346 5348 5349
f 5350 5351 4832
f 4832 5351 4833
f 5352 5353 5349
f 5349 5353 5346
f 5354 5338 4265
f 4265 5338 4262
f 5320 5307 5354
f 5354 5307 5338
f 4201 5308 5303
f 5303 5308 5321
f 5356 5357 5355
f 5355 5357 4799
f 5358 5359 5334
f 5334 5359 5335
f 5358 5360 4093
f 4093 5360 4163
f 5360 5305 4163
f 4163 5305 4876
f 5305 5304 4876
f 4876 5304 4877
f 5270 4778 4079
f 4079 4778 4081
f 4779 5361 4774
f 4774 5361 5357
f 5356 5359 4775
f 4775 5359 4092
f 5333 5304 4982
f 4982 5304 4983
f 5332 4877 5333
f 5333 4877 5304
f 5015 4258 5230
f 5230 4258 5328
f 5327 4172 5328
f 5328 4172 5230
f 4169 5329 4757
f 4757 5329 5331
f 4757 5331 4205
f 4205 5331 4206
f 5331 4276 4206
f 4206 4276 4906
f 4276 4275 4906
f 4906 4275 4907
f 4275 4888 4907
f 4907 4888 4744
f 4887 4717 4745
f 4745 4717 4864
f 4716 5139 4861
f 4861 5139 5190
f 5139 5138 5190
f 5190 5138 5187
f 5138 5216 5187
f 5187 5216 5176
f 5215 5362 5173
f 5173 5362 5130
f 5364 5365 5363
f 5363 5365 5340
f 4742 4863 5366
f 5366 4863 4867
f 4862 5189 4868
f 4868 5189 5184
f 5189 5188 5184
f 5184 5188 5185
f 5188 5175 5185
f 5185 5175 5168
f 3560 3788 3561
f 3561 3788 3790
f 3596 3595 3608
f 3608 3595 3594
f 3598 3582 3595
f 3595 3582 3592
f 3600 3609 3601
f 3601 3609 3611
f 3602 3601 3612
f 3612 3601 3611
f 3606 3605 3613
f 3613 3605 3614
f 3793 5367 3794
f 3794 5367 5368
f 3598 3597 3600
f 3600 3597 3609
f 3793 3792 3575
f 3575 3792 3572
f 3561 3594 3558
f 3558 3594 3593
f 3807 3915 3804
f 3804 3915 3914
f 3916 3915 5370
f 5370 3915 5369
f 3602 3605 3603
f 3603 3605 3604
f 3606 3792 3607
f 3607 3792 3791
f 3914 3913 3560
f 3560 3913 3788
f 5174 5129 5166
f 5166 5129 5371
f 5170 5169 5093
f 5093 5169 5113
f 5166 5371 5090
f 5090 5371 5091
f 5128 5169 5372
f 5372 5169 5172
f 5127 5113 5128
f 5128 5113 5169
f 5114 5206 5203
f 5203 5206 5362
f 5200 5373 5073
f 5073 5373 5096
f 5374 5375 5200
f 5200 5375 5373
f 5039 5047 5374
f 5374 5047 5375
f 5087 5046 5085
f 5085 5046 5376
f 5212 5377 5067
f 5067 5377 5376
f 5042 5045 5212
f 5212 5045 5377
f 5064 5378 5043
f 5043 5378 5044
f 5063 5077 5064
f 5064 5077 5378
f 5079 5082 5198
f 5198 5082 5078
f 5099 5081 5100
f 5100 5081 5379
f 5100 5379 5094
f 5094 5379 5095
f 5381 5382 5380
f 5380 5382 5383
f 5385 5386 5384
f 5384 5386 5383
f 5385 5387 5386
f 5386 5387 5388
f 5390 5391 5389
f 5389 5391 5392
f 5393 5394 5396
f 5396 5394 5395
f 5398 5399 5397
f 5397 5399 5400
f 5402 5403 5401
f 5401 5403 5404
f 5406 5407 5405
f 5405 5407 5404
f 5408 5409 5163
f 5163 5409 5410
f 5411 5412 5414
f 5414 5412 5413
f 5057 5416 5415
f 5415 5416 5417
f 5393 5416 5418
f 5418 5416 5419
f 5396 5395 5420
f 5420 5395 5421
f 5423 5424 5422
f 5422 5424 5425
f 5415 5417 5220
f 5220 5417 5426
f 5418 5391 5393
f 5393 5391 5394
f 5414 5388 5411
f 5411 5388 5392
f 5059 5427 5060
f 5060 5427 5428
f 5423 5427 5429
f 5429 5427 5430
f 5432 5382 5431
f 5431 5382 5425
f 5429 5407 5423
f 5423 5407 5424
f 5380 5409 5381
f 5381 5409 5433
f 5381 5433 5422
f 5422 5433 5428
f 5027 5412 5056
f 5056 5412 5419
f 5435 5436 5434
f 5434 5436 5437
f 5159 5439 5438
f 5438 5439 5440
f 5053 5436 5159
f 5159 5436 5439
f 5441 5403 5398
f 5398 5403 5399
f 5163 5410 5026
f 5026 5410 5413
f 5438 5440 5442
f 5442 5440 5430
f 5444 5445 5443
f 5443 5445 5446
f 5447 5448 5450
f 5450 5448 5449
f 5451 5446 5452
f 5452 5446 5445
f 5454 5455 5453
f 5453 5455 5451
f 5456 5454 5458
f 5458 5454 5457
f 5460 5461 5459
f 5459 5461 5462
f 5464 5465 5463
f 5463 5465 5466
f 5468 5469 5467
f 5467 5469 5470
f 5472 5473 5471
f 5471 5473 5474
f 5475 5476 5478
f 5478 5476 5477
f 5479 5480 5482
f 5482 5480 5481
f 5483 5484 5448
f 5448 5484 5485
f 5448 5485 5449
f 5449 5485 5486
f 5487 5476 5488
f 5488 5476 5475
f 5490 5491 5489
f 5489 5491 5492
f 5494 5495 5493
f 5493 5495 5496
f 5498 5494 5497
f 5497 5494 5493
f 5500 5501 5499
f 5499 5501 5502
f 5503 5504 5446
f 5446 5504 5443
f 5506 5507 5505
f 5505 5507 5508
f 5510 5511 5509
f 5509 5511 5512
f 5514 5515 5513
f 5513 5515 5516
f 5518 5519 5517
f 5517 5519 5520
f 5495 5521 5496
f 5496 5521 5522
f 5524 5525 5523
f 5523 5525 5526
f 5527 5528 5494
f 5494 5528 5495
f 5499 5502 5529
f 5529 5502 5530
f 5531 5532 5485
f 5485 5532 5486
f 5485 5484 5531
f 5531 5484 5533
f 5482 5481 5534
f 5534 5481 5535
f 5536 5512 5506
f 5506 5512 5511
f 5455 5503 5451
f 5451 5503 5446
f 5467 5470 5511
f 5511 5470 5537
f 5538 5467 5510
f 5510 5467 5511
f 5540 5541 5539
f 5539 5541 5542
f 5543 5544 5546
f 5546 5544 5545
f 5548 5472 5547
f 5547 5472 5471
f 5493 5496 5549
f 5549 5496 5550
f 5496 5522 5550
f 5550 5522 5551
f 5553 5554 5552
f 5552 5554 5555
f 5557 5447 5556
f 5556 5447 5558
f 5557 5483 5447
f 5447 5483 5448
f 5478 5477 5553
f 5553 5477 5559
f 5477 5560 5559
f 5559 5560 5561
f 5476 5562 5477
f 5477 5562 5560
f 5476 5487 5562
f 5562 5487 5563
f 5560 5564 5561
f 5561 5564 5565
f 5564 5560 5566
f 5566 5560 5562
f 5563 5567 5562
f 5562 5567 5566
f 5569 5521 5568
f 5568 5521 5570
f 5481 5572 5571
f 5571 5572 5573
f 5574 5535 5571
f 5571 5535 5481
f 5576 5577 5575
f 5575 5577 5578
f 5579 5580 5456
f 5456 5580 5581
f 5475 5582 5488
f 5488 5582 5583
f 5584 5536 5505
f 5505 5536 5506
f 5585 5586 5588
f 5588 5586 5587
f 5590 5591 5589
f 5589 5591 5592
f 5519 5593 5520
f 5520 5593 5594
f 5595 5596 5462
f 5462 5596 5597
f 5599 5600 5598
f 5598 5600 5514
f 5602 5603 5601
f 5601 5603 5604
f 5524 5543 5525
f 5525 5543 5546
f 5543 5524 5606
f 5606 5524 5605
f 5607 5608 5500
f 5500 5608 5501
f 5610 5551 5609
f 5609 5551 5522
f 5611 5510 5598
f 5598 5510 5509
f 5612 5597 5457
f 5457 5597 5458
f 5510 5611 5538
f 5538 5611 5613
f 5580 5508 5581
f 5581 5508 5507
f 5615 5616 5614
f 5614 5616 5617
f 5619 5620 5618
f 5618 5620 5621
f 5623 5624 5622
f 5622 5624 5625
f 5627 5624 5626
f 5626 5624 5623
f 5629 5630 5628
f 5628 5630 5631
f 5633 5634 5632
f 5632 5634 5466
f 5635 5636 5463
f 5463 5636 5637
f 5523 5638 5524
f 5524 5638 5605
f 5639 5640 5641
f 5641 5640 5595
f 5611 5513 5613
f 5613 5513 5642
f 5643 5586 5608
f 5608 5586 5501
f 5622 5625 5590
f 5590 5625 5591
f 5598 5514 5611
f 5611 5514 5513
f 5645 5646 5644
f 5644 5646 5647
f 5620 5619 5491
f 5491 5619 5648
f 5649 5643 5492
f 5492 5643 5608
f 5650 5651 5653
f 5653 5651 5652
f 5463 5466 5635
f 5635 5466 5634
f 5597 5612 5462
f 5462 5612 5459
f 5635 5634 5523
f 5523 5634 5638
f 5654 5638 5633
f 5633 5638 5634
f 5655 5656 5525
f 5525 5656 5526
f 5658 5659 5657
f 5657 5659 5527
f 5660 5464 5637
f 5637 5464 5463
f 5632 5466 5661
f 5661 5466 5465
f 5661 5662 5632
f 5632 5662 5658
f 5662 5663 5658
f 5658 5663 5659
f 5665 5659 5664
f 5664 5659 5663
f 5632 5658 5633
f 5633 5658 5657
f 5666 5629 5530
f 5530 5629 5667
f 5528 5527 5665
f 5665 5527 5659
f 5668 5669 5570
f 5570 5669 5568
f 5669 5668 5670
f 5670 5668 5671
f 5646 5672 5673
f 5672 5674 5673
f 5673 5674 5675
f 5674 5460 5675
f 5675 5460 5459
f 5461 5676 5462
f 5462 5676 5595
f 5677 5678 5680
f 5680 5678 5679
f 5628 5681 5629
f 5629 5681 5667
f 5682 5529 5667
f 5667 5529 5530
f 5675 5459 5683
f 5683 5459 5612
f 5585 5666 5502
f 5502 5666 5530
f 5589 5684 5602
f 5602 5684 5603
f 5646 5645 5663
f 5663 5645 5664
f 5685 5647 5673
f 5673 5647 5646
f 5686 5687 5683
f 5683 5687 5685
f 5688 5689 5533
f 5533 5689 5531
f 5690 5691 5535
f 5535 5691 5534
f 5692 5690 5574
f 5574 5690 5535
f 5685 5687 5689
f 5689 5687 5693
f 5489 5694 5490
f 5490 5694 5695
f 5690 5692 5696
f 5696 5692 5697
f 5696 5644 5690
f 5690 5644 5691
f 5447 5450 5558
f 5558 5450 5698
f 5699 5700 5642
f 5642 5700 5613
f 5701 5702 5540
f 5540 5702 5541
f 5431 5703 5432
f 5432 5703 5697
f 5385 5384 5574
f 5574 5384 5692
f 5389 5387 5573
f 5573 5387 5571
f 5565 5390 5573
f 5573 5390 5389
f 5390 5565 5704
f 5704 5565 5564
f 5566 5705 5564
f 5564 5705 5704
f 5569 5441 5609
f 5609 5441 5398
f 5568 5405 5569
f 5569 5405 5441
f 5670 5706 5669
f 5669 5706 5406
f 5703 5431 5670
f 5670 5431 5706
f 5432 5697 5384
f 5384 5697 5692
f 5574 5571 5385
f 5385 5571 5387
f 5607 5707 5489
f 5489 5707 5694
f 5518 5708 5519
f 5519 5708 5709
f 5711 5576 5710
f 5710 5576 5575
f 5713 5714 5712
f 5712 5714 5715
f 5553 5552 5478
f 5478 5552 5716
f 5717 5475 5716
f 5716 5475 5478
f 5718 5719 5605
f 5605 5719 5606
f 5505 5622 5584
f 5584 5622 5590
f 5508 5623 5505
f 5505 5623 5622
f 5626 5623 5580
f 5580 5623 5508
f 5580 5579 5626
f 5626 5579 5720
f 5579 5721 5720
f 5720 5721 5722
f 5666 5585 5723
f 5723 5585 5588
f 5724 5725 5639
f 5639 5725 5640
f 5554 5726 5555
f 5555 5726 5727
f 5453 5728 5729
f 5689 5688 5685
f 5685 5688 5647
f 5604 5730 5512
f 5512 5730 5509
f 5628 5631 5618
f 5618 5631 5592
f 5601 5604 5536
f 5536 5604 5512
f 5732 5676 5731
f 5731 5676 5660
f 5730 5604 5733
f 5733 5604 5603
f 5563 5487 5551
f 5551 5487 5550
f 5489 5492 5607
f 5607 5492 5608
f 5573 5572 5565
f 5565 5572 5561
f 5609 5522 5569
f 5569 5522 5521
f 5499 5734 5500
f 5500 5734 5735
f 5596 5736 5721
f 5721 5736 5722
f 5737 5600 5594
f 5594 5600 5520
f 5599 5730 5517
f 5517 5730 5733
f 5660 5738 5731
f 5731 5738 5739
f 5648 5649 5491
f 5491 5649 5492
f 5501 5586 5502
f 5502 5586 5585
f 5525 5546 5655
f 5655 5546 5740
f 5600 5599 5520
f 5520 5599 5517
f 5708 5739 5709
f 5709 5739 5738
f 5636 5635 5526
f 5526 5635 5523
f 5670 5671 5703
f 5703 5671 5741
f 5490 5695 5742
f 5742 5695 5743
f 5682 5678 5744
f 5744 5678 5677
f 5678 5681 5679
f 5679 5681 5621
f 5742 5743 5679
f 5679 5743 5680
f 5618 5621 5628
f 5628 5621 5681
f 5725 5724 5589
f 5589 5724 5684
f 5456 5458 5579
f 5579 5458 5721
f 5675 5683 5673
f 5673 5683 5685
f 5529 5682 5745
f 5745 5682 5744
f 5721 5458 5596
f 5596 5458 5597
f 5701 5540 5719
f 5719 5540 5606
f 5703 5741 5697
f 5697 5741 5696
f 5500 5735 5607
f 5607 5735 5707
f 5549 5746 5493
f 5493 5746 5497
f 5700 5747 5613
f 5613 5747 5538
f 5420 5421 5434
f 5434 5421 5400
f 5689 5693 5531
f 5531 5693 5532
f 5705 5566 5748
f 5748 5566 5567
f 5609 5398 5610
f 5610 5398 5397
f 5669 5406 5568
f 5568 5406 5405
f 5488 5583 5549
f 5549 5583 5746
f 5714 5713 5710
f 5710 5713 5711
f 5747 5468 5538
f 5538 5468 5467
f 5548 5547 5749
f 5749 5547 5750
f 5733 5603 5751
f 5751 5603 5684
f 5589 5602 5590
f 5590 5602 5584
f 5636 5752 5614
f 5614 5752 5615
f 5753 5754 5738
f 5738 5754 5755
f 5602 5601 5584
f 5584 5601 5536
f 5723 5736 5630
f 5630 5736 5640
f 5595 5640 5596
f 5596 5640 5736
f 5734 5499 5745
f 5745 5499 5529
f 5627 5587 5643
f 5643 5587 5586
f 5553 5559 5554
f 5554 5559 5480
f 5559 5561 5480
f 5480 5561 5572
f 5554 5480 5726
f 5726 5480 5479
f 5749 5750 5715
f 5715 5750 5712
f 5683 5612 5686
f 5686 5612 5457
f 5678 5682 5681
f 5681 5682 5667
f 5598 5509 5599
f 5599 5509 5730
f 5679 5621 5742
f 5742 5621 5620
f 5652 5616 5653
f 5653 5616 5615
f 5220 5426 5052
f 5052 5426 5437
f 5487 5488 5550
f 5550 5488 5549
f 5742 5620 5490
f 5490 5620 5491
f 5551 5610 5563
f 5563 5610 5567
f 5610 5397 5567
f 5567 5397 5748
f 5614 5617 5753
f 5753 5617 5754
f 5480 5572 5481
f 5755 5756 5738
f 5738 5756 5709
f 5745 5744 5758
f 5758 5744 5757
f 5745 5758 5734
f 5734 5758 5759
f 5735 5734 5760
f 5760 5734 5759
f 5707 5735 5761
f 5761 5735 5760
f 5744 5677 5757
f 5757 5677 5762
f 5677 5680 5762
f 5762 5680 5763
f 5763 5680 5764
f 5764 5680 5743
f 5765 5766 5762
f 5762 5766 5757
f 5768 5769 5767
f 5767 5769 5770
f 5771 5772 5770
f 5770 5772 5767
f 5770 5769 5774
f 5774 5769 5773
f 5775 5776 5774
f 5774 5776 5777
f 5773 5778 5774
f 5774 5778 5775
f 5779 5766 5773
f 5773 5766 5778
f 5777 5771 5774
f 5774 5771 5770
f 5780 5781 5783
f 5783 5781 5782
f 5781 5780 5771
f 5771 5780 5772
f 5773 5769 5779
f 5779 5769 5768
f 5768 5759 5779
f 5779 5759 5758
f 5768 5784 5759
f 5759 5784 5760
f 5767 5785 5768
f 5768 5785 5784
f 5785 5767 5786
f 5786 5767 5772
f 5766 5779 5757
f 5757 5779 5758
f 5780 5787 5772
f 5772 5787 5786
f 5785 5786 5788
f 5788 5786 5789
f 5786 5787 5789
f 5789 5787 5790
f 5788 5789 5791
f 5791 5789 5792
f 5791 5793 5788
f 5788 5793 5794
f 5795 5792 5790
f 5790 5792 5789
f 5785 5788 5784
f 5784 5788 5794
f 5784 5794 5760
f 5760 5794 5761
f 5787 5780 5796
f 5796 5780 5783
f 5775 5778 5797
f 5797 5778 5766
f 5797 5798 5775
f 5775 5798 5776
f 5766 5765 5797
f 5797 5765 5799
f 5798 5797 5800
f 5800 5797 5799
f 5798 5801 5776
f 5776 5801 5802
f 5707 5761 5694
f 5694 5761 5803
f 5695 5804 5743
f 5743 5804 5764
f 5804 5695 5803
f 5803 5695 5694
f 5803 5793 5804
f 5804 5793 5805
f 5793 5791 5805
f 5805 5791 5806
f 5804 5805 5764
f 5764 5805 5807
f 5803 5761 5793
f 5793 5761 5794
f 5808 5763 5807
f 5807 5763 5764
f 5808 5765 5763
f 5763 5765 5762
f 5809 5799 5808
f 5808 5799 5765
f 5809 5808 5810
f 5810 5808 5807
f 5811 5809 5812
f 5812 5809 5810
f 5805 5806 5807
f 5807 5806 5810
f 5806 5813 5810
f 5810 5813 5812
f 5799 5809 5800
f 5800 5809 5811
f 5815 5800 5814
f 5814 5800 5811
f 5814 5817 5816
f 5816 5817 5818
f 5814 5811 5817
f 5817 5811 5812
f 5814 5816 5815
f 5815 5816 5796
f 5815 5796 5801
f 5801 5796 5783
f 5801 5798 5815
f 5815 5798 5800
f 5791 5792 5806
f 5806 5792 5813
f 5818 5813 5795
f 5795 5813 5792
f 5818 5817 5813
f 5813 5817 5812
f 5816 5818 5790
f 5790 5818 5795
f 5790 5787 5816
f 5816 5787 5796
f 5771 5777 5781
f 5781 5777 5782
f 5782 5802 5783
f 5783 5802 5801
f 5782 5777 5802
f 5802 5777 5776
f 5588 5587 5722
f 5722 5587 5720
f 5591 5619 5592
f 5592 5619 5618
f 5625 5624 5648
f 5648 5624 5649
f 5624 5627 5649
f 5649 5627 5643
f 5631 5630 5725
f 5725 5630 5640
f 5625 5648 5591
f 5591 5648 5619
f 5588 5722 5723
f 5723 5722 5736
f 5631 5725 5592
f 5592 5725 5589
f 5723 5630 5666
f 5666 5630 5629
f 5587 5627 5720
f 5720 5627 5626
f 5820 5821 5819
f 5819 5821 5822
f 5824 5825 5823
f 5823 5825 5826
f 5823 5826 5827
f 5827 5826 5828
f 5829 5830 5832
f 5832 5830 5831
f 5518 5833 5708
f 5708 5833 5834
f 5835 5836 5824
f 5824 5836 5825
f 5838 5839 5837
f 5837 5839 5840
f 5751 5684 5842
f 5842 5684 5841
f 5843 5841 5724
f 5724 5841 5684
f 5845 5846 5844
f 5844 5846 5847
f 5848 5830 5836
f 5836 5830 5825
f 5518 5751 5833
f 5833 5751 5842
f 5839 5838 5821
f 5821 5838 5849
f 5850 5848 5822
f 5822 5848 5836
f 5851 5845 5828
f 5828 5845 5852
f 5854 5855 5853
f 5853 5855 5856
f 5845 5844 5852
f 5852 5844 5857
f 5858 5827 5852
f 5852 5827 5828
f 5851 5828 5829
f 5829 5828 5826
f 5819 5859 5820
f 5820 5859 5860
f 5835 5861 5819
f 5819 5861 5859
f 5851 5829 5862
f 5862 5829 5832
f 5844 5847 5837
f 5837 5847 5834
f 5819 5822 5835
f 5835 5822 5836
f 5823 5863 5824
f 5824 5863 5864
f 5849 5850 5821
f 5821 5850 5822
f 5825 5830 5826
f 5826 5830 5829
f 5820 5860 5865
f 5865 5860 5866
f 5858 5854 5867
f 5867 5854 5853
f 5854 5857 5855
f 5855 5857 5840
f 5855 5865 5856
f 5856 5865 5866
f 5837 5840 5844
f 5844 5840 5857
f 5827 5858 5868
f 5868 5858 5867
f 5824 5864 5835
f 5835 5864 5861
f 5732 5731 5862
f 5862 5731 5846
f 5863 5823 5868
f 5868 5823 5827
f 5843 5831 5848
f 5848 5831 5830
f 5854 5858 5857
f 5857 5858 5852
f 5855 5840 5865
f 5865 5840 5839
f 5865 5839 5820
f 5820 5839 5821
f 5868 5867 5870
f 5870 5867 5869
f 5868 5870 5863
f 5863 5870 5871
f 5863 5871 5864
f 5864 5871 5872
f 5864 5872 5861
f 5861 5872 5873
f 5867 5853 5869
f 5869 5853 5874
f 5853 5856 5874
f 5874 5856 5875
f 5856 5866 5875
f 5875 5866 5876
f 5877 5878 5874
f 5874 5878 5869
f 5880 5881 5879
f 5879 5881 5882
f 5883 5884 5880
f 5880 5884 5881
f 5881 5884 5886
f 5886 5884 5885
f 5887 5888 5886
f 5886 5888 5889
f 5885 5890 5886
f 5886 5890 5887
f 5889 5882 5886
f 5886 5882 5881
f 5882 5891 5879
f 5879 5891 5892
f 5885 5884 5893
f 5893 5884 5883
f 5883 5871 5893
f 5893 5871 5870
f 5883 5894 5871
f 5871 5894 5872
f 5880 5895 5883
f 5883 5895 5894
f 5896 5895 5879
f 5879 5895 5880
f 5893 5878 5885
f 5885 5878 5890
f 5878 5893 5869
f 5869 5893 5870
f 5897 5896 5892
f 5892 5896 5879
f 5895 5896 5898
f 5898 5896 5899
f 5896 5897 5899
f 5899 5897 5900
f 5898 5899 5901
f 5901 5899 5902
f 5901 5903 5898
f 5898 5903 5904
f 5900 5905 5899
f 5899 5905 5902
f 5898 5904 5895
f 5895 5904 5894
f 5894 5904 5872
f 5872 5904 5873
f 5897 5892 5907
f 5907 5892 5906
f 5892 5891 5906
f 5906 5891 5908
f 5887 5890 5909
f 5909 5890 5878
f 5888 5887 5910
f 5910 5887 5909
f 5878 5877 5909
f 5909 5877 5911
f 5909 5911 5910
f 5910 5911 5912
f 5913 5914 5910
f 5910 5914 5888
f 5908 5914 5906
f 5906 5914 5913
f 5861 5873 5859
f 5859 5873 5915
f 5860 5916 5866
f 5866 5916 5876
f 5916 5860 5915
f 5915 5860 5859
f 5915 5903 5916
f 5916 5903 5917
f 5903 5901 5917
f 5917 5901 5918
f 5916 5917 5876
f 5876 5917 5919
f 5903 5915 5904
f 5904 5915 5873
f 5920 5875 5919
f 5919 5875 5876
f 5920 5877 5875
f 5875 5877 5874
f 5920 5921 5877
f 5877 5921 5911
f 5921 5920 5922
f 5922 5920 5919
f 5923 5921 5924
f 5924 5921 5922
f 5917 5918 5919
f 5919 5918 5922
f 5918 5925 5922
f 5922 5925 5924
f 5921 5923 5911
f 5911 5923 5912
f 5927 5912 5926
f 5926 5912 5923
f 5926 5929 5928
f 5928 5929 5930
f 5926 5923 5929
f 5929 5923 5924
f 5926 5928 5927
f 5927 5928 5907
f 5927 5907 5913
f 5913 5907 5906
f 5913 5910 5927
f 5927 5910 5912
f 5901 5902 5918
f 5918 5902 5925
f 5930 5925 5905
f 5905 5925 5902
f 5930 5929 5925
f 5925 5929 5924
f 5928 5930 5900
f 5900 5930 5905
f 5900 5897 5928
f 5928 5897 5907
f 5882 5889 5891
f 5891 5889 5908
f 5908 5889 5914
f 5914 5889 5888
f 5832 5831 5641
f 5641 5831 5639
f 5833 5838 5834
f 5834 5838 5837
f 5842 5841 5849
f 5849 5841 5850
f 5841 5843 5850
f 5850 5843 5848
f 5847 5846 5739
f 5739 5846 5731
f 5842 5849 5833
f 5833 5849 5838
f 5862 5832 5732
f 5732 5832 5641
f 5847 5739 5834
f 5834 5739 5708
f 5862 5846 5851
f 5851 5846 5845
f 5831 5843 5639
f 5639 5843 5724
f 5676 5732 5595
f 5595 5732 5641
f 5676 5461 5660
f 5660 5461 5464
f 5461 5460 5464
f 5464 5460 5465
f 5460 5674 5465
f 5465 5674 5661
f 5931 5932 5934
f 5934 5932 5933
f 5936 5937 5935
f 5935 5937 5938
f 5935 5938 5939
f 5939 5938 5940
f 5942 5943 5941
f 5941 5943 5944
f 5945 5946 5936
f 5936 5946 5937
f 5948 5949 5947
f 5947 5949 5950
f 5951 5952 5519
f 5519 5952 5593
f 5953 5951 5709
f 5709 5951 5519
f 5955 5956 5954
f 5954 5956 5957
f 5958 5942 5946
f 5946 5942 5937
f 5948 5959 5949
f 5949 5959 5933
f 5960 5958 5934
f 5934 5958 5946
f 5961 5955 5940
f 5940 5955 5962
f 5963 5964 5966
f 5966 5964 5965
f 5955 5954 5962
f 5962 5954 5967
f 5968 5939 5962
f 5962 5939 5940
f 5961 5940 5941
f 5941 5940 5938
f 5931 5969 5932
f 5932 5969 5970
f 5945 5971 5931
f 5931 5971 5969
f 5941 5944 5961
f 5961 5944 5972
f 5954 5957 5947
f 5947 5957 5973
f 5945 5931 5946
f 5946 5931 5934
f 5935 5974 5936
f 5936 5974 5975
f 5959 5960 5933
f 5933 5960 5934
f 5937 5942 5938
f 5938 5942 5941
f 5932 5970 5976
f 5976 5970 5977
f 5968 5964 5978
f 5978 5964 5963
f 5965 5964 5950
f 5950 5964 5967
f 5976 5977 5965
f 5965 5977 5966
f 5947 5950 5954
f 5954 5950 5967
f 5939 5968 5979
f 5979 5968 5978
f 5936 5975 5945
f 5945 5975 5971
f 5972 5754 5956
f 5956 5754 5617
f 5974 5935 5979
f 5979 5935 5939
f 5953 5943 5958
f 5958 5943 5942
f 5964 5968 5967
f 5967 5968 5962
f 5965 5950 5976
f 5976 5950 5949
f 5976 5949 5932
f 5932 5949 5933
f 5979 5978 5981
f 5981 5978 5980
f 5979 5981 5974
f 5974 5981 5982
f 5974 5982 5975
f 5975 5982 5983
f 5975 5983 5971
f 5971 5983 5984
f 5978 5963 5980
f 5980 5963 5985
f 5963 5966 5985
f 5985 5966 5986
f 5986 5966 5987
f 5987 5966 5977
f 5988 5989 5985
f 5985 5989 5980
f 5991 5992 5990
f 5990 5992 5993
f 5994 5995 5991
f 5991 5995 5992
f 5992 5995 5997
f 5997 5995 5996
f 5998 5999 5997
f 5997 5999 6000
f 5996 6001 5997
f 5997 6001 5998
f 6000 5993 5997
f 5997 5993 5992
f 6002 6003 5993
f 5993 6003 5990
f 5995 5994 5996
f 5996 5994 6004
f 5994 5982 6004
f 6004 5982 5981
f 5994 6005 5982
f 5982 6005 5983
f 5991 6006 5994
f 5994 6006 6005
f 6006 5991 6007
f 6007 5991 5990
f 5996 6004 6001
f 6001 6004 5989
f 5989 6004 5980
f 5980 6004 5981
f 6003 6008 5990
f 5990 6008 6007
f 6009 6006 6010
f 6010 6006 6007
f 6008 6011 6007
f 6007 6011 6010
f 6012 6009 6013
f 6013 6009 6010
f 6009 6012 6015
f 6015 6012 6014
f 6011 6016 6010
f 6010 6016 6013
f 6006 6009 6005
f 6005 6009 6015
f 6005 6015 5983
f 5983 6015 5984
f 6008 6003 6018
f 6018 6003 6017
f 6003 6002 6017
f 6017 6002 6019
f 5998 6001 6020
f 6020 6001 5989
f 5999 5998 6021
f 6021 5998 6020
f 5989 5988 6020
f 6020 5988 6022
f 6021 6020 6023
f 6023 6020 6022
f 6021 6024 5999
f 5999 6024 6025
f 6019 6025 6017
f 6017 6025 6024
f 5971 5984 5969
f 5969 5984 6026
f 5970 6027 5977
f 5977 6027 5987
f 6027 5970 6026
f 6026 5970 5969
f 6026 6014 6027
f 6027 6014 6028
f 6014 6012 6028
f 6028 6012 6029
f 6027 6028 5987
f 5987 6028 6030
f 6026 5984 6014
f 6014 5984 6015
f 6031 5986 6030
f 6030 5986 5987
f 6031 5988 5986
f 5986 5988 5985
f 6032 6022 6031
f 6031 6022 5988
f 6032 6031 6033
f 6033 6031 6030
f 6034 6032 6035
f 6035 6032 6033
f 6028 6029 6030
f 6030 6029 6033
f 6029 6036 6033
f 6033 6036 6035
f 6032 6034 6022
f 6022 6034 6023
f 6038 6023 6037
f 6037 6023 6034
f 6037 6040 6039
f 6039 6040 6041
f 6037 6034 6040
f 6040 6034 6035
f 6037 6039 6038
f 6038 6039 6018
f 6038 6018 6024
f 6024 6018 6017
f 6024 6021 6038
f 6038 6021 6023
f 6012 6013 6029
f 6029 6013 6036
f 6041 6036 6016
f 6016 6036 6013
f 6041 6040 6036
f 6036 6040 6035
f 6041 6016 6039
f 6039 6016 6011
f 6011 6008 6039
f 6039 6008 6018
f 5993 6000 6002
f 6002 6000 6019
f 6019 6000 6025
f 6025 6000 5999
f 5943 5756 5944
f 5944 5756 5755
f 6042 5948 5973
f 5973 5948 5947
f 5952 5951 5959
f 5959 5951 5960
f 5951 5953 5960
f 5960 5953 5958
f 5616 5957 5617
f 5617 5957 5956
f 6042 5952 5948
f 5948 5952 5959
f 5944 5755 5972
f 5972 5755 5754
f 5957 5616 5973
f 5973 5616 5652
f 5956 5955 5972
f 5972 5955 5961
f 5943 5953 5756
f 5756 5953 5709
f 6044 6045 6043
f 6043 6045 6046
f 6048 6049 6047
f 6047 6049 6050
f 6047 6050 6051
f 6051 6050 6052
f 6054 6055 6053
f 6053 6055 6056
f 6057 6058 6060
f 6060 6058 6059
f 6061 6062 6048
f 6048 6062 6049
f 6063 6064 6066
f 6066 6064 6065
f 6067 6068 6070
f 6070 6068 6069
f 6071 6069 5653
f 5653 6069 6068
f 6072 6073 6075
f 6075 6073 6074
f 6062 6076 6049
f 6049 6076 6054
f 6058 6067 6059
f 6059 6067 6070
f 6064 6077 6065
f 6065 6077 6045
f 6078 6076 6046
f 6046 6076 6062
f 6073 6080 6079
f 6079 6080 6052
f 6082 6083 6081
f 6081 6083 6084
f 6072 6085 6073
f 6073 6085 6080
f 6086 6051 6080
f 6080 6051 6052
f 6079 6052 6053
f 6053 6052 6050
f 6043 6087 6044
f 6044 6087 6088
f 6061 6089 6043
f 6043 6089 6087
f 6053 6056 6079
f 6079 6056 6090
f 6063 6072 6060
f 6060 6072 6075
f 6043 6046 6061
f 6061 6046 6062
f 6047 6091 6048
f 6048 6091 6092
f 6077 6078 6045
f 6045 6078 6046
f 6049 6054 6050
f 6050 6054 6053
f 6044 6088 6093
f 6093 6088 6094
f 6086 6082 6095
f 6095 6082 6081
f 6083 6082 6066
f 6066 6082 6085
f 6093 6094 6083
f 6083 6094 6084
f 6072 6063 6085
f 6085 6063 6066
f 6051 6086 6096
f 6096 6086 6095
f 6048 6092 6061
f 6061 6092 6089
f 5656 5655 6090
f 6090 5655 6074
f 6091 6047 6096
f 6096 6047 6051
f 6071 6055 6076
f 6076 6055 6054
f 6082 6086 6085
f 6085 6086 6080
f 6093 6083 6065
f 6065 6083 6066
f 6044 6093 6045
f 6045 6093 6065
f 6096 6095 6098
f 6098 6095 6097
f 6096 6098 6091
f 6091 6098 6099
f 6091 6099 6092
f 6092 6099 6100
f 6092 6100 6089
f 6089 6100 6101
f 6095 6081 6097
f 6097 6081 6102
f 6081 6084 6102
f 6102 6084 6103
f 6103 6084 6104
f 6104 6084 6094
f 6106 6097 6105
f 6105 6097 6102
f 6107 6108 6110
f 6110 6108 6109
f 6111 6112 6108
f 6108 6112 6109
f 6109 6112 6114
f 6114 6112 6113
f 6114 6115 6117
f 6117 6115 6116
f 6113 6118 6114
f 6114 6118 6115
f 6117 6110 6114
f 6114 6110 6109
f 6110 6119 6107
f 6107 6119 6120
f 6112 6111 6113
f 6113 6111 6121
f 6111 6099 6121
f 6121 6099 6098
f 6111 6122 6099
f 6099 6122 6100
f 6123 6122 6108
f 6108 6122 6111
f 6124 6123 6107
f 6107 6123 6108
f 6113 6121 6118
f 6118 6121 6106
f 6106 6121 6097
f 6097 6121 6098
f 6125 6124 6120
f 6120 6124 6107
f 6126 6123 6127
f 6127 6123 6124
f 6125 6128 6124
f 6124 6128 6127
f 6129 6126 6130
f 6130 6126 6127
f 6126 6129 6132
f 6132 6129 6131
f 6128 6133 6127
f 6127 6133 6130
f 6123 6126 6122
f 6122 6126 6132
f 6122 6132 6100
f 6100 6132 6101
f 6120 6134 6125
f 6125 6134 6135
f 6120 6119 6134
f 6134 6119 6136
f 6115 6118 6137
f 6137 6118 6106
f 6115 6137 6116
f 6116 6137 6138
f 6137 6106 6139
f 6139 6106 6105
f 6138 6137 6140
f 6140 6137 6139
f 6141 6142 6138
f 6138 6142 6116
f 6136 6142 6134
f 6134 6142 6141
f 6089 6101 6087
f 6087 6101 6143
f 6088 6144 6094
f 6094 6144 6104
f 6143 6144 6087
f 6087 6144 6088
f 6131 6145 6143
f 6143 6145 6144
f 6129 6146 6131
f 6131 6146 6145
f 6144 6145 6104
f 6104 6145 6147
f 6143 6101 6131
f 6131 6101 6132
f 6148 6103 6147
f 6147 6103 6104
f 6103 6148 6102
f 6102 6148 6105
f 6148 6149 6105
f 6105 6149 6139
f 6149 6148 6150
f 6150 6148 6147
f 6151 6149 6152
f 6152 6149 6150
f 6145 6146 6147
f 6147 6146 6150
f 6146 6153 6150
f 6150 6153 6152
f 6149 6151 6139
f 6139 6151 6140
f 6155 6140 6154
f 6154 6140 6151
f 6154 6157 6156
f 6156 6157 6158
f 6154 6151 6157
f 6157 6151 6152
f 6154 6156 6155
f 6155 6156 6135
f 6155 6135 6141
f 6141 6135 6134
f 6141 6138 6155
f 6155 6138 6140
f 6146 6129 6153
f 6153 6129 6130
f 6158 6153 6133
f 6133 6153 6130
f 6158 6157 6153
f 6153 6157 6152
f 6156 6158 6128
f 6128 6158 6133
f 6128 6125 6156
f 6156 6125 6135
f 6110 6117 6119
f 6119 6117 6136
f 6136 6117 6142
f 6142 6117 6116
f 6055 5615 6056
f 6056 5615 5752
f 6060 6059 6063
f 6063 6059 6064
f 6077 6070 6078
f 6078 6070 6069
f 6069 6071 6078
f 6078 6071 6076
f 6159 6057 6075
f 6075 6057 6060
f 6059 6070 6064
f 6064 6070 6077
f 6056 5752 6090
f 6090 5752 5656
f 6090 6074 6079
f 6079 6074 6073
f 6055 6071 5615
f 5615 6071 5653
f 5547 5471 6160
f 6160 5471 6161
f 5729 5577 6163
f 6163 5577 6162
f 5577 5576 6162
f 6162 5576 6164
f 5713 6165 5711
f 5711 6165 6166
f 5474 5729 6167
f 6167 5729 6163
f 5750 5547 6168
f 6168 5547 6160
f 5471 5474 6161
f 6161 5474 6167
f 6169 5712 6168
f 6168 5712 5750
f 5711 6166 5576
f 5576 6166 6164
f 6165 5713 6169
f 6169 5713 5712
f 6168 6170 6169
f 6169 6170 6171
f 6169 6171 6165
f 6165 6171 6172
f 6165 6172 6166
f 6166 6172 6173
f 6166 6173 6164
f 6164 6173 6174
f 6168 6160 6170
f 6170 6160 6175
f 6160 6161 6175
f 6175 6161 6176
f 6161 6167 6176
f 6176 6167 6177
f 6179 6170 6178
f 6178 6170 6175
f 6181 6182 6180
f 6180 6182 6183
f 6184 6185 6181
f 6181 6185 6182
f 6186 6187 6185
f 6185 6187 6182
f 6186 6188 6187
f 6187 6188 6189
f 6190 6183 6187
f 6187 6183 6182
f 6183 6190 6191
f 6191 6190 6192
f 6191 6193 6183
f 6183 6193 6180
f 6186 6185 6194
f 6194 6185 6184
f 6184 6172 6194
f 6194 6172 6171
f 6184 6195 6172
f 6172 6195 6173
f 6181 6196 6184
f 6184 6196 6195
f 6196 6181 6197
f 6197 6181 6180
f 6186 6194 6188
f 6188 6194 6179
f 6179 6194 6170
f 6170 6194 6171
f 6193 6198 6180
f 6180 6198 6197
f 6199 6196 6200
f 6200 6196 6197
f 6198 6201 6197
f 6197 6201 6200
f 6202 6199 6203
f 6203 6199 6200
f 6199 6202 6205
f 6205 6202 6204
f 6201 6206 6200
f 6200 6206 6203
f 6196 6199 6195
f 6195 6199 6205
f 6195 6205 6173
f 6173 6205 6174
f 6198 6193 6208
f 6208 6193 6207
f 6193 6191 6207
f 6207 6191 6192
f 6189 6188 6209
f 6209 6188 6179
f 6210 6189 6211
f 6211 6189 6209
f 6209 6179 6212
f 6212 6179 6178
f 6211 6209 6213
f 6213 6209 6212
f 6211 6214 6210
f 6210 6214 6215
f 6192 6215 6207
f 6207 6215 6214
f 6190 6187 6210
f 6210 6187 6189
f 6192 6190 6215
f 6215 6190 6210
f 6162 6164 6216
f 6216 6164 6174
f 6167 6163 6177
f 6177 6163 6217
f 6216 6217 6162
f 6162 6217 6163
f 6204 6218 6216
f 6216 6218 6217
f 6202 6219 6204
f 6204 6219 6218
f 6217 6218 6177
f 6177 6218 6220
f 6216 6174 6204
f 6204 6174 6205
f 6221 6176 6220
f 6220 6176 6177
f 6176 6221 6175
f 6175 6221 6178
f 6221 6222 6178
f 6178 6222 6212
f 6222 6221 6223
f 6223 6221 6220
f 6224 6222 6225
f 6225 6222 6223
f 6218 6219 6220
f 6220 6219 6223
f 6219 6226 6223
f 6223 6226 6225
f 6222 6224 6212
f 6212 6224 6213
f 6228 6213 6227
f 6227 6213 6224
f 6229 6227 6231
f 6231 6227 6230
f 6227 6224 6230
f 6230 6224 6225
f 6227 6229 6228
f 6228 6229 6208
f 6228 6208 6214
f 6214 6208 6207
f 6214 6211 6228
f 6228 6211 6213
f 6219 6202 6226
f 6226 6202 6203
f 6231 6226 6206
f 6206 6226 6203
f 6231 6230 6226
f 6226 6230 6225
f 6229 6231 6201
f 6201 6231 6206
f 6201 6198 6229
f 6229 6198 6208
f 5674 5672 5661
f 5661 5672 5662
f 5662 5672 5663
f 5663 5672 5646
f 5651 6042 5652
f 5652 6042 5973
f 5518 5517 5751
f 5751 5517 5733
f 5738 5660 5753
f 5753 5660 5637
f 5752 5636 5656
f 5656 5636 5526
f 5952 6042 5593
f 5593 6042 5651
f 5593 5651 5594
f 5594 5651 5650
f 5600 5737 5514
f 5514 5737 5515
f 5546 5545 5740
f 5740 5545 6232
f 6232 6058 5740
f 5740 6058 6057
f 6067 6058 6233
f 6233 6058 6232
f 6233 6232 6234
f 6234 6232 5545
f 6234 5545 6235
f 6235 5545 5544
f 5606 6236 5543
f 5543 6236 5544
f 6235 5544 5539
f 5539 5544 6236
f 6237 6235 5542
f 5542 6235 5539
f 6235 6237 6234
f 6234 6237 6238
f 6234 6238 6233
f 6233 6238 6239
f 5653 6068 5650
f 5650 6068 6239
f 5642 5513 6240
f 6240 5513 5516
f 5539 6236 5540
f 5540 6236 5606
f 5636 5614 5637
f 5637 5614 5753
f 6239 5737 5650
f 5650 5737 5594
f 6239 6068 6233
f 6233 6068 6067
f 6075 6074 6159
f 6159 6074 5655
f 6057 6159 5740
f 5740 6159 5655
f 5515 5737 6238
f 6238 5737 6239
f 6238 6237 5515
f 5515 6237 5516
f 5542 6240 6237
f 6237 6240 5516
f 6240 5542 5642
f 5642 5542 5541
f 5702 5699 5541
f 5541 5699 5642
f 5582 5475 5717
f 5470 5443 5537
f 5537 5443 5504
f 5469 5444 5470
f 5470 5444 5443
f 5726 5557 5727
f 5727 5557 5556
f 5537 5504 5511
f 5511 5504 5506
f 5504 5503 5506
f 5506 5503 5507
f 5503 5455 5507
f 5507 5455 5581
f 5455 5454 5581
f 5581 5454 5456
f 5473 5453 5474
f 5474 5453 5729
f 5457 5454 5473
f 5473 5454 5453
f 5473 5472 5457
f 5457 5472 5686
f 5472 5548 5686
f 5686 5548 5687
f 5749 5693 5548
f 5548 5693 5687
f 5715 5532 5749
f 5749 5532 5693
f 5714 5486 5715
f 5715 5486 5532
f 5714 5710 5486
f 5486 5710 5449
f 5728 5578 5729
f 5729 5578 5577
f 5452 5445 5698
f 5698 5445 5558
f 5445 5444 5558
f 5558 5444 5556
f 5444 5469 5556
f 5556 5469 5727
f 5469 5468 5727
f 5727 5468 5555
f 5468 5747 5555
f 5555 5747 5552
f 5747 5700 5552
f 5552 5700 5716
f 5700 5699 5716
f 5716 5699 5717
f 5699 5702 5717
f 5717 5702 5582
f 5702 5701 5582
f 5582 5701 5583
f 5726 5479 5557
f 5557 5479 5483
f 5483 5479 5484
f 5484 5479 5482
f 5534 5533 5482
f 5482 5533 5484
f 5691 5688 5534
f 5534 5688 5533
f 5644 5647 5691
f 5691 5647 5688
f 5719 5746 5701
f 5701 5746 5583
f 5718 5497 5719
f 5719 5497 5746
f 5718 5605 5654
f 5654 5605 5638
f 5498 5654 5657
f 5657 5654 5633
f 5497 5718 5498
f 5498 5718 5654
f 5657 5527 5498
f 5498 5527 5494
f 5528 5570 5495
f 5495 5570 5521
f 5665 5668 5528
f 5528 5668 5570
f 5664 5671 5665
f 5665 5671 5668
f 5645 5741 5664
f 5664 5741 5671
f 5644 5696 5645
f 5645 5696 5741
f 5710 5575 5449
f 5449 5575 5450
f 5575 5578 5450
f 5450 5578 5698
f 5578 5728 5698
f 5698 5728 5452
f 5452 5728 5451
f 5451 5728 5453
f 3619 6241 3620
f 3620 6241 6242
f 6243 6244 3628
f 3628 6244 3629
f 6245 6246 3634
f 3634 6246 3631
f 6247 6248 3636
f 3636 6248 3637
f 6249 6250 3642
f 3642 6250 3639
f 3639 6250 3643
f 3643 6250 6251
f 3743 6252 3744
f 3744 6252 6253
f 6246 6243 3631
f 3631 6243 3628
f 3753 6254 3754
f 3754 6254 6255
f 3857 6256 3619
f 3619 6256 6241
f 6257 6245 3932
f 3932 6245 3634
f 6242 6247 3620
f 3620 6247 3636
f 6258 6259 3946
f 3946 6259 3947
f 6260 6249 3948
f 3948 6249 3642
f 6244 6258 3629
f 3629 6258 3946
f 3947 6259 3753
f 3753 6259 6254
f 6248 6260 3637
f 3637 6260 3948
f 3643 6251 3743
f 3743 6251 6252
f 3744 6253 3932
f 3932 6253 6257
f 6250 6249 6251
f 6251 6249 6252
f 6245 6261 6246
f 6246 6261 6262
f 6263 6264 6247
f 6247 6264 6248
f 6252 6265 6253
f 6253 6265 6266
f 6246 6262 6243
f 6243 6262 6267
f 6268 6261 6257
f 6257 6261 6245
f 6269 6263 6242
f 6242 6263 6247
f 6270 6271 6260
f 6260 6271 6249
f 6264 6270 6248
f 6248 6270 6260
f 6253 6266 6257
f 6257 6266 6268
f 6249 6271 6252
f 6252 6271 6265
f 6254 6259 6272
f 6272 6259 6273
f 6266 6265 6270
f 6270 6265 6271
f 6268 6266 6264
f 6264 6266 6270
f 6261 6268 6263
f 6263 6268 6264
f 6269 6262 6263
f 6263 6262 6261
f 4186 4185 6274
f 6274 4185 6275
f 6241 6276 6242
f 6242 6276 6269
f 6258 6244 6277
f 6277 6244 6278
f 6256 6279 6241
f 6241 6279 6276
f 6259 6258 6273
f 6273 6258 6277
f 6243 6267 6244
f 6244 6267 6278
f 6276 6267 6269
f 6269 6267 6262
f 6254 6272 6255
f 6255 6272 6280
f 3865 3713 3888
f 3888 3713 3685
f 5242 5233 3892
f 3892 5233 3711
f 3900 5243 3892
f 3892 5243 5242
f 3734 3866 3900
f 3900 3866 5243
f 4117 6281 4118
f 4118 6281 6282
f 4118 6282 4278
f 4278 6282 4879
f 4717 4887 4718
f 4718 4887 4280
f 4792 4278 4882
f 4882 4278 4879
f 4795 4792 6283
f 6283 4792 4882
f 4852 4851 5012
f 5012 4851 6284
f 4856 5207 4857
f 4857 5207 4858
f 4860 4279 4857
f 4857 4279 4854
f 4718 4280 4860
f 4860 4280 4279
f 4864 4863 4745
f 4745 4863 4742
f 5366 4867 5011
f 5011 4867 4866
f 4871 4884 4872
f 4872 4884 4883
f 4872 4883 4117
f 4117 4883 6281
f 6284 4851 6283
f 6283 4851 4795
f 4852 4866 4853
f 4853 4866 4865
f 4871 4870 4856
f 4856 4870 5207
f 4717 4716 4864
f 4864 4716 4861
f 4868 4867 4862
f 4862 4867 4863
f 4268 4855 4269
f 4269 4855 4854
f 4281 4274 4282
f 4282 4274 4765
f 4744 4743 4907
f 4907 4743 4904
f 4874 4881 4820
f 4820 4881 4880
f 4885 5013 4886
f 4886 5013 4980
f 4888 4275 4281
f 4281 4275 4274
f 4902 6282 4903
f 4903 6282 6281
f 6283 4979 6284
f 6284 4979 4978
f 4282 4765 4269
f 4269 4765 4266
f 4880 4879 4902
f 4902 4879 6282
f 4903 6281 4886
f 4886 6281 4883
f 4882 4881 6283
f 6283 4881 4979
f 5013 4885 4267
f 4267 4885 4268
f 4888 4887 4744
f 4744 4887 4745
f 4410 6285 4411
f 4411 6285 4812
f 4750 4749 6286
f 6286 4749 6287
f 6289 4695 6288
f 6288 4695 4255
f 4750 4675 4751
f 4751 4675 4965
f 6290 6291 4963
f 4963 6291 4960
f 4807 4806 4411
f 4411 4806 4408
f 6292 6293 4959
f 4959 6293 4956
f 4958 6294 4959
f 4959 6294 4955
f 4962 4964 4963
f 4963 4964 4805
f 4962 4961 4751
f 4751 4961 4748
f 6296 6297 6295
f 6295 6297 6298
f 6299 6300 6288
f 6288 6300 4735
f 6302 4961 6301
f 6301 4961 4960
f 6304 6287 6303
f 6303 6287 4749
f 4968 6305 4969
f 4969 6305 6306
f 4413 6308 6307
f 6307 6308 4900
f 6301 4960 6309
f 6309 4960 6291
f 4412 4408 6310
f 6310 4408 4806
f 4696 6311 4256
f 4256 6311 6312
f 6303 4749 6313
f 6313 4749 4748
f 6313 4748 6302
f 6302 4748 4961
f 6315 6316 6314
f 6314 6316 6317
f 4084 6318 6315
f 6315 6318 6316
f 4083 6319 4084
f 4084 6319 6318
f 4112 6320 4083
f 4083 6320 6319
f 6322 4138 6321
f 6321 4138 4137
f 6324 4128 6323
f 6323 4128 4127
f 4127 4193 6323
f 6323 4193 6325
f 4193 4891 6325
f 6325 4891 6326
f 4891 6327 6326
f 6326 6327 6328
f 6327 4824 5227
f 5227 4824 5228
f 5231 4684 6329
f 6329 4684 4683
f 4683 4099 6329
f 6329 4099 6330
f 4099 4102 6330
f 6330 4102 6331
f 4174 4826 4429
f 4429 4826 4829
f 4173 4741 4174
f 4174 4741 4826
f 4180 4738 4173
f 4173 4738 4741
f 6332 6333 4180
f 4180 6333 4738
f 6274 6334 4186
f 4186 6334 4188
f 4181 4825 4180
f 4180 4825 6332
f 5044 5213 5045
f 5045 5213 5165
f 5046 5087 5047
f 5047 5087 5222
f 5077 5063 5078
f 5078 5063 5198
f 5081 5099 5082
f 5082 5099 5194
f 5095 5074 5096
f 5096 5074 5073
f 5373 5170 5096
f 5096 5170 5093
f 5375 5171 5373
f 5373 5171 5170
f 5047 5222 5375
f 5375 5222 5171
f 5046 5038 5376
f 5376 5038 5067
f 5377 5086 5376
f 5376 5086 5085
f 5045 5165 5377
f 5377 5165 5086
f 5378 5214 5044
f 5044 5214 5213
f 5077 5034 5378
f 5378 5034 5214
f 5082 5194 5078
f 5078 5194 5035
f 5081 5080 5379
f 5379 5080 6335
f 5379 6335 5095
f 5095 6335 5074
f 5032 5080 5033
f 5033 5080 5079
f 5040 5017 5041
f 5041 5017 5016
f 5050 5043 5051
f 5051 5043 5042
f 5065 5023 5066
f 5066 5023 5022
f 5050 5049 5065
f 5065 5049 5023
f 5041 5016 5068
f 5068 5016 5020
f 5071 5374 5072
f 5072 5374 5200
f 5075 5156 5076
f 5076 5156 5155
f 5162 5212 5068
f 5068 5212 5067
f 5075 5074 5192
f 5192 5074 6335
f 5066 5022 5199
f 5199 5022 5196
f 5076 5155 5072
f 5072 5155 5069
f 5040 5039 5071
f 5071 5039 5374
f 5162 5161 5051
f 5051 5161 5048
f 5192 6335 5032
f 5032 6335 5080
f 5199 5196 5033
f 5033 5196 5030
f 5018 5211 5019
f 5019 5211 5408
f 5019 5408 5021
f 5021 5408 5163
f 5024 5057 5025
f 5025 5057 5415
f 5028 5048 5029
f 5029 5048 5161
f 5054 5031 5055
f 5055 5031 5030
f 5024 5023 5058
f 5058 5023 5049
f 5061 5070 5062
f 5062 5070 5069
f 5157 5438 5158
f 5158 5438 5442
f 5160 5191 5054
f 5054 5191 5031
f 5029 5161 5021
f 5021 5161 5020
f 5025 5415 5197
f 5197 5415 5220
f 5158 5442 5062
f 5062 5442 5059
f 5018 5017 5061
f 5061 5017 5070
f 5160 5159 5157
f 5157 5159 5438
f 5028 5027 5058
f 5058 5027 5056
f 5055 5030 5197
f 5197 5030 5196
f 5409 5380 5410
f 5410 5380 6336
f 5026 5413 5027
f 5027 5413 5412
f 5396 5417 5393
f 5393 5417 5416
f 5416 5057 5419
f 5419 5057 5056
f 5417 5396 5426
f 5426 5396 5420
f 5427 5423 5428
f 5428 5423 5422
f 5427 5059 5430
f 5430 5059 5442
f 5409 5408 5433
f 5433 5408 5211
f 5433 5211 5428
f 5428 5211 5060
f 5412 5411 5419
f 5419 5411 5418
f 5436 5053 5437
f 5437 5053 5052
f 5439 5402 5440
f 5440 5402 5401
f 5436 5435 5439
f 5439 5435 5402
f 5410 6336 5413
f 5413 6336 5414
f 5440 5401 5430
f 5430 5401 5429
f 5426 5420 5437
f 5437 5420 5434
f 5382 5432 5383
f 5383 5432 5384
f 5386 6336 5383
f 5383 6336 5380
f 6336 5386 5414
f 5414 5386 5388
f 5391 5418 5392
f 5392 5418 5411
f 5705 5395 5704
f 5704 5395 5394
f 5399 5435 5400
f 5400 5435 5434
f 5403 5441 5404
f 5404 5441 5405
f 5407 5429 5404
f 5404 5429 5401
f 5395 5705 5421
f 5421 5705 5748
f 5424 5706 5425
f 5425 5706 5431
f 5391 5390 5394
f 5394 5390 5704
f 5392 5388 5389
f 5389 5388 5387
f 5382 5381 5425
f 5425 5381 5422
f 5407 5406 5424
f 5424 5406 5706
f 5403 5402 5399
f 5399 5402 5435
f 5421 5748 5400
f 5400 5748 5397
f 4097 4721 4098
f 4098 4721 4231
f 4233 5273 4098
f 4098 5273 4095
f 6337 6338 4785
f 4785 6338 4786
f 4076 4780 4073
f 4073 4780 4781
f 4782 4190 4781
f 4781 4190 4073
f 4783 4901 4782
f 4782 4901 4190
f 4780 4076 4097
f 4097 4076 4721
f 6337 2879 4701
f 4701 2879 2878
f 5280 6339 5272
f 5272 6339 6340
f 5282 5281 6341
f 6341 5281 6342
f 4109 6302 4110
f 4110 6302 6301
f 4283 6304 4284
f 4284 6304 6303
f 6305 4379 6306
f 6306 4379 4378
f 4110 6301 4428
f 4428 6301 6309
f 6310 4688 4412
f 4412 4688 4687
f 4284 6303 4753
f 4753 6303 6313
f 4753 6313 4109
f 4109 6313 6302
f 6343 5226 4428
f 4428 5226 4427
f 4147 4900 4416
f 4416 4900 6308
f 6312 6311 4241
f 4241 6311 4720
f 5223 6344 4702
f 4702 6344 4699
f 4221 4220 6345
f 6345 4220 6346
f 5276 5275 6347
f 6347 5275 6348
f 5275 4728 6348
f 6348 4728 6349
f 4727 6350 5284
f 5284 6350 5285
f 6351 6352 6354
f 6354 6352 6353
f 5313 5312 5292
f 5292 5312 5293
f 5312 5344 5293
f 5293 5344 5337
f 5344 4914 5337
f 5337 4914 4916
f 4914 4913 4916
f 4916 4913 4917
f 4913 6355 4917
f 4917 6355 4978
f 6356 6357 6284
f 6284 6357 5012
f 6357 6358 5012
f 5012 6358 5011
f 5011 6358 5366
f 5366 6358 6359
f 6360 4742 6359
f 6359 4742 5366
f 4743 6361 4904
f 4904 6361 5364
f 5363 4905 5364
f 5364 4905 4904
f 5363 6362 4905
f 4905 6362 4207
f 6362 6363 4207
f 4207 6363 4208
f 6363 5342 4208
f 4208 5342 5330
f 5342 5341 5330
f 5330 5341 4244
f 5341 6364 4244
f 4244 6364 4245
f 6364 6365 4245
f 4245 6365 4246
f 6366 6367 4253
f 4253 6367 4250
f 4214 6368 4211
f 4211 6368 4380
f 4380 4379 4211
f 4211 4379 4283
f 4379 6305 4283
f 4283 6305 6304
f 6305 4968 6304
f 6304 4968 6287
f 4968 4967 6287
f 6287 4967 6286
f 4967 6297 6286
f 6286 6297 4676
f 6296 4376 4288
f 4288 4376 4285
f 4376 4373 4285
f 4285 4373 4290
f 6369 6370 6372
f 6372 6370 6371
f 5245 6373 5246
f 5246 6373 6374
f 4317 6375 4318
f 4318 6375 6376
f 4331 6377 4332
f 4332 6377 6378
f 6379 4333 6376
f 6376 4333 4318
f 4343 6380 4344
f 4344 6380 6381
f 4347 6382 4348
f 4348 6382 6383
f 4374 6371 4331
f 4331 6371 6377
f 4333 6379 4426
f 4426 6379 6384
f 4690 6385 4347
f 4347 6385 6382
f 4332 6378 4317
f 4317 6378 6375
f 4922 6386 4923
f 4923 6386 6387
f 6388 6389 4375
f 4375 6389 6390
f 6355 6356 4978
f 4978 6356 6284
f 4742 6360 4743
f 4743 6360 6361
f 6391 4238 6392
f 6392 4238 4719
f 6392 4719 6393
f 6393 4719 5296
f 6395 6396 6394
f 6394 6396 6397
f 6399 6400 6398
f 6398 6400 6401
f 6402 5302 6403
f 6403 5302 5303
f 5303 5321 6403
f 6403 5321 6404
f 5320 6405 5321
f 5321 6405 6404
f 5319 6406 5350
f 5350 6406 5351
f 5319 5318 6406
f 6406 5318 6407
f 5288 4197 6408
f 6408 4197 6409
f 4217 4216 6410
f 6410 4216 6411
f 5227 6412 6327
f 6327 6412 6328
f 4892 6413 5227
f 5227 6413 6412
f 4228 6414 4892
f 4892 6414 6413
f 4227 6415 4228
f 4228 6415 6414
f 4248 6416 4227
f 4227 6416 6415
f 4247 6417 4248
f 4248 6417 6416
f 6417 4247 6419
f 6419 4247 6418
f 6419 6418 6421
f 6421 6418 6420
f 6422 5301 6423
f 6423 5301 5300
f 6423 5300 6424
f 6424 5300 6399
f 6408 6409 6398
f 6398 6409 6425
f 6426 6427 6397
f 6397 6427 6394
f 6428 4224 6429
f 6429 4224 4223
f 6347 6346 5276
f 5276 6346 4220
f 6346 6347 6341
f 6341 6347 6339
f 5280 5278 5282
f 5282 5278 4236
f 4896 5224 4684
f 4684 5224 4681
f 4132 4135 4896
f 4896 4135 5224
f 4131 4136 4132
f 4132 4136 4135
f 4226 4754 4131
f 4131 4754 4136
f 4251 4213 4226
f 4226 4213 4754
f 4250 4214 4251
f 4251 4214 4213
f 4250 6367 4214
f 4214 6367 6368
f 6367 4910 6368
f 6368 4910 4737
f 4909 5297 4736
f 4736 5297 5296
f 5297 6395 5296
f 5296 6395 6393
f 6427 6430 6394
f 6394 6430 6431
f 6429 4383 6428
f 6428 4383 4382
f 4219 5277 4220
f 4220 5277 5276
f 4222 4697 4383
f 4383 4697 4218
f 6345 4699 4221
f 4221 4699 6344
f 6342 4700 6345
f 6345 4700 4699
f 4235 4786 5281
f 5281 4786 6338
f 4234 4787 4235
f 4235 4787 4786
f 5279 5278 6432
f 6432 5278 5271
f 4237 5279 6433
f 6433 5279 6432
f 4787 4234 6433
f 6433 4234 4237
f 6435 6436 6434
f 6434 6436 6437
f 6359 6438 6360
f 6360 6438 6437
f 6439 6440 6441
f 6441 6440 6438
f 6443 6439 6442
f 6442 6439 6441
f 6357 6356 6442
f 6442 6356 6444
f 6444 6446 6445
f 6445 6446 6447
f 4912 6446 4913
f 4913 6446 6355
f 6361 6436 5364
f 5364 6436 5365
f 5319 5350 5316
f 5316 5350 6448
f 4832 6449 5350
f 5350 6449 6448
f 4831 6450 4832
f 4832 6450 6449
f 5354 6451 5320
f 5320 6451 6405
f 4265 6452 5354
f 5354 6452 6451
f 4264 6453 4265
f 4265 6453 6452
f 6450 4831 6447
f 6447 4831 6445
f 4263 6435 4264
f 4264 6435 6434
f 6454 6453 6439
f 6439 6453 6440
f 6439 6443 6454
f 6454 6443 4834
f 4833 6455 4834
f 4834 6455 6454
f 5351 6456 4833
f 4833 6456 6455
f 6457 6391 6458
f 6458 6391 6392
f 6458 6392 6431
f 6431 6392 6393
f 5298 6396 5297
f 5297 6396 6395
f 6402 6400 5302
f 5302 6400 5299
f 6402 6403 6459
f 6459 6403 6460
f 6460 6403 6461
f 6461 6403 6404
f 6405 6462 6404
f 6404 6462 6461
f 6406 6462 5351
f 5351 6462 6456
f 6406 6407 6462
f 6462 6407 6461
f 6407 6463 6461
f 6461 6463 6460
f 6463 6464 6460
f 6460 6464 6459
f 6464 6465 6459
f 6459 6465 6401
f 6430 6466 6431
f 6431 6466 6458
f 6466 6410 6458
f 6458 6410 6457
f 6410 6411 6457
f 6457 6411 6467
f 6396 6424 6397
f 6397 6424 6425
f 6393 6395 6431
f 6431 6395 6394
f 6451 6456 6405
f 6405 6456 6462
f 6452 6455 6451
f 6451 6455 6456
f 6453 6454 6452
f 6452 6454 6455
f 6443 6445 4834
f 4834 6445 4831
f 6440 6453 6434
f 6434 6453 4264
f 6468 5306 5360
f 5360 5306 5305
f 6469 4124 6468
f 6468 4124 5306
f 6470 4125 6469
f 6469 4125 4124
f 6471 5291 6470
f 6470 5291 4125
f 6353 5292 6471
f 6471 5292 5291
f 5292 6353 5313
f 5313 6353 6352
f 5347 5314 6352
f 6352 5314 5313
f 5353 5318 5346
f 5346 5318 5317
f 5334 6468 5358
f 5358 6468 5360
f 5324 6469 5334
f 5334 6469 6468
f 5323 6470 5324
f 5324 6470 6469
f 5343 6471 5323
f 5323 6471 6470
f 6354 6353 5343
f 5343 6353 6471
f 6348 6349 4270
f 4270 6349 5311
f 5272 6340 5273
f 5273 6340 4272
f 6432 5271 4232
f 4232 5271 4233
f 4294 6432 4295
f 4295 6432 4232
f 6432 4294 6433
f 6433 4294 4301
f 4301 4300 6433
f 6433 4300 4787
f 4704 4784 4300
f 4300 4784 4787
f 4704 3013 4784
f 4784 3013 1307
f 5103 6472 5104
f 5104 6472 5202
f 5108 5116 5105
f 5105 5116 5115
f 5111 5124 5112
f 5112 5124 5123
f 5154 5205 5105
f 5105 5205 5106
f 5167 5180 5168
f 5168 5180 5185
f 5175 5188 5176
f 5176 5188 5187
f 5112 5123 5178
f 5178 5123 5120
f 5167 5090 5183
f 5183 5090 5089
f 5210 5151 5183
f 5183 5151 5181
f 5216 5138 5217
f 5217 5138 5137
f 5218 5119 5219
f 5219 5119 5221
f 5218 5178 5119
f 5119 5178 5120
f 5217 5137 5104
f 5104 5137 5101
f 5116 5108 5221
f 5221 5108 5219
f 5111 5110 5210
f 5210 5110 5151
f 5154 5153 5103
f 5103 5153 6472
f 5216 5215 5176
f 5176 5215 5173
f 5175 5174 5168
f 5168 5174 5166
f 5091 5172 5092
f 5092 5172 5208
f 5117 5037 5118
f 5118 5037 5036
f 5121 5164 5122
f 5122 5164 5133
f 5125 5084 5126
f 5126 5084 5083
f 5129 5174 5130
f 5130 5174 5173
f 5131 5202 5132
f 5132 5202 6472
f 5135 5221 5122
f 5122 5221 5119
f 5125 5124 5136
f 5136 5124 5209
f 5126 5083 5121
f 5121 5083 5164
f 5118 5036 5195
f 5195 5036 5193
f 5131 5097 5203
f 5203 5097 5114
f 5132 6472 5195
f 5195 6472 5153
f 5136 5209 5092
f 5092 5209 5089
f 5135 5134 5117
f 5117 5134 5037
f 5362 5206 5130
f 5130 5206 5127
f 5372 5371 5128
f 5128 5371 5129
f 5371 5372 5091
f 5091 5372 5172
f 5362 5215 5203
f 5203 5215 5201
f 6463 6407 5353
f 5353 6407 5318
f 6464 6463 5352
f 5352 6463 5353
f 6408 6465 5288
f 5288 6465 5289
f 4196 4224 6426
f 6426 4224 6427
f 6430 6427 6428
f 6428 6427 4224
f 6466 6430 4382
f 4382 6430 6428
f 6410 6466 4217
f 4217 6466 4382
f 4240 4239 3015
f 3015 4239 3016
f 4254 4257 3017
f 3017 4257 3018
f 6473 6474 4732
f 4732 6474 6475
f 6474 6374 6475
f 6475 6374 6373
f 5246 6374 3022
f 3022 6374 3023
f 4254 6299 4255
f 4255 6299 6288
f 6473 6300 3024
f 3024 6300 3025
f 6476 4257 6312
f 6312 4257 4256
f 4240 6476 4241
f 4241 6476 6312
f 6477 4239 6391
f 6391 4239 4238
f 6467 6477 6457
f 6457 6477 6391
f 6411 3029 6467
f 6467 3029 3028
f 4216 3030 6411
f 6411 3030 3029
f 6479 6480 6478
f 6478 6480 6481
f 6483 6484 6482
f 6482 6484 6485
f 6486 6487 4102
f 4102 6487 6331
f 6483 6488 6478
f 6478 6488 6489
f 4429 4829 6490
f 6490 4829 6479
f 6491 6486 4101
f 4101 6486 4102
f 4895 6491 4899
f 4899 6491 4101
f 4160 6488 4157
f 4157 6488 6492
f 6489 4087 6490
f 6490 4087 4090
f 4267 4261 5013
f 5013 4261 4260
f 4258 4261 5328
f 5328 4261 4975
f 4261 4267 4975
f 4975 4267 4266
f 5367 3793 3912
f 3912 3793 3575
f 6494 3616 6493
f 6493 3616 3795
f 6496 3589 6495
f 6495 3589 3588
f 6495 3588 5368
f 5368 3588 3794
f 3841 3840 3050
f 3050 3840 3051
f 3912 3911 3052
f 3052 3911 3053
f 3929 3930 3054
f 3054 3930 3055
f 5370 3930 3916
f 3916 3930 3923
f 3938 5369 3807
f 3807 5369 3915
f 3589 6496 3806
f 3806 6496 3937
f 3938 3937 3056
f 3056 3937 3057
f 3051 3840 3058
f 3058 3840 3943
f 3730 4808 3727
f 3727 4808 3943
f 3820 3951 3795
f 3795 3951 6493
f 3951 3841 3059
f 3059 3841 3050
f 3911 3574 6494
f 6494 3574 3616
f 3823 3929 3824
f 3824 3929 3952
f 4061 4060 3060
f 3060 4060 3061
f 6497 6498 4901
f 4901 6498 4790
f 6333 6499 4738
f 4738 6499 4739
f 6500 6501 6314
f 6314 6501 4418
f 6502 6275 4417
f 4417 6275 4185
f 6503 6497 4783
f 4783 6497 4901
f 6498 4060 4790
f 4790 4060 4059
f 4808 4061 3069
f 3069 4061 3060
f 5367 3071 5368
f 5368 3071 3070
f 5369 3073 5370
f 5370 3073 3072
f 6274 6275 3074
f 3074 6275 3075
f 6499 6504 4739
f 4739 6504 6317
f 6333 6332 3077
f 3077 6332 3078
f 6334 6274 3079
f 3079 6274 3074
f 6332 4825 3078
f 3078 4825 3080
f 6334 6503 4188
f 4188 6503 4783
f 4825 4689 3080
f 3080 4689 1330
f 6506 4747 6505
f 6505 4747 4746
f 6505 6507 6506
f 6506 6507 6508
f 4297 6509 4920
f 4920 6509 6510
f 4296 6511 4297
f 4297 6511 6509
f 6506 6508 4319
f 4319 6508 6512
f 4372 4371 6514
f 6514 4371 6513
f 6511 4296 5251
f 5251 4296 4305
f 5251 5250 6511
f 6511 5250 6515
f 6516 6509 6515
f 6515 6509 6511
f 6517 6507 6519
f 6519 6507 6518
f 6512 6520 6513
f 6513 6520 6514
f 6507 6517 6508
f 6508 6517 6521
f 5249 6523 6522
f 6522 6523 6524
f 6525 6370 5253
f 5253 6370 6526
f 4370 4323 4371
f 4371 4323 4326
f 4370 3103 4323
f 4323 3103 1541
f 6521 6517 6527
f 6527 6517 6519
f 6520 6528 6514
f 6514 6528 6529
f 6531 6532 6530
f 6530 6532 6533
f 5250 6534 6515
f 6515 6534 6535
f 6530 6533 6536
f 6536 6533 6537
f 6526 6538 6534
f 6534 6538 6537
f 6515 6535 6516
f 6516 6535 6539
f 4325 4321 4326
f 4326 4321 4320
f 4371 4326 6513
f 6513 4326 4320
f 6531 4731 6541
f 6541 4731 6540
f 4731 4730 6540
f 6540 4730 6542
f 4730 3121 6542
f 6542 3121 3120
f 6530 4328 6531
f 6531 4328 4731
f 4328 6530 4329
f 4329 6530 6536
f 4329 6536 6524
f 6524 6536 6543
f 6544 6545 6522
f 6522 6545 5248
f 6389 6388 5245
f 5245 6388 6373
f 6388 6546 6373
f 6373 6546 6475
f 4733 6546 6295
f 6295 6546 4377
f 4732 6475 4733
f 4733 6475 6546
f 4393 4432 4394
f 4394 4432 4435
f 4434 4672 4842
f 4842 4672 4671
f 4440 4439 4441
f 4441 4439 4438
f 4436 4450 4437
f 4437 4450 4398
f 4447 4444 4448
f 4448 4444 4392
f 4446 4464 4433
f 4433 4464 6547
f 4454 4423 4455
f 4455 4423 4422
f 4452 4481 4453
f 4453 4481 4480
f 4458 4389 4459
f 4459 4389 4388
f 4456 4471 4457
f 4457 4471 4468
f 4391 4460 4392
f 4392 4460 4448
f 4461 4467 4445
f 4445 4467 4465
f 4437 4398 4629
f 4629 4398 4397
f 4438 4628 4441
f 4441 4628 4631
f 4841 4629 4839
f 4839 4629 4397
f 4628 4842 4631
f 4631 4842 4671
f 4930 4989 4452
f 4452 4989 4481
f 4929 4927 4436
f 4436 4927 4450
f 4933 4387 4934
f 4934 4387 4386
f 4931 4475 4932
f 4932 4475 4474
f 4936 4449 4933
f 4933 4449 4387
f 4935 4472 4456
f 4456 4472 4471
f 4389 4458 4391
f 4391 4458 4460
f 4457 4468 4461
f 4461 4468 4467
f 4934 4386 4454
f 4454 4386 4423
f 4453 4480 4931
f 4931 4480 4475
f 4575 4997 4576
f 4576 4997 4639
f 4579 4596 4580
f 4580 4596 4595
f 4583 4582 4572
f 4572 4582 4569
f 4587 4944 4588
f 4588 4944 4562
f 4588 4562 4590
f 4590 4562 4561
f 4576 4639 4642
f 4642 4639 4638
f 4642 4845 4641
f 4641 4845 4846
f 4845 4590 4846
f 4846 4590 4561
f 4941 4938 4595
f 4595 4938 4580
f 4938 4940 4668
f 4668 4940 4669
f 4583 4942 4584
f 4584 4942 4947
f 4582 4587 4569
f 4569 4587 4586
f 5000 5001 4579
f 4579 5001 4596
f 4558 4560 4585
f 4585 4560 4586
f 4565 4639 4566
f 4566 4639 4997
f 4568 4567 4577
f 4577 4567 4578
f 4570 4554 4571
f 4571 4554 4556
f 4640 4565 4637
f 4637 4565 4546
f 4662 4664 4665
f 4665 4664 4844
f 4662 4558 4589
f 4589 4558 4585
f 4554 4570 4557
f 4557 4570 4560
f 4571 4667 4572
f 4572 4667 4943
f 4551 4670 4552
f 4552 4670 4666
f 4640 4664 4638
f 4638 4664 4663
f 4670 4568 4668
f 4668 4568 4577
f 4999 4996 4566
f 4566 4996 4543
f 4608 4564 4603
f 4603 4564 4563
f 4573 4593 4574
f 4574 4593 4592
f 4597 4614 4598
f 4598 4614 4613
f 4601 4600 4584
f 4584 4600 4581
f 4563 4562 4604
f 4604 4562 4944
f 4643 4593 4641
f 4641 4593 4573
f 4643 4847 4644
f 4644 4847 4848
f 4564 4847 4561
f 4561 4847 4846
f 4945 4941 4598
f 4598 4941 4595
f 4941 4945 4939
f 4939 4945 4946
f 4601 4948 4602
f 4602 4948 4620
f 4600 4604 4581
f 4581 4604 4944
f 5002 5003 4597
f 4597 5003 4614
f 4988 4759 4953
f 4953 4759 4402
f 4706 6548 4707
f 4707 6548 6549
f 4311 4928 4419
f 4419 4928 6550
f 4921 4920 6551
f 6551 4920 6552
f 4925 6553 4926
f 4926 6553 6554
f 4928 4921 4802
f 4802 4921 6551
f 6555 4985 6550
f 6550 4985 4419
f 4952 6556 4953
f 4953 6556 4649
f 4971 6557 4706
f 4706 6557 6548
f 4988 4648 4925
f 4925 4648 6553
f 4707 6549 5006
f 5006 6549 4987
f 4920 6510 6552
f 6552 6510 6518
f 6558 6510 6516
f 6516 6510 6509
f 6559 6558 6539
f 6539 6558 6516
f 6531 6541 6532
f 6532 6541 6560
f 6540 6561 6541
f 6541 6561 6529
f 6542 6562 6540
f 6540 6562 6561
f 6542 3120 6562
f 6562 3120 3142
f 4366 6563 4760
f 4760 6563 4970
f 4815 6564 4816
f 4816 6564 6565
f 3147 3146 6565
f 6565 3146 4816
f 6564 6563 6565
f 6565 6563 6566
f 4837 4385 4357
f 4357 4385 4358
f 6565 6566 3147
f 3147 6566 3149
f 4694 1209 3150
f 5247 5249 5248
f 5248 5249 6522
f 6372 6390 6545
f 6545 6390 6389
f 6375 5254 6376
f 6376 5254 5258
f 6377 6525 6378
f 6378 6525 5255
f 5260 6379 5258
f 5258 6379 6376
f 6380 6567 6381
f 6381 6567 6568
f 6382 6569 6383
f 6383 6569 6570
f 6377 6371 6525
f 6525 6371 6370
f 6379 5260 6384
f 6384 5260 6571
f 6385 6572 6382
f 6382 6572 6569
f 6378 5255 6375
f 6375 5255 5254
f 6386 6573 6387
f 6387 6573 6574
f 6545 6389 5248
f 5248 6389 5245
f 4675 4750 4676
f 4676 4750 6286
f 4734 6289 4735
f 4735 6289 6288
f 4804 6290 4805
f 4805 6290 4963
f 4811 4807 4812
f 4812 4807 4411
f 4954 6292 4955
f 4955 6292 4959
f 4964 4962 4965
f 4965 4962 4751
f 6285 4821 4812
f 4812 4821 4809
f 4675 4287 4965
f 4965 4287 4210
f 6294 4145 4955
f 4955 4145 4154
f 4964 4120 4805
f 4805 4120 4119
f 6298 4966 4734
f 4734 4966 6289
f 6300 6473 4735
f 4735 6473 4732
f 6297 6296 4676
f 4676 6296 4288
f 6523 3160 4330
f 4330 3160 3159
f 5253 5252 6525
f 6525 5252 5255
f 5256 5252 4305
f 4305 5252 5251
f 4304 5257 4305
f 4305 5257 5256
f 4424 5259 4304
f 4304 5259 5257
f 5261 6571 5259
f 5259 6571 5260
f 5262 6573 5261
f 5261 6573 6571
f 5264 6567 5265
f 5265 6567 6574
f 5266 6572 5267
f 5267 6572 6568
f 5268 6570 5269
f 5269 6570 6569
f 1807 3161 5268
f 5268 3161 6570
f 6524 6523 4329
f 4329 6523 4330
f 5253 6526 5250
f 5250 6526 6534
f 6543 6538 6544
f 6544 6538 6369
f 6524 6543 6522
f 6522 6543 6544
f 3071 5367 3052
f 3052 5367 3912
f 6493 3163 6494
f 6494 3163 3162
f 3164 445 3771
f 3771 445 3761
f 461 3165 3919
f 3919 3165 3920
f 330 410 3839
f 3839 410 3910
f 332 331 3552
f 3552 331 3551
f 464 304 3918
f 3918 304 3816
f 385 458 3766
f 3766 458 3894
f 412 415 3762
f 3762 415 3763
f 3166 337 3748
f 3748 337 3745
f 3072 3055 5370
f 5370 3055 3930
f 3073 5369 3056
f 3056 5369 3938
f 3167 3057 6496
f 6496 3057 3937
f 3069 3058 4808
f 4808 3058 3943
f 411 3166 3851
f 3851 3166 3748
f 3059 3163 3951
f 3951 3163 6493
f 336 3164 3772
f 3772 3164 3771
f 3053 3911 3162
f 3162 3911 6494
f 3054 3168 3929
f 3929 3168 3952
f 3165 830 3920
f 3920 830 3945
f 3170 3169 6497
f 6497 3169 6498
f 3171 1354 5005
f 5005 1354 4830
f 3172 3170 6503
f 6503 3170 6497
f 3169 3061 6498
f 6498 3061 4060
f 3173 3171 5006
f 5006 3171 5005
f 3079 3172 6334
f 6334 3172 6503
f 3174 3025 6299
f 6299 3025 6300
f 6576 6577 6575
f 6575 6577 6578
f 4612 4611 6579
f 6579 4611 6580
f 6582 6583 6581
f 6581 6583 6584
f 6584 6585 4618
f 4618 6585 4621
f 6586 6587 6589
f 6589 6587 6588
f 6588 6587 6590
f 6590 6587 6591
f 6592 4606 6590
f 6590 4606 4623
f 6594 6576 6593
f 6593 6576 6575
f 6595 6582 6579
f 6579 6582 6581
f 6580 6597 6596
f 6596 6597 6598
f 6577 6576 6599
f 6599 6576 6600
f 6595 6596 6601
f 6601 6596 6602
f 6583 6582 6603
f 6603 6582 6604
f 6586 6606 6605
f 6605 6606 6607
f 6587 6586 6608
f 6608 6586 6605
f 6587 6608 6591
f 6591 6608 6609
f 6576 6594 6600
f 6600 6594 6610
f 6582 6595 6604
f 6604 6595 6601
f 6599 6611 6577
f 6577 6611 6598
f 6613 6614 6612
f 6612 6614 6615
f 6617 6618 6616
f 6616 6618 6619
f 6621 6622 6620
f 6620 6622 6623
f 6625 6626 6624
f 6624 6626 6627
f 6629 6630 6628
f 6628 6630 6631
f 6633 6634 6632
f 6632 6634 6635
f 6637 6638 6636
f 6636 6638 6639
f 6640 6641 6637
f 6637 6641 6638
f 6643 6633 6642
f 6642 6633 6632
f 6645 6646 6644
f 6644 6646 6647
f 6646 6648 6647
f 6647 6648 6649
f 6651 6652 6650
f 6650 6652 6653
f 6653 6652 6654
f 6654 6652 6655
f 6656 6657 6659
f 6659 6657 6658
f 6661 6662 6660
f 6660 6662 6663
f 6662 6661 6664
f 6664 6661 6665
f 6667 6657 6666
f 6666 6657 6656
f 6669 6670 6668
f 6668 6670 6671
f 6672 6673 6670
f 6670 6673 6671
f 6674 6675 6677
f 6677 6675 6676
f 6675 6678 6676
f 6676 6678 6679
f 6681 6682 6680
f 6680 6682 6683
f 6684 6685 6683
f 6683 6685 6680
f 6687 6688 6686
f 6686 6688 6689
f 6687 6690 6688
f 6688 6690 6691
f 6619 6618 6633
f 6633 6618 6634
f 6632 6635 6693
f 6693 6635 6692
f 6617 6694 6636
f 6636 6694 6637
f 6695 6692 6639
f 6639 6692 6635
f 6637 6694 6640
f 6640 6694 6696
f 6698 6638 6697
f 6697 6638 6641
f 6643 6616 6633
f 6633 6616 6619
f 6642 6699 6641
f 6641 6699 6697
f 6646 6645 6700
f 6700 6645 6621
f 6644 6701 6654
f 6654 6701 6702
f 6700 6703 6646
f 6646 6703 6648
f 6693 6704 6649
f 6649 6704 6647
f 6620 6623 6651
f 6651 6623 6652
f 6693 6649 6699
f 6699 6649 6650
f 6652 6623 6655
f 6655 6623 6622
f 6654 6702 6653
f 6653 6702 6697
f 6615 6614 6657
f 6657 6614 6658
f 6705 6656 6704
f 6704 6656 6659
f 6613 6706 6660
f 6660 6706 6661
f 6704 6659 6701
f 6701 6659 6663
f 6661 6706 6665
f 6665 6706 6707
f 6708 6702 6664
f 6664 6702 6662
f 6612 6615 6667
f 6667 6615 6657
f 6666 6709 6664
f 6664 6709 6708
f 6629 6710 6669
f 6669 6710 6670
f 6668 6711 6679
f 6679 6711 6712
f 6713 6672 6710
f 6710 6672 6670
f 6714 6671 6705
f 6705 6671 6673
f 6628 6631 6674
f 6674 6631 6675
f 6705 6673 6709
f 6709 6673 6677
f 6631 6630 6675
f 6675 6630 6678
f 6712 6708 6679
f 6679 6708 6676
f 6625 6715 6682
f 6682 6715 6683
f 6716 6717 6681
f 6681 6717 6691
f 6718 6684 6715
f 6715 6684 6683
f 6719 6680 6714
f 6714 6680 6685
f 6624 6627 6686
f 6686 6627 6687
f 6689 6711 6685
f 6685 6711 6714
f 6627 6626 6687
f 6687 6626 6690
f 6717 6712 6691
f 6691 6712 6688
f 6612 6707 6613
f 6613 6707 6706
f 6616 6696 6617
f 6617 6696 6694
f 6703 6700 6620
f 6620 6700 6621
f 6715 6625 6718
f 6718 6625 6624
f 6710 6629 6713
f 6713 6629 6628
f 6639 6635 6636
f 6636 6635 6634
f 6641 6640 6642
f 6642 6640 6643
f 6654 6655 6644
f 6644 6655 6645
f 6651 6650 6648
f 6648 6650 6649
f 6659 6658 6663
f 6663 6658 6660
f 6665 6667 6664
f 6664 6667 6666
f 6678 6669 6679
f 6679 6669 6668
f 6673 6672 6677
f 6677 6672 6674
f 6690 6682 6691
f 6691 6682 6681
f 6685 6684 6689
f 6689 6684 6686
f 6636 6634 6617
f 6617 6634 6618
f 6638 6698 6639
f 6639 6698 6695
f 6640 6696 6643
f 6643 6696 6616
f 6693 6699 6632
f 6632 6699 6642
f 6655 6622 6645
f 6645 6622 6621
f 6704 6701 6647
f 6647 6701 6644
f 6651 6648 6620
f 6620 6648 6703
f 6650 6653 6699
f 6699 6653 6697
f 6613 6660 6614
f 6614 6660 6658
f 6663 6662 6701
f 6701 6662 6702
f 6665 6707 6667
f 6667 6707 6612
f 6705 6709 6656
f 6656 6709 6666
f 6630 6629 6678
f 6678 6629 6669
f 6714 6711 6671
f 6671 6711 6668
f 6672 6713 6674
f 6674 6713 6628
f 6677 6676 6709
f 6709 6676 6708
f 6626 6625 6690
f 6690 6625 6682
f 6680 6719 6681
f 6681 6719 6716
f 6684 6718 6686
f 6686 6718 6624
f 6711 6689 6712
f 6689 6688 6712
f 6593 6720 6594
f 6594 6720 6721
f 6722 6720 4607
f 4607 6720 4849
f 6592 6723 6722
f 6722 6723 6724
f 4610 4609 6578
f 6578 4609 6575
f 6596 6595 6580
f 6580 6595 6579
f 4618 4617 6584
f 6584 4617 6581
f 6589 6585 6586
f 6586 6585 6606
f 4622 4619 6588
f 6588 4619 6589
f 4622 6588 4623
f 4623 6588 6590
f 4609 4645 6575
f 6575 4645 6593
f 4617 4612 6581
f 6581 4612 6579
f 5004 4610 6597
f 6597 4610 6578
f 4645 4849 6593
f 6593 4849 6720
f 6724 6721 6722
f 6722 6721 6720
f 6722 4607 6592
f 6592 4607 4606
f 6725 6610 6721
f 6721 6610 6594
f 6723 6726 6724
f 6724 6726 6727
f 6727 6725 6724
f 6724 6725 6721
f 6728 6729 6605
f 6605 6729 6608
f 6605 6607 6728
f 6728 6607 6730
f 6731 6732 6604
f 6604 6732 6603
f 6733 6734 6725
f 6725 6734 6610
f 6735 6733 6727
f 6727 6733 6725
f 6735 6727 6736
f 6736 6727 6726
f 6591 6609 6723
f 6723 6609 6726
f 6723 6592 6591
f 6591 6592 6590
f 6738 6739 6737
f 6737 6739 6740
f 6740 6739 6742
f 6742 6739 6741
f 6743 6744 6741
f 6741 6744 6742
f 6745 6746 6743
f 6743 6746 6744
f 6747 6748 6745
f 6745 6748 6746
f 6749 6750 6747
f 6747 6750 6748
f 6752 6738 6751
f 6751 6738 6737
f 6754 6752 6753
f 6753 6752 6751
f 6756 6754 6755
f 6755 6754 6753
f 6758 6750 6757
f 6757 6750 6749
f 6760 6756 6759
f 6759 6756 6755
f 6762 6760 6761
f 6761 6760 6759
f 6764 6762 6763
f 6763 6762 6761
f 6757 6764 6758
f 6758 6764 6763
f 6766 6741 6765
f 6765 6741 6739
f 6767 6743 6766
f 6766 6743 6741
f 6768 6745 6767
f 6767 6745 6743
f 6769 6747 6768
f 6768 6747 6745
f 6770 6749 6769
f 6769 6749 6747
f 6772 6769 6771
f 6771 6769 6768
f 6773 6770 6772
f 6772 6770 6769
f 6774 6775 6772
f 6772 6775 6773
f 6777 6778 6776
f 6776 6778 6779
f 6775 6774 6778
f 6778 6774 6779
f 6771 6780 6772
f 6772 6780 6774
f 6780 6781 6774
f 6774 6781 6779
f 6781 6782 6779
f 6779 6782 6776
f 6784 6785 6783
f 6783 6785 6786
f 6786 6787 6783
f 6783 6787 6788
f 6790 6788 6789
f 6789 6788 6787
f 6786 6785 6791
f 6791 6785 6792
f 6791 6793 6786
f 6786 6793 6787
f 6793 6794 6787
f 6787 6794 6789
f 6795 6796 6794
f 6794 6796 6789
f 6790 6789 6797
f 6797 6789 6796
f 6798 6765 6738
f 6738 6765 6739
f 6799 6798 6752
f 6752 6798 6738
f 6767 6800 6768
f 6768 6800 6771
f 6766 6801 6767
f 6767 6801 6800
f 6802 6801 6765
f 6765 6801 6766
f 6798 6803 6765
f 6765 6803 6802
f 6804 6803 6799
f 6799 6803 6798
f 6805 6806 6804
f 6804 6806 6803
f 6807 6799 6754
f 6754 6799 6752
f 6808 6804 6807
f 6807 6804 6799
f 6809 6805 6808
f 6808 6805 6804
f 6810 6811 6805
f 6805 6811 6806
f 6812 6813 6810
f 6810 6813 6811
f 6814 6815 6796
f 6796 6815 6797
f 6813 6814 6816
f 6816 6814 6817
f 6816 6818 6813
f 6813 6818 6811
f 6819 6806 6818
f 6818 6806 6811
f 6802 6803 6819
f 6819 6803 6806
f 6757 6749 6820
f 6820 6749 6770
f 6820 6770 6821
f 6821 6770 6773
f 6821 6773 6822
f 6822 6773 6775
f 6822 6775 6823
f 6823 6775 6778
f 6824 6823 6777
f 6777 6823 6778
f 6784 6825 6777
f 6777 6825 6824
f 6826 6827 6788
f 6788 6827 6783
f 6828 6826 6790
f 6790 6826 6788
f 6829 6828 6797
f 6797 6828 6790
f 6815 6830 6797
f 6797 6830 6829
f 6832 6812 6831
f 6831 6812 6810
f 6831 6810 6809
f 6809 6810 6805
f 6736 6800 6735
f 6735 6800 6801
f 6733 6735 6802
f 6802 6735 6801
f 6734 6733 6819
f 6819 6733 6802
f 6833 6734 6818
f 6818 6734 6819
f 6834 6833 6816
f 6816 6833 6818
f 6816 6817 6834
f 6834 6817 6835
f 6837 6795 6836
f 6836 6795 6794
f 6836 6794 6731
f 6731 6794 6793
f 6732 6731 6791
f 6791 6731 6793
f 6791 6792 6732
f 6732 6792 6730
f 6729 6728 6781
f 6781 6728 6782
f 6838 6807 6756
f 6756 6807 6754
f 6839 6838 6760
f 6760 6838 6756
f 6840 6839 6762
f 6762 6839 6760
f 6841 6840 6764
f 6764 6840 6762
f 6820 6841 6757
f 6757 6841 6764
f 6841 6820 6842
f 6842 6820 6821
f 6840 6841 6843
f 6843 6841 6842
f 6839 6840 6844
f 6844 6840 6843
f 6838 6839 6845
f 6845 6839 6844
f 6807 6838 6808
f 6808 6838 6845
f 6842 6821 6846
f 6846 6821 6822
f 6843 6842 6847
f 6847 6842 6846
f 6844 6843 6848
f 6848 6843 6847
f 6845 6844 6849
f 6849 6844 6848
f 6808 6845 6809
f 6809 6845 6849
f 6850 6831 6849
f 6849 6831 6809
f 6851 6850 6848
f 6848 6850 6849
f 6847 6852 6848
f 6848 6852 6851
f 6853 6852 6846
f 6846 6852 6847
f 6846 6822 6853
f 6853 6822 6823
f 6853 6823 6854
f 6854 6823 6824
f 6854 6855 6853
f 6853 6855 6852
f 6856 6851 6855
f 6855 6851 6852
f 6856 6857 6851
f 6851 6857 6850
f 6857 6832 6850
f 6850 6832 6831
f 6825 6858 6824
f 6824 6858 6854
f 6860 6827 6859
f 6859 6827 6826
f 6859 6826 6861
f 6861 6826 6828
f 6862 6861 6829
f 6829 6861 6828
f 6830 6863 6829
f 6829 6863 6862
f 6863 6864 6862
f 6862 6864 6865
f 6858 6866 6854
f 6854 6866 6855
f 6867 6865 6866
f 6866 6865 6864
f 6869 6859 6868
f 6868 6859 6861
f 6867 6869 6865
f 6865 6869 6868
f 6861 6862 6868
f 6868 6862 6865
f 6867 6860 6869
f 6869 6860 6859
f 6753 6751 6698
f 6698 6751 6695
f 6697 6755 6698
f 6698 6755 6753
f 6759 6755 6702
f 6702 6755 6697
f 6761 6759 6708
f 6708 6759 6702
f 6763 6761 6712
f 6712 6761 6708
f 6758 6763 6717
f 6717 6763 6712
f 6750 6758 6716
f 6716 6758 6717
f 6719 6748 6716
f 6716 6748 6750
f 6714 6746 6719
f 6719 6746 6748
f 6705 6744 6714
f 6714 6744 6746
f 6704 6742 6705
f 6705 6742 6744
f 6740 6742 6693
f 6693 6742 6704
f 6737 6740 6692
f 6692 6740 6693
f 6751 6737 6695
f 6695 6737 6692
f 6601 6602 6836
f 6836 6602 6837
f 6604 6601 6731
f 6731 6601 6836
f 6599 6600 6834
f 6834 6600 6833
f 6834 6835 6599
f 6599 6835 6611
f 6600 6610 6833
f 6833 6610 6734
f 6780 6771 6870
f 6870 6771 6736
f 6736 6771 6800
f 6870 6729 6780
f 6780 6729 6781
f 6608 6729 6609
f 6609 6729 6870
f 6609 6870 6726
f 6726 6870 6736
f 5014 5015 5229
f 5229 5015 5230
f 4258 5015 4259
f 4259 5015 4878
f 3471 3013 4703
f 4703 3013 4704
f 2879 6337 1306
f 1306 6337 4785
f 829 3471 4316
f 4316 3471 4703
f 4702 3472 5223
f 5223 3472 1756
f 6871 6872 4534
f 4534 6872 4535
f 6871 4665 6872
f 6872 4665 4844
f 6871 6873 4665
f 4665 6873 4559
f 6871 4534 6873
f 6873 4534 4542
f 4153 4152 4822
f 4822 4152 4407
f 4152 4168 4407
f 4407 4168 4342
f 4343 4168 4923
f 4923 4168 4167
f 4363 4362 4972
f 4972 4362 4840
f 4362 4394 4840
f 4840 4394 4839
f 4401 4400 4986
f 4986 4400 4984
f 4435 4434 4841
f 4841 4434 4842
f 4506 4505 4530
f 4530 4505 4531
f 4506 4535 4507
f 4507 4535 4843
f 4661 4660 4516
f 4516 4660 4517
f 4673 4672 4937
f 4937 4672 6547
f 4400 4924 4984
f 4984 4924 5263
f 4673 4660 4674
f 4674 4660 4659
f 4505 4661 4531
f 4531 4661 4516
f 4952 4401 6874
f 6874 4401 4986
f 4954 4153 6875
f 6875 4153 4822
f 4363 4973 4364
f 4364 4973 4974
f 5264 4924 5267
f 5267 4924 4691
f 6293 6292 6876
f 6876 6292 6877
f 6380 4343 6387
f 6387 4343 4923
f 4394 4435 4839
f 4839 4435 4841
f 4672 4434 6547
f 6547 4434 4433
f 4973 6556 4974
f 4974 6556 6878
f 6567 6380 6574
f 6574 6380 6387
f 6292 4954 6877
f 6877 4954 6875
f 6567 5264 6568
f 6568 5264 5267
f 4145 4144 4154
f 4154 4144 4151
f 4194 4144 4425
f 4425 4144 4143
f 4355 4354 5263
f 5263 4354 4984
f 4360 4359 4364
f 4364 4359 4361
f 4444 4359 4392
f 4392 4359 4337
f 4447 4446 4432
f 4432 4446 4433
f 4464 4463 6547
f 6547 4463 4937
f 4519 4518 4654
f 4654 4518 4509
f 4533 4532 4499
f 4499 4532 4498
f 4533 4542 4530
f 4530 4542 4534
f 4519 4532 4516
f 4516 4532 4531
f 4922 4194 4426
f 4426 4194 4425
f 4463 4518 4937
f 4937 4518 4517
f 6555 4951 6874
f 6874 4951 6878
f 4958 4957 6290
f 6290 4957 6291
f 4334 4360 4712
f 4712 4360 4950
f 4985 4354 4419
f 4419 4354 4353
f 5262 4355 5265
f 5265 4355 5263
f 6294 4958 4804
f 4804 4958 6290
f 6386 4922 6384
f 6384 4922 4426
f 4444 4447 4393
f 4393 4447 4432
f 4464 4446 4465
f 4465 4446 4445
f 4985 6555 4986
f 4986 6555 6874
f 6573 6386 6571
f 6571 6386 6384
f 4145 6294 4146
f 4146 6294 4804
f 6573 5262 6574
f 6574 5262 5265
f 4542 4541 6873
f 6873 4541 4559
f 4535 6872 4843
f 4843 6872 4844
f 4104 4103 6879
f 6879 4103 6343
f 4105 6293 6307
f 6307 6293 6876
f 4104 4956 4105
f 4105 4956 6293
f 4956 4104 4957
f 4957 4104 6879
f 4957 6879 6291
f 6291 6879 6309
f 4648 4988 4649
f 4649 4988 4953
f 4802 4803 4928
f 4928 4803 6550
f 6550 4803 6555
f 6555 4803 4951
f 1516 3173 4987
f 4987 3173 5006
f 6519 6518 6558
f 6558 6518 6510
f 6527 6519 6559
f 6559 6519 6558
f 6528 6560 6529
f 6529 6560 6541
f 6548 4625 6549
f 6549 4625 4624
f 6551 6552 4746
f 4746 6552 6505
f 6553 4711 6554
f 6554 4711 4710
f 4802 6551 4713
f 4713 6551 4746
f 6556 4973 4649
f 4649 4973 4646
f 6557 4949 6548
f 6548 4949 4625
f 4648 4647 6553
f 6553 4647 4711
f 6549 4624 4987
f 4987 4624 4838
f 6552 6518 6505
f 6505 6518 6507
f 6561 4372 6529
f 6529 4372 6514
f 6562 4369 6561
f 6561 4369 4372
f 3142 3482 6562
f 6562 3482 4369
f 6556 4952 6878
f 6878 4952 6874
f 4951 4950 6878
f 6878 4950 4974
f 3168 440 3952
f 4204 4203 5341
f 5341 4203 6364
f 4219 4222 6429
f 6429 4222 4383
f 4319 4322 6506
f 6506 4322 4747
f 4340 4714 4341
f 4341 4714 4384
f 4375 4377 6388
f 6388 4377 6546
f 4378 4381 6311
f 6311 4381 4720
f 4449 4341 4387
f 4387 4341 4384
f 4473 4472 4477
f 4477 4472 4474
f 4492 4491 4487
f 4487 4491 4488
f 4523 4491 4522
f 4522 4491 4490
f 4492 4538 4493
f 4493 4538 4555
f 4538 4553 4555
f 4555 4553 4556
f 4620 4615 4621
f 4621 4615 4618
f 4652 4651 4368
f 4368 4651 4365
f 4523 4655 4524
f 4524 4655 4656
f 4553 4667 4556
f 4556 4667 4571
f 4651 1210 4365
f 4365 1210 1209
f 4698 4697 5223
f 5223 4697 6344
f 4340 4339 4322
f 4322 4339 4747
f 4726 4729 5287
f 5287 4729 4198
f 4381 4380 4737
f 4737 4380 6368
f 4836 4835 4451
f 4451 4835 4709
f 4910 6367 4911
f 4911 6367 6366
f 4912 4915 6450
f 6450 4915 6449
f 4927 4836 4450
f 4450 4836 4451
f 4930 4929 4439
f 4439 4929 4436
f 4936 4935 4459
f 4459 4935 4456
f 4473 4655 4470
f 4470 4655 4510
f 4942 4583 4943
f 4943 4583 4572
f 4948 4601 4947
f 4947 4601 4584
f 4949 4835 4625
f 4625 4835 4626
f 4966 4969 6289
f 6289 4969 4695
f 4971 4652 4926
f 4926 4652 4368
f 4203 4977 6364
f 6364 4977 6365
f 4990 4989 4443
f 4443 4989 4440
f 4990 4991 4478
f 4478 4991 4512
f 4992 4991 4528
f 4528 4991 4515
f 4992 4993 4527
f 4527 4993 4485
f 4994 4993 4502
f 4502 4993 4503
f 4994 4995 4482
f 4482 4995 4550
f 4543 4996 4544
f 4544 4996 4995
f 4999 4998 4567
f 4567 4998 4578
f 5000 4998 4575
f 4575 4998 4997
f 5002 5001 4592
f 4592 5001 4574
f 5003 5004 4614
f 4614 5004 4611
f 3483 4215 1755
f 1755 4215 4698
f 5274 5277 4195
f 4195 5277 4223
f 4726 5295 4727
f 4727 5295 6350
f 5309 5342 5310
f 5310 5342 6363
f 5315 5314 5316
f 5316 5314 5317
f 5339 6362 5340
f 5340 6362 5363
f 5310 6363 5339
f 5339 6363 6362
f 4204 5309 4201
f 4201 5309 5308
f 4915 5345 6449
f 6449 5345 6448
f 5345 5315 6448
f 6448 5315 5316
f 5348 5347 6351
f 6351 5347 6352
f 5365 4263 5340
f 5340 4263 4262
f 6295 6298 4733
f 4733 6298 4734
f 4969 6306 4695
f 4695 6306 4696
f 6306 4378 4696
f 4696 4378 6311
f 6369 6372 6544
f 6544 6372 6545
f 4375 6390 4373
f 4373 6390 4374
f 6421 6422 4911
f 4911 6422 4908
f 4910 4909 4737
f 4737 4909 4736
f 5277 4219 4223
f 4223 4219 6429
f 4697 4222 6344
f 6344 4222 4221
f 6436 6361 6437
f 6437 6361 6360
f 6438 6440 6437
f 6437 6440 6434
f 6438 6359 6441
f 6441 6359 6358
f 6442 6441 6357
f 6357 6441 6358
f 6442 6444 6443
f 6443 6444 6445
f 6446 6444 6355
f 6355 6444 6356
f 6446 4912 6447
f 6447 4912 6450
f 6436 6435 5365
f 5365 6435 4263
f 5314 5347 5317
f 5317 5347 5346
f 4319 6512 4320
f 4320 6512 6513
f 6520 6512 6521
f 6521 6512 6508
f 6528 6520 6527
f 6527 6520 6521
f 6532 6539 6533
f 6533 6539 6535
f 6533 6535 6537
f 6537 6535 6534
f 6538 6543 6537
f 6537 6543 6536
f 6295 4377 6296
f 6296 4377 4376
f 4989 4930 4440
f 4440 4930 4439
f 4927 4929 4422
f 4422 4929 4455
f 4449 4936 4388
f 4388 4936 4459
f 4472 4935 4474
f 4474 4935 4932
f 4942 4940 4947
f 4947 4940 4939
f 5001 5000 4574
f 4574 5000 4575
f 4669 4943 4666
f 4666 4943 4667
f 4996 4999 4547
f 4547 4999 4567
f 4948 4946 4620
f 4620 4946 4615
f 5003 5002 4591
f 4591 5002 4592
f 6557 4971 6554
f 6554 4971 4926
f 6532 6560 6539
f 6539 6560 6559
f 6390 6372 4374
f 4374 6372 6371
f 4966 6298 4967
f 4967 6298 6297
f 6538 6526 6369
f 6369 6526 6370
f 6585 6589 4621
f 4621 6589 4619
f 6597 6578 6598
f 6598 6578 6577
f 6606 6583 6607
f 6607 6583 6603
f 6611 6602 6598
f 6598 6602 6596
f 6585 6584 6606
f 6606 6584 6583
f 6597 6580 5004
f 5004 6580 4611
f 6607 6603 6730
f 6730 6603 6732
f 6776 6785 6777
f 6777 6785 6784
f 6785 6776 6792
f 6792 6776 6782
f 6815 6814 6812
f 6812 6814 6813
f 6817 6814 6795
f 6795 6814 6796
f 6825 6784 6827
f 6827 6784 6783
f 6830 6815 6832
f 6832 6815 6812
f 6817 6795 6835
f 6835 6795 6837
f 6792 6782 6730
f 6730 6782 6728
f 6858 6825 6860
f 6860 6825 6827
f 6863 6830 6857
f 6857 6830 6832
f 6864 6863 6856
f 6856 6863 6857
f 6866 6858 6867
f 6867 6858 6860
f 6866 6864 6855
f 6855 6864 6856
f 6835 6837 6611
f 6611 6837 6602
f 6560 6528 6559
f 6559 6528 6527
f 4949 6557 4710
f 4710 6557 6554
f 4430 4090 4175
f 4175 4090 4089
f 4777 4113 4155
f 4155 4113 4086
f 4175 4089 4176
f 4176 4089 4142
f 4199 4271 4200
f 4200 4271 4798
f 4199 4095 4272
f 4272 4095 5273
f 4406 4405 4404
f 4404 4405 4346
f 4410 4409 6877
f 6877 4409 6876
f 4409 4413 6876
f 6876 4413 6307
f 4415 4148 4416
f 4416 4148 4147
f 4690 4405 4344
f 4344 4405 4342
f 4693 4692 4352
f 4352 4692 4349
f 4701 4700 6337
f 6337 4700 6338
f 4778 4777 4081
f 4081 4777 4155
f 4821 4406 4809
f 4809 4406 4404
f 4176 4142 4181
f 4181 4142 4415
f 4760 4970 4399
f 4399 4970 4692
f 4200 5007 4096
f 4096 5007 4078
f 5266 4693 5269
f 5269 4693 4352
f 5270 5007 5361
f 5361 5007 4797
f 4778 5270 4779
f 4779 5270 5361
f 6285 4410 6875
f 6875 4410 6877
f 6308 4413 4687
f 4687 4413 4412
f 6480 6320 6481
f 6481 6320 6880
f 4701 2878 4702
f 4702 2878 3472
f 6339 6347 6340
f 6340 6347 6348
f 6341 6342 6346
f 6346 6342 6345
f 4416 6308 4414
f 4414 6308 4687
f 6385 4690 6381
f 6381 4690 4344
f 5282 6341 5280
f 5280 6341 6339
f 4700 6342 6338
f 6338 6342 5281
f 6340 6348 4272
f 4272 6348 4270
f 6480 6479 4828
f 4828 6479 4829
f 6490 6479 6489
f 6489 6479 6478
f 4090 4430 6490
f 6490 4430 4429
f 6563 6564 4970
f 4970 6564 4815
f 4694 6566 4366
f 4366 6566 6563
f 6572 6385 6568
f 6568 6385 6381
f 4821 6285 4822
f 4822 6285 6875
f 6572 5266 6569
f 6569 5266 5269
f 3482 3103 4369
f 4369 3103 4370
f 3121 4730 3485
f 3485 4730 4327
f 6277 6280 6273
f 6273 6280 6272
f 6267 6276 6278
f 6278 6276 6279
f 6278 6279 6277
f 6277 6279 6280
f 6279 6256 6280
f 6280 6256 6255
f 6256 3857 6255
f 6255 3857 3754
f 3857 3856 3754
f 3754 3856 3755
f 3856 3703 3755
f 3755 3703 3863
f 3703 3702 3863
f 3863 3702 3759
f 3702 3706 3759
f 3759 3706 3670
f 3706 3705 3670
f 3670 3705 3668
f 3705 3773 3668
f 3668 3773 3882
f 3882 3773 3883
f 3883 3773 3707
f 3707 3708 3883
f 3883 3708 3880
f 3708 3710 3880
f 3880 3710 3881
f 3709 5241 3710
f 3710 5241 3881
f 5241 3709 5234
f 5234 3709 3786
f 3693 3712 3786
f 3786 3712 5234
f 4051 4055 4052
f 4052 4055 4056
f 4056 4055 4057
f 4057 4055 4054
f 4066 5238 5236
f 5236 5238 3989
f 4066 4069 5238
f 5238 4069 4035
f 6881 3962 3960
f 3960 3962 3957
f 6883 4070 6882
f 6882 4070 3941
f 4070 6883 4071
f 4071 6883 6884
f 4071 6884 4072
f 4072 6884 6885
f 6885 6886 4072
f 4072 6886 4031
f 3955 6881 3956
f 3956 6881 3960
f 6884 3991 6885
f 6885 3991 3990
f 6883 6887 6884
f 6884 6887 3991
f 6887 6888 3991
f 3991 6888 3992
f 6888 6887 6889
f 6889 6887 6890
f 6887 6883 6890
f 6890 6883 6882
f 4058 5240 3953
f 3953 5240 3954
f 5236 6888 5239
f 5239 6888 6889
f 5237 6886 3990
f 3990 6886 6885
f 4034 4031 5237
f 5237 4031 6886
f 6881 6882 3962
f 3962 6882 3941
f 6881 3955 6882
f 6882 3955 6890
f 3955 3954 6890
f 6890 3954 6889
f 5239 6889 5240
f 5240 6889 3954
f 6888 5236 3992
f 3992 5236 3989
f 3869 3868 3888
f 3888 3868 4015
f 3868 4012 4015
f 4015 4012 4010
f 4012 4022 4010
f 4010 4022 4009
f 4022 4021 4009
f 4009 4021 4018
f 4020 3974 4001
f 4001 3974 3996
f 4021 4020 4029
f 4029 4020 4001
f 4085 4156 4086
f 4086 4156 4155
f 4113 4777 4114
f 4114 4777 4776
f 4130 4129 4094
f 4094 4129 4091
f 4139 4773 4140
f 4140 4773 4772
f 4149 4178 4150
f 4150 4178 5225
f 4160 4159 4087
f 4087 4159 4088
f 4149 4148 4179
f 4179 4148 4141
f 4085 4084 4183
f 4183 4084 6315
f 4179 4141 4159
f 4159 4141 4088
f 4192 4130 4162
f 4162 4130 4094
f 4197 5288 4198
f 4198 5288 5287
f 4229 4766 4230
f 4230 4766 4771
f 4245 4246 4242
f 4242 4246 4249
f 4183 6315 4418
f 4418 6315 6314
f 4679 4178 4680
f 4680 4178 4177
f 4724 4798 4725
f 4725 4798 4271
f 4728 5275 4729
f 4729 5275 5274
f 4230 4771 4249
f 4249 4771 4242
f 4724 4723 4799
f 4799 4723 5355
f 4823 4824 4891
f 4891 4824 6327
f 4823 4192 4161
f 4161 4192 4162
f 4893 4767 4229
f 4229 4767 4766
f 4894 4895 4898
f 4898 4895 4899
f 4106 4150 4103
f 4103 4150 5225
f 4680 4894 4677
f 4677 4894 4898
f 6420 4977 5301
f 5301 4977 4976
f 4679 4678 5226
f 5226 4678 4427
f 5228 5008 4893
f 4893 5008 4767
f 5285 6354 5286
f 5286 6354 5343
f 5289 5352 5290
f 5290 5352 5349
f 5290 5349 5295
f 5295 5349 5348
f 5302 5299 4202
f 4202 5299 4976
f 4725 4271 5311
f 5311 4271 4270
f 5325 4723 5326
f 5326 4723 4722
f 5335 5355 5325
f 5325 5355 4723
f 5326 4722 5286
f 5286 4722 5283
f 4799 5357 4797
f 4797 5357 5361
f 5359 5356 5335
f 5335 5356 5355
f 4775 4774 5356
f 5356 4774 5357
f 5359 5358 4092
f 4092 5358 4093
f 6316 4740 6317
f 6317 4740 4739
f 6318 4827 6316
f 6316 4827 4740
f 6319 4828 6318
f 6318 4828 4827
f 6320 6480 6319
f 6319 6480 4828
f 6484 6322 6485
f 6485 6322 6321
f 6487 6324 6331
f 6331 6324 6323
f 6331 6323 6330
f 6330 6323 6325
f 6325 6326 6330
f 6330 6326 6329
f 6326 6328 6329
f 6329 6328 5231
f 4824 4685 5228
f 5228 4685 5008
f 5226 6343 5225
f 5225 6343 4103
f 4728 4727 6349
f 6349 4727 5284
f 6350 6351 5285
f 5285 6351 6354
f 4247 4246 6418
f 6418 4246 6365
f 6400 6402 6401
f 6401 6402 6459
f 4197 4196 6409
f 6409 4196 6426
f 6412 4897 6328
f 6328 4897 5231
f 6413 4133 6412
f 6412 4133 4897
f 6414 4134 6413
f 6413 4134 4133
f 6415 4225 6414
f 6414 4225 4134
f 6416 4252 6415
f 6415 4252 4225
f 6417 4253 6416
f 6416 4253 4252
f 4253 6417 6366
f 6366 6417 6419
f 6366 6419 4911
f 4911 6419 6421
f 6422 6423 4908
f 4908 6423 5298
f 5298 6423 6396
f 6396 6423 6424
f 6409 6426 6425
f 6425 6426 6397
f 5300 5299 6399
f 6399 5299 6400
f 6465 6408 6401
f 6401 6408 6398
f 6424 6399 6425
f 6425 6399 6398
f 6349 5284 5311
f 5311 5284 5283
f 6465 6464 5289
f 5289 6464 5352
f 6488 6483 6492
f 6492 6483 6482
f 6486 6491 6482
f 6482 6491 6492
f 6491 4895 6492
f 6492 4895 4157
f 6488 4160 6489
f 6489 4160 4087
f 6501 6502 4418
f 4418 6502 4417
f 6504 6500 6317
f 6317 6500 6314
f 3497 3496 6501
f 6501 3496 6502
f 3499 3498 6504
f 6504 3498 6500
f 4729 5274 4198
f 4198 5274 4195
f 6418 6365 6420
f 6420 6365 4977
f 5295 5348 6350
f 6350 5348 6351
f 5301 6422 6420
f 6420 6422 6421
f 4113 4112 4086
f 4086 4112 4083
f 6320 4112 6880
f 6880 4112 4111
f 4091 4772 4092
f 4092 4772 4775
f 4129 4140 4091
f 4091 4140 4772
f 4137 4140 4128
f 4128 4140 4129
f 4128 6324 4137
f 4137 6324 6321
f 6324 6487 6321
f 6321 6487 6485
f 6487 6486 6485
f 6485 6486 6482
f 4774 4773 4779
f 4779 4773 4776
f 4773 4139 4776
f 4776 4139 4114
f 4139 4138 4114
f 4114 4138 4111
f 4138 6322 4111
f 4111 6322 6880
f 6322 6484 6880
f 6880 6484 6481
f 6484 6483 6481
f 6481 6483 6478
f 6879 6343 6309
f 6309 6343 4428
f 4106 4105 4900
f 4900 4105 6307
f 3500 3167 6495
f 6495 3167 6496
f 3500 6495 3070
f 3070 6495 5368
f 3502 5235 3501
f 3501 5235 4813
f 3024 3503 6473
f 6473 3503 6474
f 3503 3023 6474
f 6474 3023 6374
f 3504 1770 4348
f 4348 1770 4345
f 3502 3505 5235
f 5235 3505 4810
f 3498 3497 6500
f 6500 3497 6501
f 3496 3075 6502
f 6502 3075 6275
f 6299 4254 3174
f 3174 4254 3017
f 1769 3501 4814
f 4814 3501 4813
f 3506 3018 6476
f 6476 3018 4257
f 3507 3499 6499
f 6499 3499 6504
f 3030 4216 3483
f 3483 4216 4215
f 3077 3507 6333
f 6333 3507 6499
f 1784 3160 5249
f 5249 3160 6523
f 3015 3506 4240
f 4240 3506 6476
f 3508 3504 6383
f 6383 3504 4348
f 3509 3016 6477
f 6477 3016 4239
f 3028 3509 6467
f 6467 3509 6477
f 3022 1785 5246
f 5246 1785 5247
f 3161 3508 6570
f 6570 3508 6383
f 3150 3149 4694
f 4694 3149 6566
f 1327 4807 3510
f 3510 4807 4811
f 3510 4811 3505
f 3505 4811 4810
f 3146 3511 4816
f 4816 3511 4350
f 3511 1808 4350
f 4350 1808 4351
f 3485 4327 3159
f 3159 4327 4330
f 1326 3512 4806
f 4806 3512 6310
f 3512 1331 6310
f 6310 1331 4688
