# OBJ Exporter v1.2 by Jaden Seungwoo Oh at CLO Virtual Fashion Inc.
mtllib tshirt.mtl
v -0.001424 1.446214 0.071874
v 0.013288 1.443621 0.060409
v 0.030219 1.446280 0.052673
v 0.044340 1.453753 0.042063
v 0.054972 1.464171 0.029072
v 0.057150 1.470641 0.010068
v 0.059233 1.473822 -0.009368
v 0.054999 1.473323 -0.029598
v 0.068939 1.461303 -0.030583
v 0.085325 1.452947 -0.030728
v 0.103077 1.448291 -0.029797
v 0.118794 1.456386 -0.025091
v 0.136130 1.450489 -0.023651
v 0.153220 1.444070 -0.021376
v 0.151997 1.450463 -0.003099
v 0.152297 1.445856 0.015735
v 0.153348 1.437408 0.033122
v 0.154541 1.423476 0.046549
v 0.157280 1.409456 0.059643
v 0.161542 1.394385 0.071075
v 0.163860 1.375174 0.072404
v 0.165848 1.355923 0.070819
v 0.168628 1.336697 0.069388
v 0.172829 1.317601 0.068613
v 0.176630 1.299061 0.063459
v 0.176883 1.284239 0.050300
v 0.176295 1.275015 0.032083
v 0.175592 1.268878 0.011756
v 0.168949 1.251455 0.017286
v 0.165151 1.232787 0.020953
v 0.162245 1.213727 0.022545
v 0.156886 1.195201 0.022450
v 0.150600 1.177016 0.021994
v 0.156549 1.158752 0.022511
v 0.162711 1.140577 0.023133
v 0.161665 1.121496 0.024798
v 0.148304 1.108318 0.028661
v 0.154935 1.090356 0.028429
v 0.154014 1.071357 0.026448
v 0.160048 1.053183 0.025917
v 0.168199 1.035890 0.025460
v 0.176275 1.018651 0.024636
v 0.182521 1.000828 0.022995
v 0.187410 0.982557 0.021052
v 0.199247 0.967915 0.019864
v 0.201161 0.949157 0.018079
v 0.202753 0.930335 0.016533
v 0.205315 0.911547 0.015086
v 0.203975 0.910300 0.038932
v 0.198525 0.908653 0.062082
v 0.188821 0.906670 0.083680
v 0.174062 0.904143 0.102103
v 0.155834 0.901307 0.117084
v 0.135199 0.898554 0.128711
v 0.112793 0.895990 0.135982
v 0.089963 0.894205 0.142052
v 0.067535 0.892793 0.148790
v 0.045115 0.891650 0.155191
v 0.022783 0.890308 0.161376
v -0.000235 0.889837 0.163290
v -0.000200 0.908580 0.169439
v -0.000066 0.927573 0.174958
v 0.000145 0.947177 0.172229
v 0.000093 0.966979 0.173239
v 0.000172 0.986881 0.175144
v 0.000136 1.006919 0.174379
v 0.000036 1.026937 0.172430
v -0.000127 1.046796 0.168873
v -0.000273 1.066822 0.166125
v -0.000434 1.086889 0.163773
v -0.000573 1.106945 0.161486
v -0.000704 1.126990 0.159289
v -0.000824 1.147016 0.157197
v -0.000949 1.167033 0.155232
v -0.001091 1.187034 0.153613
v -0.001267 1.207025 0.152824
v -0.001457 1.226933 0.153404
v -0.001571 1.246750 0.153703
v -0.001584 1.266177 0.150055
v -0.001396 1.283784 0.141106
v -0.001030 1.299458 0.129038
v -0.000913 1.316238 0.118471
v -0.000894 1.335803 0.115004
v -0.000948 1.355443 0.111875
v -0.001103 1.374483 0.106080
v -0.001578 1.392214 0.097088
v -0.001801 1.410066 0.088352
v -0.001663 1.428108 0.080042
v 0.007695 1.434517 0.070623
v 0.093024 1.421866 0.052742
v 0.074192 1.448940 -0.002565
v 0.061961 1.466620 -0.020759
v 0.065050 1.460383 -0.006949
v 0.076111 1.454992 -0.017536
v 0.120782 1.442989 0.005653
v 0.142108 1.445115 -0.011725
v 0.125302 1.445716 -0.010972
v 0.136463 1.449289 0.004094
v 0.065526 1.438458 0.040751
v 0.068483 1.452130 0.018880
v 0.065514 1.455162 0.005846
v 0.093085 1.444996 -0.011191
v 0.131102 1.435651 0.022581
v 0.054736 1.446255 0.029308
v 0.063260 1.463801 0.019029
v 0.093049 1.447908 -0.022969
v 0.107230 1.448788 -0.005922
v 0.129022 1.446565 0.015075
v 0.044634 1.423327 0.043363
v 0.025239 1.422124 0.058442
v 0.016646 1.431195 0.061905
v 0.013105 1.413926 0.073875
v 0.067783 1.448140 0.031698
v 0.087960 1.428720 0.023078
v 0.074184 1.437166 0.021823
v 0.116213 1.452308 -0.013678
v 0.053207 1.432124 0.034369
v 0.042703 1.438549 0.043392
v 0.034808 1.429735 0.051253
v 0.084611 1.436849 0.006698
v 0.072685 1.443137 0.009643
v 0.102489 1.439506 0.013489
v 0.115351 1.440804 0.023560
v 0.084447 1.443431 -0.003082
v 0.093250 1.432208 0.013122
v 0.119499 1.424361 0.045881
v 0.122064 1.433132 0.034073
v 0.104651 1.426802 0.031382
v 0.138279 1.420193 0.037080
v 0.090831 1.424403 0.037649
v 0.077305 1.428185 0.048400
v 0.062875 1.416921 0.041368
v 0.077731 1.429412 0.033747
v 0.011371 0.899242 0.166023
v 0.057245 0.938900 0.166377
v 0.104021 1.079389 0.124133
v 0.114266 1.198686 0.130715
v 0.096029 1.294066 0.128690
v 0.144027 0.983838 0.106930
v 0.187075 0.955037 0.075575
v 0.203867 0.920310 0.027668
v 0.161793 1.243479 0.058197
v 0.170870 1.261479 0.027988
v 0.167316 1.262012 0.049332
v 0.164975 1.243354 0.037421
v 0.106720 1.366070 0.070913
v 0.143297 1.441072 0.025098
v 0.104270 1.444509 -0.017511
v 0.004292 1.417607 0.081260
v 0.012323 1.396732 0.083740
v 0.109523 1.446133 0.005605
v 0.098577 1.438786 0.000161
v 0.105169 1.425422 0.045796
v 0.129278 1.392237 0.052632
v 0.110422 1.405388 0.056540
v 0.146726 1.407175 0.045739
v 0.129940 1.410634 0.049153
v 0.146155 1.394553 0.059076
v 0.118379 1.413513 0.051783
v 0.132367 1.376216 0.075493
v 0.135793 1.384978 0.063863
v 0.117981 1.378364 0.060496
v 0.148000 1.384181 0.076458
v 0.146037 1.361585 0.082134
v 0.152635 1.372122 0.078259
v 0.149481 1.425485 0.035402
v 0.043828 0.976982 0.169456
v 0.027905 0.937651 0.173955
v 0.022443 0.917397 0.170673
v 0.056480 0.914655 0.158935
v 0.100371 0.932104 0.147465
v 0.142491 1.094907 0.080755
v 0.064224 1.118162 0.154803
v 0.058801 1.198416 0.151185
v 0.142014 1.168470 0.082656
v 0.130810 1.316723 0.096476
v 0.053211 1.325731 0.113128
v 0.050428 1.276022 0.145850
v 0.166897 1.004994 0.070075
v 0.191006 0.930527 0.074057
v 0.199479 0.928068 0.050569
v 0.197734 0.956666 0.047016
v 0.158698 0.940726 0.110093
v 0.153221 1.206161 0.059682
v 0.171902 1.273718 0.045825
v 0.147880 1.265090 0.102211
v 0.160780 1.270035 0.074385
v 0.167170 1.254407 0.040240
v 0.120190 1.370184 0.071783
v 0.117800 1.347426 0.097053
v 0.127142 1.362403 0.088366
v 0.116207 1.392442 0.058352
v 0.152588 1.343597 0.078400
v 0.025886 0.996644 0.173929
v 0.011556 0.937383 0.175275
v 0.020280 0.956775 0.170932
v 0.008177 0.917901 0.172569
v 0.034269 0.904626 0.163291
v 0.048684 0.903797 0.157825
v 0.040466 0.918554 0.166822
v 0.053217 0.926238 0.165118
v 0.077123 0.926589 0.156005
v 0.099812 0.912949 0.140339
v 0.154718 1.060113 0.067434
v 0.151388 1.098047 0.056927
v 0.031213 1.117322 0.159412
v 0.058357 1.057581 0.159053
v 0.027986 1.197481 0.152855
v 0.151640 1.168772 0.052302
v 0.152606 1.297945 0.087738
v 0.025318 1.325602 0.114994
v 0.035734 1.358346 0.093845
v 0.027344 1.291893 0.135247
v 0.028003 1.256945 0.152999
v 0.180245 0.989302 0.049390
v 0.168414 1.025143 0.051451
v 0.193373 0.917167 0.073666
v 0.179046 0.922829 0.093306
v 0.201113 0.916326 0.051028
v 0.200996 0.938670 0.034387
v 0.200251 0.951285 0.033236
v 0.197627 0.942508 0.051078
v 0.193704 0.951968 0.061426
v 0.191790 0.974139 0.040586
v 0.188268 0.970098 0.062245
v 0.141789 0.922373 0.122022
v 0.157580 1.205516 0.040041
v 0.161505 1.256006 0.067832
v 0.155290 1.253778 0.088971
v 0.168016 1.284384 0.066125
v 0.164484 1.295614 0.075776
v 0.166911 1.273158 0.060279
v 0.160809 1.310598 0.079017
v 0.154750 1.280718 0.086694
v 0.146143 1.313151 0.088862
v 0.154394 1.267795 0.088304
v 0.154500 1.326358 0.079476
v 0.138024 1.333209 0.087207
v 0.111992 1.356200 0.083703
v 0.073335 1.353052 0.086078
v 0.092259 1.356495 0.080753
v 0.136640 1.369119 0.084547
v 0.155339 1.355456 0.077066
v 0.010749 0.996685 0.175295
v 0.019355 1.016855 0.173428
v 0.007101 0.956974 0.171671
v 0.040989 0.951819 0.166705
v 0.019342 0.976442 0.174296
v 0.075374 0.909732 0.149314
v 0.062668 0.903977 0.152699
v 0.087340 0.918662 0.148022
v 0.081315 0.952401 0.153649
v 0.100802 0.901425 0.139395
v 0.121626 0.913709 0.131697
v 0.155169 1.060863 0.045639
v 0.149031 1.098717 0.041063
v 0.161125 1.115519 0.046867
v 0.150324 1.080125 0.047827
v 0.152605 1.110430 0.039952
v 0.013752 1.117049 0.160211
v 0.022635 1.094287 0.162334
v 0.022376 1.139994 0.157556
v 0.022546 1.107442 0.160947
v 0.012364 1.130679 0.158777
v 0.028680 1.056874 0.166058
v 0.011628 1.197197 0.153053
v 0.019658 1.176306 0.154249
v 0.020233 1.218290 0.153090
v 0.155039 1.169052 0.035864
v 0.150140 1.187617 0.038551
v 0.152477 1.148303 0.042651
v 0.158653 1.156619 0.035092
v 0.010294 1.325737 0.115559
v 0.018222 1.307569 0.123490
v 0.017764 1.345333 0.112453
v 0.011144 1.291704 0.135322
v 0.019461 1.275257 0.146077
v 0.011197 1.256688 0.152839
v 0.017679 1.237943 0.153749
v 0.183198 0.990747 0.033805
v 0.176391 1.007982 0.043127
v 0.170830 1.026340 0.036488
v 0.162066 1.042595 0.043088
v 0.180948 0.911519 0.093279
v 0.179116 0.941078 0.088283
v 0.162562 0.919248 0.109695
v 0.198292 0.964356 0.034749
v 0.184402 0.977964 0.052089
v 0.170846 0.982812 0.073421
v 0.144035 0.909127 0.122444
v 0.162275 1.224239 0.039025
v 0.137399 1.229900 0.120329
v 0.164840 1.325652 0.072944
v 0.140070 1.348117 0.085549
v 0.129354 1.342369 0.091992
v 0.073954 1.385450 0.061734
v 0.094555 1.390155 0.055630
v 0.091158 1.337291 0.102220
v 0.101391 1.347525 0.093546
v 0.086451 1.346579 0.090661
v 0.006822 1.016849 0.173471
v 0.059800 1.017889 0.163433
v 0.017800 1.036860 0.170669
v 0.042675 0.939679 0.170789
v 0.034082 0.965039 0.170147
v 0.031516 0.984062 0.173029
v 0.060911 0.956603 0.159830
v 0.049074 0.964166 0.165847
v 0.086417 0.938731 0.154328
v 0.071881 0.942792 0.160444
v 0.123792 0.936157 0.133687
v 0.111176 0.923849 0.138365
v 0.156055 1.061602 0.033527
v 0.148664 1.112552 0.066372
v 0.149172 1.080786 0.069358
v 0.151613 1.069257 0.056861
v 0.151892 1.080156 0.035217
v 0.009090 1.096941 0.162544
v 0.015438 1.076874 0.164695
v 0.014147 1.061577 0.166607
v 0.037820 1.077715 0.162573
v 0.026481 1.082433 0.163310
v 0.014950 1.157190 0.156018
v 0.006906 1.177122 0.154355
v 0.042931 1.180024 0.153091
v 0.037854 1.157312 0.155159
v 0.026334 1.152065 0.156208
v 0.006915 1.217090 0.153081
v 0.044336 1.215761 0.152630
v 0.151896 1.196600 0.049311
v 0.146182 1.186272 0.069164
v 0.159965 1.132116 0.039268
v 0.146539 1.132654 0.057118
v 0.155372 1.126460 0.049976
v 0.005930 1.307557 0.123433
v 0.043067 1.306957 0.124348
v 0.005829 1.345585 0.113648
v 0.038834 1.341290 0.109086
v 0.015702 1.363689 0.104980
v 0.035064 1.270156 0.148329
v 0.037292 1.282724 0.141568
v 0.055122 1.292961 0.134701
v 0.006226 1.275183 0.146053
v 0.005101 1.236897 0.153724
v 0.170892 1.012181 0.057194
v 0.174188 0.998929 0.058610
v 0.178520 1.009162 0.030915
v 0.158584 1.050277 0.056201
v 0.151087 1.031793 0.081755
v 0.161322 1.021794 0.070055
v 0.152644 1.043813 0.070506
v 0.160284 1.035573 0.059763
v 0.187559 0.942566 0.075739
v 0.167306 0.963647 0.098372
v 0.170097 0.933615 0.100324
v 0.153607 0.928895 0.114774
v 0.141668 0.941617 0.123296
v 0.134599 0.931643 0.126409
v 0.151226 0.959363 0.115785
v 0.178415 0.969531 0.079933
v 0.162120 1.233583 0.048954
v 0.156821 1.224512 0.069617
v 0.158767 1.219136 0.053618
v 0.146721 1.245770 0.108897
v 0.087499 1.372433 0.069181
v 0.048130 1.398978 0.059376
v 0.094502 1.406145 0.055223
v 0.102458 1.378438 0.062350
v 0.040384 1.011776 0.170457
v 0.046743 0.994663 0.169287
v 0.071919 0.982038 0.158779
v 0.058938 0.975241 0.164235
v 0.053129 1.006483 0.166899
v 0.062509 0.993902 0.163800
v 0.158869 1.108913 0.058575
v 0.149501 1.086148 0.058463
v 0.154822 1.094852 0.071588
v 0.141155 1.066865 0.095015
v 0.143007 1.049067 0.086898
v 0.012679 1.048780 0.168510
v 0.043576 1.062558 0.162787
v 0.044259 1.099365 0.159984
v 0.030507 1.184461 0.153435
v 0.031207 1.210617 0.152776
v 0.043030 1.238822 0.153931
v 0.050760 1.257651 0.153185
v 0.146543 1.152012 0.062484
v 0.127249 1.132480 0.092328
v 0.030775 1.313438 0.119993
v 0.039316 1.323170 0.114413
v 0.027630 1.337690 0.113119
v 0.058446 1.341179 0.097891
v 0.074864 1.337602 0.098481
v 0.064596 1.330639 0.105801
v 0.074581 1.309748 0.120913
v 0.066118 1.319658 0.114828
v 0.054529 1.313476 0.119626
v 0.084070 1.322997 0.111768
v 0.092881 1.308324 0.117717
v 0.115924 1.301691 0.112680
v 0.103714 1.301321 0.119137
v 0.029203 1.352108 0.105660
v 0.012821 1.379085 0.092798
v 0.040977 1.295901 0.132366
v 0.077168 1.280845 0.142632
v 0.178067 0.955041 0.090249
v 0.167875 0.950607 0.102581
v 0.150579 0.969231 0.103013
v 0.161263 0.976590 0.088885
v 0.159726 0.995181 0.086095
v 0.154138 1.013573 0.086528
v 0.156599 1.239612 0.079160
v 0.152492 1.239095 0.095485
v 0.145944 1.206328 0.083723
v 0.150292 1.254748 0.100475
v 0.095350 1.364877 0.073306
v 0.086258 1.382482 0.061551
v 0.066867 1.369508 0.073983
v 0.051082 1.410562 0.049373
v 0.036781 1.414172 0.052732
v 0.065833 1.400132 0.053793
v 0.080642 1.395956 0.052425
v 0.080681 1.411903 0.047727
v 0.027762 1.398206 0.068004
v 0.027840 1.409500 0.061207
v 0.028491 1.008336 0.172871
v 0.042708 1.036231 0.166606
v 0.047773 1.049045 0.163109
v 0.064640 1.037534 0.158009
v 0.073549 0.966708 0.154547
v 0.111624 0.974384 0.133958
v 0.094152 0.966443 0.144462
v 0.101213 0.949841 0.146452
v 0.125977 0.956962 0.130929
v 0.111994 0.940630 0.142996
v 0.108614 0.960703 0.138013
v 0.131114 0.946155 0.131177
v 0.150230 1.068780 0.081012
v 0.149621 1.082844 0.083538
v 0.148801 1.056402 0.078170
v 0.118147 1.042223 0.118100
v 0.061568 1.082419 0.157277
v 0.050701 1.074291 0.160339
v 0.047835 1.116042 0.158043
v 0.053855 1.139714 0.155215
v 0.040811 1.130304 0.157483
v 0.041136 1.144058 0.156151
v 0.055108 1.126839 0.156013
v 0.030362 1.244222 0.153717
v 0.030181 1.229778 0.153516
v 0.090635 1.234252 0.152510
v 0.146905 1.144197 0.052836
v 0.152994 1.156275 0.052558
v 0.148617 1.166984 0.068011
v 0.135531 1.126794 0.073887
v 0.050848 1.337039 0.107359
v 0.062454 1.303481 0.127236
v 0.071484 1.292951 0.134664
v 0.084639 1.289786 0.135413
v 0.024076 1.368518 0.092932
v 0.042012 1.375973 0.076290
v 0.035085 1.368690 0.085187
v 0.052989 1.359767 0.084147
v 0.062475 1.283150 0.141626
v 0.066555 1.267730 0.150091
v 0.070930 1.246395 0.155003
v 0.063794 1.256168 0.153444
v 0.167259 0.994264 0.075192
v 0.153761 0.987029 0.096027
v 0.152179 1.211738 0.072402
v 0.079514 1.362986 0.077530
v 0.075794 1.375552 0.068482
v 0.069458 1.408472 0.046223
v 0.018074 1.402495 0.074477
v 0.047221 1.023234 0.167059
v 0.031866 1.025785 0.170395
v 0.087190 1.057443 0.142793
v 0.094097 0.991136 0.145952
v 0.078883 0.997834 0.155287
v 0.095428 1.024389 0.141089
v 0.068075 1.006455 0.160456
v 0.082546 1.015464 0.151668
v 0.096280 1.007544 0.142983
v 0.081325 1.033920 0.149733
v 0.112555 0.995176 0.132350
v 0.093293 1.041516 0.139223
v 0.075087 1.049500 0.151656
v 0.107272 1.033443 0.130022
v 0.102583 1.057556 0.127027
v 0.074984 1.069331 0.152323
v 0.126351 1.014829 0.117122
v 0.142406 1.004449 0.104245
v 0.095308 1.052752 0.135328
v 0.108050 1.045767 0.125816
v 0.118716 1.027576 0.121281
v 0.111976 1.013041 0.130023
v 0.105266 1.022498 0.133797
v 0.130323 0.973247 0.119824
v 0.140811 0.966758 0.112775
v 0.131660 1.050484 0.104219
v 0.132974 1.030375 0.106112
v 0.120135 1.261298 0.136539
v 0.102078 1.275468 0.139744
v 0.086780 1.265880 0.149112
v 0.103083 1.258978 0.144552
v 0.090109 1.250631 0.152822
v 0.114906 1.238308 0.143625
v 0.103664 1.245848 0.148949
v 0.143187 1.123517 0.064668
v 0.138819 1.140208 0.067821
v 0.139918 1.153372 0.077194
v 0.129649 1.155738 0.099185
v 0.132982 1.140965 0.081532
v 0.136070 1.158639 0.088393
v 0.128257 1.110454 0.087484
v 0.056329 1.383290 0.067178
v 0.058649 1.393135 0.060543
v 0.042254 1.388213 0.067773
v 0.025142 1.383653 0.079472
v 0.053877 1.370091 0.076074
v 0.047878 1.350307 0.093707
v 0.060973 1.350721 0.089432
v 0.064702 1.360120 0.081200
v 0.067719 1.223597 0.152201
v 0.099502 0.978662 0.142378
v 0.085867 0.980021 0.151023
v 0.071447 1.024526 0.156547
v 0.095528 1.070187 0.135420
v 0.090327 1.101845 0.143883
v 0.096156 1.087315 0.137123
v 0.082289 1.085924 0.148673
v 0.085987 1.073296 0.144783
v 0.073582 1.102035 0.152667
v 0.058906 1.103437 0.156815
v 0.071579 1.089508 0.153708
v 0.063128 1.069610 0.157010
v 0.069240 1.059141 0.154743
v 0.130005 0.995830 0.117741
v 0.121402 1.004999 0.123753
v 0.151589 1.003344 0.093758
v 0.120781 0.983549 0.126898
v 0.121473 0.967535 0.127508
v 0.138979 1.055267 0.096210
v 0.120374 1.071646 0.107468
v 0.126803 1.040593 0.109372
v 0.136310 1.016986 0.106820
v 0.144261 1.024870 0.094942
v 0.139182 1.038428 0.095834
v 0.133830 1.248591 0.126773
v 0.121373 1.282055 0.123589
v 0.110141 1.290369 0.125317
v 0.138017 1.108478 0.076204
v 0.129623 1.122731 0.084413
v 0.076478 1.234723 0.153260
v 0.112513 1.114453 0.119064
v 0.103344 1.103368 0.130819
v 0.111530 1.095140 0.114863
v 0.139641 0.994609 0.109313
v 0.133123 1.005567 0.112774
v 0.133782 0.984052 0.116146
v 0.131323 1.064184 0.104284
v 0.120773 1.057192 0.114005
v 0.109952 1.067162 0.117506
v 0.125701 1.089351 0.094723
v 0.131909 1.077046 0.098118
v 0.140266 1.241425 0.119515
v 0.141607 1.257084 0.115250
v 0.136286 1.274590 0.113842
v 0.127193 1.270082 0.126056
v 0.145249 1.278656 0.100077
v 0.134116 1.294039 0.105627
v 0.130499 1.284286 0.113819
v 0.142353 1.301540 0.095665
v 0.123217 1.248264 0.137057
v 0.127073 1.233504 0.132930
v 0.112454 1.218296 0.137461
v 0.115083 1.273442 0.133860
v 0.120975 1.118377 0.102843
v 0.119296 1.139753 0.113878
v 0.116519 1.106391 0.108355
v 0.117343 1.126126 0.113599
v 0.104929 1.092037 0.125285
v 0.111771 1.081342 0.112662
v 0.131194 1.097839 0.086513
v 0.127369 1.304917 0.103957
v 0.126562 1.213228 0.124087
v 0.103174 1.226999 0.146444
v 0.122767 1.102427 0.096942
v 0.123513 1.221771 0.131993
v 0.131505 1.186853 0.106796
v 0.133832 1.172109 0.098558
v 0.141217 1.187610 0.088583
v 0.139905 1.213002 0.105017
v 0.125594 1.197445 0.118346
v 0.133720 1.200660 0.107373
v 0.144859 1.179982 0.079577
v 0.144894 1.194720 0.078652
v 0.149999 1.221905 0.091890
v 0.154879 1.227760 0.081366
v 0.145918 1.228117 0.106141
v 0.135848 1.218002 0.116104
v 0.139638 1.200070 0.094670
v 0.043315 1.195453 0.152326
v 0.032307 1.170218 0.154372
v 0.148213 1.183151 0.054677
v 0.109343 1.322914 0.104583
v 0.119005 1.332581 0.097429
v 0.106212 1.337179 0.102808
v 0.096791 1.326517 0.108036
v 0.128956 1.327968 0.093537
v 0.030218 1.042936 0.167959
v 0.075182 1.168221 0.149243
v 0.058755 1.235209 0.154082
v 0.057914 1.212247 0.151701
v 0.125450 1.142678 0.101709
v 0.096669 1.136920 0.140686
v 0.107893 1.129058 0.128875
v 0.096996 1.118587 0.139441
v 0.081653 1.126266 0.148883
v 0.068947 1.135128 0.152569
v 0.075901 1.114763 0.151371
v 0.066187 1.152687 0.152218
v 0.087026 1.113801 0.145715
v 0.083014 1.146941 0.147662
v 0.056989 1.168523 0.152586
v 0.051943 1.154237 0.154282
v 0.104797 1.167919 0.135462
v 0.067073 1.183452 0.150143
v 0.089655 1.201115 0.144745
v 0.099277 1.213041 0.143059
v 0.075018 1.208571 0.149650
v 0.102735 1.199944 0.139150
v 0.093734 1.182129 0.142620
v 0.044724 1.167818 0.153785
v 0.096984 1.153802 0.140922
v 0.120854 1.167402 0.117959
v 0.054700 1.185871 0.151812
v 0.076803 1.194603 0.148193
v 0.082237 1.221757 0.150527
v 0.111163 1.151096 0.127645
v 0.086174 1.160717 0.145852
v 0.127356 1.165390 0.107197
v 0.122905 1.182453 0.118464
v 0.114021 1.175538 0.127391
v 0.105687 1.140811 0.132716
v 0.080564 1.181381 0.147309
v 0.119653 1.153467 0.116744
v 0.094535 1.169641 0.142167
v 0.106562 1.185884 0.135225
v -0.019865 1.447949 0.068166
v -0.035046 1.450504 0.056644
v -0.046024 1.456234 0.040914
v -0.056446 1.465020 0.025125
v -0.060755 1.474282 0.006663
v -0.057332 1.476460 -0.015762
v -0.049957 1.472752 -0.036804
v -0.064179 1.461128 -0.036672
v -0.080763 1.453160 -0.035738
v -0.096879 1.446899 -0.032857
v -0.114398 1.442759 -0.033327
v -0.132043 1.447773 -0.033303
v -0.148124 1.439355 -0.029923
v -0.149245 1.441901 -0.010849
v -0.145628 1.448083 0.007163
v -0.147565 1.441961 0.025513
v -0.144359 1.424365 0.033000
v -0.144883 1.406721 0.041084
v -0.147566 1.389116 0.048632
v -0.152453 1.371501 0.054712
v -0.158196 1.353464 0.058530
v -0.164317 1.335184 0.060661
v -0.168699 1.316213 0.059395
v -0.171895 1.297636 0.053646
v -0.172683 1.282329 0.040911
v -0.171695 1.271651 0.023604
v -0.171665 1.264299 0.003260
v -0.166994 1.246168 0.008086
v -0.164342 1.227567 0.012307
v -0.160475 1.208958 0.015426
v -0.157659 1.190190 0.018415
v -0.161604 1.171511 0.020213
v -0.165722 1.152844 0.021661
v -0.168056 1.133783 0.021618
v -0.154507 1.121681 0.015320
v -0.152325 1.102636 0.016148
v -0.155543 1.083841 0.017912
v -0.171279 1.075068 0.024138
v -0.173533 1.056184 0.024944
v -0.166165 1.038765 0.023108
v -0.174042 1.021503 0.022523
v -0.180841 1.003959 0.021159
v -0.186262 0.985905 0.019237
v -0.197754 0.971110 0.017714
v -0.201376 0.952876 0.016034
v -0.203014 0.934153 0.014443
v -0.205481 0.915368 0.013106
v -0.204757 0.914310 0.036918
v -0.198556 0.912303 0.059654
v -0.188332 0.909634 0.080856
v -0.173838 0.906382 0.099347
v -0.156008 0.903005 0.114743
v -0.135472 0.899788 0.126436
v -0.113104 0.896897 0.133961
v -0.090454 0.894725 0.140605
v -0.068037 0.893063 0.147626
v -0.045619 0.891749 0.154308
v -0.023121 0.890621 0.160061
v -0.139296 1.446221 -0.020724
v -0.097697 1.442355 0.015833
v -0.035279 1.409223 0.068429
v -0.060304 1.470630 -0.029093
v -0.012570 1.437408 0.075818
v -0.031254 1.430262 0.069340
v -0.103315 1.446439 -0.007434
v -0.066498 1.427516 0.023777
v -0.030343 1.442077 0.065180
v -0.104869 1.442582 -0.021774
v -0.121188 1.451002 -0.017153
v -0.088614 1.454952 -0.018239
v -0.069899 1.456869 -0.019325
v -0.054842 1.444145 0.026642
v -0.087872 1.448233 -0.027761
v -0.072541 1.445149 -0.000583
v -0.060828 1.466568 -0.009249
v -0.052948 1.454842 0.030849
v -0.078823 1.459346 -0.006019
v -0.061201 1.456445 0.009196
v -0.091561 1.446450 -0.002145
v -0.064902 1.455487 -0.003541
v -0.064723 1.440957 0.013461
v -0.082129 1.430218 0.010057
v -0.203878 0.924185 0.025574
v -0.163415 0.968702 0.086318
v -0.108354 1.130531 0.122804
v -0.154504 1.233711 0.069564
v -0.167450 1.257198 0.018933
v -0.161257 1.256215 0.049343
v -0.165413 1.261111 0.033884
v -0.162263 1.237273 0.035287
v -0.164937 1.244215 0.022454
v -0.093243 1.308903 0.115137
v -0.073983 0.959445 0.151912
v -0.011811 0.899399 0.165394
v -0.122898 1.433927 0.016272
v -0.023647 1.399900 0.089146
v -0.100920 1.386096 0.056431
v -0.130775 1.441123 -0.002471
v -0.047498 1.422475 0.045112
v -0.040242 1.433293 0.055264
v -0.040550 1.418604 0.057888
v -0.048420 1.438804 0.041394
v -0.055060 1.430739 0.031656
v -0.096158 1.456247 -0.008753
v -0.101498 1.451698 0.005981
v -0.112754 1.445464 0.013686
v -0.082903 1.438849 0.001456
v -0.166518 1.007763 0.066341
v -0.181562 0.973050 0.052917
v -0.175266 0.939777 0.091043
v -0.135823 1.114478 0.072501
v -0.076699 1.058954 0.146225
v -0.059510 1.118434 0.154005
v -0.080381 1.199252 0.144981
v -0.154241 1.202971 0.051490
v -0.157192 1.274820 0.068829
v -0.160754 1.220237 0.029888
v -0.158560 1.201832 0.033192
v -0.157272 1.222635 0.050263
v -0.160002 1.178668 0.044652
v -0.157090 1.212378 0.041311
v -0.158104 1.192389 0.043433
v -0.161359 1.184780 0.031540
v -0.132301 1.317910 0.089924
v -0.058946 1.276613 0.144786
v -0.048305 1.326462 0.113986
v -0.078480 0.925748 0.152441
v -0.037429 0.957845 0.166366
v -0.135351 1.442461 0.017758
v -0.132928 1.427920 0.034481
v -0.011076 1.402063 0.094317
v -0.019495 1.419184 0.083573
v -0.018814 1.382829 0.099765
v -0.092097 1.409782 0.034393
v -0.127861 1.400824 0.065005
v -0.129938 1.444410 -0.013741
v -0.142161 1.441487 -0.001608
v -0.116468 1.450792 -0.001329
v -0.158096 1.044633 0.059704
v -0.174885 1.010683 0.043669
v -0.188220 0.975976 0.034598
v -0.197478 0.956910 0.044913
v -0.200653 0.940472 0.035304
v -0.179865 0.991429 0.045477
v -0.192921 0.969018 0.045241
v -0.199894 0.952302 0.031049
v -0.192127 0.937567 0.065235
v -0.183459 0.987375 0.032786
v -0.196453 0.944032 0.050967
v -0.199810 0.927435 0.048637
v -0.178640 0.922467 0.090494
v -0.157527 0.927070 0.109555
v -0.184888 0.932976 0.080002
v -0.192851 0.923148 0.069961
v -0.169231 0.929421 0.099270
v -0.145527 1.132663 0.046016
v -0.150128 1.094974 0.048948
v -0.039721 1.057532 0.162792
v -0.029429 1.117562 0.158813
v -0.042338 1.178125 0.152116
v -0.165373 1.283441 0.056068
v -0.164545 1.270642 0.049795
v -0.153261 1.298845 0.075358
v -0.162198 1.293724 0.064839
v -0.149490 1.213723 0.068714
v -0.158728 1.238472 0.052490
v -0.164471 1.163607 0.035951
v -0.155099 1.155542 0.064027
v -0.159783 1.164103 0.051416
v -0.162552 1.144319 0.043508
v -0.166477 1.151211 0.034007
v -0.150370 1.322268 0.074363
v -0.029177 1.275671 0.145789
v -0.045327 1.237945 0.153022
v -0.028456 1.307611 0.122649
v -0.027506 1.344999 0.110282
v -0.078450 0.908788 0.146597
v -0.052270 0.915371 0.159066
v -0.032218 0.907433 0.163599
v -0.104106 0.919901 0.138740
v -0.067323 0.916479 0.153539
v -0.094263 0.908506 0.140197
v -0.017106 0.957349 0.170289
v -0.027122 0.980921 0.172941
v -0.028878 0.934288 0.171867
v -0.027298 0.967401 0.170629
v -0.015709 0.943136 0.171458
v -0.142291 1.435646 0.035370
v -0.137595 1.420079 0.051983
v -0.108030 1.428675 0.034043
v -0.107228 1.439213 0.024956
v -0.007895 1.419740 0.085243
v -0.021835 1.429662 0.077402
v -0.029783 1.418679 0.075444
v -0.007492 1.383898 0.102665
v -0.018153 1.364789 0.108158
v -0.082184 1.420077 0.024472
v -0.097586 1.425850 0.020338
v -0.067315 1.406936 0.040686
v -0.062017 1.418291 0.033703
v -0.051697 1.398224 0.056077
v -0.047907 1.410050 0.050631
v -0.102277 1.417376 0.029695
v -0.115348 1.411276 0.048269
v -0.078680 1.411956 0.034928
v -0.143121 1.401589 0.057951
v -0.139745 1.380953 0.071272
v -0.137599 1.392954 0.066501
v -0.164618 1.046738 0.041008
v -0.176694 1.011947 0.030467
v -0.171596 0.987633 0.066506
v -0.173559 1.001021 0.054671
v -0.198962 0.965327 0.031497
v -0.163745 0.914539 0.107630
v -0.142951 0.916152 0.119814
v -0.122891 0.914332 0.129283
v -0.109858 0.909102 0.134225
v -0.126022 0.954442 0.126369
v -0.138978 0.937050 0.122305
v -0.145705 0.927690 0.117478
v -0.120141 0.932274 0.133395
v -0.131612 0.925414 0.125885
v -0.097850 0.941473 0.145643
v -0.127902 0.942743 0.129996
v -0.112118 0.949356 0.137428
v -0.106712 0.932145 0.140628
v -0.093262 0.959646 0.140959
v -0.153056 1.132068 0.030018
v -0.149073 1.113307 0.038678
v -0.163577 1.137435 0.032852
v -0.151579 1.119466 0.027671
v -0.154153 1.094252 0.031806
v -0.155176 1.072206 0.042214
v -0.151891 1.106444 0.028370
v -0.153685 1.085088 0.041176
v -0.018840 1.057059 0.166298
v -0.013341 1.117170 0.159936
v -0.021543 1.138624 0.157191
v -0.021234 1.096097 0.161621
v -0.012811 1.129584 0.158641
v -0.012638 1.104725 0.161324
v -0.020505 1.177452 0.153709
v -0.154677 1.223763 0.062905
v -0.152955 1.213294 0.057049
v -0.128158 1.221927 0.121153
v -0.147160 1.183702 0.074429
v -0.153200 1.187697 0.059054
v -0.153330 1.171891 0.064579
v -0.147891 1.198304 0.069214
v -0.134935 1.201105 0.097945
v -0.142361 1.206829 0.083306
v -0.140638 1.191499 0.086643
v -0.123315 1.165419 0.110517
v -0.138855 1.166858 0.090742
v -0.131938 1.182050 0.101344
v -0.142009 1.178383 0.085299
v -0.141762 1.223440 0.100398
v -0.147846 1.162967 0.077228
v -0.139632 1.212357 0.094565
v -0.131934 1.212386 0.108804
v -0.110313 1.192306 0.127863
v -0.120036 1.205806 0.120763
v -0.134589 1.141249 0.073888
v -0.122155 1.188952 0.114789
v -0.127902 1.199627 0.109198
v -0.102159 1.214956 0.137595
v -0.146606 1.149140 0.073638
v -0.148385 1.141554 0.059345
v -0.137733 1.149638 0.088664
v -0.124598 1.177707 0.110217
v -0.115414 1.217096 0.129300
v -0.108446 1.205192 0.131287
v -0.107713 1.262257 0.139973
v -0.095613 1.193621 0.138039
v -0.119376 1.240743 0.134997
v -0.121425 1.228706 0.130479
v -0.117980 1.128651 0.095126
v -0.131104 1.157578 0.099932
v -0.127206 1.141765 0.098467
v -0.092098 1.205845 0.141164
v -0.075190 1.228582 0.149778
v -0.089435 1.220903 0.146181
v -0.099927 1.160411 0.134573
v -0.125962 1.136228 0.084978
v -0.131585 1.127566 0.075450
v -0.139946 1.126024 0.060633
v -0.117385 1.135357 0.109952
v -0.074515 1.212904 0.147815
v -0.058205 1.195322 0.149596
v -0.053235 1.218208 0.150927
v -0.095276 1.243228 0.149175
v -0.101558 1.177957 0.133817
v -0.113680 1.176941 0.122629
v -0.145767 1.119868 0.050040
v -0.112323 1.150529 0.122233
v -0.104173 1.230493 0.143022
v -0.076666 1.170601 0.146104
v -0.083767 1.184517 0.143341
v -0.068357 1.183717 0.147915
v -0.057630 1.166356 0.151086
v -0.055273 1.182027 0.150438
v -0.090265 1.169888 0.140140
v -0.160132 1.324275 0.065629
v -0.149144 1.343366 0.073342
v -0.013276 1.275432 0.146177
v -0.020769 1.291775 0.134850
v -0.021917 1.256841 0.152074
v -0.012818 1.307397 0.122976
v -0.020066 1.325689 0.115065
v -0.012546 1.345564 0.113366
v -0.056700 0.902521 0.153562
v -0.034499 0.896901 0.159284
v -0.017489 0.918217 0.170991
v -0.011661 0.976927 0.174033
v -0.016893 0.996969 0.174003
v -0.063411 1.013744 0.159791
v -0.042890 1.000777 0.168915
v -0.030927 0.993844 0.172200
v -0.037461 0.921524 0.166914
v -0.120842 1.432921 0.030339
v -0.120593 1.425113 0.043724
v -0.042489 1.375723 0.078167
v -0.148260 1.382310 0.060898
v -0.148474 1.363727 0.071512
v -0.153365 1.353245 0.068995
v -0.111758 1.354735 0.090883
v -0.129217 1.364331 0.081750
v -0.138648 1.369468 0.075849
v -0.165933 1.027975 0.050718
v -0.171250 1.023686 0.037291
v -0.177515 0.983993 0.055309
v -0.173190 0.971387 0.070223
v -0.189556 0.961149 0.066071
v -0.184397 0.948766 0.077771
v -0.173359 0.956548 0.091821
v -0.160768 0.945851 0.106815
v -0.152711 0.995900 0.091863
v -0.085041 0.949863 0.148507
v -0.158299 1.075408 0.028750
v -0.171039 1.065087 0.040193
v -0.162430 1.062702 0.058099
v -0.006829 1.056880 0.167135
v -0.030051 1.029966 0.168843
v -0.017411 1.015771 0.172115
v -0.014838 1.030409 0.170775
v -0.022861 1.042882 0.168181
v -0.034117 1.014441 0.169908
v -0.048963 1.026249 0.164130
v -0.017342 1.157346 0.155596
v -0.044749 1.136119 0.155415
v -0.044421 1.099891 0.158724
v -0.029273 1.076216 0.162928
v -0.008179 1.177186 0.154188
v -0.018889 1.197422 0.152578
v -0.148232 1.223122 0.083403
v -0.138094 1.137348 0.063282
v -0.060306 1.232703 0.152366
v -0.062949 1.255692 0.153124
v -0.061166 1.208590 0.149539
v -0.108612 1.248105 0.142322
v -0.100717 1.142286 0.133823
v -0.081951 1.148394 0.144852
v -0.088789 1.112345 0.142371
v -0.093055 1.150425 0.139071
v -0.098049 1.125388 0.135489
v -0.083140 1.129655 0.145576
v -0.074846 1.115638 0.149809
v -0.066246 1.137277 0.151018
v -0.076212 1.087167 0.149643
v -0.079521 1.101813 0.148269
v -0.062306 1.097733 0.154687
v -0.056912 1.074054 0.157026
v -0.054611 1.106908 0.156016
v -0.064256 1.084925 0.154363
v -0.071780 1.072339 0.151280
v -0.109935 1.163755 0.125426
v -0.121635 1.150151 0.110004
v -0.138715 1.332592 0.082313
v -0.120823 1.335424 0.094132
v -0.136008 1.349155 0.081792
v -0.130172 1.339683 0.087255
v -0.124659 1.352925 0.087778
v -0.008195 1.291689 0.135075
v -0.045774 1.293798 0.133221
v -0.008854 1.256628 0.152215
v -0.020228 1.237171 0.153847
v -0.033918 1.331061 0.111310
v -0.036946 1.318250 0.117460
v -0.055056 1.308465 0.122125
v -0.007879 1.325818 0.115629
v -0.083988 0.989502 0.149960
v -0.038695 1.360217 0.096384
v -0.047565 1.344386 0.104888
v -0.029595 1.383993 0.086208
v -0.032470 1.396178 0.076759
v -0.041323 1.396664 0.065643
v -0.034564 1.371189 0.088791
v -0.108303 1.374546 0.076676
v -0.122646 1.385377 0.073617
v -0.120726 1.373711 0.079493
v -0.109808 1.385873 0.067598
v -0.111447 1.398372 0.057333
v -0.100153 1.398767 0.044661
v -0.082253 1.398462 0.046130
v -0.067604 1.396161 0.052972
v -0.081462 1.383354 0.058756
v -0.059703 1.379928 0.065324
v -0.168707 1.015584 0.055300
v -0.157969 1.026217 0.070729
v -0.161328 1.038840 0.050068
v -0.166447 1.035452 0.035842
v -0.179569 0.963141 0.078839
v -0.144849 0.953225 0.117455
v -0.133683 0.980465 0.113007
v -0.155668 0.962019 0.103203
v -0.133423 0.965175 0.116164
v -0.149832 0.978812 0.098851
v -0.111568 0.974689 0.130275
v -0.123615 0.974377 0.121212
v -0.112606 0.961149 0.130307
v -0.162753 0.996832 0.077781
v -0.164352 0.982318 0.080236
v -0.153565 1.012820 0.083988
v -0.166763 1.055631 0.049012
v -0.147728 1.077214 0.064193
v -0.050070 1.012516 0.165701
v -0.041823 1.041170 0.164142
v -0.059328 1.052037 0.156940
v -0.012638 1.146227 0.156881
v -0.031213 1.165940 0.153997
v -0.032261 1.130890 0.157249
v -0.032058 1.104376 0.159915
v -0.029273 1.063759 0.164120
v -0.014740 1.071710 0.164848
v -0.033854 1.089985 0.161097
v -0.047691 1.085257 0.159161
v -0.043429 1.071446 0.160996
v -0.038765 1.197224 0.151527
v -0.042780 1.261710 0.150813
v -0.085332 1.262966 0.148736
v -0.077128 1.245359 0.153693
v -0.069213 1.156258 0.148992
v -0.054172 1.150002 0.152865
v -0.037842 1.150960 0.154786
v -0.044352 1.163252 0.153005
v -0.055635 1.130398 0.153980
v -0.044592 1.119440 0.156984
v -0.113212 1.315212 0.103890
v -0.093400 1.334509 0.101199
v -0.034340 1.286554 0.138384
v -0.043991 1.277767 0.144400
v -0.032448 1.297426 0.130464
v -0.033114 1.246657 0.153567
v -0.031913 1.220446 0.152336
v -0.072649 1.321799 0.109175
v -0.070762 1.293764 0.132705
v -0.084050 0.972823 0.148685
v -0.059637 0.980304 0.162525
v -0.043786 0.983773 0.168872
v -0.048487 0.969331 0.165432
v -0.062727 0.966913 0.159213
v -0.097457 0.981380 0.140516
v -0.073574 0.981020 0.155931
v -0.065766 0.996447 0.160075
v -0.108477 1.027033 0.127154
v -0.100904 0.969442 0.137162
v -0.053464 0.992831 0.165601
v -0.112175 1.000755 0.128265
v -0.121902 0.989579 0.121156
v -0.131930 1.014511 0.107753
v -0.134429 0.997264 0.109465
v -0.108104 0.988092 0.132494
v -0.096284 1.001482 0.140730
v -0.123363 1.005943 0.117743
v -0.113698 1.014175 0.124815
v -0.100945 1.015406 0.135211
v -0.082674 1.016960 0.148436
v -0.142573 1.005927 0.099359
v -0.141403 0.987258 0.104866
v -0.084164 1.003264 0.149055
v -0.073197 1.006115 0.156029
v -0.029533 1.357818 0.106201
v -0.024776 1.370971 0.098077
v -0.106228 1.409246 0.039249
v -0.089843 1.390476 0.052218
v -0.093647 1.371961 0.066075
v -0.097554 1.358869 0.079343
v -0.075105 1.369703 0.070606
v -0.047110 1.384445 0.068579
v -0.069204 1.385678 0.059602
v -0.143848 0.969491 0.106600
v -0.156404 0.984918 0.090325
v -0.160148 1.015048 0.073639
v -0.152242 1.069654 0.054746
v -0.139311 1.051841 0.094330
v -0.066773 1.033356 0.155560
v -0.013498 1.085007 0.163423
v -0.031626 1.185457 0.152566
v -0.030719 1.265009 0.149878
v -0.055810 1.265517 0.149634
v -0.049277 1.250695 0.153401
v -0.097053 1.256140 0.147317
v -0.026107 1.149726 0.155818
v -0.121792 1.322456 0.096019
v -0.107211 1.341484 0.098295
v -0.105852 1.327631 0.103794
v -0.094367 1.346063 0.089369
v -0.093166 1.322266 0.109210
v -0.079066 1.354696 0.081794
v -0.032569 1.232890 0.153167
v -0.044130 1.225754 0.152248
v -0.040641 1.210762 0.151407
v -0.016764 1.213005 0.152539
v -0.027867 1.207124 0.152042
v -0.059916 1.318677 0.113969
v -0.060175 1.332338 0.102433
v -0.060549 1.348440 0.089040
v -0.076603 1.334520 0.098167
v -0.058120 1.298399 0.129963
v -0.094303 1.283107 0.134816
v -0.107615 1.364371 0.084072
v -0.086491 1.363660 0.073829
v -0.057998 1.365112 0.076787
v -0.069618 1.361186 0.077434
v -0.046450 1.363812 0.084953
v -0.153400 1.054896 0.077257
v -0.144976 1.032403 0.087475
v -0.141134 1.020442 0.096377
v -0.128557 1.035702 0.105867
v -0.120563 1.025918 0.116111
v -0.055057 1.039194 0.160111
v -0.071175 1.046499 0.151210
v -0.091785 1.041523 0.138110
v -0.097227 1.028857 0.136112
v -0.072222 1.021938 0.154515
v -0.080706 1.033740 0.147191
v -0.014756 1.225394 0.153077
v -0.049247 1.352541 0.094550
v -0.073799 1.345230 0.090102
v -0.096193 1.270856 0.141717
v -0.160076 1.053730 0.066939
v -0.151422 1.039985 0.073568
v -0.139165 1.069705 0.082611
v -0.151706 1.024346 0.081411
v -0.145702 1.045518 0.084434
v -0.136698 1.038901 0.095511
v -0.110407 1.068054 0.114555
v -0.146729 1.065631 0.071753
v -0.145422 1.059600 0.085915
v -0.137359 1.092305 0.078560
v -0.125838 1.067426 0.099470
v -0.141382 1.080345 0.075302
v -0.127056 1.052180 0.106224
v -0.114690 1.043525 0.118883
v -0.119089 1.061495 0.108533
v -0.115407 1.097424 0.101868
v -0.100265 1.104145 0.121157
v -0.091272 1.090936 0.135219
v -0.085306 1.073785 0.138962
v -0.097469 1.112218 0.131748
v -0.097010 1.076815 0.124297
v -0.089963 1.058088 0.135772
v -0.097685 1.090614 0.123010
v -0.105399 1.095030 0.111755
v -0.113897 1.082247 0.107272
v -0.100558 1.061927 0.125009
v -0.110022 1.055594 0.118839
v -0.102781 1.045630 0.128088
v -0.104526 1.082868 0.115810
v -0.129912 1.081950 0.090584
v -0.122717 1.078950 0.099848
v -0.126561 1.097968 0.089758
v -0.118275 1.111942 0.093728
v -0.107959 1.111707 0.107523
v -0.127089 1.116727 0.083532
v -0.132901 1.104452 0.080307
v -0.104809 1.117366 0.119762
v -0.111607 1.124309 0.105894
v -0.143579 1.309317 0.082741
v -0.133711 1.278029 0.108284
v -0.130950 1.297368 0.098382
v -0.143608 1.286384 0.090357
v -0.114619 1.289490 0.118519
v -0.135607 1.287339 0.100009
v -0.140568 1.298090 0.089042
v -0.153063 1.284585 0.078052
v -0.147383 1.261762 0.094197
v -0.147906 1.274546 0.088368
v -0.150429 1.242779 0.088627
v -0.147511 1.231372 0.092167
v -0.139061 1.244119 0.112951
v -0.154059 1.257933 0.076529
v -0.158951 1.261885 0.061909
v -0.157340 1.247567 0.063543
v -0.146013 1.249173 0.100157
v -0.126153 1.412739 0.057117
v -0.143834 1.106343 0.059926
v -0.145634 1.091901 0.062921
v -0.073599 1.307604 0.120952
v -0.082101 1.315116 0.114325
v -0.086082 1.298015 0.125936
v -0.101357 1.297105 0.120545
v -0.105579 1.306492 0.111319
v -0.118720 1.301722 0.106051
v -0.077732 1.278285 0.142982
v -0.070849 1.267233 0.148941
v -0.127259 1.261077 0.124670
v -0.116635 1.274606 0.128089
v -0.106844 1.283277 0.128517
v -0.123684 1.280991 0.117183
v -0.138473 1.262774 0.110002
v -0.141482 1.272151 0.100504
v -0.129835 1.247085 0.124771
v -0.136208 1.230402 0.112035
v -0.130799 1.234826 0.123061
v -0.142769 1.237284 0.102601
v -0.057655 0.941210 0.161910
v -0.061403 0.953674 0.157463
v -0.060089 0.927392 0.160877
v -0.044707 0.933882 0.167430
v -0.074274 0.939875 0.155862
v 0.006954 1.466476 -0.111626
v -0.003569 1.462630 -0.095930
v -0.010423 1.458244 -0.078401
v -0.025235 1.458248 -0.065595
v -0.040676 1.464622 -0.054008
v -0.150252 1.430014 -0.046596
v -0.152180 1.421684 -0.063906
v -0.144851 1.419742 -0.081721
v -0.149595 1.405865 -0.094371
v -0.149067 1.386613 -0.092906
v -0.151538 1.367407 -0.092724
v -0.156664 1.348707 -0.092226
v -0.162037 1.330434 -0.088100
v -0.166852 1.312934 -0.080800
v -0.171545 1.295772 -0.071952
v -0.175335 1.281019 -0.058450
v -0.178322 1.268641 -0.040990
v -0.174861 1.265035 -0.018877
v -0.202849 0.917346 -0.010526
v -0.195269 0.918532 -0.033072
v -0.184504 0.919402 -0.054253
v -0.170997 0.919929 -0.073808
v -0.154989 0.920259 -0.091499
v -0.136934 0.920525 -0.107127
v -0.116881 0.920591 -0.120110
v -0.094917 0.920189 -0.129599
v -0.071520 0.919264 -0.134893
v -0.047554 0.918216 -0.137186
v -0.023436 0.917301 -0.136980
v 0.000789 0.916730 -0.136717
v 0.000760 0.936137 -0.133299
v 0.000836 0.955621 -0.131246
v 0.000789 0.972672 -0.121724
v 0.000580 0.986636 -0.107978
v -0.000019 1.004961 -0.100887
v -0.000806 1.023116 -0.093231
v -0.000949 1.041914 -0.099445
v -0.000341 1.052575 -0.116218
v -0.000182 1.070100 -0.106864
v 0.002643 1.073113 -0.087401
v 0.004411 1.089011 -0.075611
v 0.005213 1.107314 -0.083416
v 0.006119 1.120257 -0.098543
v 0.005963 1.139763 -0.102485
v 0.005478 1.159075 -0.097659
v 0.004838 1.178908 -0.099286
v 0.004623 1.196957 -0.107652
v 0.004342 1.216272 -0.112256
v 0.004139 1.235744 -0.115971
v 0.003926 1.255192 -0.119770
v 0.003664 1.274847 -0.122322
v 0.003266 1.294606 -0.120427
v 0.003161 1.313266 -0.127261
v 0.003276 1.329720 -0.138457
v 0.003119 1.349032 -0.133653
v 0.005198 1.351972 -0.113995
v 0.003279 1.368976 -0.103906
v 0.007634 1.387745 -0.109016
v 0.010503 1.407275 -0.111843
v 0.012455 1.427039 -0.113921
v 0.009729 1.446785 -0.112910
v -0.079378 1.408760 -0.092347
v -0.120747 1.432822 -0.060737
v -0.139471 1.438178 -0.041152
v -0.125673 1.443629 -0.048501
v -0.136185 1.430393 -0.055462
v -0.087581 1.442476 -0.070294
v -0.104585 1.441279 -0.054289
v -0.072282 1.454826 -0.057563
v -0.105326 1.443358 -0.041970
v -0.087557 1.445330 -0.050757
v -0.072709 1.456798 -0.045071
v -0.093787 1.440836 -0.059947
v -0.011212 0.926576 -0.134936
v -0.057312 0.966239 -0.125914
v -0.104803 1.064647 -0.070354
v -0.108585 1.151779 -0.077874
v -0.093275 1.265002 -0.116213
v -0.008589 1.431372 -0.094966
v 0.000244 1.455249 -0.107119
v -0.002968 1.439942 -0.106811
v -0.006474 1.447165 -0.092805
v -0.165150 0.980755 -0.052239
v -0.202960 0.925672 0.002039
v -0.154288 1.215490 -0.046043
v -0.170389 1.252892 -0.007539
v -0.165804 1.242361 -0.036741
v -0.170543 1.251197 -0.024138
v -0.170204 1.256469 -0.039524
v -0.164845 1.227463 -0.014867
v -0.167165 1.238663 -0.005053
v -0.166614 1.238189 -0.023229
v -0.161112 1.226648 -0.034708
v -0.117614 1.400092 -0.090697
v -0.041064 1.386623 -0.120727
v -0.131225 1.415178 -0.074793
v -0.129516 1.424358 -0.065269
v -0.049729 1.443462 -0.074750
v -0.082633 1.448935 -0.061018
v -0.067977 1.441381 -0.070164
v -0.042180 0.995483 -0.103795
v -0.027021 0.965199 -0.127777
v -0.022217 0.945301 -0.132132
v -0.058488 0.941792 -0.132196
v -0.103428 0.958327 -0.119082
v -0.151480 1.073761 -0.034593
v -0.062032 1.082868 -0.077750
v -0.140760 1.131647 -0.031341
v -0.061197 1.187562 -0.103145
v -0.131183 1.291675 -0.101701
v -0.141935 1.246967 -0.082692
v -0.158081 1.247295 -0.061351
v -0.164457 1.248249 -0.048926
v -0.167061 1.264760 -0.056958
v -0.156708 1.231926 -0.052472
v -0.146976 1.233121 -0.070077
v -0.062769 1.322246 -0.130473
v -0.044298 1.264471 -0.121434
v -0.003465 1.414761 -0.107921
v -0.005471 1.427381 -0.106852
v -0.022018 1.439636 -0.079006
v -0.011331 1.445856 -0.081066
v -0.176153 0.952665 -0.061376
v -0.184132 0.979420 -0.018452
v -0.155443 1.032621 -0.031627
v -0.157282 1.192712 -0.016259
v -0.157069 1.208555 -0.027642
v -0.162972 1.215292 -0.001431
v -0.165113 1.227333 -0.000539
v -0.161639 1.213945 -0.015389
v -0.158283 1.198026 0.000993
v -0.159787 1.203329 -0.009757
v -0.153520 1.174098 -0.001884
v -0.155586 1.186559 -0.005266
v -0.137840 1.400703 -0.087549
v -0.122421 1.370944 -0.117882
v -0.014838 1.378821 -0.122042
v -0.036044 1.349349 -0.120575
v -0.143741 1.413445 -0.070652
v -0.040209 1.453076 -0.065940
v -0.029717 1.448172 -0.072319
v -0.056438 1.452581 -0.062189
v -0.060272 1.423696 -0.086288
v -0.024739 1.013638 -0.096934
v -0.010618 0.964869 -0.127890
v -0.019599 0.979023 -0.114596
v -0.007631 0.945910 -0.132300
v -0.035027 0.931808 -0.134226
v -0.050793 0.930627 -0.134601
v -0.040762 0.946074 -0.131541
v -0.053576 0.953838 -0.129227
v -0.079209 0.953914 -0.126721
v -0.105122 0.938294 -0.123183
v -0.144146 0.957534 -0.095733
v -0.154436 1.063376 -0.002120
v -0.155417 1.090701 -0.014818
v -0.028314 1.080186 -0.077689
v -0.152624 1.137705 -0.002184
v -0.027475 1.187345 -0.105134
v -0.054172 1.130550 -0.102540
v -0.150460 1.298664 -0.087516
v -0.157539 1.277732 -0.076377
v -0.166087 1.274730 -0.065611
v -0.149982 1.245192 -0.072019
v -0.155932 1.261354 -0.071690
v -0.107344 1.210546 -0.095812
v -0.029071 1.321429 -0.132732
v -0.019085 1.264627 -0.121702
v -0.036488 1.225628 -0.114925
v 0.005029 1.417455 -0.116594
v -0.005431 1.398129 -0.118905
v -0.177230 0.934768 -0.063116
v -0.190496 0.942782 -0.037665
v -0.198535 0.935041 -0.017943
v -0.161033 0.944052 -0.082070
v -0.183251 0.943401 -0.052201
v -0.170806 0.943910 -0.070652
v -0.189137 0.978716 0.001295
v -0.178972 1.000512 -0.005488
v -0.197543 0.960249 -0.012727
v -0.183244 0.988049 -0.007203
v -0.198617 0.968399 0.001132
v -0.166927 1.031893 -0.004829
v -0.155563 1.179193 0.010618
v -0.154453 1.159315 0.008740
v -0.150985 1.155773 -0.011256
v -0.162856 1.145702 0.007466
v -0.141067 1.411532 -0.090200
v -0.126636 1.406226 -0.083406
v -0.105189 1.422947 -0.081955
v -0.113527 1.411744 -0.083689
v -0.116133 1.423421 -0.071706
v -0.102574 1.436591 -0.073057
v -0.097644 1.409651 -0.092611
v -0.090000 1.379995 -0.109226
v -0.088841 1.395015 -0.099099
v -0.064576 1.395978 -0.111568
v -0.106940 1.386303 -0.100427
v -0.074216 1.397133 -0.100325
v -0.062480 1.409418 -0.096202
v -0.075822 1.385677 -0.110377
v -0.076313 1.355970 -0.118951
v -0.080138 1.371637 -0.125760
v -0.101465 1.397835 -0.097117
v -0.032726 1.413553 -0.095966
v -0.048639 1.419165 -0.097861
v -0.045453 1.431912 -0.086919
v -0.043645 1.403493 -0.109816
v -0.037342 1.438981 -0.078603
v -0.029071 1.426742 -0.086539
v -0.016781 1.429584 -0.085341
v -0.141886 1.374917 -0.109935
v -0.127918 1.335506 -0.105663
v -0.001643 1.378042 -0.115251
v -0.013860 1.361957 -0.109284
v -0.055976 1.463428 -0.049961
v -0.078534 1.427531 -0.079637
v -0.088246 1.419388 -0.087018
v -0.091943 1.430443 -0.079518
v -0.059562 1.435010 -0.078672
v -0.010385 1.013774 -0.097047
v -0.043497 1.044367 -0.109547
v -0.019028 1.033252 -0.094406
v -0.006376 0.979234 -0.114688
v -0.041015 0.976610 -0.118498
v -0.018142 0.995479 -0.104581
v -0.079636 0.936198 -0.130979
v -0.066057 0.930609 -0.133694
v -0.091394 0.945240 -0.126150
v -0.083527 0.977773 -0.115612
v -0.105909 0.926834 -0.124965
v -0.126350 0.937292 -0.112362
v -0.163131 1.064633 0.013284
v -0.168543 1.078552 -0.002345
v -0.169436 1.050042 0.000321
v -0.170344 1.074501 0.010514
v -0.171117 1.055072 0.012168
v -0.153159 1.091857 0.002429
v -0.162800 1.110579 -0.004906
v -0.160544 1.082259 0.006613
v -0.154698 1.100772 -0.007001
v -0.169168 1.128029 0.001768
v -0.010617 1.079455 -0.077869
v -0.022058 1.068016 -0.096017
v -0.018317 1.101965 -0.080957
v -0.020373 1.072655 -0.084064
v -0.008690 1.092876 -0.077498
v -0.009809 1.187753 -0.104002
v -0.017932 1.166034 -0.097757
v -0.019329 1.208583 -0.111205
v -0.018322 1.178401 -0.101681
v -0.018941 1.196320 -0.107752
v -0.022987 1.130079 -0.103945
v -0.161395 1.302070 -0.080580
v -0.150170 1.319281 -0.092847
v -0.128130 1.225335 -0.087836
v -0.011356 1.321281 -0.133072
v -0.020272 1.301538 -0.122308
v -0.019904 1.342432 -0.137669
v -0.020219 1.313251 -0.127819
v -0.009955 1.333264 -0.139172
v -0.005281 1.264801 -0.121565
v -0.014523 1.245217 -0.118242
v 0.005481 1.397419 -0.115147
v -0.189253 0.929316 -0.042904
v -0.198604 0.924010 -0.021355
v -0.200912 0.944861 -0.001726
v -0.162671 0.930171 -0.082056
v -0.183117 0.995833 0.008567
v -0.176847 1.014004 0.006208
v -0.171528 1.027109 0.008703
v -0.170972 1.015724 -0.012361
v -0.164276 1.027932 -0.019444
v -0.163674 1.048159 -0.020336
v -0.171700 0.998498 -0.032315
v -0.178147 0.991643 -0.020962
v -0.166345 1.014650 -0.029938
v -0.174876 1.004733 -0.019640
v -0.174936 0.982516 -0.036146
v -0.182516 0.969873 -0.049831
v -0.186707 0.956195 -0.044073
v -0.193038 0.954399 -0.027904
v -0.192282 0.969477 -0.026514
v -0.193851 0.973128 -0.012113
v -0.197933 0.947353 -0.016297
v -0.151626 1.150223 0.000153
v -0.151614 1.172993 -0.022603
v -0.147432 1.140475 -0.018287
v -0.143487 1.154889 -0.037096
v -0.144079 1.144056 -0.030203
v -0.111208 1.439340 -0.064353
v -0.106049 1.372822 -0.111434
v -0.094620 1.371752 -0.121222
v -0.055914 1.368425 -0.120860
v -0.064730 1.383196 -0.123440
v -0.054114 1.392359 -0.120538
v -0.017821 1.401703 -0.103194
v -0.014164 1.415636 -0.094525
v -0.056449 1.405702 -0.107358
v -0.147415 1.376239 -0.099394
v -0.138017 1.394700 -0.106914
v -0.146942 1.355231 -0.108487
v -0.002509 1.359261 -0.107404
v -0.031344 1.368272 -0.113366
v -0.072255 1.418340 -0.086850
v -0.006930 1.033263 -0.094047
v -0.043334 1.029132 -0.094023
v -0.017553 1.043984 -0.111013
v -0.042105 0.966924 -0.126497
v -0.032891 0.984715 -0.108536
v -0.029931 1.002098 -0.101650
v -0.044911 1.011517 -0.096856
v -0.035608 1.019518 -0.095020
v -0.074360 0.999238 -0.099088
v -0.057476 1.000997 -0.100471
v -0.059462 0.982405 -0.108109
v -0.068591 1.023193 -0.091026
v -0.054608 1.020550 -0.092452
v -0.059567 1.034421 -0.104955
v -0.067061 1.010075 -0.095498
v -0.074651 0.967430 -0.123069
v -0.090767 0.966766 -0.119792
v -0.064131 0.976220 -0.119122
v -0.115649 0.948407 -0.115569
v -0.131189 0.950928 -0.106021
v -0.145771 0.937150 -0.098533
v -0.163978 1.076491 -0.020977
v -0.148878 1.070318 -0.017184
v -0.161220 1.071329 -0.009212
v -0.135668 1.051184 -0.043791
v -0.152382 1.055927 -0.015067
v -0.143013 1.059039 -0.029654
v -0.132693 1.071080 -0.042055
v -0.153510 1.048472 -0.040113
v -0.153974 1.111331 0.005709
v -0.165650 1.125087 0.012920
v -0.008144 1.069424 -0.095365
v -0.016318 1.063591 -0.113407
v -0.037816 1.064930 -0.108976
v -0.026199 1.067891 -0.107112
v -0.009930 1.112438 -0.093705
v -0.032243 1.111129 -0.096917
v -0.008325 1.125169 -0.101703
v -0.021195 1.107907 -0.091636
v -0.004430 1.168903 -0.097802
v -0.010059 1.148952 -0.098325
v -0.012501 1.137272 -0.102744
v -0.032605 1.149220 -0.096226
v -0.021319 1.154234 -0.096559
v -0.012537 1.225789 -0.114701
v -0.008260 1.214382 -0.112290
v -0.024363 1.220169 -0.113927
v -0.161734 1.319561 -0.090754
v -0.137280 1.308076 -0.098173
v -0.136194 1.323509 -0.099322
v -0.150433 1.335406 -0.105349
v -0.110990 1.312902 -0.113900
v -0.125858 1.315220 -0.108091
v -0.120415 1.301300 -0.108815
v -0.097657 1.290886 -0.118330
v -0.115452 1.282402 -0.110224
v -0.107735 1.299636 -0.115028
v -0.138117 1.233764 -0.081652
v -0.006460 1.304317 -0.122717
v -0.012864 1.284456 -0.121773
v -0.035760 1.285020 -0.122625
v -0.024085 1.289861 -0.122169
v -0.011984 1.346705 -0.121044
v -0.002329 1.245376 -0.118020
v -0.031591 1.251882 -0.119580
v -0.027883 1.237641 -0.117250
v -0.055722 1.242560 -0.117390
v -0.041410 1.242185 -0.117972
v -0.165647 1.039699 0.008969
v -0.164286 1.043226 -0.008831
v -0.139937 1.012733 -0.064689
v -0.157072 1.006174 -0.049804
v -0.143136 1.031200 -0.052573
v -0.164110 1.006314 -0.038876
v -0.148448 1.036854 -0.042100
v -0.168707 0.970081 -0.069591
v -0.185010 0.975477 -0.037236
v -0.151473 1.167778 -0.011999
v -0.144004 1.187188 -0.044864
v -0.147687 1.159446 -0.024381
v -0.068211 1.364555 -0.126137
v -0.008531 1.404507 -0.109573
v -0.015893 1.390183 -0.112463
v -0.026939 1.386055 -0.120305
v -0.031351 1.402583 -0.104028
v -0.128939 1.391905 -0.095786
v -0.124944 1.385524 -0.110720
v -0.113656 1.381876 -0.109184
v -0.134613 1.362005 -0.115242
v -0.115773 1.348943 -0.121894
v -0.135793 1.345794 -0.114973
v -0.123578 1.358723 -0.120824
v -0.108102 1.363156 -0.124289
v -0.092062 1.354181 -0.126862
v -0.081925 1.360289 -0.128452
v -0.090212 1.332666 -0.128352
v -0.088822 1.311823 -0.121174
v -0.084416 1.343494 -0.119028
v -0.069429 1.341648 -0.133616
v -0.101458 1.339505 -0.114893
v -0.103171 1.348263 -0.123857
v -0.104253 1.325469 -0.122447
v -0.115161 1.339717 -0.110838
v -0.117263 1.325750 -0.114761
v -0.020044 1.368168 -0.118274
v -0.025594 1.354189 -0.111694
v -0.044523 1.374140 -0.114567
v -0.046222 1.358770 -0.113049
v -0.053461 1.349354 -0.127440
v -0.062604 1.354206 -0.117281
v -0.039244 1.341153 -0.137578
v -0.054558 1.336974 -0.136836
v -0.043234 1.326734 -0.135290
v -0.045146 1.306339 -0.123622
v -0.030499 1.035759 -0.105840
v -0.046689 1.033400 -0.105212
v -0.086456 1.040334 -0.083524
v -0.150786 0.947265 -0.091986
v -0.140238 1.070609 -0.032213
v -0.133844 1.104516 -0.060250
v -0.119045 1.061344 -0.054869
v -0.027616 1.054541 -0.113060
v -0.043399 1.066528 -0.088498
v -0.007436 1.201937 -0.109431
v -0.156544 1.338071 -0.095996
v -0.102103 1.276800 -0.115151
v -0.132795 1.267066 -0.096528
v -0.113028 1.259582 -0.105197
v -0.146412 1.268493 -0.085218
v -0.146775 1.283909 -0.088497
v -0.139502 1.258210 -0.088853
v -0.031684 1.271686 -0.122368
v -0.009332 1.347574 -0.133103
v -0.024407 1.344877 -0.125537
v -0.155729 1.020579 -0.042326
v -0.148519 1.018509 -0.054764
v -0.176212 0.964125 -0.060444
v -0.173290 0.974869 -0.057837
v -0.142096 0.985129 -0.074830
v -0.154168 1.186332 -0.031742
v -0.150907 1.199196 -0.038285
v -0.148891 1.171256 -0.040412
v -0.128358 1.167413 -0.061515
v -0.138124 1.173759 -0.050947
v -0.138484 1.156035 -0.053877
v -0.125758 1.147952 -0.068520
v -0.078512 1.322433 -0.127307
v -0.028995 1.333081 -0.138396
v -0.066598 1.284350 -0.123107
v -0.050430 1.317088 -0.129360
v -0.070073 1.058367 -0.101371
v -0.077760 1.036807 -0.099466
v -0.070407 1.047223 -0.087717
v -0.090467 1.055964 -0.085735
v -0.055564 1.049480 -0.097347
v -0.080256 1.050909 -0.081686
v -0.054629 1.063296 -0.106555
v -0.062272 1.071941 -0.090927
v -0.046007 1.069316 -0.100198
v -0.145146 1.086744 -0.056295
v -0.113219 1.037661 -0.069496
v -0.128410 1.060734 -0.046781
v -0.045290 1.079747 -0.079048
v -0.055311 1.071300 -0.079896
v -0.049932 1.102661 -0.083651
v -0.037271 1.093148 -0.081090
v -0.036858 1.105921 -0.085432
v -0.052063 1.090437 -0.080867
v -0.127609 1.278792 -0.102703
v -0.094060 1.234909 -0.109361
v -0.156206 0.979477 -0.067494
v -0.155963 0.992817 -0.058795
v -0.149962 0.973367 -0.086512
v -0.165076 0.993902 -0.046293
v -0.149372 1.003904 -0.061193
v -0.115635 0.979615 -0.098112
v -0.102277 0.977690 -0.110830
v -0.129544 0.969143 -0.104703
v -0.117633 0.961356 -0.111611
v -0.132448 0.978990 -0.088926
v -0.096342 0.992084 -0.097580
v -0.115812 0.973027 -0.108395
v -0.120481 1.002295 -0.082762
v -0.090907 0.981756 -0.104355
v -0.129856 0.991203 -0.082538
v -0.138264 0.999618 -0.072291
v -0.098213 1.021829 -0.083886
v -0.083567 1.014843 -0.091039
v -0.092451 1.031691 -0.094296
v -0.108496 1.035792 -0.086184
v -0.097810 1.006847 -0.090556
v -0.080936 1.027091 -0.090299
v -0.116641 1.020372 -0.077525
v -0.099133 1.039585 -0.075381
v -0.105096 1.050172 -0.068091
v -0.092998 1.051365 -0.073328
v -0.087392 1.000861 -0.096346
v -0.108167 0.997088 -0.089413
v -0.118887 1.160385 -0.070997
v -0.118073 1.189094 -0.078638
v -0.120923 1.175741 -0.071864
v -0.133399 1.190215 -0.062470
v -0.144770 1.202141 -0.054722
v -0.146576 1.217793 -0.061991
v -0.137357 1.218966 -0.075823
v -0.123062 1.207178 -0.083569
v -0.136646 1.204712 -0.068587
v -0.127538 1.195814 -0.072364
v -0.101208 1.116019 -0.069618
v -0.130094 1.135324 -0.050739
v -0.137003 1.145799 -0.045222
v -0.051214 1.278737 -0.123057
v -0.053694 1.293465 -0.123743
v -0.070822 1.303592 -0.123654
v -0.098950 1.082247 -0.074638
v -0.083681 1.068937 -0.088849
v -0.144589 1.076388 -0.046784
v -0.127113 1.076571 -0.069145
v -0.131279 1.078669 -0.054647
v -0.125844 1.044168 -0.057030
v -0.115853 1.051289 -0.061323
v -0.134000 1.034440 -0.071664
v -0.141862 1.045713 -0.055673
v -0.121734 1.034175 -0.079772
v -0.099923 1.250379 -0.111196
v -0.077502 1.249515 -0.116256
v -0.115183 1.237680 -0.100846
v -0.128683 1.246459 -0.094308
v -0.066032 1.265056 -0.121116
v -0.118574 1.249182 -0.101778
v -0.158680 0.959952 -0.081748
v -0.109785 1.010949 -0.084524
v -0.128334 1.011619 -0.074237
v -0.118381 0.988872 -0.089688
v -0.118679 1.216416 -0.091338
v -0.111165 1.197996 -0.088450
v -0.086807 1.193079 -0.098291
v -0.099125 1.199222 -0.095094
v -0.087176 1.214289 -0.105284
v -0.111385 1.132999 -0.074969
v -0.131686 1.145632 -0.057662
v -0.129440 1.112373 -0.041774
v -0.081452 1.290995 -0.122103
v -0.087736 1.277992 -0.119707
v -0.079693 1.267371 -0.119192
v -0.104027 1.069610 -0.088279
v -0.072874 1.068256 -0.095042
v -0.072746 1.071604 -0.078412
v -0.086875 1.074354 -0.076137
v -0.115253 1.071543 -0.063906
v -0.116141 1.071316 -0.078811
v -0.140629 1.025376 -0.063861
v -0.072267 1.228754 -0.112721
v -0.104735 1.224898 -0.102192
v -0.055454 1.255915 -0.120060
v -0.072735 1.202086 -0.104881
v -0.073135 1.215485 -0.108701
v -0.054703 1.219843 -0.112302
v -0.059654 1.231163 -0.114623
v -0.039238 1.207035 -0.110801
v -0.047195 1.231983 -0.115626
v -0.055663 1.202515 -0.108090
v -0.042896 1.192413 -0.106516
v -0.041643 1.170206 -0.100734
v -0.117016 1.143691 -0.076398
v -0.085284 1.135025 -0.093440
v -0.120337 1.119181 -0.061108
v -0.132687 1.125815 -0.041024
v -0.099840 1.061660 -0.080978
v -0.093885 1.064886 -0.092766
v -0.081630 1.237965 -0.113103
v -0.084564 1.225895 -0.109194
v -0.048978 1.181388 -0.102969
v -0.101114 1.138814 -0.086958
v -0.090646 1.126676 -0.079292
v -0.101175 1.127172 -0.073611
v -0.067167 1.118135 -0.085345
v -0.078225 1.126580 -0.085200
v -0.069935 1.130439 -0.098074
v -0.069761 1.159538 -0.095440
v -0.061142 1.172109 -0.099470
v -0.073007 1.144661 -0.091283
v -0.090820 1.158145 -0.088893
v -0.054926 1.147653 -0.095070
v -0.085198 1.146573 -0.088000
v -0.104367 1.173817 -0.084341
v -0.101637 1.186798 -0.089094
v -0.083620 1.105828 -0.077988
v -0.084494 1.093932 -0.081055
v -0.067623 1.099370 -0.083037
v -0.075440 1.084598 -0.077585
v -0.079328 1.175785 -0.096327
v -0.092498 1.175849 -0.091351
v -0.097906 1.150067 -0.083642
v -0.043310 1.139927 -0.099285
v -0.090764 1.115194 -0.075647
v -0.078973 1.101504 -0.089792
v -0.060688 1.106830 -0.094014
v -0.054599 1.119922 -0.092658
v -0.043126 1.120394 -0.101356
v -0.046651 1.108095 -0.096110
v -0.074451 1.187312 -0.100367
v -0.081191 1.164064 -0.093339
v -0.122065 1.134064 -0.063672
v -0.113203 1.101242 -0.061065
v -0.051927 1.161041 -0.098206
v -0.103833 1.100305 -0.082034
v -0.035996 1.130337 -0.103923
v -0.123212 1.102794 -0.050536
v -0.110375 1.112941 -0.062262
v -0.092092 1.102539 -0.085401
v -0.096175 1.091707 -0.080989
v -0.118162 1.092918 -0.077051
v -0.101691 1.102391 -0.068864
v -0.106473 1.092164 -0.073349
v -0.110507 1.082451 -0.081376
v -0.134079 1.092001 -0.071446
v -0.123534 1.104559 -0.070645
v -0.160217 1.095880 -0.038926
v -0.160521 1.083201 -0.033281
v -0.075112 0.985717 -0.104717
v -0.163875 1.105382 -0.023416
v -0.157698 1.095017 -0.026576
v -0.149475 1.107630 -0.033175
v -0.138033 1.116704 -0.029931
v -0.153145 1.120533 -0.015332
v -0.161371 1.108010 -0.035731
v -0.147711 1.130633 -0.010989
v -0.166261 1.117232 -0.016267
v -0.140463 1.101753 -0.045533
v -0.147421 1.100722 -0.058169
v 0.017049 1.467177 -0.095268
v 0.019926 1.466658 -0.076098
v 0.033637 1.466895 -0.062257
v 0.046986 1.468768 -0.047891
v 0.154814 1.435688 -0.038695
v 0.157254 1.426741 -0.055605
v 0.155655 1.421101 -0.074011
v 0.160264 1.409135 -0.088528
v 0.155626 1.390306 -0.087984
v 0.156390 1.370906 -0.087689
v 0.160375 1.352023 -0.086364
v 0.167127 1.334342 -0.082245
v 0.173216 1.316964 -0.075649
v 0.177878 1.299913 -0.066459
v 0.182748 1.284103 -0.053427
v 0.183243 1.274090 -0.032857
v 0.179185 1.270344 -0.010502
v 0.202448 0.913414 -0.008652
v 0.195566 0.914926 -0.031511
v 0.185067 0.916293 -0.052959
v 0.171640 0.917506 -0.072626
v 0.155952 0.918582 -0.090532
v 0.137983 0.919431 -0.106157
v 0.117730 0.919995 -0.118678
v 0.096169 0.920271 -0.128779
v 0.072846 0.919669 -0.133935
v 0.048993 0.918704 -0.136392
v 0.024979 0.917616 -0.136587
v 0.143749 1.441826 -0.032110
v 0.105582 1.429409 -0.072063
v 0.096228 1.454928 -0.058995
v 0.094743 1.450552 -0.043500
v 0.110187 1.446203 -0.043936
v 0.127115 1.444961 -0.038242
v 0.077059 1.461598 -0.051462
v 0.104928 1.456259 -0.039284
v 0.122991 1.434435 -0.058267
v 0.139215 1.434822 -0.048937
v 0.078070 1.458803 -0.039198
v 0.120295 1.440815 -0.047943
v 0.202900 0.921803 0.004013
v 0.188453 0.962215 -0.036193
v 0.115357 1.166218 -0.066446
v 0.116746 1.046627 -0.080013
v 0.156337 1.223014 -0.035889
v 0.172552 1.258844 0.001323
v 0.166798 1.250145 -0.027382
v 0.171936 1.258220 -0.015221
v 0.166356 1.236360 -0.004182
v 0.173419 1.263267 -0.030931
v 0.167218 1.245896 -0.014145
v 0.162186 1.230129 -0.020382
v 0.168147 1.246331 0.004780
v 0.161095 1.237082 -0.033405
v 0.106339 1.255747 -0.104868
v 0.140137 1.240421 -0.075120
v 0.151495 1.234674 -0.055102
v 0.162655 1.254171 -0.049775
v 0.165919 1.208694 -0.004516
v 0.164788 1.222478 -0.008507
v 0.165179 1.225260 0.007086
v 0.163122 1.209062 -0.024583
v 0.088712 1.354805 -0.124528
v 0.077819 0.981148 -0.109452
v 0.012742 0.926778 -0.134809
v 0.041279 1.421314 -0.089274
v 0.014024 1.440263 -0.086318
v 0.014572 1.457190 -0.104835
v 0.020823 1.452945 -0.091550
v 0.017947 1.441317 -0.101213
v 0.128434 1.407387 -0.082540
v 0.103564 1.440023 -0.058772
v 0.057816 1.453693 -0.070949
v 0.062948 1.467342 -0.044451
v 0.063100 1.457898 -0.056906
v 0.078644 1.447464 -0.068645
v 0.095389 1.443506 -0.075185
v 0.084064 1.408861 -0.107450
v 0.075918 1.430773 -0.091448
v 0.082158 1.439112 -0.080643
v 0.096793 1.428191 -0.091145
v 0.064501 1.441342 -0.082339
v 0.100283 1.434548 -0.081357
v 0.058967 1.424911 -0.088290
v 0.043858 1.439064 -0.078036
v 0.070673 1.414737 -0.097136
v 0.054331 1.444366 -0.077407
v 0.048519 1.429482 -0.084027
v 0.051250 1.373057 -0.112367
v 0.065000 1.392090 -0.107064
v 0.072237 1.403136 -0.104058
v 0.138751 1.421328 -0.066346
v 0.134329 1.430087 -0.059061
v 0.178316 0.993432 -0.018517
v 0.197960 0.960258 -0.008225
v 0.199557 0.940550 -0.004466
v 0.188837 0.937993 -0.040135
v 0.162889 0.957614 -0.078077
v 0.064178 1.170618 -0.093381
v 0.154856 1.140877 -0.041173
v 0.082284 1.098082 -0.078872
v 0.058291 1.033810 -0.086585
v 0.140072 1.078362 -0.032598
v 0.058799 1.227588 -0.110430
v 0.060106 1.285700 -0.121652
v 0.135416 1.295240 -0.096984
v 0.158983 1.241978 -0.045688
v 0.152469 1.249167 -0.064494
v 0.141298 1.267848 -0.085906
v 0.144780 1.255085 -0.077277
v 0.126225 1.249515 -0.092270
v 0.160854 1.273135 -0.067574
v 0.135854 1.256729 -0.087073
v 0.122815 1.270730 -0.100900
v 0.154364 1.261658 -0.069068
v 0.172155 1.270036 -0.049623
v 0.163317 1.264046 -0.058014
v 0.171325 1.279564 -0.060589
v 0.162806 1.202384 0.009666
v 0.155344 1.173129 -0.017823
v 0.162815 1.188811 -0.006270
v 0.138846 1.190651 -0.047846
v 0.131716 1.356742 -0.115139
v 0.082774 0.952537 -0.125475
v 0.038631 0.980272 -0.113408
v 0.024344 1.402487 -0.096137
v 0.145773 1.407050 -0.079577
v 0.141138 1.391322 -0.096568
v 0.136024 1.413182 -0.075134
v 0.120459 1.421468 -0.075874
v 0.138178 1.402663 -0.090064
v 0.108388 1.409684 -0.089718
v 0.116931 1.429940 -0.067895
v 0.108096 1.419503 -0.080621
v 0.118060 1.412610 -0.083667
v 0.048468 1.462621 -0.062260
v 0.037422 1.451867 -0.069148
v 0.021956 1.449587 -0.075137
v 0.028538 1.436255 -0.081084
v 0.083789 1.456816 -0.061493
v 0.085566 1.421580 -0.099066
v 0.099473 1.413166 -0.103159
v 0.116818 1.388638 -0.109547
v 0.122477 1.393861 -0.093317
v 0.110780 1.401870 -0.103070
v 0.096401 1.393015 -0.116976
v 0.079313 1.393454 -0.116335
v 0.095238 1.403876 -0.110568
v 0.086830 1.375892 -0.126340
v 0.069560 1.376562 -0.118041
v 0.044740 1.341061 -0.138174
v 0.027482 1.364357 -0.108487
v 0.150456 1.419619 -0.063053
v 0.177739 1.010694 -0.000142
v 0.200019 0.959202 0.007684
v 0.194187 0.977418 0.000503
v 0.201441 0.940270 0.009372
v 0.197410 0.928265 -0.018661
v 0.192410 0.927126 -0.033027
v 0.194704 0.943819 -0.023057
v 0.189580 0.949793 -0.035556
v 0.177982 0.950311 -0.058755
v 0.163284 0.936634 -0.079990
v 0.126226 0.956759 -0.107590
v 0.048110 1.131186 -0.095518
v 0.033912 1.169563 -0.096967
v 0.155044 1.129495 -0.009543
v 0.043367 1.096788 -0.077999
v 0.028004 1.033549 -0.090685
v 0.157260 1.081764 -0.004091
v 0.030613 1.226618 -0.113191
v 0.035221 1.265464 -0.120587
v 0.033754 1.304992 -0.121646
v 0.155279 1.302747 -0.081879
v 0.162066 1.288499 -0.073776
v 0.150915 1.279264 -0.080357
v 0.166249 1.299897 -0.073579
v 0.171948 1.290331 -0.066106
v 0.139562 1.281701 -0.091384
v 0.147129 1.292830 -0.087208
v 0.119092 1.258315 -0.099856
v 0.094411 1.285270 -0.116071
v 0.150581 1.165623 0.002128
v 0.154073 1.185138 0.007561
v 0.163016 1.187198 -0.027653
v 0.165568 1.198359 -0.015874
v 0.149659 1.204137 -0.038566
v 0.151829 1.359046 -0.104582
v 0.083925 0.935034 -0.129619
v 0.055306 0.942622 -0.131227
v 0.033972 0.934878 -0.133169
v 0.107405 0.944007 -0.119936
v 0.071507 0.943379 -0.129641
v 0.093375 0.944063 -0.125295
v 0.017933 0.979275 -0.113820
v 0.026204 0.999467 -0.101784
v 0.029827 0.962341 -0.128822
v 0.027381 0.987719 -0.108006
v 0.016691 0.969407 -0.123750
v 0.008726 1.398935 -0.097961
v 0.010796 1.419731 -0.092440
v 0.021288 1.382451 -0.100550
v 0.152696 1.399832 -0.097379
v 0.153840 1.379671 -0.103745
v 0.157097 1.368710 -0.099523
v 0.134297 1.377516 -0.109120
v 0.126090 1.384364 -0.101437
v 0.142279 1.380648 -0.101268
v 0.107212 1.375314 -0.121837
v 0.059184 1.383010 -0.114078
v 0.040261 1.391233 -0.106567
v 0.078304 1.383295 -0.122644
v 0.072280 1.363182 -0.132896
v 0.022488 1.340296 -0.139166
v 0.014040 1.360808 -0.106765
v 0.179021 1.010152 0.013967
v 0.170993 1.027732 0.007200
v 0.192370 0.974803 -0.020872
v 0.173584 0.981522 -0.042505
v 0.185374 0.982934 -0.010735
v 0.182309 0.995834 -0.001862
v 0.185977 0.975697 -0.036034
v 0.178710 0.969032 -0.055866
v 0.177856 0.983543 -0.028368
v 0.193749 0.956785 -0.022749
v 0.179563 0.932812 -0.058153
v 0.186526 0.927152 -0.046729
v 0.172198 0.941092 -0.068144
v 0.163820 0.924854 -0.081169
v 0.146784 0.935807 -0.097092
v 0.026090 1.129984 -0.100102
v 0.017776 1.169311 -0.097089
v 0.025703 1.189358 -0.103489
v 0.026504 1.150695 -0.100588
v 0.017006 1.181225 -0.100049
v 0.161811 1.129684 0.007942
v 0.146212 1.111845 0.003851
v 0.158706 1.147017 -0.002367
v 0.149976 1.124921 0.002300
v 0.150347 1.119302 0.015763
v 0.160973 1.142916 0.010077
v 0.022673 1.098261 -0.076704
v 0.037977 1.079700 -0.105670
v 0.011563 1.033459 -0.092415
v 0.020768 1.045731 -0.108513
v 0.020996 1.016712 -0.095266
v 0.011535 1.041998 -0.101332
v 0.158626 1.082069 0.013464
v 0.162335 1.060887 0.004069
v 0.148398 1.094278 0.005913
v 0.160927 1.073303 0.004481
v 0.140959 1.095533 -0.017938
v 0.148222 1.104942 0.015219
v 0.144665 1.100912 -0.005327
v 0.139601 1.116512 -0.017112
v 0.015401 1.226257 -0.113781
v 0.023417 1.245864 -0.117142
v 0.017791 1.265160 -0.121028
v 0.025928 1.285041 -0.121524
v 0.016160 1.277273 -0.121912
v 0.016742 1.304615 -0.122118
v 0.020965 1.321345 -0.132470
v 0.015769 1.292470 -0.120766
v 0.156599 1.322503 -0.089613
v 0.106420 1.272597 -0.110084
v 0.115194 1.293118 -0.109259
v 0.116099 1.280559 -0.107041
v 0.128114 1.284439 -0.100333
v 0.151504 1.166656 0.014574
v 0.153395 1.177075 -0.004379
v 0.163328 1.182256 -0.017278
v 0.158027 1.164837 -0.043486
v 0.154915 1.212236 -0.031932
v 0.159987 1.198509 -0.033078
v 0.140954 1.212114 -0.059919
v 0.060546 0.929506 -0.133963
v 0.018395 0.946288 -0.131605
v 0.106826 0.930298 -0.123101
v 0.011557 0.995952 -0.104073
v 0.038978 0.949429 -0.130437
v 0.025981 1.426099 -0.093897
v 0.033386 1.414104 -0.100042
v 0.052147 1.406425 -0.097881
v 0.051747 1.416055 -0.091157
v 0.011358 1.417942 -0.105034
v 0.009236 1.378882 -0.099596
v 0.145844 1.370332 -0.109368
v 0.096785 1.382004 -0.122459
v 0.107134 1.386567 -0.116736
v 0.121413 1.375851 -0.116707
v 0.096763 1.366229 -0.123772
v 0.112489 1.357403 -0.116262
v 0.037753 1.375906 -0.105496
v 0.029910 1.391478 -0.099374
v 0.083543 1.364645 -0.129083
v 0.070239 1.336795 -0.130578
v 0.059726 1.364882 -0.123167
v 0.058102 1.352853 -0.136064
v 0.040758 1.359162 -0.121905
v 0.070695 1.349936 -0.132655
v 0.057764 1.339567 -0.134931
v 0.056517 1.316690 -0.123585
v 0.044994 1.353545 -0.133261
v 0.029054 1.352610 -0.130959
v 0.017805 1.357782 -0.121463
v 0.010016 1.340081 -0.138833
v 0.156508 1.035280 -0.043703
v 0.184078 0.992068 0.011883
v 0.182548 0.958522 -0.048900
v 0.171767 0.960719 -0.065754
v 0.154001 0.947644 -0.088482
v 0.140073 0.949435 -0.100017
v 0.013558 1.129823 -0.101270
v 0.036789 1.113739 -0.089351
v 0.021361 1.207065 -0.109275
v 0.049121 1.187072 -0.100791
v 0.049034 1.153132 -0.099052
v 0.037071 1.140165 -0.099975
v 0.013714 1.149703 -0.100838
v 0.158636 1.143686 -0.021946
v 0.010749 1.098856 -0.077272
v 0.021002 1.079027 -0.081388
v 0.016195 1.062079 -0.114035
v 0.045051 1.016558 -0.093758
v 0.008098 1.014022 -0.096672
v 0.156831 1.062605 0.016462
v 0.162896 1.044628 0.010568
v 0.161693 1.044003 -0.017454
v 0.164102 1.048955 -0.003799
v 0.166028 1.034662 -0.005671
v 0.165603 1.023760 -0.024530
v 0.010939 1.245600 -0.117622
v 0.044853 1.242348 -0.115552
v 0.042742 1.290085 -0.121770
v 0.049235 1.303649 -0.121448
v 0.048149 1.275130 -0.121051
v 0.075598 1.258853 -0.115549
v 0.051865 1.258275 -0.118254
v 0.064174 1.270256 -0.119328
v 0.089578 1.269223 -0.115064
v 0.063649 1.244828 -0.114248
v 0.077437 1.281410 -0.119461
v 0.090948 1.253923 -0.111271
v 0.098059 1.214418 -0.096427
v 0.098959 1.235184 -0.103105
v 0.072933 1.302342 -0.120518
v 0.078860 1.232929 -0.108349
v 0.078923 1.246158 -0.111733
v 0.083297 1.293188 -0.119284
v 0.009234 1.320938 -0.133544
v 0.033845 1.330041 -0.135274
v 0.034219 1.317923 -0.127679
v 0.167521 1.323587 -0.085269
v 0.141405 1.312640 -0.093937
v 0.157545 1.339688 -0.100379
v 0.161798 1.172599 -0.030570
v 0.149627 1.215700 -0.047823
v 0.144162 1.202696 -0.050852
v 0.052416 1.396962 -0.107473
v 0.040991 1.404261 -0.104539
v 0.122021 1.363894 -0.118283
v 0.127597 0.936123 -0.111121
v 0.037173 1.124386 -0.096385
v 0.062483 1.112018 -0.085604
v 0.033346 1.104921 -0.080417
v 0.020366 1.110834 -0.089151
v 0.016655 1.196406 -0.106691
v 0.044424 1.209628 -0.107872
v 0.036590 1.182018 -0.100921
v 0.037115 1.157592 -0.099342
v 0.049113 1.168004 -0.095363
v 0.160183 1.139671 -0.011472
v 0.145250 1.131101 -0.025015
v 0.120616 1.109324 -0.057918
v 0.129963 1.118634 -0.038130
v 0.135975 1.122453 -0.027391
v 0.150058 1.156529 -0.030391
v 0.032323 1.087098 -0.076194
v 0.050107 1.087923 -0.089490
v 0.034012 1.080961 -0.090435
v 0.018795 1.076931 -0.101757
v 0.011848 1.051261 -0.114943
v 0.040862 1.058557 -0.112994
v 0.033549 1.009882 -0.096979
v 0.054591 0.995073 -0.101758
v 0.039815 0.993497 -0.103431
v 0.044730 1.229060 -0.112298
v 0.032902 1.238265 -0.115252
v 0.035833 1.252347 -0.117869
v 0.112886 1.242647 -0.098818
v 0.060985 1.298162 -0.121892
v 0.074754 1.320361 -0.123213
v 0.089765 1.333988 -0.122572
v 0.079327 1.330404 -0.126465
v 0.089032 1.223730 -0.103111
v 0.073564 1.200586 -0.099644
v 0.072316 1.216908 -0.105101
v 0.084366 1.210469 -0.100125
v 0.059838 1.206450 -0.104849
v 0.061492 1.193577 -0.100590
v 0.151545 1.312807 -0.087800
v 0.123459 1.311741 -0.105752
v 0.143058 1.345670 -0.108138
v 0.159348 1.351329 -0.098352
v 0.120272 0.946601 -0.113065
v 0.048788 1.108889 -0.082984
v 0.052210 1.118939 -0.091381
v 0.032424 1.214296 -0.110328
v 0.033525 1.200624 -0.106517
v 0.134158 1.106361 -0.028315
v 0.141198 1.093606 -0.033224
v 0.120822 1.086403 -0.048036
v 0.131718 1.102333 -0.045752
v 0.131031 1.086304 -0.038868
v 0.119907 1.099001 -0.050360
v 0.094150 1.080197 -0.079758
v 0.113049 1.090427 -0.070652
v 0.145217 1.126047 -0.041547
v 0.136821 1.115709 -0.053903
v 0.150301 1.158012 -0.013440
v 0.063507 1.093147 -0.076084
v 0.028486 1.069934 -0.111449
v 0.007086 1.075083 -0.098590
v 0.027910 1.054938 -0.114339
v 0.081525 1.343861 -0.127071
v 0.101016 1.345132 -0.116923
v 0.121511 1.337281 -0.106744
v 0.112746 1.345518 -0.111752
v 0.130292 1.345922 -0.108606
v 0.107046 1.325686 -0.114262
v 0.133114 1.306714 -0.099700
v 0.141134 1.330713 -0.097459
v 0.132200 1.321068 -0.101117
v 0.069819 1.069237 -0.100683
v 0.052383 1.088562 -0.077805
v 0.071020 1.105282 -0.076500
v 0.089766 1.137486 -0.075478
v 0.080155 1.121683 -0.083264
v 0.065783 1.131263 -0.090128
v 0.056758 1.142755 -0.092206
v 0.075678 1.149171 -0.085513
v 0.077197 1.135432 -0.082887
v 0.119253 1.324387 -0.108348
v 0.108127 1.308672 -0.113144
v 0.096676 1.299899 -0.116892
v 0.085444 1.310113 -0.119556
v 0.097287 1.316870 -0.117848
v 0.056021 1.079856 -0.104188
v 0.073826 1.090709 -0.096745
v 0.052105 1.062424 -0.098488
v 0.060777 1.089387 -0.096852
v 0.041015 1.067231 -0.103462
v 0.083111 1.049895 -0.097463
v 0.059038 1.046100 -0.105295
v 0.066341 1.054271 -0.092648
v 0.053029 1.056637 -0.109420
v 0.077617 1.067050 -0.080593
v 0.071279 1.049670 -0.103308
v 0.078357 1.057000 -0.088009
v 0.097978 1.059021 -0.079940
v 0.104287 1.114407 -0.070632
v 0.126565 1.114079 -0.077528
v 0.131567 1.109699 -0.065712
v 0.122159 1.101216 -0.073848
v 0.103685 1.098881 -0.091102
v 0.115753 1.106331 -0.085321
v 0.065481 1.155322 -0.095342
v 0.096331 1.160048 -0.079863
v 0.073056 1.089612 -0.084010
v 0.085125 1.077069 -0.095021
v 0.089786 1.092063 -0.095920
v 0.099470 1.086861 -0.089160
v 0.044299 1.037318 -0.099411
v 0.045105 1.029195 -0.088174
v 0.031088 1.039507 -0.102051
v 0.099602 1.043712 -0.089163
v 0.092110 1.054331 -0.089745
v 0.111817 1.006410 -0.084943
v 0.080162 1.036800 -0.082721
v 0.106810 1.027954 -0.075893
v 0.087946 1.039644 -0.091713
v 0.105953 1.040880 -0.076739
v 0.093680 1.034295 -0.077904
v 0.086939 1.013832 -0.089300
v 0.096754 1.021551 -0.082984
v 0.089626 1.068304 -0.069007
v 0.099877 1.081617 -0.063296
v 0.109842 1.090366 -0.056852
v 0.093675 1.123181 -0.076577
v 0.089901 1.109595 -0.072053
v 0.099819 1.105795 -0.080371
v 0.092340 1.097124 -0.085226
v 0.087977 1.149658 -0.080288
v 0.069787 1.038280 -0.094133
v 0.072122 1.023175 -0.087586
v 0.069969 1.005779 -0.095426
v 0.058364 1.020541 -0.090576
v 0.112683 1.059151 -0.057814
v 0.111846 1.074725 -0.055485
v 0.101926 1.067163 -0.062065
v 0.126523 1.066336 -0.043726
v 0.089989 0.994514 -0.097550
v 0.070909 0.992167 -0.101477
v 0.055561 1.007354 -0.096293
v 0.044208 1.003305 -0.098913
v 0.108500 1.053661 -0.070488
v 0.143738 1.055371 -0.029796
v 0.149867 1.060651 -0.011384
v 0.132407 1.043338 -0.052255
v 0.121635 1.045953 -0.064587
v 0.132467 1.026618 -0.061960
v 0.119405 1.034351 -0.068290
v 0.136176 1.040437 -0.065941
v 0.146492 1.039404 -0.054686
v 0.082789 1.004176 -0.094533
v 0.098156 1.003960 -0.090715
v 0.108055 0.977588 -0.108178
v 0.109165 0.989110 -0.094167
v 0.134662 0.977580 -0.094181
v 0.154282 0.981176 -0.069955
v 0.167667 0.974040 -0.067243
v 0.147884 0.964449 -0.091182
v 0.157359 0.971994 -0.080399
v 0.119735 0.980684 -0.098548
v 0.126138 0.970046 -0.104421
v 0.135503 1.065251 -0.033372
v 0.142566 1.069480 -0.020603
v 0.135213 1.053050 -0.041593
v 0.149507 1.083251 -0.021254
v 0.149739 1.073421 -0.010604
v 0.145108 1.042598 -0.037942
v 0.151354 1.045411 -0.025987
v 0.124420 1.054839 -0.051203
v 0.093329 0.982874 -0.104836
v 0.127760 0.992143 -0.083193
v 0.161549 1.036689 -0.030030
v 0.116440 0.996126 -0.087889
v 0.130152 1.010196 -0.073752
v 0.119984 1.020989 -0.073666
v 0.140845 0.983817 -0.080335
v 0.143427 0.996648 -0.065661
v 0.123436 1.002939 -0.080690
v 0.143334 1.013023 -0.062057
v 0.148072 1.023428 -0.050372
v 0.161060 1.001238 -0.048604
v 0.171584 0.998100 -0.034334
v 0.159136 1.019796 -0.038726
v 0.152341 1.003771 -0.058979
v 0.172665 1.008794 -0.021281
v 0.164731 1.008319 -0.038645
v 0.155301 1.012700 -0.048511
v 0.135663 1.148109 -0.065704
v 0.137715 1.128546 -0.068012
v 0.148104 1.133844 -0.055387
v 0.152473 1.150790 -0.053528
v 0.119357 1.130407 -0.069171
v 0.103337 1.133064 -0.066899
v 0.101660 1.147551 -0.072158
v 0.106327 1.159187 -0.071964
v 0.128112 1.125909 -0.075406
v 0.115196 1.119777 -0.076582
v 0.152152 1.182621 -0.043185
v 0.146664 1.192290 -0.038273
v 0.139100 1.164823 -0.049647
v 0.150283 1.162594 -0.053254
v 0.139559 1.177572 -0.044534
v 0.126158 1.174616 -0.055546
v 0.117331 1.195738 -0.078432
v 0.094002 1.190032 -0.088120
v 0.086055 1.198277 -0.094988
v 0.078174 1.182110 -0.092383
v 0.117734 1.182717 -0.067875
v 0.091912 1.173318 -0.088878
v 0.079533 1.163159 -0.092420
v 0.066040 1.182847 -0.095969
v 0.107480 1.182259 -0.081608
v 0.130852 1.196418 -0.064754
v 0.130433 1.186544 -0.056665
v 0.142150 1.226645 -0.066757
v 0.127851 1.213826 -0.076404
v 0.124046 1.230340 -0.087038
v 0.133689 1.228657 -0.077440
v 0.133112 1.207612 -0.067808
v 0.113194 1.210851 -0.086993
v 0.105541 1.198617 -0.086231
v 0.110512 1.224466 -0.093911
v 0.131265 1.240649 -0.084715
v 0.096652 1.203451 -0.092330
v 0.171485 1.021459 -0.009854
v 0.048774 1.327517 -0.131584
v 0.061722 1.327133 -0.129083
v 0.058071 0.980727 -0.110898
v 0.059196 0.964413 -0.125636
v 0.044785 0.960911 -0.128076
v 0.050008 0.973967 -0.120260
v 0.069108 0.974354 -0.119404
v 0.091150 0.969908 -0.119239
v 0.108782 0.962597 -0.114972
v 0.077478 0.964363 -0.123146
v 0.161277 0.986520 -0.054647
v 0.117261 1.147922 -0.060088
v 0.125458 1.159440 -0.054435
v 0.124108 1.142587 -0.068848
v 0.285254 1.290057 0.004878
v 0.265810 1.293213 0.006248
v 0.246165 1.294797 0.007776
v 0.226363 1.293672 0.008447
v 0.207221 1.288491 0.008514
v 0.188566 1.282914 0.009036
v 0.295191 1.300071 -0.009538
v 0.305088 1.309426 -0.024736
v 0.314833 1.318439 -0.040678
v 0.323811 1.327285 -0.057412
v 0.331459 1.342097 -0.070518
v 0.337420 1.361342 -0.077037
v 0.342657 1.382275 -0.075606
v 0.346786 1.401653 -0.065877
v 0.349560 1.416306 -0.049477
v 0.350945 1.423255 -0.028828
v 0.350549 1.420215 -0.007164
v 0.347951 1.407905 0.010474
v 0.342532 1.389816 0.021450
v 0.334867 1.370311 0.024542
v 0.326584 1.351640 0.027408
v 0.318572 1.333221 0.030101
v 0.310587 1.314847 0.030727
v 0.302491 1.296688 0.029627
v 0.292906 1.281547 0.021110
v 0.275255 1.284385 0.018850
v 0.218239 1.289935 0.046498
v 0.247086 1.397953 0.029360
v 0.180731 1.276642 0.018359
v 0.197118 1.285328 0.031693
v 0.244554 1.408294 -0.067277
v 0.249034 1.330544 -0.068074
v 0.259799 1.306702 -0.034226
v 0.276935 1.300979 -0.006285
v 0.199115 1.283930 -0.013414
v 0.182173 1.274557 0.002470
v 0.197455 1.296083 0.053160
v 0.237039 1.286750 0.030022
v 0.257842 1.342403 0.044657
v 0.198745 1.402725 0.040507
v 0.294264 1.393375 0.032165
v 0.197385 1.285160 0.017985
v 0.216727 1.287597 0.026012
v 0.184553 1.283458 0.037708
v 0.295058 1.399196 -0.069507
v 0.202773 1.375798 -0.077133
v 0.195211 1.424617 -0.052371
v 0.285660 1.324286 -0.062815
v 0.215820 1.306869 -0.060718
v 0.237985 1.298566 -0.016470
v 0.198119 1.284966 -0.000190
v 0.188074 1.277616 -0.018868
v 0.205355 1.291156 -0.038678
v 0.197782 1.284539 -0.027642
v 0.191892 1.284168 -0.041060
v 0.219103 1.290416 -0.023691
v 0.198602 1.295602 -0.056184
v 0.184539 1.293117 0.055951
v 0.203400 1.286514 0.044700
v 0.197262 1.315691 0.064030
v 0.236313 1.290680 0.016955
v 0.275883 1.317024 0.038648
v 0.290599 1.353389 0.030305
v 0.181265 1.403648 0.058146
v 0.189394 1.371022 0.050427
v 0.204343 1.444920 0.004906
v 0.183596 1.423920 0.031142
v 0.316991 1.386665 0.024398
v 0.310646 1.417983 0.001336
v 0.225222 1.287580 0.035931
v 0.187534 1.281608 0.025332
v 0.320997 1.396002 -0.070550
v 0.181405 1.368598 -0.087406
v 0.171284 1.412542 -0.062190
v 0.179138 1.442884 -0.049413
v 0.303826 1.324773 -0.055334
v 0.297371 1.359341 -0.079185
v 0.195527 1.319678 -0.065794
v 0.236253 1.298362 -0.002155
v 0.220490 1.292511 -0.007338
v 0.256289 1.303611 -0.008414
v 0.211168 1.288055 -0.013889
v 0.189250 1.279430 -0.006288
v 0.230917 1.300348 -0.044518
v 0.210505 1.299902 -0.049183
v 0.186496 1.295097 -0.058563
v 0.190836 1.286318 0.047883
v 0.183556 1.310748 0.065582
v 0.217681 1.311324 0.052947
v 0.188164 1.332926 0.061090
v 0.292958 1.311106 0.035293
v 0.291783 1.332524 0.034102
v 0.276532 1.296039 0.035935
v 0.287444 1.321444 0.036551
v 0.283647 1.287358 0.028801
v 0.281638 1.306850 0.037905
v 0.308169 1.347902 0.030070
v 0.307017 1.367784 0.026653
v 0.296390 1.343552 0.031787
v 0.315902 1.358949 0.027857
v 0.168961 1.403855 0.064292
v 0.176483 1.386078 0.063588
v 0.176748 1.368221 0.062644
v 0.187255 1.388902 0.049949
v 0.185023 1.351452 0.055220
v 0.188806 1.401788 0.048105
v 0.192645 1.418819 0.044610
v 0.175978 1.355578 0.063119
v 0.216305 1.422961 0.022512
v 0.173603 1.415885 0.045416
v 0.201282 1.430126 0.031168
v 0.206933 1.414908 0.033186
v 0.209828 1.437750 0.018789
v 0.190719 1.431509 0.013605
v 0.222514 1.395052 0.036498
v 0.221674 1.410098 0.031032
v 0.233854 1.402789 0.031472
v 0.211525 1.402621 0.036850
v 0.206100 1.382551 0.043334
v 0.179088 1.442690 -0.015257
v 0.171855 1.439711 0.022109
v 0.330084 1.382931 0.023817
v 0.328210 1.402784 0.016071
v 0.327835 1.423832 -0.017996
v 0.335014 1.393906 -0.071010
v 0.322455 1.375813 -0.077697
v 0.330382 1.411553 -0.057546
v 0.168405 1.363556 -0.083327
v 0.169773 1.381961 -0.077833
v 0.180156 1.347957 -0.087598
v 0.169651 1.416273 -0.077210
v 0.172901 1.431676 -0.064833
v 0.166286 1.398513 -0.071568
v 0.190141 1.397581 -0.071684
v 0.178340 1.393637 -0.080399
v 0.178813 1.405003 -0.071952
v 0.188851 1.382494 -0.075890
v 0.186709 1.415524 -0.062608
v 0.178568 1.424901 -0.050431
v 0.163732 1.440547 -0.050207
v 0.169682 1.450616 -0.032313
v 0.283966 1.316134 -0.040375
v 0.284593 1.309734 -0.022368
v 0.302656 1.339141 -0.072018
v 0.201831 1.307550 -0.063660
v 0.188248 1.308255 -0.063654
v 0.251979 1.303771 -0.021687
v 0.240955 1.298216 -0.032585
v 0.267910 1.309146 -0.021574
v 0.272402 1.312226 -0.033553
v 0.227763 1.294008 -0.033704
v 0.256273 1.298169 0.001828
v 0.211017 1.299923 0.050333
v 0.176669 1.328867 0.065286
v 0.274611 1.341074 0.034034
v 0.305214 1.327791 0.032677
v 0.251213 1.303368 0.044707
v 0.235044 1.296236 0.046834
v 0.236215 1.315654 0.043717
v 0.257948 1.287241 0.030468
v 0.249618 1.287196 0.019163
v 0.262575 1.286607 0.017360
v 0.289946 1.297939 0.033422
v 0.302092 1.381424 0.030122
v 0.277222 1.371564 0.044157
v 0.289117 1.380410 0.038161
v 0.269190 1.387373 0.029187
v 0.287654 1.366399 0.035093
v 0.281027 1.388643 0.034581
v 0.273694 1.355975 0.040204
v 0.224682 1.351441 0.052714
v 0.183812 1.413416 0.051202
v 0.168210 1.431242 0.038777
v 0.164080 1.418571 0.053351
v 0.197227 1.390829 0.043366
v 0.165432 1.452074 -0.013281
v 0.168336 1.448002 0.005111
v 0.179286 1.439569 0.009420
v 0.160091 1.441800 0.023881
v 0.181692 1.432232 0.022252
v 0.339603 1.400645 0.016634
v 0.332689 1.416641 0.001538
v 0.310101 1.402871 0.022874
v 0.317837 1.411311 0.011862
v 0.288060 1.409911 0.014478
v 0.280109 1.398216 0.022795
v 0.302897 1.409304 0.012676
v 0.262745 1.414559 0.015398
v 0.294647 1.401132 0.021225
v 0.244734 1.414488 0.021144
v 0.264468 1.401272 0.024122
v 0.230377 1.418171 0.021998
v 0.240936 1.436206 -0.014420
v 0.240337 1.429263 0.006046
v 0.274628 1.409314 0.017960
v 0.251814 1.422014 0.010401
v 0.279096 1.427712 -0.018608
v 0.268420 1.425216 -0.001101
v 0.279473 1.418331 0.005985
v 0.295009 1.418739 0.002507
v 0.302618 1.425401 -0.019746
v 0.285518 1.423788 -0.006509
v 0.302999 1.421977 -0.007393
v 0.221971 1.434719 0.001407
v 0.226830 1.431072 0.015013
v 0.341527 1.423561 -0.017866
v 0.333965 1.373242 -0.077580
v 0.318118 1.355280 -0.077150
v 0.304741 1.383951 -0.076616
v 0.342057 1.410376 -0.058084
v 0.310664 1.409633 -0.060612
v 0.333469 1.421782 -0.038892
v 0.194089 1.356261 -0.076037
v 0.184335 1.330153 -0.081425
v 0.187802 1.343143 -0.076222
v 0.185956 1.318221 -0.074591
v 0.161036 1.429324 -0.066332
v 0.160282 1.399545 -0.081611
v 0.190405 1.448655 -0.031757
v 0.160976 1.442357 -0.030582
v 0.290695 1.319929 -0.051988
v 0.299441 1.317845 -0.040683
v 0.298014 1.329261 -0.065040
v 0.279127 1.342295 -0.074541
v 0.317066 1.335932 -0.068221
v 0.261729 1.327446 0.037035
v 0.246856 1.328998 0.045022
v 0.261369 1.313787 0.040932
v 0.264701 1.300772 0.041554
v 0.240781 1.342476 0.056418
v 0.249183 1.317919 0.040276
v 0.226719 1.305704 0.045684
v 0.270378 1.287159 0.029921
v 0.247302 1.291051 0.039101
v 0.204225 1.345638 0.054493
v 0.227815 1.371732 0.039769
v 0.322422 1.420676 -0.005544
v 0.259780 1.430834 -0.017819
v 0.252731 1.429071 -0.003636
v 0.234265 1.436136 -0.002803
v 0.305733 1.350931 -0.076593
v 0.310409 1.366987 -0.079079
v 0.307705 1.396264 -0.071142
v 0.316529 1.385562 -0.075534
v 0.321119 1.405740 -0.063175
v 0.283766 1.419751 -0.048841
v 0.318789 1.418136 -0.047327
v 0.301256 1.418349 -0.048400
v 0.296310 1.409263 -0.058963
v 0.292656 1.424472 -0.034249
v 0.309538 1.423100 -0.034668
v 0.290805 1.426780 -0.022167
v 0.315522 1.424885 -0.022557
v 0.183652 1.357470 -0.081556
v 0.189975 1.369083 -0.076959
v 0.229054 1.353251 -0.078066
v 0.209977 1.341417 -0.073569
v 0.188765 1.433508 -0.039100
v 0.217028 1.441847 -0.031911
v 0.223548 1.437757 -0.016250
v 0.201846 1.437130 -0.030404
v 0.207556 1.448183 -0.014455
v 0.211371 1.429652 -0.045008
v 0.214847 1.440975 -0.006978
v 0.238212 1.426970 -0.046201
v 0.216390 1.410293 -0.066119
v 0.225008 1.434083 -0.043471
v 0.235134 1.433571 -0.030271
v 0.226498 1.422002 -0.057595
v 0.209049 1.420741 -0.057181
v 0.201123 1.410535 -0.065527
v 0.208899 1.392811 -0.069820
v 0.253338 1.430031 -0.035588
v 0.240295 1.418805 -0.058101
v 0.262659 1.416633 -0.056647
v 0.277239 1.406595 -0.065573
v 0.230470 1.410449 -0.066243
v 0.179968 1.449517 -0.038796
v 0.294548 1.313041 -0.030037
v 0.254884 1.361435 0.050083
v 0.267884 1.362569 0.048169
v 0.218651 1.330957 0.061174
v 0.232650 1.326323 0.054378
v 0.192339 1.343070 0.056595
v 0.206934 1.363131 0.046018
v 0.219456 1.382026 0.039536
v 0.269236 1.427992 -0.012363
v 0.212210 1.360189 -0.077804
v 0.230487 1.379927 -0.076393
v 0.235234 1.395522 -0.072490
v 0.224999 1.366632 -0.076882
v 0.216659 1.377974 -0.077680
v 0.259798 1.389294 -0.074383
v 0.221945 1.391382 -0.075167
v 0.245104 1.384806 -0.077845
v 0.249060 1.396566 -0.072186
v 0.260540 1.361499 -0.080313
v 0.256188 1.375132 -0.078093
v 0.280602 1.378905 -0.078573
v 0.243607 1.362934 -0.079990
v 0.268739 1.372258 -0.079575
v 0.277198 1.358097 -0.079621
v 0.248884 1.345531 -0.078582
v 0.264652 1.347805 -0.075339
v 0.265254 1.334030 -0.068658
v 0.277629 1.331072 -0.068578
v 0.258773 1.313086 -0.056570
v 0.271337 1.312550 -0.048386
v 0.257956 1.324168 -0.062444
v 0.272284 1.318428 -0.060351
v 0.230806 1.333097 -0.076021
v 0.247924 1.303698 -0.046706
v 0.236749 1.316752 -0.056296
v 0.197540 1.333639 -0.070478
v 0.192342 1.450403 -0.016147
v 0.190130 1.440996 -0.002754
v 0.249607 1.433440 -0.023703
v 0.268990 1.427186 -0.031725
v 0.280261 1.424562 -0.037326
v 0.268706 1.423501 -0.045652
v 0.252106 1.423320 -0.048627
v 0.274957 1.414775 -0.056425
v 0.252555 1.349292 0.052868
v 0.239860 1.356046 0.052549
v 0.243519 1.367428 0.041479
v 0.230798 1.360685 0.045176
v 0.260597 1.375697 0.040565
v 0.241214 1.382212 0.033995
v 0.255318 1.383153 0.031183
v 0.227404 1.341377 0.059101
v 0.203583 1.332669 0.060539
v 0.200218 1.372378 0.045878
v 0.194539 1.359361 0.050027
v 0.213075 1.353771 0.049519
v 0.261607 1.405406 -0.067776
v 0.280445 1.393259 -0.072577
v 0.291764 1.387086 -0.075564
v 0.293680 1.373162 -0.078927
v 0.269100 1.397183 -0.071858
v 0.236506 1.344187 -0.078337
v 0.222686 1.342160 -0.075324
v 0.225425 1.308835 -0.051966
v 0.226395 1.318857 -0.068069
v 0.210887 1.319577 -0.069719
v 0.211646 1.318730 0.061196
v -0.281292 1.280146 -0.001642
v -0.261764 1.282439 -0.000444
v -0.242069 1.283464 0.000360
v -0.222370 1.283993 0.000984
v -0.202786 1.281855 0.000738
v -0.183480 1.279277 0.000607
v -0.290432 1.291058 -0.015735
v -0.299719 1.301833 -0.030053
v -0.309019 1.312676 -0.044700
v -0.317705 1.323266 -0.060244
v -0.324957 1.337805 -0.073589
v -0.330703 1.356800 -0.080444
v -0.335398 1.377480 -0.079829
v -0.338880 1.397006 -0.071323
v -0.341076 1.412365 -0.055751
v -0.341563 1.420011 -0.035789
v -0.340559 1.418118 -0.014634
v -0.338322 1.408066 0.003846
v -0.334494 1.392128 0.016942
v -0.328694 1.372707 0.021894
v -0.320985 1.353565 0.020888
v -0.312781 1.334951 0.019879
v -0.304898 1.316359 0.019149
v -0.297423 1.297814 0.018539
v -0.289757 1.279572 0.016282
v -0.272307 1.290836 -0.012771
v -0.215501 1.285016 -0.036982
v -0.194331 1.278420 -0.021550
v -0.240168 1.363433 -0.084641
v -0.177597 1.270091 -0.005931
v -0.236881 1.427581 -0.004981
v -0.241226 1.323796 0.044760
v -0.271944 1.277467 0.013601
v -0.213528 1.290559 0.035530
v -0.176050 1.272796 0.009796
v -0.192678 1.280582 0.023227
v -0.196121 1.280859 -0.047764
v -0.232693 1.291780 -0.020605
v -0.193323 1.279960 -0.008299
v -0.212933 1.285159 -0.016606
v -0.183560 1.271839 -0.026954
v -0.197062 1.353105 -0.093412
v -0.264376 1.319544 -0.072410
v -0.287277 1.374751 -0.081941
v -0.204104 1.416729 -0.062832
v -0.283943 1.407512 0.010359
v -0.213821 1.383300 0.037850
v -0.195042 1.423993 0.019629
v -0.270585 1.317760 0.026940
v -0.204021 1.320078 0.050467
v -0.193394 1.293667 0.046007
v -0.232702 1.280670 0.022972
v -0.192704 1.280053 0.009725
v -0.179995 1.280175 0.029089
v -0.212449 1.279240 0.018161
v -0.183888 1.276823 -0.049337
v -0.200965 1.280234 -0.034615
v -0.194272 1.296279 -0.065218
v -0.232242 1.287863 -0.007796
v -0.221648 1.287713 -0.026371
v -0.184445 1.274486 -0.014522
v -0.178470 1.346702 -0.083984
v -0.179503 1.381636 -0.084077
v -0.289773 1.320213 -0.062051
v -0.302313 1.352203 -0.080977
v -0.311146 1.390775 -0.075543
v -0.177773 1.426760 -0.072162
v -0.301022 1.421637 -0.025923
v -0.311240 1.404495 0.010419
v -0.287823 1.373889 0.033025
v -0.185475 1.372362 0.052920
v -0.169668 1.430511 0.025517
v -0.186034 1.439377 -0.021354
v -0.287256 1.312173 0.022334
v -0.277962 1.294365 0.022313
v -0.288140 1.336626 0.026182
v -0.275499 1.306572 0.024035
v -0.253272 1.294661 0.025765
v -0.294173 1.324720 0.022530
v -0.252281 1.278162 0.016413
v -0.185013 1.312275 0.050195
v -0.189470 1.338492 0.049959
v -0.197876 1.306510 0.051005
v -0.220902 1.308170 0.046379
v -0.184997 1.300324 0.051805
v -0.191564 1.325248 0.046627
v -0.179132 1.327638 0.055126
v -0.198931 1.287019 0.034673
v -0.232241 1.280075 0.009442
v -0.182606 1.278058 0.016793
v -0.220698 1.283879 0.027252
v -0.189270 1.275979 -0.037627
v -0.181576 1.290996 -0.065041
v -0.215865 1.292992 -0.057131
v -0.187596 1.309879 -0.078764
v -0.167146 1.342411 -0.087902
v -0.179190 1.327736 -0.080344
v -0.168436 1.362001 -0.087953
v -0.185206 1.363029 -0.084272
v -0.163125 1.378474 -0.086031
v -0.166791 1.400501 -0.081713
v -0.158972 1.390783 -0.085536
v -0.303512 1.318942 -0.056766
v -0.304032 1.332910 -0.072727
v -0.287429 1.310984 -0.043859
v -0.279381 1.301714 -0.027996
v -0.317061 1.349251 -0.079900
v -0.314651 1.370586 -0.081690
v -0.326119 1.389037 -0.075882
v -0.321376 1.406452 -0.063461
v -0.160265 1.431088 -0.076320
v -0.160700 1.416507 -0.085715
v -0.166950 1.440316 -0.054712
v -0.177118 1.414228 -0.084797
v -0.156318 1.435628 -0.063399
v -0.181010 1.397601 -0.089820
v -0.186582 1.408431 -0.068646
v -0.199745 1.378190 -0.082189
v -0.191070 1.385863 -0.090912
v -0.193344 1.370677 -0.093129
v -0.195767 1.395115 -0.076948
v -0.184952 1.400522 -0.078319
v -0.230771 1.397152 -0.079134
v -0.199932 1.406955 -0.071573
v -0.213274 1.395742 -0.077078
v -0.221683 1.410653 -0.067906
v -0.322399 1.420826 -0.025846
v -0.325959 1.403083 0.010991
v -0.321298 1.415684 -0.005068
v -0.314076 1.387193 0.021340
v -0.169315 1.367235 0.056534
v -0.170152 1.389905 0.050512
v -0.182225 1.354112 0.055425
v -0.174562 1.378335 0.053826
v -0.176812 1.341116 0.057439
v -0.155126 1.429879 0.024026
v -0.163251 1.444278 0.012525
v -0.161830 1.415377 0.035285
v -0.166923 1.452510 -0.024134
v -0.302615 1.349139 0.024247
v -0.285864 1.354139 0.034394
v -0.309002 1.368156 0.025202
v -0.265053 1.287118 0.021907
v -0.244968 1.284869 0.024284
v -0.234655 1.299589 0.034266
v -0.208166 1.298929 0.045576
v -0.223098 1.325705 0.049694
v -0.209962 1.338615 0.040494
v -0.212193 1.328993 0.046386
v -0.202461 1.359427 0.044598
v -0.192963 1.351075 0.048954
v -0.209777 1.284604 -0.048197
v -0.175945 1.306111 -0.077210
v -0.201236 1.329924 -0.084754
v -0.315308 1.331081 -0.069400
v -0.281429 1.337523 -0.078505
v -0.298355 1.309000 -0.039482
v -0.271184 1.308695 -0.056819
v -0.255371 1.299014 -0.026022
v -0.248014 1.291597 -0.012940
v -0.259961 1.289481 -0.010223
v -0.302270 1.378760 -0.080904
v -0.296986 1.364959 -0.082775
v -0.277772 1.356184 -0.083221
v -0.326515 1.368505 -0.081683
v -0.333339 1.405588 -0.063803
v -0.324678 1.417662 -0.046338
v -0.282284 1.412472 -0.059193
v -0.157719 1.444972 -0.041647
v -0.186492 1.422845 -0.055493
v -0.227276 1.431470 -0.036791
v -0.334413 1.420739 -0.025329
v -0.299735 1.413446 -0.004262
v -0.310968 1.419143 -0.015277
v -0.333256 1.415270 -0.004955
v -0.325632 1.384493 0.021300
v -0.294345 1.392439 0.019487
v -0.159052 1.382369 0.050326
v -0.159072 1.399549 0.043564
v -0.160998 1.451770 -0.003718
v -0.157820 1.449497 -0.015459
v -0.180662 1.438382 -0.002056
v -0.168967 1.442747 0.000906
v -0.176382 1.434406 0.012189
v -0.190406 1.433228 0.008732
v -0.181604 1.425587 0.021366
v -0.217396 1.429358 0.003061
v -0.186589 1.405439 0.036630
v -0.204512 1.429877 0.010019
v -0.188432 1.417326 0.029927
v -0.199628 1.439602 -0.006657
v -0.175991 1.415199 0.037775
v -0.175387 1.402440 0.045084
v -0.188046 1.388986 0.044775
v -0.204656 1.400110 0.041665
v -0.205846 1.412114 0.028252
v -0.215762 1.420317 0.017108
v -0.200631 1.378338 0.047553
v -0.224444 1.426252 0.007387
v -0.250236 1.407259 0.019375
v -0.240004 1.418668 0.010417
v -0.264921 1.421321 -0.004762
v -0.225674 1.404555 0.027507
v -0.255326 1.416703 0.007355
v -0.250749 1.424035 -0.004210
v -0.270351 1.413272 0.006935
v -0.248111 1.428678 -0.030931
v -0.282769 1.418689 -0.005763
v -0.246019 1.429102 -0.016472
v -0.235153 1.431692 -0.018906
v -0.236762 1.409810 0.020805
v -0.212037 1.407146 0.031030
v -0.217466 1.395447 0.033243
v -0.242669 1.380591 0.031394
v -0.228565 1.385248 0.034012
v -0.241450 1.395956 0.027171
v -0.226723 1.359446 0.034729
v -0.222158 1.372435 0.036534
v -0.221181 1.416458 0.019134
v -0.274619 1.423501 -0.030301
v -0.260833 1.426693 -0.022035
v -0.293869 1.419998 -0.014076
v -0.281608 1.422686 -0.018921
v -0.239898 1.429561 -0.031766
v -0.240419 1.421179 -0.055217
v -0.229940 1.429065 -0.004697
v -0.215441 1.435385 -0.017075
v -0.237814 1.342712 0.042237
v -0.270003 1.423581 -0.015573
v -0.224399 1.433132 -0.024914
v -0.234508 1.332485 0.048227
v -0.266605 1.337620 0.038020
v -0.297903 1.360086 0.029366
v -0.301633 1.379827 0.027875
v -0.235243 1.310829 0.042344
v -0.252952 1.314415 0.034547
v -0.255195 1.327493 0.039549
v -0.253213 1.340980 0.045763
v -0.252473 1.360677 0.034429
v -0.248656 1.349857 0.039568
v -0.261145 1.306667 0.026507
v -0.222686 1.298986 0.039110
v -0.188308 1.336341 -0.089329
v -0.190240 1.322011 -0.084675
v -0.207006 1.314800 -0.069276
v -0.289910 1.328486 -0.073241
v -0.278241 1.320080 -0.069521
v -0.295076 1.340460 -0.078141
v -0.270835 1.306531 -0.040775
v -0.267049 1.302266 -0.030003
v -0.282776 1.313055 -0.054455
v -0.243796 1.301683 -0.061467
v -0.237322 1.292708 -0.042400
v -0.255892 1.300695 -0.049101
v -0.262536 1.374477 -0.083231
v -0.256627 1.340318 -0.080989
v -0.312061 1.420305 -0.037220
v -0.293635 1.420448 -0.044548
v -0.300676 1.405556 -0.065375
v -0.309507 1.414506 -0.053400
v -0.291115 1.392399 -0.075850
v -0.287316 1.403391 -0.068382
v -0.258413 1.401110 -0.070456
v -0.272516 1.405429 -0.068396
v -0.261683 1.418484 -0.053709
v -0.270634 1.390130 -0.078097
v -0.275052 1.378701 -0.081867
v -0.180016 1.435404 -0.059555
v -0.184624 1.433668 -0.039974
v -0.205969 1.433933 -0.037162
v -0.174809 1.447454 -0.039842
v -0.178082 1.447810 -0.026886
v -0.180662 1.418400 -0.064660
v -0.219234 1.424035 -0.053514
v -0.310543 1.412327 0.000834
v -0.297959 1.407255 0.008399
v -0.306573 1.395419 0.018159
v -0.188291 1.443823 -0.009948
v -0.268669 1.390479 0.023842
v -0.271172 1.401907 0.015409
v -0.254315 1.389205 0.027218
v -0.281190 1.394733 0.019872
v -0.262790 1.374207 0.028049
v -0.279218 1.381195 0.025112
v -0.250711 1.371897 0.030471
v -0.270721 1.362428 0.038809
v -0.264913 1.349880 0.042818
v -0.209116 1.370738 0.040483
v -0.239077 1.409323 -0.068697
v -0.245191 1.398297 -0.076233
v -0.239423 1.381394 -0.080986
v -0.251348 1.415237 -0.063379
v -0.255592 1.387766 -0.080127
v -0.220021 1.371177 -0.088419
v -0.249346 1.373277 -0.083949
v -0.256298 1.357455 -0.083730
v -0.231651 1.372064 -0.084043
v -0.221456 1.385895 -0.084416
v -0.205895 1.364082 -0.086676
v -0.218608 1.347479 -0.081480
v -0.217037 1.358008 -0.089318
v -0.265925 1.349840 -0.082826
v -0.267910 1.363350 -0.083899
v -0.210393 1.433945 -0.005929
v -0.200950 1.436999 -0.021295
v -0.194741 1.436072 -0.032520
v -0.223923 1.345583 0.038723
v -0.213735 1.354205 0.038542
v -0.279030 1.342400 0.033554
v -0.246749 1.303714 0.031274
v -0.195588 1.308288 -0.069263
v -0.208916 1.300622 -0.066893
v -0.227101 1.304419 -0.066874
v -0.243211 1.317380 -0.074270
v -0.258075 1.308408 -0.063881
v -0.231210 1.293860 -0.055158
v -0.249148 1.297932 -0.037565
v -0.288740 1.422404 -0.031365
v -0.277987 1.421045 -0.046074
v -0.311351 1.401241 -0.068788
v -0.295074 1.413433 -0.056081
v -0.251285 1.428007 -0.046752
v -0.263544 1.424055 -0.039647
v -0.195938 1.429305 -0.046586
v -0.228899 1.418223 -0.060139
v -0.230775 1.425981 -0.048006
v -0.216099 1.430155 -0.042962
v -0.259874 1.399522 0.021596
v -0.216625 1.330284 -0.074496
v -0.222169 1.316729 -0.073161
v -0.235959 1.337752 -0.078446
v -0.245509 1.347986 -0.082178
v -0.232146 1.351660 -0.082908
v -0.254379 1.326659 -0.077979
v -0.267607 1.333099 -0.078975
v -0.206356 1.422291 -0.050660
v -0.233056 1.324928 -0.076261
v -0.226617 1.361565 -0.083824
v -0.206927 1.343127 -0.088748
vn 0.272228 0.445532 0.852873
vn 0.557121 0.298385 0.774973
vn 0.531753 0.095530 0.841495
vn 0.722174 -0.007678 0.691668
vn 0.759131 0.211984 0.615454
vn 0.832761 0.541170 0.116813
vn 0.886423 0.462640 0.014791
vn 0.553277 0.825520 -0.111360
vn 0.552274 0.825219 0.118354
vn 0.384484 0.906997 0.171840
vn -0.199435 0.921308 0.333792
vn 0.075992 0.996198 -0.042597
vn 0.304684 0.950332 -0.063529
vn -0.041477 0.944644 -0.325464
vn -0.101930 0.994673 -0.015364
vn 0.013371 0.943427 0.331309
vn -0.177420 0.751445 0.635494
vn -0.481749 0.586445 0.651153
vn -0.488950 0.522400 0.698589
vn 0.045809 0.417767 0.907399
vn 0.488562 0.057213 0.870652
vn 0.553879 -0.000389 0.832597
vn 0.557093 0.066100 0.827815
vn 0.551915 0.012878 0.833801
vn 0.603913 -0.323024 0.728660
vn 0.644622 -0.614604 0.454670
vn 0.803106 -0.561073 0.200545
vn 0.867749 -0.483912 0.113317
vn 0.961637 -0.261752 0.082102
vn 0.984852 -0.152403 0.082705
vn 0.971878 -0.191929 0.136444
vn 0.924356 -0.341816 0.169490
vn 0.999979 -0.003200 0.005698
vn 0.936235 0.322370 -0.139792
vn 0.985690 0.117436 0.120934
vn 0.890143 -0.432919 -0.142222
vn 0.967199 -0.210361 -0.142390
vn 0.968795 0.234893 0.079125
vn 0.977161 0.082579 0.195797
vn 0.927741 0.369440 0.053012
vn 0.903275 0.427373 0.038045
vn 0.922579 0.384383 0.033130
vn 0.958012 0.282184 0.050842
vn 0.868602 0.488544 0.082799
vn 0.922989 0.381141 0.053128
vn 0.996262 0.084477 0.018034
vn 0.993472 0.114021 -0.003486
vn 0.992738 0.116864 -0.028526
vn 0.986696 0.088759 0.136207
vn 0.943064 0.044927 0.329563
vn 0.849763 0.067626 0.522810
vn 0.679525 0.106668 0.725856
vn 0.548206 0.120527 0.827613
vn 0.379409 0.126830 0.916495
vn 0.294259 0.058500 0.953934
vn 0.297205 -0.131649 0.945694
vn 0.296286 -0.181885 0.937621
vn 0.295495 -0.284175 0.912101
vn 0.189530 -0.325055 0.926508
vn -0.028537 -0.343710 0.938642
vn -0.046008 -0.301682 0.952298
vn -0.077053 -0.053499 0.995591
vn -0.088455 0.066711 0.993844
vn -0.031119 -0.102769 0.994218
vn -0.027088 -0.031390 0.999140
vn -0.052176 0.075031 0.995815
vn -0.038329 0.134164 0.990218
vn -0.027552 0.158521 0.986971
vn -0.011456 0.124767 0.992120
vn -0.017800 0.112759 0.993463
vn -0.010828 0.111047 0.993756
vn -0.009513 0.106173 0.994302
vn -0.006803 0.101352 0.994827
vn -0.011974 0.089392 0.995924
vn -0.013721 0.058286 0.998206
vn -0.017335 0.006425 0.999829
vn -0.008212 -0.030857 0.999490
vn -0.010816 0.074850 0.997136
vn -0.010359 0.321578 0.946827
vn 0.000585 0.540505 0.841341
vn -0.017668 0.582308 0.812776
vn -0.010614 0.370331 0.928839
vn -0.005507 0.145105 0.989401
vn 0.058939 0.256127 0.964845
vn 0.254388 0.401813 0.879678
vn 0.462612 0.405396 0.788444
vn 0.417367 0.381026 0.824999
vn 0.306440 0.408953 0.859565
vn 0.638472 0.328288 0.696118
vn -0.040103 0.524635 0.850382
vn 0.613307 0.704356 0.357404
vn 0.728343 0.684448 0.032379
vn 0.801214 0.567384 0.190083
vn 0.501329 0.826050 0.257509
vn -0.075325 0.991021 0.110473
vn -0.008790 0.997896 -0.064235
vn 0.103857 0.960064 0.259790
vn -0.111692 0.990701 0.077701
vn -0.153560 0.464378 0.872223
vn 0.910483 0.410848 0.047170
vn 0.852425 0.519098 0.062520
vn 0.292365 0.890773 0.347916
vn 0.028905 0.664860 0.746408
vn 0.409780 0.283929 0.866871
vn 0.710958 0.565498 0.418032
vn 0.309472 0.918917 0.244577
vn -0.192098 0.958904 0.208812
vn -0.151515 0.892391 0.425065
vn 0.479930 0.355455 0.802072
vn 0.597996 0.255702 0.759616
vn 0.583410 0.219718 0.781893
vn 0.680431 0.314175 0.662048
vn 0.576244 0.615699 0.537455
vn 0.232319 0.917086 0.324008
vn 0.721614 0.652375 0.231689
vn -0.143978 0.946641 0.288342
vn 0.110186 0.303987 0.946283
vn 0.678366 0.067195 0.731645
vn 0.579976 0.114295 0.806575
vn 0.346218 0.837077 0.423597
vn 0.704614 0.654550 0.274013
vn -0.526554 0.751646 0.397202
vn -0.161089 0.857412 0.488768
vn 0.344490 0.819129 0.458645
vn -0.231318 0.879915 0.415020
vn 0.181165 0.730459 0.658490
vn 0.117993 0.790358 0.601176
vn -0.271698 0.862522 0.426892
vn 0.253517 0.647548 0.718617
vn 0.111610 0.979132 0.169835
vn -0.045105 0.553023 0.831944
vn -0.167244 0.284566 0.943955
vn 0.594953 0.762430 0.254424
vn 0.115444 -0.325437 0.938490
vn 0.321207 0.068830 0.944504
vn 0.810706 -0.022142 0.585035
vn 0.661447 -0.166184 0.731349
vn 0.256982 0.602107 0.755928
vn 0.691804 0.127176 0.710797
vn 0.859933 0.192312 0.472791
vn 0.987411 0.125185 0.096684
vn 0.968102 -0.158130 0.194352
vn 0.938403 -0.321925 0.125553
vn 0.942728 -0.253227 0.217117
vn 0.975705 -0.182014 0.121944
vn -0.061578 0.703046 0.708473
vn -0.202627 0.744675 0.635925
vn -0.321670 0.928616 0.184933
vn 0.597796 0.330521 0.730339
vn 0.610013 0.363471 0.704112
vn -0.224869 0.938478 0.262094
vn -0.266016 0.906942 0.326638
vn 0.056392 0.809932 0.583806
vn 0.031000 0.450419 0.892279
vn 0.052454 0.263981 0.963101
vn -0.357184 0.536123 0.764847
vn 0.315742 0.397039 0.861781
vn -0.481083 0.645328 0.593389
vn 0.231563 0.335421 0.913166
vn -0.415230 0.719634 0.556517
vn -0.398336 0.737856 0.544882
vn -0.155186 0.611393 0.775961
vn -0.129375 0.598445 0.790649
vn 0.384934 0.070888 0.920218
vn 0.398181 0.141388 0.906345
vn -0.460590 0.475561 0.749466
vn 0.276142 -0.092306 0.956674
vn 0.177903 0.007081 0.984023
vn 0.160838 -0.258649 0.952487
vn 0.342860 -0.352383 0.870789
vn 0.419421 -0.200812 0.885303
vn 0.499047 0.442664 0.744984
vn 0.249886 0.052637 0.966843
vn 0.120772 -0.017764 0.992521
vn 0.874963 -0.181008 0.449083
vn 0.455023 0.311673 0.834155
vn 0.121354 0.508901 0.852228
vn -0.015229 0.462537 0.886469
vn 0.840366 0.261679 0.474668
vn 0.881571 0.151802 0.446978
vn 0.961786 0.126811 0.242665
vn 0.938697 0.241994 0.245533
vn 0.628040 0.012396 0.778082
vn 0.934547 -0.285189 0.212814
vn 0.880789 -0.390766 0.267417
vn 0.831768 0.215565 0.511560
vn 0.914646 -0.084573 0.395311
vn 0.962444 -0.221206 0.157384
vn -0.405400 0.709308 0.576657
vn 0.074434 0.483973 0.871911
vn -0.040447 0.503317 0.863155
vn 0.130926 0.233484 0.963506
vn 0.495761 0.045964 0.867242
vn 0.150363 0.018918 0.988450
vn 0.036945 0.018731 0.999142
vn 0.134104 0.042721 0.990046
vn 0.073881 -0.244415 0.966852
vn 0.241266 -0.326596 0.913852
vn 0.329431 -0.324368 0.886713
vn 0.265857 -0.277652 0.923163
vn 0.314948 -0.266399 0.910955
vn 0.365423 -0.269372 0.891013
vn 0.383540 -0.213420 0.898526
vn 0.967866 0.125683 0.217806
vn 0.940555 -0.277607 -0.195678
vn 0.062168 0.097738 0.993269
vn 0.310118 0.057536 0.948955
vn 0.024289 0.024524 0.999404
vn 0.964800 0.174938 0.196361
vn 0.691210 0.124528 0.711843
vn 0.060784 0.321704 0.944887
vn 0.423777 0.612373 0.667393
vn -0.005991 0.574073 0.818782
vn -0.015401 0.242902 0.969929
vn 0.883488 0.339798 0.322471
vn 0.887307 0.367976 0.277992
vn 0.890262 0.128864 0.436838
vn 0.767304 0.136515 0.626584
vn 0.964791 0.126967 0.230344
vn 0.989220 0.097794 0.108996
vn 0.990008 0.089605 0.108879
vn 0.955016 0.093605 0.281395
vn 0.923088 0.134117 0.360446
vn 0.848221 0.496992 0.183085
vn 0.823259 0.455887 0.338247
vn 0.477115 0.041061 0.877881
vn 0.936545 -0.305705 0.171545
vn 0.954843 -0.133516 0.265420
vn 0.946383 -0.031714 0.321487
vn 0.829075 -0.258457 0.495817
vn 0.738348 -0.075678 0.670161
vn 0.903942 -0.271399 0.330503
vn 0.611913 0.123248 0.781263
vn 0.825378 -0.029386 0.563815
vn 0.532859 0.246105 0.809626
vn 0.883731 0.101782 0.456793
vn 0.517271 0.168457 0.839078
vn 0.489539 0.164372 0.856349
vn -0.224474 0.747547 0.625129
vn 0.079210 0.635281 0.768208
vn -0.014802 0.704066 0.709980
vn 0.071274 0.411453 0.908640
vn 0.490149 -0.003361 0.871632
vn 0.040471 0.033539 0.998618
vn 0.078175 0.106144 0.991273
vn 0.027327 -0.009028 0.999586
vn 0.253180 0.130511 0.958575
vn 0.071892 -0.095423 0.992837
vn 0.340519 -0.237280 0.909805
vn 0.324559 -0.256623 0.910388
vn 0.378850 -0.352597 0.855657
vn 0.369913 0.207147 0.905679
vn 0.328381 -0.038856 0.943746
vn 0.397827 -0.006265 0.917439
vn 0.954932 0.284107 0.085958
vn 0.999179 0.008807 0.039547
vn 0.978254 -0.192383 0.077509
vn 0.992802 0.107830 0.052122
vn 0.778125 -0.585864 -0.226461
vn 0.024193 0.109921 0.993646
vn 0.064169 0.108854 0.991984
vn 0.036580 0.099196 0.994395
vn 0.058673 0.102714 0.992979
vn 0.023559 0.104333 0.994263
vn 0.125509 0.117930 0.985058
vn 0.008099 0.029410 0.999535
vn 0.021158 0.074226 0.997017
vn 0.005046 -0.022036 0.999744
vn 0.967470 0.246475 0.057017
vn 0.986797 -0.087214 0.136475
vn 0.904835 0.000183 0.425763
vn 0.975340 0.074505 0.207754
vn 0.035175 0.249815 0.967654
vn 0.004130 0.522213 0.852805
vn 0.157187 0.287498 0.944795
vn -0.003308 0.575486 0.817805
vn -0.006833 0.453012 0.891478
vn -0.006478 0.186710 0.982394
vn -0.003339 -0.002837 0.999990
vn 0.922861 0.352043 0.156180
vn 0.927395 0.296454 0.228151
vn 0.907767 0.382420 0.172380
vn 0.917006 0.369642 0.149880
vn 0.755299 0.136548 0.640998
vn 0.803475 0.077776 0.590236
vn 0.610591 0.122547 0.782407
vn 0.940436 0.292364 0.173503
vn 0.763324 0.547957 0.342168
vn 0.787666 0.407289 0.462273
vn 0.459258 0.138096 0.877503
vn 0.976366 -0.174613 0.127355
vn 0.756033 -0.252455 0.603889
vn 0.552852 0.137600 0.821840
vn 0.445428 0.069431 0.892622
vn 0.457555 0.124692 0.880395
vn 0.190346 0.562839 0.804351
vn -0.091257 0.262957 0.960482
vn -0.084587 0.634664 0.768145
vn -0.121134 0.734120 0.668128
vn -0.069228 0.710101 0.700688
vn 0.007660 0.109845 0.993919
vn 0.390867 0.118721 0.912759
vn 0.055662 0.159899 0.985563
vn 0.248021 -0.020540 0.968537
vn 0.199852 -0.141547 0.969548
vn 0.201427 -0.053404 0.978047
vn 0.345662 0.088571 0.934170
vn 0.312758 -0.152865 0.937451
vn 0.396487 0.021691 0.917784
vn 0.366653 0.105615 0.924343
vn 0.511151 -0.167748 0.842962
vn 0.462814 -0.230128 0.856063
vn 0.952787 0.289895 0.090321
vn 0.604169 0.415660 0.679858
vn 0.999711 0.017739 0.016208
vn 0.968762 0.245225 0.036957
vn 0.975711 0.128173 0.177653
vn 0.022744 0.111696 0.993482
vn 0.039706 0.115187 0.992550
vn 0.037616 0.131326 0.990625
vn 0.152732 0.086970 0.984433
vn 0.088376 0.106188 0.990411
vn 0.017210 0.091862 0.995623
vn 0.005887 0.076295 0.997068
vn 0.069346 0.058861 0.995855
vn 0.065901 0.086319 0.994086
vn 0.041932 0.091472 0.994924
vn -0.002598 -0.021672 0.999762
vn 0.020183 -0.050432 0.998524
vn 0.945369 -0.290043 0.148838
vn 0.980099 -0.086928 0.178463
vn 0.924032 0.201915 0.324646
vn 0.788863 0.192169 0.583752
vn 0.743818 0.344639 0.572677
vn -0.023280 0.509755 0.860004
vn 0.000221 0.567801 0.823166
vn 0.103819 0.232010 0.967157
vn 0.317380 0.492679 0.810270
vn 0.346389 0.470692 0.811458
vn -0.008736 0.394149 0.919005
vn -0.005864 0.535230 0.844686
vn -0.009259 0.572190 0.820069
vn 0.010497 0.448421 0.893761
vn 0.003886 0.002487 0.999989
vn 0.886753 0.291084 0.359081
vn 0.896606 0.235907 0.374760
vn 0.932441 0.309751 0.186033
vn 0.955295 0.229838 0.185971
vn 0.820193 0.269469 0.504649
vn 0.845756 0.308597 0.435275
vn 0.882204 0.172964 0.437949
vn 0.889869 0.311405 0.333405
vn 0.889962 0.092031 0.446652
vn 0.586857 0.517473 0.622752
vn 0.696069 0.082839 0.713180
vn 0.580307 0.031971 0.813770
vn 0.586667 -0.020574 0.809567
vn 0.507756 -0.095655 0.856174
vn 0.553782 0.328242 0.765234
vn 0.697391 0.499655 0.513799
vn 0.975445 -0.144128 0.166539
vn 0.962675 -0.179706 0.202390
vn 0.950935 -0.244986 0.188957
vn 0.883079 -0.018349 0.468865
vn 0.124259 0.596738 0.792757
vn 0.291427 0.544286 0.786653
vn -0.237517 0.115119 0.964538
vn 0.059368 0.497599 0.865373
vn 0.236171 0.077775 0.968594
vn 0.271928 -0.002342 0.962315
vn 0.458015 -0.091033 0.884271
vn 0.384379 -0.110429 0.916547
vn 0.338230 0.061428 0.939057
vn 0.395553 -0.003211 0.918437
vn 0.975430 -0.073822 0.207572
vn 0.995659 -0.084122 -0.039837
vn 0.907126 0.099373 0.408958
vn 0.775561 0.014382 0.631109
vn 0.872298 0.061454 0.485097
vn 0.058033 0.163999 0.984752
vn 0.216871 0.080083 0.972910
vn 0.139001 0.081241 0.986954
vn 0.031964 0.059114 0.997739
vn 0.019085 -0.016970 0.999674
vn -0.007066 -0.011287 0.999911
vn -0.011497 0.192282 0.981272
vn 0.851826 -0.337538 0.400576
vn 0.913127 -0.136844 0.384023
vn 0.017031 0.508868 0.860676
vn 0.088727 0.395082 0.914351
vn 0.138056 0.256521 0.956628
vn 0.236909 0.663699 0.709491
vn 0.006864 0.657546 0.753383
vn 0.156633 0.643417 0.749320
vn 0.125565 0.593247 0.795167
vn 0.074118 0.576824 0.813499
vn 0.042246 0.549240 0.834596
vn 0.047660 0.567874 0.821734
vn 0.226509 0.508896 0.830493
vn 0.469580 0.480325 0.740799
vn 0.324664 0.538661 0.777456
vn 0.401073 0.559196 0.725562
vn 0.543036 0.478137 0.690288
vn -0.009673 0.579813 0.814692
vn 0.120229 0.503885 0.855363
vn 0.789368 0.197097 0.581422
vn 0.708813 0.081637 0.700656
vn 0.590173 0.449058 0.670852
vn 0.664276 0.422535 0.616604
vn 0.802655 0.198956 0.562283
vn 0.807568 0.254487 0.532043
vn 0.966540 -0.109820 0.231819
vn 0.934146 -0.103356 0.341597
vn 0.875500 -0.332181 0.350936
vn 0.898078 0.072620 0.433799
vn 0.068499 0.654334 0.753097
vn 0.112050 0.585263 0.803064
vn 0.129934 0.563738 0.815669
vn 0.253247 0.574685 0.778205
vn 0.463904 0.412310 0.784087
vn 0.216768 0.582333 0.783517
vn -0.033325 0.422235 0.905874
vn -0.339442 0.096469 0.935667
vn 0.439096 0.472277 0.764296
vn 0.533338 0.416301 0.736372
vn 0.159466 0.059585 0.985404
vn 0.281661 0.142979 0.948802
vn 0.266094 0.112904 0.957312
vn 0.393292 0.106765 0.913194
vn 0.435327 -0.059544 0.898301
vn 0.585388 0.065171 0.808130
vn 0.440363 0.091982 0.893096
vn 0.415601 0.187549 0.890001
vn 0.460434 0.380087 0.802206
vn 0.483393 0.053217 0.873785
vn 0.485630 0.225453 0.844591
vn 0.532988 0.047177 0.844807
vn 0.943837 -0.015289 0.330057
vn 0.787866 0.190875 0.585521
vn 0.866349 -0.123701 0.483877
vn 0.671000 0.146976 0.726745
vn 0.269989 0.039254 0.962063
vn 0.227864 0.057671 0.971984
vn 0.141152 0.080673 0.986695
vn 0.146798 0.074352 0.986368
vn 0.085832 0.092791 0.991979
vn 0.072459 0.090501 0.993257
vn 0.166105 0.077454 0.983062
vn -0.008846 0.031729 0.999457
vn 0.004323 -0.034839 0.999384
vn 0.213278 -0.133917 0.967770
vn 0.865483 0.006276 0.500899
vn 0.945266 -0.109925 0.307228
vn 0.951766 -0.048695 0.302937
vn 0.848872 0.066816 0.524358
vn 0.284124 0.567936 0.772478
vn 0.025141 0.605152 0.795712
vn 0.056558 0.592905 0.803284
vn 0.181244 0.582981 0.792012
vn 0.498654 0.589524 0.635457
vn 0.320898 0.543464 0.775675
vn 0.383255 0.580236 0.718639
vn 0.288515 0.593947 0.750990
vn 0.006845 0.529334 0.848386
vn 0.024744 0.396312 0.917782
vn 0.047634 0.087438 0.995030
vn 0.013335 0.167482 0.985785
vn 0.849737 0.223318 0.477574
vn 0.746239 0.151896 0.648116
vn 0.916591 -0.308388 0.254477
vn 0.105418 0.606731 0.787886
vn 0.136019 0.579456 0.803573
vn 0.060841 0.513402 0.855989
vn 0.648845 0.379419 0.659577
vn 0.304057 0.136489 0.942826
vn 0.176202 0.133988 0.975192
vn 0.629407 -0.001932 0.777073
vn 0.559459 0.038563 0.827960
vn 0.506539 0.033353 0.861572
vn 0.592883 0.139119 0.793181
vn 0.446525 0.075148 0.891610
vn 0.529532 0.099112 0.842480
vn 0.582031 0.094693 0.807634
vn 0.536658 0.128233 0.833999
vn 0.602895 0.073877 0.794393
vn 0.613701 0.139153 0.777179
vn 0.543733 0.045406 0.838029
vn 0.628605 0.179663 0.756688
vn 0.694706 0.131773 0.707120
vn 0.479352 -0.020144 0.877391
vn 0.673636 0.175401 0.717948
vn 0.724776 0.193172 0.661350
vn 0.691009 0.088503 0.717407
vn 0.624065 0.180736 0.760182
vn 0.672626 0.171966 0.719723
vn 0.626480 0.137130 0.767280
vn 0.621780 0.136096 0.771276
vn 0.607522 0.194224 0.770191
vn 0.569015 0.386179 0.726008
vn 0.712781 0.011175 0.701298
vn 0.713008 0.213242 0.667943
vn 0.554882 0.258633 0.790705
vn 0.311222 0.465797 0.828356
vn 0.177392 0.334473 0.925559
vn 0.399040 0.277173 0.874038
vn 0.201283 0.130098 0.970855
vn 0.519192 -0.163503 0.838872
vn 0.398356 0.083289 0.913442
vn 0.730434 0.255520 0.633385
vn 0.876135 -0.123614 0.465948
vn 0.856484 -0.306633 0.415225
vn 0.871530 -0.220893 0.437769
vn 0.892088 -0.205600 0.402378
vn 0.853429 -0.267987 0.447037
vn 0.837600 0.047393 0.544224
vn 0.197853 0.533488 0.822341
vn 0.208533 0.532381 0.820417
vn 0.305500 0.519180 0.798199
vn 0.501525 0.493346 0.710692
vn 0.240717 0.561829 0.791457
vn 0.366276 0.646498 0.669240
vn 0.147139 0.628610 0.763675
vn 0.124148 0.607104 0.784865
vn 0.079440 -0.127153 0.988697
vn 0.545302 0.012805 0.838142
vn 0.489820 -0.083057 0.867858
vn 0.464968 0.121178 0.876995
vn 0.745693 -0.035698 0.665333
vn 0.601650 -0.037448 0.797881
vn 0.734618 -0.087446 0.672822
vn 0.540359 -0.028777 0.840942
vn 0.637980 -0.063948 0.767393
vn 0.385152 0.022300 0.922584
vn 0.234259 0.052432 0.970759
vn 0.351186 0.021578 0.936057
vn 0.325220 0.024872 0.945311
vn 0.406571 0.024623 0.913287
vn 0.647413 0.113542 0.753634
vn 0.646753 0.136815 0.750328
vn 0.759736 0.209927 0.615412
vn 0.617536 0.067684 0.783625
vn 0.540765 0.217284 0.812626
vn 0.802515 -0.028924 0.595931
vn 0.567538 0.327945 0.755217
vn 0.715888 0.120630 0.687715
vn 0.708087 0.204779 0.675780
vn 0.759728 0.238474 0.604932
vn 0.788170 0.142652 0.598697
vn 0.720446 0.136497 0.679946
vn 0.542701 0.487383 0.684056
vn 0.403607 0.547961 0.732694
vn 0.666495 0.287697 0.687761
vn 0.877327 -0.005526 0.479861
vn 0.069737 -0.113244 0.991117
vn 0.859626 -0.131439 0.493727
vn 0.785063 -0.105638 0.610341
vn 0.845850 -0.075045 0.528116
vn 0.689037 0.141293 0.710819
vn 0.675052 0.166777 0.718673
vn 0.642621 0.099085 0.759750
vn 0.617747 0.185679 0.764141
vn 0.613861 0.189422 0.766351
vn 0.680580 0.200718 0.704644
vn 0.684683 0.230479 0.691439
vn 0.502405 0.390379 0.771487
vn 0.808504 -0.055851 0.585835
vn 0.787523 0.193919 0.584981
vn 0.737808 0.312732 0.598195
vn 0.667819 0.321972 0.671083
vn 0.749685 0.214099 0.626206
vn 0.583883 0.353443 0.730862
vn 0.616463 0.422711 0.664296
vn 0.585592 0.287861 0.757772
vn 0.564616 0.130986 0.814893
vn 0.689800 -0.123984 0.713305
vn 0.530731 -0.271578 0.802851
vn 0.465448 0.409847 0.784464
vn 0.897208 -0.093983 0.431491
vn 0.837811 -0.114263 0.533869
vn 0.876258 -0.114024 0.468156
vn 0.883935 -0.139162 0.446422
vn 0.835663 -0.113876 0.537307
vn 0.783262 0.054467 0.619302
vn 0.685634 0.241158 0.686840
vn 0.470919 0.405823 0.783290
vn 0.693496 -0.303768 0.653290
vn 0.364846 -0.254243 0.895683
vn 0.844876 0.011530 0.534838
vn 0.609914 -0.317806 0.725951
vn 0.852774 -0.140343 0.503071
vn 0.863053 -0.159660 0.479215
vn 0.895514 -0.089209 0.436000
vn 0.844753 -0.355903 0.399656
vn 0.771765 -0.194912 0.605300
vn 0.817868 -0.275767 0.505020
vn 0.951239 -0.009558 0.308307
vn 0.940288 -0.167715 0.296193
vn 0.885745 -0.320346 0.335907
vn 0.945062 -0.205235 0.254434
vn 0.861915 -0.229770 0.452004
vn 0.773306 -0.340653 0.534746
vn 0.895962 -0.200023 0.396537
vn 0.053120 0.009582 0.998542
vn 0.041646 0.080470 0.995887
vn 0.988450 0.033257 0.147851
vn 0.382096 0.372610 0.845674
vn 0.420357 0.161368 0.892894
vn 0.158241 0.395453 0.904752
vn 0.190130 0.405307 0.894191
vn 0.461282 0.178161 0.869182
vn 0.155600 0.166151 0.973747
vn 0.254940 0.041099 0.966083
vn 0.003175 -0.044803 0.998991
vn 0.074469 -0.069270 0.994815
vn 0.900769 -0.173762 0.398022
vn 0.569826 -0.029639 0.821231
vn 0.783603 -0.082884 0.615708
vn 0.641112 -0.049326 0.765860
vn 0.411911 0.011345 0.911154
vn 0.251589 0.055078 0.966266
vn 0.373552 0.020402 0.927385
vn 0.223141 0.059023 0.972998
vn 0.484989 -0.000764 0.874520
vn 0.367264 0.031358 0.929588
vn 0.139166 0.064571 0.988162
vn 0.111834 0.080005 0.990501
vn 0.619948 -0.046687 0.783253
vn 0.175083 0.032062 0.984031
vn 0.318280 -0.088206 0.943884
vn 0.365946 -0.217958 0.904753
vn 0.160159 -0.103341 0.981667
vn 0.482784 -0.122571 0.867119
vn 0.436972 -0.035276 0.898783
vn 0.078177 0.077703 0.993907
vn 0.565478 -0.020402 0.824511
vn 0.797235 -0.112458 0.593101
vn 0.102849 0.041582 0.993827
vn 0.208674 -0.025529 0.977652
vn 0.207104 -0.206842 0.956203
vn 0.742712 -0.091402 0.663343
vn 0.343062 0.031834 0.938773
vn 0.842447 -0.155307 0.515909
vn 0.783555 -0.128925 0.607799
vn 0.717422 -0.092011 0.690535
vn 0.741931 -0.061642 0.667636
vn 0.289148 -0.000431 0.957284
vn 0.846952 -0.148099 0.510626
vn 0.416381 0.011029 0.909123
vn 0.585055 -0.074924 0.807525
vn -0.325087 0.482237 0.813490
vn -0.755246 0.218044 0.618110
vn -0.809446 0.108546 0.577074
vn -0.936591 -0.007346 0.350348
vn -0.992898 0.100315 0.063957
vn -0.839486 0.526936 -0.132672
vn -0.436218 0.804429 -0.403247
vn -0.572391 0.806743 -0.146744
vn -0.448359 0.893378 -0.029157
vn -0.280813 0.958719 -0.044736
vn 0.121174 0.982306 -0.142797
vn -0.161282 0.947417 -0.276385
vn 0.183171 0.941878 -0.281627
vn 0.260222 0.961336 -0.090099
vn 0.229794 0.970414 0.074107
vn -0.314440 0.718860 0.619974
vn -0.634377 0.342857 0.692831
vn -0.611851 0.401069 0.681750
vn -0.651418 0.393209 0.648876
vn -0.570258 0.352286 0.742092
vn -0.419433 0.226901 0.878972
vn -0.540061 0.100575 0.835595
vn -0.603015 -0.033974 0.797006
vn -0.592045 -0.257577 0.763634
vn -0.646426 -0.572785 0.504035
vn -0.817462 -0.533830 0.216290
vn -0.912800 -0.381544 0.145673
vn -0.978175 -0.167823 0.122510
vn -0.983094 -0.147874 0.107979
vn -0.983807 -0.170812 0.054288
vn -0.992645 -0.011832 -0.120480
vn -0.934404 0.136147 -0.329170
vn -0.938868 0.213153 -0.270356
vn -0.941248 -0.255849 0.220439
vn -0.768838 -0.467567 0.436198
vn -0.998235 0.042968 0.040991
vn -0.839805 0.537275 0.077867
vn -0.853194 0.517539 0.064909
vn -0.993553 -0.111740 -0.019137
vn -0.999104 0.012142 0.040554
vn -0.922110 0.383542 0.051067
vn -0.948137 0.305781 0.086802
vn -0.894777 0.440009 0.075928
vn -0.865538 0.498217 0.051234
vn -0.992746 0.119586 0.012429
vn -0.993821 0.110992 -0.001096
vn -0.990703 0.132511 -0.030787
vn -0.972908 0.162680 0.164271
vn -0.931296 0.114683 0.345740
vn -0.825027 0.121342 0.551911
vn -0.719219 0.110872 0.685880
vn -0.534576 0.123499 0.836048
vn -0.396027 0.130200 0.908961
vn -0.314719 0.039253 0.948373
vn -0.316513 -0.092456 0.944072
vn -0.314475 -0.175174 0.932963
vn -0.283588 -0.263574 0.922012
vn -0.195621 -0.335585 0.921474
vn -0.351843 0.933575 0.068142
vn 0.502644 0.596726 0.625513
vn -0.809294 0.189211 0.556096
vn -0.762895 0.630921 -0.141174
vn -0.100458 0.462415 0.880954
vn -0.764329 0.217456 0.607054
vn -0.094704 0.969372 -0.226602
vn -0.515454 0.564548 0.644664
vn -0.636648 0.337878 0.693194
vn -0.179143 0.951910 -0.248546
vn 0.094392 0.988522 -0.117962
vn -0.263000 0.863239 -0.430870
vn -0.502979 0.850635 -0.153074
vn -0.835663 0.231497 0.498073
vn -0.353013 0.917907 -0.181187
vn -0.410711 0.511517 0.754763
vn -0.859293 0.505009 0.081127
vn -0.900956 0.010401 0.433785
vn -0.207116 0.845354 0.492423
vn -0.930235 0.188923 0.314596
vn 0.271564 0.609119 0.745136
vn -0.494956 0.544589 0.677083
vn -0.642220 0.515287 0.567479
vn -0.022594 0.679299 0.733514
vn -0.984162 0.150138 0.094249
vn -0.682704 0.471336 0.558352
vn -0.822346 -0.239048 0.516337
vn -0.957579 -0.139739 0.252023
vn -0.958763 -0.237575 0.155988
vn -0.966457 -0.136592 0.217493
vn -0.948338 -0.243934 0.202856
vn -0.976198 -0.122393 0.179046
vn -0.981991 -0.128172 0.138803
vn -0.257543 0.523740 0.812014
vn -0.453494 -0.004305 0.891249
vn -0.161158 -0.326558 0.931337
vn -0.097207 0.909569 0.404023
vn -0.660068 0.266601 0.702306
vn 0.348241 0.629268 0.694803
vn -0.219236 0.933032 0.285283
vn -0.780988 0.223160 0.583316
vn -0.819546 0.155574 0.551490
vn -0.832797 0.155010 0.531433
vn -0.841573 0.117362 0.527239
vn -0.727892 0.293826 0.619548
vn -0.416484 0.905963 0.075982
vn 0.097600 0.951846 0.290626
vn -0.359589 0.778037 0.515125
vn 0.074449 0.752153 0.654769
vn -0.863434 0.251458 0.437322
vn -0.740859 0.546697 0.390192
vn -0.765955 0.090097 0.636550
vn -0.846901 0.156751 0.508123
vn -0.587613 0.043021 0.807998
vn -0.240099 0.064583 0.968598
vn -0.276186 -0.045851 0.960010
vn -0.954643 0.051187 0.293320
vn -0.903494 -0.081167 0.420845
vn -0.978664 -0.137814 0.152394
vn -0.995146 0.005371 0.098264
vn -0.964301 -0.166064 0.206267
vn -0.945285 0.148741 0.290367
vn -0.964846 -0.109887 0.238740
vn -0.956737 0.146488 0.251389
vn -0.986806 0.161294 -0.014054
vn -0.605980 0.209437 0.767414
vn -0.021031 0.521682 0.852881
vn -0.204677 0.471679 0.857687
vn -0.394852 -0.206257 0.895293
vn -0.257297 0.042945 0.965378
vn 0.440570 0.861584 0.252131
vn 0.244453 0.851755 0.463417
vn -0.148655 0.417209 0.896570
vn -0.398634 0.389188 0.830436
vn -0.541659 0.324059 0.775623
vn 0.029679 0.675326 0.736922
vn 0.106669 0.561280 0.820723
vn -0.289256 0.916339 0.276865
vn 0.220155 0.973917 -0.054933
vn -0.268290 0.952694 0.142809
vn -0.924872 -0.099637 0.366993
vn -0.916059 0.305745 0.259531
vn -0.807457 0.533665 0.251427
vn -0.953033 0.162847 0.255361
vn -0.983943 0.107264 0.142654
vn -0.926946 0.269803 0.260726
vn -0.738797 0.604598 0.297725
vn -0.988869 0.085897 0.121493
vn -0.908931 0.122596 0.398516
vn -0.932988 0.322625 0.159521
vn -0.947981 0.103578 0.301006
vn -0.954095 0.152849 0.257565
vn -0.765476 0.134160 0.629323
vn -0.584409 0.072452 0.808219
vn -0.827656 0.122527 0.547697
vn -0.879025 0.142514 0.454978
vn -0.700777 0.096001 0.706891
vn -0.830924 -0.377481 0.408747
vn -0.943597 0.174254 0.281532
vn -0.249292 0.096757 0.963583
vn -0.079956 0.101714 0.991595
vn -0.101607 0.061873 0.992899
vn -0.853466 -0.246129 0.459366
vn -0.911910 -0.249396 0.325917
vn -0.713759 0.106097 0.692308
vn -0.801938 -0.083684 0.591517
vn -0.922924 -0.222924 0.313873
vn -0.971831 -0.111075 0.207861
vn -0.985028 0.154199 0.077082
vn -0.869646 -0.189717 0.455768
vn -0.936687 0.067839 0.343532
vn -0.775658 -0.472613 0.418320
vn -0.976930 0.002109 0.213551
vn -0.640131 0.110863 0.760225
vn -0.012168 0.499245 0.866376
vn -0.025900 -0.046655 0.998575
vn -0.011907 0.510570 0.859754
vn -0.227704 0.204409 0.952034
vn -0.345907 -0.209566 0.914566
vn -0.331377 -0.312990 0.890071
vn -0.268861 -0.314941 0.910234
vn -0.413091 -0.202400 0.887914
vn -0.354522 -0.306195 0.883492
vn -0.361322 -0.149797 0.920330
vn -0.131076 -0.072392 0.988726
vn -0.160944 -0.068629 0.984575
vn -0.174101 0.006409 0.984707
vn -0.200226 -0.166795 0.965448
vn -0.101658 0.131370 0.986107
vn -0.031975 0.739576 0.672314
vn -0.481495 0.608444 0.630840
vn 0.565232 0.456994 0.686782
vn 0.132894 0.748474 0.649713
vn -0.029254 0.454520 0.890256
vn -0.406093 0.402765 0.820286
vn -0.764762 0.206206 0.610424
vn -0.083591 0.388598 0.917608
vn -0.241146 0.320003 0.916213
vn -0.098319 0.741684 0.663504
vn 0.505314 0.473466 0.721449
vn -0.281718 0.640984 0.713985
vn -0.436430 0.558780 0.705191
vn -0.370575 0.550276 0.748245
vn -0.637767 0.399687 0.658410
vn 0.410312 0.558156 0.721183
vn 0.613144 0.535246 0.581005
vn -0.155100 0.676142 0.720261
vn -0.721447 0.403994 0.562407
vn -0.439426 0.373857 0.816784
vn -0.424608 0.411214 0.806605
vn -0.945226 -0.243236 0.217678
vn -0.939332 0.307257 0.152471
vn -0.865549 0.205930 0.456528
vn -0.892201 0.248025 0.377440
vn -0.924379 0.351584 0.148029
vn -0.620281 0.137957 0.772153
vn -0.479580 0.107411 0.870899
vn -0.396718 -0.008950 0.917897
vn -0.364735 -0.050480 0.929742
vn -0.466497 0.353347 0.810880
vn -0.563640 -0.004625 0.826008
vn -0.550275 0.008841 0.834937
vn -0.457049 -0.096709 0.884169
vn -0.497284 -0.065590 0.865105
vn -0.406214 0.097027 0.908612
vn -0.504523 0.091850 0.858499
vn -0.444097 0.231527 0.865548
vn -0.447038 -0.113969 0.887225
vn -0.454881 0.163551 0.875405
vn -0.723612 -0.541211 0.428341
vn -0.958896 0.097106 0.266624
vn -0.685236 -0.573858 0.448485
vn -0.982913 -0.072395 0.169236
vn -0.977651 0.187091 0.095897
vn -0.663546 0.678432 0.315336
vn -0.989398 0.115463 0.088085
vn -0.953437 0.150876 0.261141
vn -0.089751 0.139296 0.986175
vn -0.046910 0.107266 0.993123
vn -0.059475 0.099942 0.993214
vn -0.081267 0.101706 0.991490
vn -0.049574 0.103712 0.993371
vn -0.056279 0.106965 0.992669
vn -0.049155 0.072957 0.996123
vn -0.945448 -0.210602 0.248547
vn -0.949058 -0.150057 0.277078
vn -0.727678 -0.319902 0.606751
vn -0.899587 0.097556 0.425706
vn -0.924516 0.124107 0.360371
vn -0.909679 0.115872 0.398821
vn -0.929020 0.012222 0.369829
vn -0.874242 -0.119453 0.470566
vn -0.911714 -0.163791 0.376764
vn -0.892157 0.014559 0.451490
vn -0.765656 -0.070213 0.639407
vn -0.820873 -0.054912 0.568465
vn -0.820976 -0.043638 0.569292
vn -0.861668 0.044418 0.505525
vn -0.851250 -0.275588 0.446569
vn -0.859708 -0.033339 0.509697
vn -0.865167 -0.311709 0.392841
vn -0.804514 -0.296408 0.514684
vn -0.655844 -0.094619 0.748943
vn -0.711586 -0.228178 0.664515
vn -0.724803 -0.559084 0.402599
vn -0.755426 -0.105315 0.646715
vn -0.806091 -0.134913 0.576207
vn -0.493139 -0.269476 0.827161
vn -0.697479 -0.546494 0.463539
vn -0.617915 -0.652136 0.439204
vn -0.780510 -0.421392 0.461771
vn -0.765877 -0.078104 0.638226
vn -0.572634 -0.312211 0.758034
vn -0.575652 -0.158049 0.802275
vn -0.532108 0.280837 0.798744
vn -0.486819 -0.066088 0.870999
vn -0.623347 -0.021934 0.781637
vn -0.600986 -0.272063 0.751531
vn -0.838271 -0.292331 0.460266
vn -0.785699 -0.131250 0.604525
vn -0.789319 -0.450356 0.417320
vn -0.405299 -0.160191 0.900040
vn -0.146524 -0.166869 0.975031
vn -0.288496 -0.220775 0.931680
vn -0.621248 -0.011802 0.783525
vn -0.829838 -0.372355 0.415596
vn -0.862656 0.018715 0.505445
vn -0.890759 0.126310 0.436571
vn -0.810889 -0.365938 0.456670
vn -0.220069 -0.147937 0.964201
vn -0.159548 0.005308 0.987176
vn -0.087069 -0.101686 0.990999
vn -0.293907 -0.114895 0.948903
vn -0.575692 -0.034328 0.816945
vn -0.720423 -0.074712 0.689499
vn -0.938880 0.111692 0.325623
vn -0.760471 -0.097708 0.641979
vn -0.482683 -0.237093 0.843092
vn -0.317571 0.032582 0.947674
vn -0.389527 -0.013871 0.920911
vn -0.232111 0.024226 0.972388
vn -0.184973 0.060484 0.980880
vn -0.134378 0.048563 0.989739
vn -0.454566 0.015563 0.890577
vn -0.653804 0.097070 0.750412
vn -0.625029 0.084174 0.776050
vn -0.008907 0.435428 0.900180
vn -0.008962 0.586849 0.809647
vn 0.004005 0.197215 0.980352
vn -0.011536 0.503014 0.864201
vn -0.091557 0.295332 0.950998
vn -0.130465 0.174940 0.975897
vn -0.325898 -0.252707 0.911005
vn -0.260155 -0.300772 0.917527
vn -0.162255 -0.263999 0.950777
vn -0.078897 -0.099764 0.991878
vn -0.096526 0.045840 0.994274
vn -0.402738 0.108222 0.908895
vn -0.275644 0.051578 0.959875
vn -0.197749 0.039997 0.979436
vn -0.280981 -0.270316 0.920858
vn -0.168125 0.896171 0.410624
vn 0.290635 0.691898 0.660915
vn -0.545611 0.471368 0.692907
vn -0.850531 0.304474 0.428827
vn -0.744278 0.259283 0.615486
vn -0.713626 0.165840 0.680614
vn 0.053257 0.500979 0.863820
vn -0.271239 0.339261 0.900739
vn -0.400565 0.282608 0.871596
vn -0.881837 0.358853 0.305923
vn -0.909629 0.362644 0.202645
vn -0.886822 0.216658 0.408174
vn -0.749470 0.486375 0.449148
vn -0.828816 0.391520 0.399721
vn -0.832418 0.128554 0.539031
vn -0.690571 0.345537 0.635386
vn -0.642212 0.118145 0.757367
vn -0.739778 0.199585 0.642569
vn -0.419853 0.253627 0.871434
vn -0.714827 0.608584 0.344453
vn -0.835325 0.405230 0.371512
vn -0.653838 0.621416 0.431668
vn -0.056642 0.133322 0.989453
vn -0.196680 0.128922 0.971955
vn -0.106388 0.100880 0.989194
vn -0.089037 0.141481 0.985929
vn -0.134899 0.142062 0.980623
vn -0.201083 0.103802 0.974059
vn -0.325994 0.128848 0.936550
vn -0.042939 0.090686 0.994953
vn -0.134016 0.088621 0.987009
vn -0.178940 0.078497 0.980724
vn -0.128071 0.093922 0.987308
vn -0.029751 0.075794 0.996680
vn -0.038710 0.040182 0.998442
vn -0.908133 -0.282852 0.308690
vn -0.771244 -0.428040 0.471132
vn -0.038076 -0.094995 0.994749
vn -0.023923 0.143685 0.989334
vn -0.129179 -0.062389 0.989657
vn -0.550153 0.070811 0.832056
vn -0.663894 -0.037886 0.746867
vn -0.381030 0.042936 0.923565
vn -0.630255 -0.070819 0.773151
vn -0.508506 0.018323 0.860864
vn -0.723376 -0.110165 0.681608
vn -0.467769 0.030927 0.883309
vn -0.345338 0.048949 0.937201
vn -0.286152 0.064664 0.956000
vn -0.570011 -0.056479 0.819694
vn -0.528203 -0.045598 0.847893
vn -0.294455 0.040478 0.954808
vn -0.314660 0.028767 0.948768
vn -0.234725 0.071386 0.969437
vn -0.326849 0.015062 0.944957
vn -0.515158 -0.043459 0.855992
vn -0.710322 -0.043381 0.702539
vn -0.784704 -0.183167 0.592191
vn -0.598295 0.115132 0.792961
vn -0.424513 0.247662 0.870892
vn -0.532022 0.150385 0.833269
vn -0.547050 0.158687 0.821921
vn -0.341170 0.337083 0.877484
vn -0.013685 0.592856 0.805192
vn -0.004531 0.582299 0.812962
vn -0.024173 0.191528 0.981189
vn -0.008125 0.023360 0.999694
vn -0.104883 0.333553 0.936879
vn -0.015058 0.423600 0.905724
vn -0.045445 0.549995 0.833931
vn -0.037821 0.228047 0.972915
vn -0.537616 -0.000631 0.843189
vn -0.532405 0.604601 0.592455
vn -0.406674 0.459546 0.789578
vn -0.719610 0.293731 0.629193
vn -0.759785 0.269799 0.591553
vn -0.687989 0.367709 0.625669
vn -0.590919 0.505661 0.628587
vn 0.423152 0.551820 0.718636
vn 0.026385 0.494817 0.868597
vn -0.113571 0.425274 0.897911
vn 0.482093 0.593558 0.644418
vn 0.547762 0.549133 0.631197
vn 0.311158 0.644207 0.698698
vn -0.126492 0.666447 0.734744
vn -0.216271 0.651956 0.726760
vn -0.116690 0.607635 0.785598
vn -0.276371 0.561490 0.779967
vn -0.879658 0.315303 0.356071
vn -0.865662 0.286681 0.410418
vn -0.947628 0.093451 0.305397
vn -0.935847 0.311611 0.164590
vn -0.654682 0.561286 0.506310
vn -0.529417 0.311647 0.789046
vn -0.625138 0.132516 0.769183
vn -0.604046 0.447864 0.659201
vn -0.538330 0.331433 0.774825
vn -0.691591 0.280225 0.665715
vn -0.591246 0.027700 0.806015
vn -0.562305 0.158218 0.811652
vn -0.476814 0.235328 0.846918
vn -0.814020 0.211729 0.540872
vn -0.819795 0.189324 0.540456
vn -0.765833 0.238505 0.597172
vn -0.930163 -0.214354 0.298076
vn -0.923434 0.159174 0.349188
vn -0.345875 0.090821 0.933875
vn -0.269025 0.131012 0.954181
vn -0.380357 0.047126 0.923638
vn -0.044953 0.101481 0.993821
vn -0.073902 0.081347 0.993942
vn -0.085119 0.096497 0.991687
vn -0.099681 0.097117 0.990269
vn -0.147819 0.115896 0.982201
vn -0.072889 0.116206 0.990547
vn -0.119107 0.089121 0.988874
vn -0.220313 0.059739 0.973598
vn -0.235840 0.056965 0.970121
vn -0.082228 0.022305 0.996364
vn 0.009528 0.279017 0.960239
vn -0.182399 0.303552 0.935193
vn -0.133394 -0.002951 0.991059
vn -0.270597 0.054017 0.961176
vn -0.174714 0.075254 0.981739
vn -0.100615 0.092164 0.990648
vn -0.111587 0.080203 0.990513
vn -0.197576 0.074258 0.977471
vn -0.150859 0.088374 0.984597
vn -0.415792 0.313355 0.853772
vn 0.085677 0.599799 0.795551
vn -0.003481 0.574332 0.818615
vn -0.011137 0.467945 0.883687
vn -0.000580 0.601584 0.798810
vn -0.000415 0.092931 0.995672
vn -0.035170 -0.051695 0.998043
vn -0.062500 0.637728 0.767722
vn -0.115663 0.592674 0.797094
vn -0.523580 -0.105942 0.845364
vn -0.394666 -0.077421 0.915557
vn -0.286118 -0.074749 0.955274
vn -0.310243 -0.160680 0.936980
vn -0.422831 -0.147267 0.894163
vn -0.573690 -0.017616 0.818883
vn -0.471569 -0.084745 0.877747
vn -0.432957 0.023506 0.901108
vn -0.645151 0.134167 0.752183
vn -0.536271 -0.052650 0.842402
vn -0.366356 0.016367 0.930331
vn -0.633424 0.093054 0.768189
vn -0.630081 0.082000 0.772187
vn -0.693970 0.173700 0.698738
vn -0.665472 0.142983 0.732600
vn -0.612978 0.040335 0.789070
vn -0.593519 0.069320 0.801829
vn -0.662873 0.132635 0.736890
vn -0.651994 0.132057 0.746635
vn -0.612178 0.115442 0.782247
vn -0.570562 0.114676 0.813209
vn -0.711466 0.197215 0.674480
vn -0.681833 0.159825 0.713835
vn -0.561011 0.072640 0.824615
vn -0.495862 0.067121 0.865804
vn -0.378882 0.413848 0.827755
vn -0.616527 0.454582 0.642846
vn 0.548897 0.462946 0.695984
vn -0.022469 0.659701 0.751193
vn 0.247300 0.629418 0.736665
vn 0.322175 0.595811 0.735672
vn -0.125021 0.600934 0.789461
vn -0.548734 0.479025 0.685147
vn -0.175037 0.559488 0.810145
vn -0.569160 0.330262 0.752983
vn -0.753473 0.175739 0.633557
vn -0.828494 0.269806 0.490717
vn -0.822571 0.459974 0.334366
vn -0.720261 0.127986 0.681795
vn -0.436556 0.129165 0.890357
vn -0.071825 0.106936 0.991668
vn -0.064289 0.061241 0.996051
vn -0.011057 0.295216 0.955366
vn 0.014142 0.340994 0.939959
vn 0.000012 0.086273 0.996272
vn -0.338532 0.199482 0.919567
vn -0.065315 0.095203 0.993313
vn -0.522267 0.232781 0.820396
vn -0.055902 0.486768 0.871741
vn -0.320302 0.310792 0.894883
vn 0.154583 0.647971 0.745814
vn -0.134827 0.491201 0.860548
vn -0.020786 0.644663 0.764184
vn -0.031695 -0.056983 0.997872
vn -0.042505 -0.077666 0.996073
vn -0.069459 -0.039031 0.996821
vn -0.028559 -0.020549 0.999381
vn -0.048088 -0.010050 0.998793
vn -0.207878 0.600298 0.772288
vn -0.309558 0.582463 0.751606
vn -0.326985 0.614440 0.718014
vn 0.011033 0.635074 0.772373
vn -0.033127 0.595621 0.802582
vn -0.270197 0.568583 0.776986
vn 0.098690 0.485549 0.868621
vn -0.030511 0.651523 0.758015
vn -0.300365 0.574627 0.761305
vn -0.110455 0.607055 0.786946
vn -0.498717 0.587843 0.636962
vn -0.824168 0.141481 0.548389
vn -0.800217 0.175856 0.573348
vn -0.742201 0.206523 0.637563
vn -0.721956 0.133627 0.678914
vn -0.685470 0.143758 0.713768
vn -0.381942 0.118329 0.916580
vn -0.505672 0.117926 0.854628
vn -0.591175 0.143482 0.793678
vn -0.603859 0.130662 0.786309
vn -0.493815 0.127694 0.860140
vn -0.549424 0.134504 0.824647
vn -0.024247 -0.059172 0.997953
vn -0.529184 0.622294 0.576814
vn -0.058415 0.629296 0.774967
vn -0.354168 0.440436 0.824974
vn -0.882142 0.024128 0.470365
vn -0.864859 0.018932 0.501658
vn -0.761796 0.342562 0.549834
vn -0.789338 0.258019 0.557110
vn -0.807586 -0.048206 0.587776
vn -0.755895 0.075543 0.650320
vn -0.657044 0.208575 0.724424
vn -0.756701 0.485962 0.437315
vn -0.728798 0.364041 0.579937
vn -0.823702 0.187600 0.535091
vn -0.682825 0.315274 0.659054
vn -0.842247 0.175982 0.509559
vn -0.683097 0.168947 0.710518
vn -0.658426 0.165347 0.734259
vn -0.650434 0.249126 0.717545
vn -0.712472 0.181547 0.677808
vn -0.883693 -0.153921 0.442036
vn -0.782706 -0.121532 0.610411
vn -0.713455 -0.044349 0.699296
vn -0.839511 -0.185035 0.510866
vn -0.748801 0.075815 0.658444
vn -0.664366 0.147291 0.732750
vn -0.838784 -0.010614 0.544361
vn -0.764995 0.081368 0.638875
vn -0.668058 0.199704 0.716810
vn -0.650158 0.212309 0.729534
vn -0.640224 0.236638 0.730833
vn -0.631910 0.186556 0.752254
vn -0.702457 0.159577 0.693606
vn -0.768324 0.176802 0.615158
vn -0.711561 0.196235 0.674665
vn -0.728363 0.202882 0.654466
vn -0.777410 0.073827 0.624647
vn -0.840981 -0.051925 0.538567
vn -0.780436 0.093159 0.618257
vn -0.813223 0.194608 0.548449
vn -0.877675 -0.264287 0.399800
vn -0.865846 -0.293704 0.405030
vn -0.663363 0.173088 0.728004
vn -0.726000 0.338115 0.598834
vn -0.614850 0.383929 0.688882
vn -0.773920 0.221655 0.593226
vn -0.510496 0.520662 0.684329
vn -0.709076 0.357051 0.608051
vn -0.685089 0.257740 0.681339
vn -0.835035 0.041562 0.548624
vn -0.909895 0.113933 0.398886
vn -0.887878 0.103160 0.448364
vn -0.946355 -0.051399 0.319013
vn -0.920368 -0.175797 0.349310
vn -0.846869 -0.030084 0.530950
vn -0.942208 0.014701 0.334706
vn -0.949716 -0.094504 0.298511
vn -0.967070 -0.076240 0.242824
vn -0.895127 0.018663 0.445419
vn 0.201243 0.556835 0.805876
vn -0.901079 0.174250 0.397106
vn -0.894773 0.178069 0.409478
vn -0.120166 0.616560 0.778083
vn -0.096508 0.540527 0.835773
vn -0.226500 0.599859 0.767377
vn -0.356477 0.572639 0.738247
vn -0.404371 0.463920 0.788202
vn -0.536607 0.372411 0.757207
vn -0.151440 0.514222 0.844181
vn -0.059077 0.378088 0.923883
vn -0.670597 0.238283 0.702510
vn -0.540190 0.413656 0.732860
vn -0.420504 0.520665 0.743024
vn -0.637398 0.425203 0.642594
vn -0.812325 0.183225 0.553675
vn -0.812285 0.257983 0.523104
vn -0.753486 0.077796 0.652845
vn -0.834803 -0.235382 0.497694
vn -0.763501 -0.149416 0.628284
vn -0.878618 -0.148230 0.453936
vn -0.353871 0.124266 0.927002
vn -0.363438 0.023956 0.931310
vn -0.358434 -0.193465 0.913289
vn -0.309911 0.005136 0.950752
vn -0.380999 0.077046 0.921360
vn 0.080446 0.277211 -0.957435
vn -0.905432 0.159664 -0.393320
vn -0.849041 0.156634 -0.504575
vn -0.355853 0.546610 -0.758014
vn -0.208205 0.746986 -0.631397
vn 0.400568 0.805626 -0.436477
vn 0.445784 0.806890 -0.387563
vn 0.482518 0.778793 -0.400821
vn -0.484519 0.229920 -0.844025
vn -0.694812 0.052890 -0.717244
vn -0.653163 0.148510 -0.742511
vn -0.648960 0.095485 -0.754807
vn -0.581617 -0.097326 -0.807619
vn -0.458035 -0.262690 -0.849234
vn -0.505817 -0.394489 -0.767155
vn -0.586317 -0.539404 -0.604380
vn -0.704890 -0.659455 -0.261244
vn -0.854706 -0.517120 0.045438
vn -0.966532 0.174469 -0.188087
vn -0.915148 0.124161 -0.383520
vn -0.857194 0.093211 -0.506488
vn -0.784921 0.083817 -0.613901
vn -0.697585 0.068052 -0.713263
vn -0.592227 0.078536 -0.801935
vn -0.491597 0.083088 -0.866850
vn -0.272504 0.120217 -0.954615
vn -0.155023 0.139082 -0.978072
vn -0.028285 0.184163 -0.982489
vn 0.015148 0.197510 -0.980184
vn 0.005291 0.182830 -0.983130
vn 0.014622 0.141337 -0.989854
vn 0.010625 0.302787 -0.952999
vn 0.026264 0.625262 -0.779973
vn 0.016658 0.528688 -0.848653
vn 0.011343 0.376642 -0.926289
vn 0.052474 0.088264 -0.994714
vn 0.136411 -0.683597 -0.716999
vn 0.000308 -0.255180 -0.966893
vn -0.126534 0.791908 -0.597386
vn -0.177443 0.855170 -0.487031
vn -0.036370 0.184412 -0.982176
vn 0.055029 -0.636192 -0.769566
vn 0.087181 -0.535815 -0.839822
vn 0.000545 0.062749 -0.998029
vn -0.041607 0.092672 -0.994827
vn 0.046955 -0.267703 -0.962357
vn 0.037592 -0.331849 -0.942583
vn 0.042210 -0.209616 -0.976872
vn 0.034575 -0.187543 -0.981648
vn 0.027996 -0.162079 -0.986380
vn 0.008593 -0.004678 -0.999952
vn 0.033276 -0.101651 -0.994263
vn 0.001770 -0.483606 -0.875284
vn -0.003147 -0.241653 -0.970358
vn -0.158379 0.785285 -0.598534
vn -0.249468 0.854751 -0.455156
vn 0.511534 0.068698 -0.856513
vn 0.904320 -0.205349 -0.374215
vn 0.942556 -0.136669 -0.304811
vn 0.399256 0.053270 -0.915290
vn 0.222243 0.085013 -0.971278
vn -0.073571 0.494158 -0.866254
vn -0.426531 0.596498 -0.679898
vn -0.463505 0.757234 -0.460173
vn -0.197729 0.907505 -0.370591
vn -0.325552 0.765834 -0.554540
vn -0.099936 0.747595 -0.656592
vn -0.040200 0.977406 -0.207512
vn -0.302950 0.824421 -0.478070
vn -0.101294 0.986913 -0.125469
vn -0.398435 0.900141 -0.176052
vn -0.478478 0.869508 -0.122538
vn -0.279117 0.940017 -0.196116
vn 0.005988 0.163942 -0.986452
vn -0.071939 0.409263 -0.909576
vn -0.650632 -0.505087 -0.567067
vn -0.507378 0.071675 -0.858737
vn -0.307236 -0.181470 -0.934171
vn -0.870408 0.253468 -0.422070
vn -0.787021 0.137854 -0.601328
vn -0.708236 0.113911 -0.696725
vn -0.926571 0.145259 -0.346938
vn -0.692005 0.535200 -0.484448
vn -0.982991 0.118403 -0.140394
vn -0.884760 -0.307180 -0.350486
vn -0.966858 -0.245201 0.071155
vn -0.920653 -0.321596 -0.221302
vn -0.954003 -0.294092 -0.058216
vn -0.894949 -0.405633 -0.185817
vn -0.972008 -0.216998 -0.090070
vn -0.983377 -0.178198 0.034849
vn -0.961930 -0.262498 -0.076056
vn -0.931299 -0.281538 -0.231124
vn -0.222362 0.530843 -0.817778
vn 0.098776 0.199074 -0.974994
vn -0.244339 0.683976 -0.687368
vn -0.224491 0.697777 -0.680229
vn -0.154589 0.702272 -0.694922
vn -0.321047 0.854093 -0.409212
vn -0.120418 0.671127 -0.731497
vn -0.052116 0.380495 -0.923313
vn -0.000483 0.441482 -0.897270
vn -0.012904 0.184974 -0.982659
vn -0.076142 0.228947 -0.970456
vn -0.323412 0.289500 -0.900885
vn -0.436937 -0.842797 -0.314291
vn -0.060730 -0.102892 -0.992837
vn -0.883957 -0.220728 -0.412189
vn -0.147303 -0.251687 -0.956533
vn -0.570306 -0.071401 -0.818323
vn -0.704132 -0.243605 -0.666974
vn -0.817789 -0.308471 -0.485867
vn -0.882464 -0.327951 -0.337201
vn -0.805622 -0.383642 -0.451433
vn -0.866170 -0.309133 -0.392665
vn -0.794065 -0.298491 -0.529494
vn -0.169200 -0.293876 -0.940749
vn -0.008120 -0.136925 -0.990548
vn -0.749914 0.176152 -0.637651
vn -0.699913 0.171677 -0.693288
vn -0.165461 0.478652 -0.862273
vn -0.637447 0.353828 -0.684447
vn -0.806474 0.084824 -0.585153
vn -0.761815 0.609974 -0.218104
vn -0.851043 0.149923 -0.503239
vn -0.977029 -0.191475 -0.093548
vn -0.945213 -0.208601 -0.251113
vn -0.976246 -0.216332 0.012041
vn -0.984613 -0.173725 0.018887
vn -0.955148 -0.249314 -0.159799
vn -0.978828 -0.204094 -0.015533
vn -0.972042 -0.220402 -0.080980
vn -0.986517 -0.105396 -0.125200
vn -0.975567 -0.215148 -0.044495
vn 0.460787 0.736264 -0.495571
vn -0.098644 0.431399 -0.896752
vn 0.068850 0.075931 -0.994733
vn 0.177944 0.821806 -0.541267
vn 0.383805 0.790175 -0.477826
vn -0.154379 0.687737 -0.709355
vn -0.214500 0.573837 -0.790380
vn -0.173001 0.719107 -0.673020
vn -0.308475 0.575455 -0.757426
vn -0.021820 0.272794 -0.961825
vn -0.008327 0.462030 -0.886825
vn -0.010554 0.647963 -0.761599
vn -0.023552 0.165637 -0.985906
vn 0.004849 0.183461 -0.983015
vn -0.019859 0.192324 -0.981130
vn -0.025073 0.212230 -0.976898
vn -0.064247 0.246591 -0.966988
vn -0.160713 0.267096 -0.950174
vn -0.367438 0.184013 -0.911662
vn -0.628201 0.156934 -0.762060
vn -0.880529 -0.016843 -0.473693
vn -0.946267 0.310055 0.091896
vn 0.062561 0.170558 -0.983360
vn -0.700111 0.279213 -0.657179
vn 0.016015 -0.283019 -0.958981
vn -0.222198 -0.024809 -0.974686
vn -0.597314 -0.151927 -0.787486
vn -0.658890 -0.237069 -0.713907
vn -0.720592 -0.353433 -0.596517
vn -0.766361 -0.274585 -0.580770
vn -0.753464 -0.267329 -0.600689
vn -0.408856 -0.321224 -0.854196
vn -0.019549 -0.486746 -0.873325
vn 0.010875 -0.102001 -0.994725
vn -0.039586 -0.202497 -0.978483
vn -0.213803 0.217478 -0.952361
vn -0.139120 0.198873 -0.970101
vn -0.825093 0.086383 -0.558354
vn -0.922575 0.074721 -0.378513
vn -0.957564 0.078029 -0.277458
vn -0.728652 0.102426 -0.677182
vn -0.865823 0.074935 -0.494707
vn -0.778378 0.109569 -0.618160
vn -0.823417 0.557900 -0.103592
vn -0.920593 0.336478 -0.198223
vn -0.962677 0.151411 -0.224338
vn -0.905894 0.369717 -0.206554
vn -0.949336 0.302520 -0.085105
vn -0.927546 0.320837 -0.191629
vn -0.971767 -0.076502 -0.223198
vn -0.917855 0.101811 -0.383636
vn -0.975437 -0.105932 -0.193136
vn -0.796881 0.363261 -0.482723
vn 0.747141 0.581630 -0.321694
vn -0.153767 0.634607 -0.757383
vn -0.337546 0.533789 -0.775327
vn -0.344664 0.567131 -0.748044
vn -0.435095 0.592824 -0.677681
vn -0.327951 0.726469 -0.603897
vn -0.169607 0.478929 -0.861313
vn -0.249947 0.691162 -0.678101
vn -0.137165 0.504086 -0.852692
vn -0.502407 0.626573 -0.595813
vn -0.066572 0.592332 -0.802939
vn -0.335891 0.604707 -0.722154
vn -0.397079 0.615700 -0.680619
vn -0.405108 0.655234 -0.637618
vn 0.055101 0.036716 -0.997805
vn -0.236327 0.579492 -0.779961
vn -0.196663 0.380771 -0.903514
vn 0.177927 0.583008 -0.792745
vn -0.112094 0.659156 -0.743605
vn -0.019174 0.637343 -0.770342
vn 0.216394 0.611976 -0.760696
vn 0.010566 0.635326 -0.772172
vn 0.053120 0.561023 -0.826094
vn -0.437090 0.441740 -0.783465
vn -0.508997 0.228384 -0.829917
vn -0.312065 -0.319217 -0.894827
vn 0.492542 -0.320303 -0.809202
vn 0.235825 -0.053846 -0.970303
vn -0.326734 0.846940 -0.419449
vn -0.044271 0.588976 -0.806937
vn -0.011828 0.548109 -0.836323
vn -0.038394 0.579383 -0.814151
vn -0.249190 0.609893 -0.752287
vn 0.029184 0.267363 -0.963154
vn -0.295848 -0.081872 -0.951720
vn 0.069878 -0.371645 -0.925741
vn 0.003704 0.630096 -0.776508
vn -0.001782 0.723555 -0.690264
vn -0.012592 0.441009 -0.897414
vn -0.205038 0.181562 -0.961767
vn -0.089074 0.173219 -0.980847
vn -0.262397 0.222662 -0.938919
vn -0.149578 0.702821 -0.695463
vn -0.371648 0.145496 -0.916902
vn -0.516869 0.146522 -0.843432
vn -0.894813 0.008735 -0.446356
vn -0.983035 0.111379 -0.145728
vn -0.835227 0.430125 -0.342621
vn -0.904827 0.424488 -0.033131
vn -0.987084 -0.027864 -0.157764
vn -0.936891 0.333497 0.104949
vn -0.805186 -0.524706 0.276330
vn -0.640495 0.736126 0.218824
vn -0.888536 -0.348948 0.297890
vn -0.839717 0.328756 -0.432198
vn -0.074073 0.563363 -0.822882
vn -0.052748 0.974182 -0.219515
vn 0.099643 -0.512715 -0.852757
vn -0.113023 0.820589 -0.560232
vn 0.056086 -0.211435 -0.975782
vn 0.060487 -0.338403 -0.939055
vn 0.027063 -0.156544 -0.987300
vn 0.005259 -0.244530 -0.969628
vn 0.065494 -0.298621 -0.952122
vn 0.016224 -0.298924 -0.954139
vn 0.039833 -0.179182 -0.983009
vn -0.518421 -0.289589 -0.804598
vn -0.359043 -0.370942 -0.856441
vn -0.607517 -0.286027 -0.741021
vn -0.008838 -0.497217 -0.867581
vn 0.010476 -0.197066 -0.980334
vn -0.054801 0.626601 -0.777411
vn -0.008637 -0.483234 -0.875448
vn 0.017096 0.021781 -0.999617
vn 0.007054 -0.109289 -0.993985
vn 0.017304 -0.172644 -0.984832
vn 0.516531 -0.132266 -0.845992
vn -0.900354 0.097887 -0.424006
vn -0.947265 0.145280 -0.285627
vn -0.988143 0.091289 -0.123447
vn -0.746516 0.086565 -0.659713
vn -0.939988 0.329277 -0.089437
vn -0.925714 0.352128 -0.138059
vn -0.910633 0.408312 -0.063477
vn -0.895747 0.374643 -0.239334
vn -0.918893 0.224599 -0.324333
vn -0.871367 0.320012 -0.371903
vn -0.850442 0.306120 -0.427830
vn -0.902297 0.310213 -0.299378
vn -0.829917 0.393965 -0.395006
vn -0.896325 0.354744 -0.266004
vn -0.736822 0.551943 -0.390451
vn -0.786214 0.439815 -0.434086
vn -0.893909 0.107473 -0.435173
vn -0.936755 0.088916 -0.338504
vn -0.891901 0.333941 -0.304954
vn -0.800851 0.575039 -0.167235
vn -0.954530 0.089751 -0.284285
vn -0.902785 0.086439 -0.421317
vn -0.964312 -0.250131 -0.086817
vn -0.952583 -0.120484 -0.279408
vn -0.910083 -0.297897 -0.288110
vn -0.918302 -0.172450 -0.356346
vn -0.309914 0.807355 -0.502126
vn -0.029430 0.725567 -0.687522
vn -0.237860 0.591292 -0.770582
vn 0.418189 -0.137615 -0.897875
vn -0.147371 0.417789 -0.896512
vn 0.064046 0.327475 -0.942687
vn -0.179227 0.578903 -0.795455
vn -0.472814 0.451494 -0.756703
vn -0.292429 0.674071 -0.678316
vn -0.869431 0.182659 -0.459048
vn -0.212393 0.550721 -0.807215
vn -0.767509 0.109159 -0.631676
vn 0.236169 0.279801 -0.930556
vn -0.115890 -0.254380 -0.960136
vn -0.109902 0.568601 -0.815239
vn 0.113492 -0.400278 -0.909339
vn 0.074545 -0.546705 -0.834000
vn 0.094107 -0.590629 -0.801437
vn -0.040658 0.376043 -0.925710
vn -0.057608 0.559465 -0.826849
vn -0.034388 0.368661 -0.928928
vn -0.081212 0.320073 -0.943906
vn -0.034471 0.206097 -0.977924
vn -0.129728 0.386723 -0.913026
vn -0.089319 0.386832 -0.917814
vn -0.048762 0.623737 -0.780112
vn -0.205371 -0.305811 -0.929678
vn -0.054683 -0.046215 -0.997434
vn -0.209669 -0.312018 -0.926652
vn -0.113751 0.358114 -0.926723
vn -0.150928 0.415166 -0.897139
vn -0.237695 0.379885 -0.893973
vn -0.025638 0.723166 -0.690198
vn -0.456208 0.202527 -0.866520
vn -0.542994 0.156124 -0.825096
vn -0.644959 0.114288 -0.755623
vn -0.936287 -0.272835 -0.221197
vn -0.714387 -0.558651 -0.421378
vn -0.541728 -0.793363 -0.277680
vn -0.475200 0.635266 -0.608787
vn -0.678948 0.656691 -0.328310
vn -0.739756 0.431859 -0.516002
vn -0.747829 -0.289340 -0.597523
vn -0.686523 0.538385 -0.488701
vn -0.842694 -0.403372 0.356592
vn -0.652631 -0.613743 0.444290
vn -0.154747 0.933389 -0.323788
vn -0.093433 0.578268 -0.810479
vn -0.164028 0.363315 -0.917113
vn -0.003712 0.940080 -0.340933
vn 0.087732 -0.671454 -0.735835
vn 0.104410 -0.564301 -0.818940
vn 0.054389 -0.290644 -0.955284
vn 0.093467 -0.696020 -0.711913
vn 0.039022 -0.142641 -0.989005
vn -0.047057 0.160714 -0.985879
vn -0.036486 0.211212 -0.976759
vn -0.051712 0.111110 -0.992462
vn -0.013874 0.018999 -0.999723
vn 0.029256 -0.184534 -0.982391
vn 0.027655 -0.211155 -0.977061
vn 0.006404 -0.205670 -0.978601
vn -0.611785 -0.284018 -0.738277
vn -0.555705 -0.090343 -0.826456
vn -0.375909 -0.266707 -0.887445
vn -0.374169 -0.387657 -0.842449
vn -0.377130 -0.194911 -0.905418
vn -0.559132 -0.076268 -0.825563
vn -0.489194 -0.075748 -0.868880
vn -0.299513 -0.061572 -0.952103
vn -0.444208 -0.131434 -0.886231
vn -0.369987 -0.030563 -0.928534
vn -0.700609 -0.265664 -0.662246
vn 0.020729 -0.315534 -0.948688
vn 0.025837 -0.010482 -0.999611
vn 0.044304 -0.022120 -0.998773
vn 0.041418 -0.017697 -0.998985
vn -0.060803 0.880408 -0.470303
vn 0.022202 -0.180895 -0.983252
vn -0.000683 -0.154613 -0.987975
vn 0.010182 -0.175153 -0.984489
vn -0.084582 -0.198238 -0.976498
vn -0.020523 -0.174520 -0.984440
vn -0.997505 -0.008013 -0.070142
vn -0.989691 -0.064413 -0.127921
vn -0.636636 0.225776 -0.737374
vn -0.771270 0.331286 -0.543500
vn -0.854539 0.226220 -0.467533
vn -0.788387 0.347045 -0.507943
vn -0.842154 0.059314 -0.535965
vn -0.702869 0.371285 -0.606731
vn -0.781347 0.544828 -0.304400
vn -0.981644 -0.126280 -0.142928
vn -0.809969 -0.152376 -0.566331
vn -0.958107 -0.186726 -0.217175
vn 0.247652 -0.220264 -0.943479
vn -0.664814 0.463193 -0.586067
vn -0.212877 0.636440 -0.741369
vn -0.001617 0.296264 -0.955105
vn 0.200084 0.645881 -0.736752
vn 0.190844 0.802038 -0.565963
vn 0.087594 0.592982 -0.800437
vn 0.285604 0.702011 -0.652389
vn -0.437400 0.103124 -0.893334
vn -0.196466 -0.470592 -0.860200
vn -0.289452 -0.387318 -0.875330
vn -0.326135 0.050716 -0.943962
vn -0.148408 0.330751 -0.931976
vn -0.055672 -0.086655 -0.994682
vn 0.116733 -0.175420 -0.977549
vn -0.355935 0.171972 -0.918551
vn -0.250748 -0.175731 -0.951968
vn -0.210406 0.077264 -0.974556
vn -0.253946 0.353017 -0.900495
vn -0.343919 -0.010061 -0.938945
vn -0.088790 -0.460079 -0.883427
vn -0.399890 -0.002994 -0.916558
vn -0.298854 -0.265585 -0.916597
vn -0.512772 0.025644 -0.858142
vn 0.054643 -0.430937 -0.900726
vn 0.042954 0.397592 -0.916556
vn 0.194710 -0.211687 -0.957746
vn 0.210514 0.299718 -0.930512
vn 0.001638 0.780650 -0.624966
vn 0.140880 0.353470 -0.924777
vn -0.004246 0.622123 -0.782908
vn -0.149561 0.093287 -0.984342
vn -0.083566 -0.332928 -0.939242
vn 0.015910 -0.252899 -0.967362
vn 0.092109 -0.686723 -0.721060
vn 0.011491 -0.713613 -0.700446
vn -0.369493 0.730185 -0.574722
vn -0.651409 0.142989 -0.745131
vn -0.593106 -0.669599 -0.447059
vn -0.246623 0.938998 -0.239707
vn -0.691460 -0.085745 -0.717308
vn -0.114322 -0.036753 -0.992764
vn 0.011499 0.933968 -0.357170
vn 0.022861 -0.278159 -0.960263
vn -0.850760 0.103094 -0.515344
vn -0.375037 -0.177178 -0.909920
vn -0.560022 -0.171663 -0.810498
vn -0.445148 -0.178158 -0.877555
vn -0.686725 -0.205466 -0.697275
vn -0.643737 -0.134744 -0.753291
vn -0.674768 -0.218941 -0.704807
vn 0.017399 -0.063394 -0.997837
vn -0.109521 0.850083 -0.515135
vn -0.021583 0.931090 -0.364151
vn -0.784281 0.371488 -0.496890
vn -0.759109 0.314281 -0.570071
vn -0.823559 0.138580 -0.550042
vn -0.576128 0.706259 -0.411430
vn -0.558061 0.532160 -0.636689
vn -0.934380 -0.120537 -0.335268
vn -0.876637 -0.237282 -0.418576
vn -0.899129 -0.156064 -0.408914
vn -0.724844 -0.015124 -0.688747
vn -0.759030 -0.022520 -0.650666
vn -0.822387 -0.111258 -0.557944
vn -0.730438 -0.056225 -0.680661
vn -0.195858 -0.267330 -0.943491
vn -0.045344 -0.241361 -0.969375
vn -0.080084 -0.086546 -0.993024
vn -0.028395 -0.441645 -0.896740
vn -0.371968 -0.332726 -0.866564
vn -0.426057 0.291747 -0.856364
vn -0.592268 0.221805 -0.774610
vn -0.411162 -0.762611 -0.499370
vn -0.487010 0.081630 -0.869574
vn -0.483560 -0.490530 -0.724948
vn -0.388288 0.242696 -0.889005
vn -0.054665 0.946358 -0.318463
vn 0.011627 0.977374 -0.211197
vn -0.659344 -0.464375 -0.591288
vn -0.296552 0.786894 -0.541161
vn -0.726113 0.020942 -0.687257
vn -0.054485 0.154728 -0.986453
vn -0.040460 0.711483 -0.701538
vn 0.062706 -0.638940 -0.766696
vn 0.066611 -0.235185 -0.969665
vn 0.064093 -0.749928 -0.658407
vn -0.023045 -0.237620 -0.971085
vn -0.534120 -0.169846 -0.828171
vn -0.325266 -0.251156 -0.911659
vn -0.559358 0.672177 -0.485074
vn -0.699468 0.326749 -0.635594
vn -0.554865 0.543336 -0.630008
vn -0.793314 0.301530 -0.528898
vn -0.674010 0.308558 -0.671195
vn -0.322920 0.700400 -0.636523
vn -0.259352 0.660584 -0.704532
vn -0.477229 0.459917 -0.748818
vn -0.424143 0.209888 -0.880937
vn -0.392842 0.676660 -0.622741
vn -0.284986 0.443970 -0.849514
vn -0.355334 0.518443 -0.777788
vn -0.440519 0.345900 -0.828430
vn -0.195856 0.748196 -0.633911
vn -0.523526 0.405906 -0.749107
vn -0.589367 0.317265 -0.742960
vn -0.337919 -0.057381 -0.939424
vn -0.203060 0.309336 -0.929020
vn -0.344736 0.038772 -0.937899
vn -0.381725 0.470270 -0.795696
vn -0.309503 0.368013 -0.876798
vn -0.170370 -0.394621 -0.902911
vn -0.395681 -0.003477 -0.918382
vn -0.368209 0.714534 -0.594864
vn -0.451900 0.166640 -0.876366
vn -0.614277 -0.176151 -0.769177
vn -0.200768 0.379102 -0.903313
vn -0.363930 0.355930 -0.860737
vn -0.616182 0.008600 -0.787557
vn -0.597718 -0.296592 -0.744826
vn -0.679403 -0.200308 -0.705895
vn -0.766202 -0.268829 -0.583666
vn -0.814902 -0.346650 -0.464509
vn -0.812585 -0.305181 -0.496559
vn -0.715110 -0.322094 -0.620382
vn -0.630437 -0.358591 -0.688448
vn -0.721109 -0.365859 -0.588345
vn -0.686316 -0.327948 -0.649169
vn -0.546094 -0.146619 -0.824794
vn -0.840901 -0.284319 -0.460487
vn -0.854499 -0.301681 -0.422871
vn -0.001556 -0.077028 -0.997028
vn 0.011673 -0.025291 -0.999612
vn -0.089254 -0.182191 -0.979204
vn 0.141408 0.331814 -0.932686
vn -0.061501 0.935724 -0.347331
vn -0.534178 -0.649581 -0.541017
vn -0.656670 -0.481078 -0.580817
vn -0.582308 -0.636833 -0.505333
vn -0.330641 0.658209 -0.676341
vn -0.621363 0.126472 -0.773248
vn -0.515441 0.411737 -0.751527
vn -0.574155 0.549550 -0.606911
vn -0.460313 0.447223 -0.766879
vn -0.344283 -0.180968 -0.921260
vn -0.155561 -0.199296 -0.967513
vn -0.472595 -0.250467 -0.844938
vn -0.598200 -0.233474 -0.766581
vn -0.082099 -0.145482 -0.985949
vn -0.476173 -0.146196 -0.867113
vn -0.722360 0.133666 -0.678476
vn -0.352877 0.335487 -0.873456
vn -0.536558 0.142928 -0.831671
vn -0.376401 0.484910 -0.789420
vn -0.519750 -0.305608 -0.797787
vn -0.511505 -0.356462 -0.781855
vn -0.333913 -0.269733 -0.903187
vn -0.389124 -0.321119 -0.863403
vn -0.301145 -0.294814 -0.906861
vn -0.522757 -0.484807 -0.701204
vn -0.810324 -0.388886 -0.438341
vn -0.763799 0.141539 -0.629744
vn -0.162443 -0.051652 -0.985365
vn -0.197699 -0.126418 -0.972077
vn -0.157965 -0.154545 -0.975276
vn -0.066933 0.362005 -0.929770
vn -0.129970 0.819435 -0.558241
vn -0.072273 0.751925 -0.655275
vn 0.044076 0.392682 -0.918617
vn -0.668546 -0.612618 -0.421599
vn -0.654730 -0.636298 -0.407988
vn -0.775784 0.105123 -0.622180
vn -0.144822 -0.240114 -0.959881
vn -0.385241 -0.284656 -0.877816
vn -0.060388 -0.183755 -0.981115
vn -0.208392 -0.273597 -0.938998
vn -0.166794 -0.263594 -0.950104
vn -0.097657 -0.232420 -0.967701
vn -0.096147 -0.210077 -0.972946
vn -0.037174 -0.245065 -0.968794
vn -0.059124 -0.212511 -0.975368
vn -0.127622 -0.251798 -0.959328
vn -0.062566 -0.274356 -0.959591
vn 0.013043 -0.226014 -0.974037
vn -0.613890 -0.087773 -0.784496
vn -0.358329 -0.253732 -0.898454
vn -0.698851 -0.313338 -0.642982
vn -0.837609 -0.224592 -0.497966
vn -0.602116 -0.729917 -0.323537
vn -0.384370 0.231989 -0.893555
vn -0.214669 -0.212873 -0.953206
vn -0.249773 -0.270563 -0.929736
vn -0.066250 -0.247837 -0.966534
vn -0.449509 -0.211948 -0.867767
vn -0.395949 -0.600515 -0.694698
vn -0.387220 -0.510862 -0.767516
vn -0.494444 -0.038620 -0.868351
vn -0.400151 -0.500593 -0.767649
vn -0.346304 -0.227269 -0.910177
vn -0.184104 -0.205056 -0.961279
vn -0.149051 -0.216410 -0.964858
vn -0.226578 0.085333 -0.970248
vn -0.406111 -0.182200 -0.895476
vn -0.153969 0.122188 -0.980492
vn -0.281922 0.086589 -0.955522
vn -0.545037 -0.168134 -0.821380
vn -0.478284 -0.272686 -0.834797
vn -0.474662 0.337797 -0.812767
vn 0.029667 -0.439249 -0.897875
vn 0.050729 -0.555864 -0.829724
vn -0.017787 -0.188402 -0.981931
vn -0.266679 -0.212655 -0.940032
vn -0.408369 -0.197184 -0.891265
vn -0.423981 -0.009811 -0.905618
vn -0.070587 0.391788 -0.917344
vn -0.470224 -0.179828 -0.864032
vn -0.338543 0.035542 -0.940279
vn -0.172414 -0.331951 -0.927406
vn -0.399707 -0.350535 -0.846971
vn -0.209154 -0.357822 -0.910065
vn -0.070291 -0.634780 -0.769489
vn -0.225679 -0.241994 -0.943667
vn -0.295345 -0.197969 -0.934655
vn -0.762479 -0.326172 -0.558782
vn -0.310083 0.870056 -0.383211
vn -0.078580 -0.210932 -0.974337
vn -0.422301 0.367689 -0.828532
vn -0.017240 0.049124 -0.998644
vn -0.476558 0.674410 -0.563972
vn -0.530617 -0.208593 -0.821544
vn -0.276576 0.572068 -0.772168
vn -0.244509 -0.380849 -0.891723
vn -0.231197 0.156289 -0.960272
vn -0.364372 0.735095 -0.571724
vn -0.156978 -0.021014 -0.987378
vn -0.195589 0.307721 -0.931157
vn -0.623780 -0.088538 -0.776569
vn -0.140766 0.860648 -0.489357
vn -0.876809 -0.198712 -0.437859
vn -0.877600 -0.240367 -0.414780
vn -0.118104 0.585832 -0.801780
vn -0.916103 -0.391731 0.085455
vn -0.997751 -0.008117 0.066530
vn -0.159279 0.806978 -0.568698
vn -0.693309 0.364191 -0.621842
vn -0.275106 0.750193 -0.601271
vn -0.496862 0.711067 -0.497506
vn -0.779254 0.221976 -0.586080
vn -0.844005 0.413547 -0.341517
vn -0.150154 0.919549 -0.363159
vn -0.632435 0.471339 -0.614708
vn 0.920090 0.221413 -0.323127
vn 0.829404 0.229929 -0.509139
vn 0.400552 0.622986 -0.671898
vn 0.250722 0.882910 -0.396999
vn -0.136378 0.893409 -0.428043
vn -0.285629 0.826670 -0.484802
vn -0.413755 0.746564 -0.521008
vn 0.296695 0.493628 -0.817498
vn 0.871751 0.007384 -0.489894
vn 0.815747 0.127681 -0.564141
vn 0.690677 0.090839 -0.717435
vn 0.432471 -0.122142 -0.893336
vn 0.382977 -0.369510 -0.846635
vn 0.456586 -0.418800 -0.784943
vn 0.564495 -0.614867 -0.550712
vn 0.663756 -0.724278 -0.186680
vn 0.779577 -0.625706 0.027410
vn 0.967673 0.154964 -0.198984
vn 0.923144 0.154716 -0.351950
vn 0.860051 0.118754 -0.496196
vn 0.805969 0.086897 -0.585545
vn 0.697078 0.077723 -0.712770
vn 0.591784 0.088740 -0.801197
vn 0.481977 0.087347 -0.871819
vn 0.301540 0.131904 -0.944286
vn 0.156832 0.137365 -0.978026
vn 0.027827 0.180460 -0.983189
vn -0.000126 0.192618 -0.981274
vn 0.300650 0.839506 -0.452591
vn 0.566107 0.666353 -0.485280
vn 0.529925 0.783501 -0.324508
vn 0.179055 0.968941 0.170564
vn 0.514986 0.680087 -0.521796
vn 0.283990 0.815905 -0.503635
vn 0.331812 0.930433 -0.155545
vn 0.035551 0.999059 -0.024865
vn 0.256495 0.828741 -0.497392
vn 0.248243 0.851008 -0.462774
vn 0.452976 0.872398 0.183669
vn 0.247515 0.840087 -0.482690
vn 0.982289 0.124345 -0.140164
vn 0.918026 0.112071 -0.380352
vn 0.718747 -0.187565 -0.669494
vn 0.600502 0.266198 -0.754013
vn 0.908036 -0.265370 -0.324115
vn 0.924286 -0.380596 0.029021
vn 0.909974 -0.366852 -0.193305
vn 0.894017 -0.443907 -0.060661
vn 0.985680 -0.137762 -0.097246
vn 0.815693 -0.556636 -0.157482
vn 0.953959 -0.287604 -0.085121
vn 0.953848 -0.131579 -0.269928
vn 0.977977 -0.208487 0.009725
vn 0.927411 -0.279682 -0.248367
vn 0.382157 -0.233436 -0.894127
vn 0.749281 -0.301219 -0.589784
vn 0.836935 -0.294167 -0.461525
vn 0.839280 -0.438898 -0.320901
vn 0.998794 -0.037664 0.031484
vn 0.992628 0.016329 -0.120099
vn 0.993507 -0.092668 0.066002
vn 0.935544 0.106829 -0.336667
vn 0.431904 -0.130321 -0.892455
vn 0.103127 0.684526 -0.721657
vn 0.006607 0.173475 -0.984816
vn 0.252316 0.616206 -0.746074
vn 0.830487 0.122879 -0.543317
vn 0.852323 0.146100 -0.502195
vn 0.986856 -0.042293 -0.155971
vn 0.980305 -0.138044 -0.141234
vn 0.163309 0.667485 -0.726494
vn 0.557675 0.677886 -0.479029
vn 0.138221 0.760328 -0.634662
vn 0.341702 0.914886 -0.214995
vn 0.177358 0.837277 -0.517215
vn 0.101590 0.784472 -0.611787
vn 0.443411 0.698883 -0.561203
vn -0.198824 0.542453 -0.816219
vn -0.099051 0.590943 -0.800609
vn 0.116250 0.769391 -0.628112
vn 0.439392 0.645801 -0.624401
vn -0.019211 0.642061 -0.766412
vn 0.570179 0.624412 -0.533859
vn -0.253839 0.419684 -0.871453
vn -0.048445 0.536124 -0.842748
vn -0.284302 0.470518 -0.835335
vn -0.190796 0.528129 -0.827452
vn -0.086846 0.478377 -0.873850
vn -0.328781 0.409570 -0.850973
vn -0.185792 0.519871 -0.833796
vn -0.346790 0.475178 -0.808668
vn 0.326861 0.668198 -0.668337
vn 0.268859 0.740389 -0.616068
vn 0.902911 0.308613 -0.299181
vn 0.971802 0.138403 -0.190907
vn 0.979904 0.071927 -0.186048
vn 0.903112 0.082208 -0.421463
vn 0.747036 0.123265 -0.653256
vn 0.135261 -0.014259 -0.990707
vn 0.966046 -0.241710 -0.091278
vn -0.110275 0.577168 -0.809145
vn 0.194816 -0.495026 -0.846756
vn 0.736981 -0.160453 -0.656593
vn 0.139753 -0.245189 -0.959349
vn 0.055642 -0.072331 -0.995827
vn 0.578218 -0.101477 -0.809547
vn 0.878982 -0.330075 -0.344151
vn 0.783234 -0.361265 -0.505996
vn 0.657297 -0.239698 -0.714497
vn 0.711455 -0.294896 -0.637862
vn 0.569191 -0.263188 -0.778944
vn 0.684213 -0.347010 -0.641434
vn 0.619789 -0.247559 -0.744699
vn 0.548659 -0.213971 -0.808201
vn 0.725856 -0.299343 -0.619295
vn 0.738011 -0.566769 -0.366215
vn 0.758703 -0.409568 -0.506580
vn 0.652425 -0.439652 -0.617290
vn 0.944729 -0.250812 0.211139
vn 0.848050 -0.465809 0.252650
vn 0.902320 -0.346291 0.256712
vn 0.757178 -0.331692 -0.562727
vn 0.280712 -0.127995 -0.951219
vn 0.205136 0.248286 -0.946717
vn 0.014588 0.655982 -0.754636
vn -0.185991 0.120436 -0.975142
vn -0.224969 0.808449 -0.543874
vn -0.140631 0.438554 -0.887634
vn 0.267087 0.664935 -0.697514
vn 0.294985 0.652265 -0.698236
vn -0.123188 0.710446 -0.692886
vn 0.650191 0.584113 -0.485864
vn 0.247340 0.766711 -0.592434
vn 0.577477 0.557757 -0.596177
vn 0.308334 0.552072 -0.774691
vn 0.221683 0.777169 -0.588953
vn 0.165695 0.479648 -0.861674
vn 0.710185 0.159289 -0.685758
vn 0.243124 0.590264 -0.769727
vn 0.115887 0.888363 -0.444276
vn -0.062495 0.581647 -0.811037
vn 0.435735 0.600707 -0.670288
vn 0.600403 0.565202 -0.565741
vn 0.334339 0.634174 -0.697166
vn 0.564043 0.590747 -0.576952
vn 0.183060 0.513236 -0.838497
vn -0.321658 0.505178 -0.800832
vn 0.181303 0.517419 -0.836305
vn 0.190856 0.282580 -0.940065
vn -0.444872 0.494265 -0.746855
vn 0.044730 0.051621 -0.997665
vn -0.241333 0.665150 -0.706635
vn -0.073695 0.779261 -0.622352
vn 0.924109 0.346412 -0.161311
vn 0.984770 0.143829 -0.097676
vn 0.885688 0.460195 -0.061453
vn 0.991990 0.086862 -0.091714
vn 0.958710 0.127174 -0.254366
vn 0.927109 0.112864 -0.357395
vn 0.951625 0.070621 -0.299037
vn 0.913097 0.075875 -0.400621
vn 0.863835 0.084649 -0.496613
vn 0.741433 0.081829 -0.666019
vn 0.506893 0.193104 -0.840101
vn 0.283697 -0.120682 -0.951290
vn 0.024731 -0.047053 -0.998586
vn 0.697517 -0.646104 -0.309870
vn 0.004808 -0.234645 -0.972069
vn 0.041765 -0.248266 -0.967791
vn 0.883135 0.379452 -0.275842
vn 0.068725 -0.202090 -0.976953
vn 0.037609 -0.108504 -0.993384
vn -0.005733 -0.149142 -0.988799
vn 0.566285 -0.211596 -0.796586
vn 0.632469 -0.251664 -0.732562
vn 0.669674 -0.253276 -0.698132
vn 0.534387 -0.277052 -0.798544
vn 0.587278 -0.353116 -0.728295
vn 0.615102 -0.187042 -0.765940
vn 0.632187 -0.131676 -0.763545
vn 0.490456 -0.237017 -0.838615
vn 0.298723 -0.116559 -0.947195
vn 0.984902 0.162264 -0.060322
vn 0.926425 -0.336071 0.169683
vn 0.928383 -0.011581 -0.371445
vn 0.993871 -0.037367 -0.104037
vn 0.797025 -0.156047 -0.583439
vn 0.543117 -0.067603 -0.836931
vn 0.210536 0.180415 -0.960794
vn 0.058455 0.213074 -0.975286
vn 0.013107 0.187737 -0.982132
vn 0.406235 0.192398 -0.893284
vn 0.119099 0.235189 -0.964625
vn 0.293870 0.224508 -0.929105
vn 0.008194 0.625102 -0.780500
vn 0.055908 0.402515 -0.913705
vn 0.018136 0.426046 -0.904519
vn 0.037285 0.530440 -0.846902
vn 0.002688 0.609635 -0.792678
vn 0.732541 0.067135 -0.677405
vn 0.522429 0.046764 -0.851399
vn -0.114109 0.264618 -0.957578
vn 0.194460 0.568162 -0.799611
vn 0.680236 0.272467 -0.680471
vn 0.918047 0.115227 -0.379359
vn 0.323624 0.473172 -0.819375
vn 0.310610 0.682094 -0.662019
vn 0.089703 0.593747 -0.799636
vn 0.240178 0.049242 -0.969479
vn -0.150216 0.312511 -0.937962
vn -0.385599 0.132082 -0.913164
vn -0.212340 0.505947 -0.836020
vn -0.178543 0.447362 -0.876350
vn -0.046275 0.221097 -0.974153
vn -0.191142 0.583533 -0.789274
vn 0.941225 0.331863 -0.062951
vn 0.904301 0.418503 -0.084229
vn 0.867894 0.429091 -0.250282
vn 0.716272 0.544835 -0.436015
vn 0.773258 0.565742 -0.286371
vn 0.909838 0.373568 -0.180673
vn 0.756177 0.539760 -0.369941
vn 0.802611 0.352161 -0.481453
vn 0.772940 0.562909 -0.292740
vn 0.943181 0.089356 -0.320039
vn 0.850832 0.088971 -0.517851
vn 0.893494 0.123973 -0.431625
vn 0.800889 0.084111 -0.592876
vn 0.745577 0.096737 -0.659360
vn 0.656783 0.106086 -0.746580
vn 0.075785 -0.231250 -0.969938
vn 0.002453 0.033113 -0.999449
vn 0.028437 -0.337905 -0.940750
vn 0.023032 0.093390 -0.995363
vn 0.004608 -0.340137 -0.940364
vn 0.903795 -0.375456 -0.205395
vn 0.964794 -0.075831 -0.251839
vn 0.934458 0.333771 -0.124035
vn 0.740733 -0.636240 -0.215670
vn 0.772820 -0.554230 -0.309158
vn 0.945538 0.308083 -0.105089
vn 0.077783 -0.243295 -0.966829
vn -0.070643 0.763550 -0.641873
vn 0.078927 -0.140763 -0.986892
vn 0.021805 -0.722371 -0.691162
vn 0.055183 0.278644 -0.958808
vn -0.068210 -0.810028 -0.582410
vn 0.958408 0.267105 0.100543
vn 0.964281 0.230578 -0.130367
vn 0.904828 0.405709 -0.129179
vn 0.963133 0.052649 -0.263825
vn 0.866966 0.396745 -0.301603
vn 0.983607 0.114099 -0.139640
vn 0.921314 0.280487 -0.269274
vn 0.889705 -0.266295 -0.370825
vn 0.043696 -0.197583 -0.979312
vn 0.042144 -0.186670 -0.981518
vn 0.031531 -0.151789 -0.987910
vn -0.005360 -0.012238 -0.999911
vn 0.028816 -0.004914 -0.999573
vn 0.061899 -0.407518 -0.911097
vn 0.085603 -0.428388 -0.899531
vn -0.015712 0.011599 -0.999809
vn 0.320424 -0.402550 -0.857486
vn 0.379486 -0.208746 -0.901341
vn 0.441093 -0.087426 -0.893193
vn 0.430233 -0.142859 -0.891342
vn 0.544776 -0.140857 -0.826667
vn 0.978465 0.189260 -0.082381
vn 0.890555 -0.394843 0.225855
vn 0.905356 -0.384480 0.180292
vn 0.956944 -0.139776 -0.254404
vn 0.839633 -0.009240 -0.543076
vn 0.731917 0.142017 -0.666429
vn 0.783179 -0.294952 -0.547388
vn 0.075640 0.191011 -0.978669
vn 0.028864 0.145485 -0.988939
vn 0.388978 0.152210 -0.908586
vn 0.016664 0.436071 -0.899758
vn 0.034832 0.170016 -0.984825
vn 0.142451 0.550550 -0.822558
vn -0.001007 0.397103 -0.917773
vn 0.045263 0.567564 -0.822084
vn 0.004763 0.557549 -0.830131
vn 0.982443 -0.185621 0.018698
vn 0.347133 0.155386 -0.924854
vn 0.391366 0.194528 -0.899440
vn 0.174846 0.326331 -0.928944
vn 0.355915 0.498969 -0.790161
vn 0.429502 0.463948 -0.774777
vn 0.322799 -0.113391 -0.939651
vn 0.195042 -0.321905 -0.926464
vn -0.342470 0.375977 -0.861020
vn -0.386041 0.148656 -0.910425
vn 0.376713 -0.054541 -0.924723
vn 0.294242 -0.218115 -0.930509
vn -0.297573 0.699441 -0.649794
vn -0.022329 0.355660 -0.934349
vn -0.217244 0.775277 -0.593085
vn 0.343779 -0.110946 -0.932474
vn 0.226558 -0.243646 -0.943031
vn 0.098210 -0.295631 -0.950240
vn -0.178419 0.672925 -0.717871
vn -0.118861 0.670162 -0.732636
vn -0.181917 0.843695 -0.505059
vn 0.054452 0.200575 -0.978164
vn 0.785701 0.351112 -0.509308
vn 0.921863 0.387288 0.013276
vn 0.877658 0.047669 -0.476911
vn 0.803063 0.101835 -0.587128
vn 0.683081 0.108620 -0.722220
vn 0.579495 0.154703 -0.800158
vn 0.119806 -0.263977 -0.957059
vn 0.097109 -0.644565 -0.758358
vn 0.058086 -0.235159 -0.970220
vn 0.145921 -0.278196 -0.949376
vn 0.213198 -0.043904 -0.976022
vn 0.202152 -0.102438 -0.973982
vn 0.011821 0.102801 -0.994632
vn 0.988796 -0.004123 -0.149216
vn -0.044975 -0.284767 -0.957541
vn -0.142463 0.754295 -0.640893
vn -0.080022 0.486117 -0.870222
vn 0.120408 0.354152 -0.927404
vn 0.019011 0.327409 -0.944691
vn 0.963103 0.141042 0.229215
vn 0.948510 0.314275 0.039502
vn 0.822606 0.459445 -0.335007
vn 0.910787 0.345602 -0.225891
vn 0.940165 0.313780 -0.132783
vn 0.901884 0.298432 -0.312319
vn 0.040501 -0.186798 -0.981563
vn 0.078078 -0.218323 -0.972748
vn -0.004465 -0.013365 -0.999901
vn 0.023664 -0.162518 -0.986422
vn 0.030298 -0.092718 -0.995231
vn 0.153532 -0.203806 -0.966898
vn 0.083347 -0.184502 -0.979292
vn 0.097958 -0.160741 -0.982124
vn 0.270813 -0.194390 -0.942801
vn 0.134695 -0.229042 -0.964052
vn 0.148037 -0.105908 -0.983295
vn 0.295369 -0.236228 -0.925718
vn 0.388938 -0.327248 -0.861183
vn 0.344679 -0.262489 -0.901275
vn 0.108775 -0.081838 -0.990692
vn 0.210630 -0.253954 -0.944003
vn 0.215787 -0.257079 -0.941991
vn 0.163988 -0.055396 -0.984906
vn 0.067117 -0.455379 -0.887764
vn 0.099093 -0.409952 -0.906708
vn 0.110052 -0.455968 -0.883166
vn 0.662999 -0.278073 -0.695060
vn 0.541927 -0.146603 -0.827540
vn 0.625527 -0.234277 -0.744198
vn 0.958978 -0.276772 -0.061307
vn 0.864874 -0.263133 -0.427497
vn 0.803953 -0.335430 -0.491066
vn 0.067589 0.493510 -0.867110
vn -0.216705 0.291643 -0.931656
vn 0.285869 -0.013834 -0.958169
vn 0.520951 0.135765 -0.842720
vn 0.131707 -0.403850 -0.905295
vn 0.247682 -0.415936 -0.875015
vn 0.029672 -0.514365 -0.857058
vn 0.061575 -0.619000 -0.782974
vn 0.060292 -0.333264 -0.940904
vn 0.117905 -0.251168 -0.960736
vn 0.052457 -0.296339 -0.953641
vn 0.074281 0.141606 -0.987132
vn 0.145207 -0.049912 -0.988142
vn 0.963785 -0.089519 -0.251205
vn 0.744441 -0.635798 -0.203886
vn 0.779224 -0.626589 -0.014016
vn 0.871359 -0.481735 -0.093092
vn 0.805871 -0.548191 -0.223738
vn 0.991996 -0.101618 0.074947
vn -0.154470 0.511680 -0.845176
vn -0.250671 0.927231 -0.278222
vn -0.296020 0.927231 -0.229380
vn -0.234444 0.884432 -0.403504
vn 0.032564 -0.515599 -0.856211
vn 0.246411 -0.173435 -0.953521
vn 0.063985 0.317871 -0.945972
vn 0.079398 0.464968 -0.881760
vn 0.062187 0.520455 -0.851622
vn 0.097428 -0.221181 -0.970354
vn 0.053091 -0.195823 -0.979201
vn 0.040882 -0.192688 -0.980408
vn 0.471452 -0.261370 -0.842270
vn 0.052720 -0.034408 -0.998016
vn 0.111191 -0.287291 -0.951367
vn 0.424717 -0.055265 -0.903638
vn 0.263781 -0.224121 -0.938184
vn 0.279291 -0.283584 -0.917375
vn 0.249830 -0.297025 -0.921608
vn 0.206674 -0.274449 -0.939129
vn 0.291420 -0.319334 -0.901721
vn 0.172628 -0.267335 -0.948015
vn 0.207500 -0.296249 -0.932298
vn 0.484268 -0.391176 -0.782602
vn 0.472190 -0.039456 -0.880613
vn 0.313492 -0.327702 -0.891254
vn 0.802175 -0.001267 -0.597088
vn 0.473803 0.186026 -0.860758
vn 0.007997 -0.525104 -0.851001
vn 0.192338 -0.426282 -0.883906
vn 0.078212 -0.229286 -0.970212
vn 0.089929 -0.275734 -0.957018
vn 0.926244 0.215207 -0.309447
vn 0.856045 0.232935 -0.461443
vn 0.612800 -0.075744 -0.786599
vn 0.793774 0.016596 -0.607987
vn 0.627343 -0.120504 -0.769363
vn 0.743246 -0.420914 -0.520016
vn 0.616590 -0.745392 -0.253391
vn 0.720815 -0.660075 -0.211490
vn 0.717967 -0.689735 0.093747
vn 0.676967 -0.735824 0.016697
vn 0.984665 0.172062 -0.028817
vn -0.051904 0.312938 -0.948354
vn 0.095494 0.446339 -0.889754
vn -0.229295 0.918698 -0.321586
vn 0.137615 -0.263352 -0.954834
vn 0.393828 -0.097246 -0.914026
vn 0.406896 -0.122383 -0.905239
vn 0.390683 -0.143035 -0.909345
vn 0.341788 -0.191105 -0.920141
vn 0.117356 -0.471186 -0.874192
vn 0.426017 -0.017734 -0.904541
vn 0.539059 -0.067842 -0.839531
vn 0.273084 -0.380334 -0.883613
vn 0.493967 -0.048036 -0.868153
vn 0.396242 -0.264284 -0.879287
vn -0.141608 0.741915 -0.655370
vn 0.220715 -0.130877 -0.966518
vn 0.498844 -0.032057 -0.866099
vn 0.403265 -0.229441 -0.885852
vn 0.355620 -0.098176 -0.929460
vn 0.352168 -0.176466 -0.919150
vn 0.421903 -0.271380 -0.865073
vn 0.498830 -0.039459 -0.865801
vn 0.456322 -0.008449 -0.889775
vn 0.402641 -0.044066 -0.914297
vn 0.284751 -0.074179 -0.955727
vn 0.170766 -0.144093 -0.974718
vn 0.326927 -0.104888 -0.939211
vn 0.100792 0.221834 -0.969861
vn 0.074144 0.492578 -0.867104
vn 0.312150 -0.024986 -0.949704
vn -0.003672 0.816441 -0.577418
vn 0.406765 0.243634 -0.880446
vn 0.334658 0.251179 -0.908247
vn 0.134984 -0.665947 -0.733685
vn 0.540267 0.460727 -0.704161
vn 0.396598 0.323759 -0.859006
vn 0.720582 -0.146806 -0.677650
vn 0.472019 0.178895 -0.863247
vn 0.077042 0.711528 -0.698421
vn 0.459896 0.716320 -0.524767
vn -0.087411 0.397714 -0.913336
vn 0.635875 -0.039178 -0.770797
vn 0.792551 -0.566876 -0.224754
vn 0.737258 -0.660187 -0.143538
vn 0.445978 0.054069 -0.893409
vn 0.385704 -0.004890 -0.922609
vn 0.272099 -0.142922 -0.951596
vn 0.531895 -0.335888 -0.777346
vn -0.176864 0.890324 -0.419573
vn 0.522919 -0.519289 -0.675940
vn 0.035663 0.560217 -0.827578
vn 0.642700 -0.547832 -0.535553
vn 0.098310 -0.688130 -0.718897
vn 0.137398 -0.139667 -0.980620
vn 0.039601 -0.711854 -0.701210
vn 0.517133 -0.211653 -0.829323
vn 0.359761 0.517609 -0.776308
vn 0.348949 0.413740 -0.840865
vn 0.231290 -0.164812 -0.958823
vn 0.351117 0.299562 -0.887119
vn 0.273214 -0.644456 -0.714164
vn 0.362269 -0.544178 -0.756724
vn 0.365742 -0.371601 -0.853314
vn 0.187040 0.369337 -0.910278
vn 0.309896 0.400852 -0.862138
vn 0.719823 0.116189 -0.684365
vn 0.709993 -0.488968 -0.506775
vn 0.740040 -0.419766 -0.525488
vn 0.479889 -0.021081 -0.877076
vn 0.092639 0.112497 -0.989324
vn -0.330440 0.696585 -0.636850
vn -0.355834 0.765423 -0.536199
vn 0.453833 -0.316772 -0.832881
vn 0.174808 -0.784064 -0.595555
vn 0.123410 0.329011 -0.936228
vn 0.112923 0.400544 -0.909292
vn 0.100268 0.357454 -0.928533
vn 0.608220 0.432472 -0.665610
vn 0.595906 0.056696 -0.801051
vn 0.577147 0.427317 -0.695918
vn 0.663640 0.125180 -0.737504
vn 0.198251 0.507936 -0.838271
vn 0.095689 0.512836 -0.853137
vn 0.092829 0.382238 -0.919389
vn 0.066334 0.380767 -0.922289
vn 0.615787 0.711722 -0.338021
vn 0.772170 0.404965 -0.489651
vn 0.767962 0.371999 -0.521394
vn 0.502586 0.782174 -0.368254
vn 0.529425 0.788912 -0.311972
vn 0.568804 0.145496 -0.809501
vn 0.394737 -0.212687 -0.893838
vn 0.594840 0.301428 -0.745189
vn 0.665103 0.425698 -0.613530
vn 0.162772 0.410140 -0.897380
vn 0.270979 0.407853 -0.871910
vn 0.278842 0.607152 -0.744053
vn 0.248596 0.588832 -0.769076
vn 0.480777 0.570931 -0.665501
vn 0.551014 0.657187 -0.514285
vn 0.679291 0.523440 -0.514368
vn 0.601851 0.223871 -0.766588
vn 0.602614 0.493237 -0.627355
vn 0.345029 0.632463 -0.693502
vn 0.454968 0.381759 -0.804527
vn 0.798896 0.141255 -0.584647
vn 0.870426 -0.043597 -0.490366
vn 0.681684 0.410706 -0.605498
vn 0.905754 0.040687 -0.421847
vn 0.823469 -0.196314 -0.532316
vn 0.557653 0.734823 -0.386081
vn 0.635081 0.603004 -0.482760
vn 0.621397 0.483277 -0.616692
vn 0.164808 0.680782 -0.713705
vn 0.500021 0.566490 -0.655033
vn 0.790868 0.482253 -0.376775
vn 0.356011 0.475483 -0.804470
vn 0.556450 0.326019 -0.764248
vn 0.433153 0.403310 -0.806051
vn 0.525459 0.644386 -0.555571
vn 0.604580 0.378949 -0.700629
vn 0.519829 0.353990 -0.777476
vn 0.610769 0.357543 -0.706487
vn 0.684986 0.125701 -0.717631
vn 0.766601 0.318504 -0.557565
vn 0.863698 0.313741 -0.394452
vn 0.833875 0.174579 -0.523617
vn 0.659638 0.261765 -0.704526
vn 0.896580 0.320337 -0.305824
vn 0.809045 0.357230 -0.466726
vn 0.722358 0.391518 -0.570011
vn 0.266067 0.404574 -0.874945
vn 0.714595 -0.095344 -0.693011
vn 0.832339 -0.287576 -0.473827
vn 0.905603 -0.060994 -0.419718
vn -0.289939 0.325105 -0.900135
vn 0.258718 0.141860 -0.955479
vn 0.532923 -0.249451 -0.808559
vn 0.610250 -0.272875 -0.743730
vn 0.344209 0.194628 -0.918499
vn -0.268071 0.579932 -0.769296
vn 0.558059 0.297122 -0.774783
vn 0.555127 0.014075 -0.831646
vn 0.131092 0.472015 -0.871789
vn 0.291223 0.409888 -0.864396
vn 0.381145 0.180778 -0.906668
vn 0.651660 -0.108373 -0.750729
vn 0.629203 -0.337226 -0.700273
vn 0.364784 -0.182790 -0.912973
vn 0.341315 -0.321920 -0.883103
vn 0.252369 -0.149086 -0.956077
vn 0.721537 -0.336645 -0.605025
vn 0.421581 -0.149328 -0.894411
vn 0.338786 -0.224443 -0.913701
vn 0.217295 -0.275487 -0.936424
vn 0.593291 -0.259508 -0.762012
vn 0.707398 -0.406845 -0.577984
vn 0.696979 -0.341312 -0.630656
vn 0.778542 -0.281663 -0.560837
vn 0.651142 -0.308276 -0.693527
vn 0.579390 -0.298011 -0.758615
vn 0.688424 -0.293726 -0.663172
vn 0.711838 -0.316053 -0.627213
vn 0.514160 -0.319836 -0.795830
vn 0.423663 -0.273260 -0.863619
vn 0.467285 -0.299699 -0.831760
vn 0.663926 -0.287648 -0.690261
vn 0.391688 -0.342818 -0.853848
vn 0.897302 0.385378 -0.215252
vn 0.147257 -0.461494 -0.874836
vn 0.177243 -0.414738 -0.892512
vn 0.058171 0.666137 -0.743557
vn 0.096549 0.325631 -0.940554
vn 0.068322 0.313992 -0.946964
vn 0.014822 0.639928 -0.768292
vn 0.077827 0.650340 -0.755646
vn 0.208335 0.515011 -0.831481
vn 0.359865 0.270318 -0.892987
vn 0.128152 0.339559 -0.931814
vn 0.664362 0.474439 -0.577521
vn 0.333949 0.177323 -0.925762
vn 0.339513 0.259146 -0.904198
vn -0.064067 0.414515 -0.907785
vn -0.146292 -0.826708 -0.543280
vn -0.136898 -0.816870 -0.560342
vn -0.043482 -0.878037 -0.476612
vn 0.176655 -0.960755 -0.213876
vn 0.278039 -0.959818 -0.037993
vn 0.515369 -0.852773 0.084697
vn -0.119205 -0.812383 -0.570810
vn -0.043505 -0.864286 -0.501116
vn 0.047628 -0.894392 -0.444742
vn 0.090109 -0.811497 -0.577367
vn 0.111666 -0.477453 -0.871533
vn 0.101453 -0.182537 -0.977951
vn 0.064790 0.287081 -0.955713
vn 0.070601 0.582444 -0.809799
vn 0.070146 0.882780 -0.464520
vn 0.078796 0.988331 -0.130353
vn 0.089783 0.913303 0.397261
vn 0.088947 0.713380 0.695109
vn 0.101928 0.301964 0.947854
vn 0.116651 0.102065 0.987915
vn 0.118795 0.100046 0.987866
vn 0.155646 0.055876 0.986231
vn 0.256276 -0.101829 0.961225
vn 0.250576 -0.323780 0.912348
vn 0.054919 -0.917102 0.394851
vn -0.132034 -0.972143 -0.193662
vn 0.157010 -0.700364 0.696303
vn 0.222903 0.326823 0.918423
vn 0.668140 -0.736843 0.103200
vn 0.163013 -0.984231 0.068673
vn 0.055893 0.563195 -0.824431
vn 0.218266 -0.601326 -0.768614
vn 0.378689 -0.923105 -0.066865
vn -0.101600 -0.836550 -0.538388
vn 0.422029 -0.906371 0.019589
vn 0.699663 -0.704752 0.117458
vn 0.282168 -0.493931 0.822444
vn 0.031727 -0.992461 0.118383
vn 0.508233 -0.365911 0.779620
vn 0.503631 0.137059 0.852978
vn 0.129502 0.553830 0.822497
vn 0.227760 -0.972449 -0.049693
vn 0.106051 -0.990399 -0.088672
vn 0.365022 -0.900249 0.237300
vn 0.019747 0.586601 -0.809635
vn -0.029854 0.148700 -0.988432
vn -0.011630 0.773116 -0.634159
vn 0.192631 -0.737628 -0.647147
vn 0.315668 -0.712946 -0.626149
vn 0.336345 -0.941231 0.030928
vn 0.349608 -0.930285 0.111105
vn 0.577490 -0.816395 0.002233
vn 0.350175 -0.864616 -0.360300
vn 0.442514 -0.884876 -0.145518
vn 0.521870 -0.788096 -0.326430
vn 0.315573 -0.946159 -0.072083
vn 0.355288 -0.706926 -0.611576
vn 0.297119 -0.540330 0.787251
vn 0.168109 -0.887203 0.429663
vn 0.199897 -0.193109 0.960599
vn -0.044785 -0.935736 -0.349845
vn 0.109949 0.147327 0.982958
vn 0.279246 -0.054856 0.958651
vn 0.566462 0.317818 0.760337
vn 0.612310 0.061963 0.788186
vn 0.024369 0.925001 0.379182
vn 0.101630 0.846015 0.523382
vn 0.250386 0.170625 0.952992
vn 0.038234 0.859417 0.509844
vn 0.103929 -0.947695 0.301782
vn 0.449107 -0.889960 0.079214
vn 0.048462 0.513662 -0.856623
vn 0.185475 0.164544 -0.968775
vn 0.662616 0.334972 -0.669877
vn 0.595123 0.501568 -0.627899
vn 0.114568 -0.866335 -0.486146
vn 0.034010 -0.161553 -0.986278
vn 0.150561 -0.348551 -0.925118
vn 0.211078 -0.957783 -0.195189
vn 0.345301 -0.938010 0.030067
vn 0.131727 -0.951474 -0.278109
vn 0.327215 -0.944014 0.042059
vn 0.565543 -0.815250 0.124613
vn 0.142178 -0.765606 -0.627402
vn 0.318216 -0.808416 -0.495179
vn 0.327401 -0.430696 -0.841017
vn 0.200333 -0.870956 0.448668
vn 0.259399 -0.175634 0.949666
vn 0.452864 -0.459293 0.764175
vn 0.136984 0.243827 0.960096
vn 0.258579 -0.104608 0.960309
vn 0.114881 0.164613 0.979645
vn 0.194034 -0.466808 0.862810
vn 0.151732 0.106119 0.982709
vn 0.095623 -0.742067 0.663471
vn 0.235661 -0.114219 0.965100
vn 0.098598 0.133439 0.986140
vn 0.201453 0.025419 0.979168
vn 0.096773 0.161260 0.982156
vn 0.077888 0.127182 0.988817
vn 0.352735 0.511813 0.783342
vn 0.633397 0.066069 0.771002
vn 0.645977 -0.009769 0.763294
vn 0.663366 0.070905 0.744928
vn 0.505888 0.145579 0.850226
vn 0.660528 0.064031 0.748066
vn 0.322424 0.545323 0.773735
vn 0.631492 0.003201 0.775376
vn 0.399518 0.474645 0.784282
vn 0.299549 0.724587 0.620680
vn 0.120636 0.776199 0.618840
vn 0.491291 0.336878 0.803210
vn 0.181714 0.840522 0.510395
vn -0.146223 0.885857 0.440314
vn 0.239600 0.237460 0.941385
vn 0.259258 0.483261 0.836209
vn 0.248863 0.380390 0.890713
vn 0.242024 0.288109 0.926508
vn 0.226654 0.190104 0.955242
vn 0.190612 0.965077 0.179704
vn 0.407030 0.818992 0.404449
vn 0.069001 0.214978 0.974178
vn 0.201522 0.497168 0.843927
vn 0.057250 0.990390 0.125895
vn 0.042141 0.471235 -0.881000
vn 0.066609 0.141563 -0.987686
vn 0.032683 0.766148 -0.641833
vn 0.002886 0.179552 -0.983744
vn 0.180563 0.235783 -0.954884
vn 0.206297 -0.080208 -0.975196
vn 0.753532 0.198361 -0.626771
vn 0.649469 0.428340 -0.628263
vn 0.425402 0.261787 -0.866314
vn 0.238864 0.364406 -0.900085
vn 0.042801 0.357741 -0.932840
vn -0.021275 0.615972 -0.787481
vn 0.363932 0.246098 -0.898326
vn 0.001698 0.655746 -0.754979
vn 0.534652 0.446473 -0.717502
vn -0.444274 0.794798 -0.413420
vn -0.119021 0.987798 -0.100450
vn 0.171216 -0.954200 -0.245329
vn -0.020766 -0.896028 -0.443511
vn 0.072985 -0.485156 -0.871377
vn 0.006921 -0.435710 -0.900061
vn 0.330866 -0.447879 -0.830622
vn 0.350785 -0.936221 -0.020981
vn 0.333400 -0.937483 -0.099851
vn 0.138082 -0.951881 -0.273598
vn 0.244674 -0.956001 -0.161851
vn 0.256491 -0.925358 -0.279149
vn -0.026159 -0.859596 -0.510304
vn 0.293182 -0.418732 0.859481
vn 0.395868 0.179487 0.900596
vn 0.250351 -0.013529 0.968061
vn 0.180712 0.053600 0.982075
vn 0.167591 -0.002499 0.985853
vn 0.135126 -0.433343 0.891041
vn 0.327335 -0.172091 0.929105
vn 0.033925 -0.907540 0.418594
vn -0.074029 -0.987471 -0.139358
vn -0.096310 -0.955947 -0.277289
vn 0.250035 -0.403227 0.880279
vn 0.422338 0.025043 0.906093
vn 0.266430 0.167121 0.949255
vn 0.388594 0.109733 0.914852
vn -0.127408 0.616502 0.776976
vn 0.476331 -0.214392 0.852728
vn -0.138089 0.624991 0.768322
vn 0.508853 -0.313881 0.801591
vn -0.115940 0.587302 0.801021
vn 0.311940 0.491517 0.813084
vn 0.346798 0.711547 0.611091
vn 0.246876 0.665147 0.704721
vn 0.387646 0.172772 0.905472
vn 0.039871 0.995857 -0.081728
vn 0.313845 0.920724 0.231881
vn 0.423213 0.867221 0.262334
vn 0.155118 0.886774 0.435396
vn 0.531600 0.720663 0.445023
vn 0.041663 0.546649 0.836325
vn 0.072948 0.838752 0.539605
vn 0.195232 0.504534 0.841029
vn 0.089023 0.794579 0.600599
vn 0.108858 0.685952 0.719458
vn -0.019715 0.624148 0.781057
vn 0.002184 0.776784 0.629763
vn 0.194686 0.705257 0.681696
vn -0.070779 0.746176 0.661975
vn 0.224309 0.597901 0.769545
vn 0.166028 0.428951 0.887939
vn 0.283134 0.590105 0.756050
vn 0.209247 0.977556 0.024516
vn 0.342054 0.752206 0.563192
vn 0.153663 0.615822 0.772756
vn 0.233188 0.796191 0.558304
vn 0.097027 0.995282 0.000615
vn 0.187582 0.870783 0.454478
vn 0.147714 0.810154 0.567302
vn 0.097529 0.840521 0.532928
vn 0.077191 0.997007 0.004253
vn 0.142072 0.937102 0.318835
vn 0.074497 0.953961 0.290532
vn 0.337124 0.921509 0.192793
vn 0.345102 0.747098 0.568110
vn 0.021234 0.991243 0.130332
vn 0.033117 0.110176 -0.993360
vn 0.067931 -0.235764 -0.969433
vn 0.032417 0.258891 -0.965362
vn 0.019224 0.758631 -0.651236
vn 0.014107 0.737212 -0.675514
vn 0.033740 0.957286 -0.287167
vn 0.094157 -0.085392 -0.991888
vn 0.348785 -0.263259 -0.899469
vn 0.482664 -0.094709 -0.870670
vn 0.474458 -0.445809 -0.759042
vn -0.336296 0.740410 -0.581978
vn 0.834037 -0.052670 -0.549188
vn 0.282780 0.883861 -0.372593
vn -0.562571 0.782166 -0.267824
vn 0.243698 -0.898463 -0.365207
vn 0.071781 -0.915330 -0.396256
vn 0.151057 -0.732206 -0.664120
vn -0.007932 -0.370062 -0.928973
vn 0.112458 -0.612448 -0.782471
vn 0.272285 -0.039556 0.961403
vn 0.479411 -0.376358 0.792792
vn 0.113158 0.206814 0.971814
vn 0.193699 -0.346763 0.917734
vn 0.398252 -0.203053 0.894520
vn 0.215529 0.068717 0.974076
vn 0.240971 -0.117852 0.963350
vn 0.016130 -0.848119 0.529560
vn 0.131531 -0.802401 0.582111
vn -0.006416 0.423855 0.905707
vn 0.123520 0.349551 0.928739
vn 0.051654 0.934798 0.351403
vn 0.268301 0.962798 0.032178
vn 0.271050 0.905806 0.325650
vn 0.187276 0.948655 0.254913
vn 0.070912 -0.315585 -0.946244
vn 0.054785 0.028469 -0.998092
vn 0.030192 0.509692 -0.859827
vn 0.047788 0.303427 -0.951656
vn 0.046326 0.676896 -0.734619
vn 0.100651 0.854345 -0.509867
vn 0.028050 0.869452 -0.493220
vn 0.040245 0.872577 -0.486815
vn 0.053868 0.746442 -0.663267
vn 0.084764 0.960599 -0.264696
vn 0.032720 0.966088 -0.256130
vn 0.092262 0.994582 0.047895
vn 0.048965 0.997757 0.045640
vn 0.706954 -0.063418 -0.704410
vn 0.413013 0.010631 -0.910663
vn -0.101037 -0.044723 -0.993877
vn -0.041610 -0.203970 -0.978092
vn 0.371157 0.634478 -0.677997
vn 0.128416 0.933346 -0.335224
vn 0.319066 0.946377 0.050678
vn 0.121183 0.815973 -0.565245
vn 0.267457 0.954916 -0.128851
vn -0.090591 0.812372 -0.576059
vn 0.535127 0.818614 0.208593
vn 0.201522 0.860740 -0.467456
vn -0.084679 0.466630 -0.880390
vn 0.162233 0.839065 -0.519278
vn 0.244837 0.945135 -0.216275
vn 0.026515 0.727182 -0.685933
vn -0.044061 0.717339 -0.695330
vn 0.027112 0.489398 -0.871639
vn -0.032803 0.318164 -0.947468
vn 0.160269 0.938682 -0.305271
vn 0.115887 0.747632 -0.653924
vn 0.110924 0.750423 -0.651584
vn 0.083733 0.633513 -0.769188
vn 0.027548 0.507876 -0.860990
vn 0.233523 0.934149 -0.269877
vn 0.005900 -0.916094 -0.400919
vn -0.046363 0.502165 0.863528
vn 0.371134 -0.007171 0.928552
vn 0.110679 0.099543 0.988859
vn 0.442296 -0.380514 0.812147
vn 0.114075 0.371888 0.921241
vn 0.173052 0.287461 0.942029
vn 0.245895 0.174914 0.953384
vn 0.168995 0.975801 0.138757
vn -0.050073 -0.085848 -0.995049
vn -0.051885 0.142514 -0.988432
vn -0.006465 0.352776 -0.935686
vn -0.037526 0.048137 -0.998136
vn -0.049086 0.161753 -0.985610
vn 0.016899 0.322455 -0.946434
vn -0.080202 0.325823 -0.942023
vn -0.017627 0.235516 -0.971711
vn 0.034761 0.399412 -0.916112
vn 0.026900 -0.080514 -0.996390
vn 0.021573 0.169661 -0.985266
vn 0.003979 0.227853 -0.973687
vn -0.066940 0.037114 -0.997066
vn -0.016874 0.151640 -0.988292
vn 0.010464 -0.121959 -0.992480
vn 0.142995 -0.333752 -0.931752
vn 0.065662 -0.406658 -0.911218
vn -0.041270 -0.482621 -0.874857
vn 0.017939 -0.532779 -0.846064
vn 0.034005 -0.688025 -0.724890
vn 0.314780 -0.919016 -0.237325
vn -0.029137 -0.540152 -0.841063
vn 0.098861 -0.708613 -0.698637
vn 0.074285 -0.399016 -0.913930
vn 0.182312 -0.860212 -0.476233
vn 0.100161 -0.675114 -0.730882
vn 0.268773 -0.260609 -0.927278
vn -0.051923 0.997658 0.044514
vn -0.216310 0.881395 0.419943
vn 0.192754 0.966574 -0.169058
vn 0.173209 0.974066 -0.145581
vn 0.097192 0.966564 -0.237294
vn 0.125610 0.889654 -0.439019
vn 0.109635 0.850504 -0.514416
vn 0.100493 0.759402 -0.642814
vn 0.333912 -0.074597 0.939648
vn -0.045207 0.510513 0.858681
vn -0.100410 0.592047 0.799624
vn -0.029262 0.551539 0.833636
vn -0.155532 0.617232 0.771255
vn 0.195387 0.273651 0.941774
vn 0.041433 0.452960 0.890567
vn 0.056348 0.231416 0.971222
vn 0.049146 0.256448 0.965308
vn 0.334337 0.149215 0.930566
vn 0.221566 0.298864 0.928218
vn 0.051541 0.486484 0.872168
vn 0.058845 0.567824 -0.821044
vn 0.015811 0.411712 -0.911177
vn 0.007310 0.361877 -0.932197
vn 0.019291 0.108734 -0.993884
vn 0.040378 0.420792 -0.906258
vn -0.092852 -0.106189 -0.990001
vn -0.155508 -0.159532 -0.974868
vn 0.354267 -0.737345 -0.575167
vn 0.298591 -0.672521 -0.677169
vn -0.091696 -0.324258 -0.941514
vn 0.291889 -0.279821 0.914604
vn 0.057785 -0.904467 -0.422611
vn 0.087436 -0.905071 -0.416174
vn 0.026187 -0.904889 -0.424842
vn -0.058365 -0.965529 -0.253668
vn -0.122969 -0.986661 -0.106672
vn -0.477775 -0.871691 0.109017
vn 0.080645 -0.775801 -0.625802
vn 0.050615 -0.789192 -0.612057
vn -0.073219 -0.848574 -0.523986
vn -0.132185 -0.788314 -0.600906
vn -0.117002 -0.511285 -0.851409
vn -0.136569 -0.199517 -0.970331
vn -0.070455 0.249318 -0.965855
vn -0.032349 0.551174 -0.833763
vn -0.041224 0.856610 -0.514315
vn -0.070336 0.978707 -0.192837
vn -0.179876 0.941903 0.283660
vn -0.186207 0.725005 0.663095
vn -0.182209 0.453203 0.872587
vn -0.206397 -0.006626 0.978446
vn -0.203341 -0.130620 0.970356
vn -0.223250 -0.143069 0.964205
vn -0.205129 -0.121849 0.971121
vn -0.211509 -0.147053 0.966250
vn -0.113584 -0.649336 0.751972
vn 0.043851 -0.804276 -0.592636
vn -0.320536 -0.944896 -0.066547
vn -0.387092 -0.919082 0.073806
vn -0.000193 -0.061757 -0.998091
vn -0.737904 -0.657120 0.153918
vn -0.235292 0.902014 0.361950
vn -0.328470 -0.300347 0.895488
vn -0.020611 -0.942024 0.334912
vn -0.159176 -0.753781 0.637555
vn -0.707972 -0.693640 0.132811
vn -0.090398 -0.963191 0.253162
vn -0.285987 -0.812035 -0.508735
vn -0.282068 -0.949996 -0.133958
vn -0.285806 -0.952684 0.103482
vn -0.263955 -0.963537 -0.043874
vn -0.570225 -0.821095 0.025440
vn 0.135569 0.016646 -0.990628
vn -0.189870 -0.612668 -0.767194
vn -0.034446 0.165784 -0.985560
vn -0.031726 0.758090 -0.651378
vn -0.135424 0.718069 0.682669
vn -0.443330 0.113165 0.889186
vn -0.199068 0.741622 0.640600
vn -0.352356 -0.297166 0.887433
vn -0.019465 0.117169 0.992921
vn -0.232725 -0.702910 0.672129
vn -0.054188 -0.844020 0.533568
vn -0.070151 -0.996416 -0.047267
vn -0.315324 -0.859117 0.403100
vn -0.025939 -0.991070 0.130793
vn -0.370652 -0.760759 -0.532788
vn -0.319645 -0.946947 -0.033437
vn -0.158584 -0.657628 -0.736462
vn -0.137877 -0.934468 -0.328268
vn -0.333176 -0.942045 0.039305
vn -0.560372 -0.806761 0.187406
vn 0.138785 -0.034394 -0.989725
vn 0.180145 -0.007833 -0.983609
vn -0.248050 -0.775247 -0.580916
vn -0.070636 -0.213047 -0.974485
vn -0.058451 0.404659 -0.912598
vn -0.455384 0.725216 -0.516417
vn -0.046794 0.998397 0.031828
vn -0.040789 0.710378 0.702637
vn -0.130188 0.340514 0.931183
vn -0.319090 0.124117 0.939562
vn -0.174951 0.690378 0.701976
vn -0.420179 0.852955 -0.309705
vn -0.207398 -0.122495 0.970557
vn -0.144187 -0.252207 0.956871
vn -0.328091 -0.249944 0.910980
vn -0.183971 -0.134563 0.973677
vn -0.234165 -0.269018 0.934236
vn -0.221152 -0.151749 0.963361
vn -0.007107 -0.992391 0.122920
vn -0.251742 0.014568 0.967685
vn -0.470322 -0.091891 0.877698
vn -0.143251 -0.171674 0.974683
vn -0.233265 -0.283505 0.930168
vn -0.158348 -0.367556 0.916422
vn -0.234811 0.157029 0.959273
vn -0.454286 -0.068324 0.888232
vn -0.160570 -0.829619 0.534742
vn 0.033388 -0.983455 -0.178050
vn -0.395854 -0.914180 0.087030
vn -0.141277 -0.684530 0.715164
vn -0.462240 -0.878935 -0.117505
vn -0.299537 -0.623066 -0.722542
vn -0.132801 -0.740077 -0.659280
vn -0.179765 -0.480870 -0.858166
vn -0.360222 -0.096346 -0.927878
vn -0.011537 -0.227490 -0.973712
vn -0.257950 0.051733 -0.964772
vn 0.275614 -0.021206 -0.961034
vn -0.295851 0.137510 -0.945285
vn -0.078887 -0.033187 -0.996331
vn -0.403426 0.060011 -0.913042
vn -0.123983 -0.829131 -0.545133
vn -0.145980 -0.592233 -0.792433
vn -0.133258 -0.905675 -0.402486
vn -0.002347 -0.837068 -0.547094
vn -0.053669 -0.291533 -0.955054
vn -0.051720 0.105324 -0.993092
vn -0.023457 0.444278 -0.895582
vn -0.048013 0.730342 -0.681392
vn 0.137166 0.798488 -0.586177
vn -0.142836 0.343994 -0.928044
vn -0.037718 0.870617 -0.490513
vn -0.492798 0.413892 -0.765404
vn 0.463331 0.785873 -0.409545
vn 0.053871 0.124400 -0.990769
vn -0.388049 0.579963 -0.716282
vn -0.156153 0.362962 -0.918627
vn -0.383958 0.360983 -0.849863
vn 0.051704 0.092758 -0.994345
vn -0.250410 0.494874 -0.832103
vn -0.690141 0.532760 -0.489768
vn -0.039899 0.482553 -0.874958
vn 0.019397 0.547036 -0.836884
vn 0.083471 0.460504 -0.883724
vn -0.002018 0.644718 -0.764418
vn -0.043258 0.995653 0.082481
vn -0.084610 0.653671 0.752034
vn -0.034158 0.903389 0.427458
vn -0.180638 0.344301 0.921318
vn -0.051324 0.182369 0.981890
vn -0.029193 0.345984 0.937786
vn -0.295656 0.034988 0.954653
vn -0.108790 0.304856 0.946165
vn -0.295226 0.025705 0.955082
vn -0.236675 0.527677 0.815808
vn -0.338288 0.790725 0.510211
vn 0.011964 0.529886 0.847984
vn -0.028105 0.997788 0.060237
vn -0.313709 -0.189710 0.930374
vn -0.393083 -0.133091 0.909820
vn -0.249917 -0.022521 0.968005
vn -0.156138 -0.416549 0.895605
vn -0.194060 -0.481380 0.854760
vn -0.259626 -0.520702 0.813304
vn -0.245630 -0.589123 0.769805
vn -0.076049 0.061071 0.995232
vn -0.277118 0.100234 0.955593
vn 0.104008 0.490899 0.864986
vn -0.453555 -0.035703 0.890513
vn -0.455205 -0.023373 0.890080
vn -0.227692 -0.870971 -0.435391
vn -0.106248 -0.375506 -0.920710
vn -0.380435 -0.465313 -0.799220
vn -0.095893 -0.647686 -0.755849
vn -0.104834 -0.331738 -0.937529
vn -0.013129 -0.847575 -0.530514
vn -0.330410 -0.851111 -0.407970
vn -0.130031 -0.921814 -0.365172
vn -0.069025 -0.891734 -0.447265
vn 0.035303 -0.840656 -0.540418
vn -0.044383 0.269497 -0.961978
vn -0.043978 0.009869 -0.998984
vn -0.055337 -0.123818 -0.990761
vn -0.030073 0.076437 -0.996621
vn 0.007438 0.721195 -0.692692
vn -0.024171 0.931498 -0.362942
vn -0.084842 0.803866 -0.588729
vn 0.471544 0.829446 -0.299443
vn -0.395251 0.748155 -0.532955
vn -0.144327 0.955807 -0.256130
vn -0.015211 0.998702 0.048619
vn -0.084968 0.874420 0.477672
vn -0.020783 0.948525 0.316018
vn -0.049865 0.908295 0.415348
vn -0.120840 0.283696 0.951270
vn -0.013323 0.560632 0.827958
vn 0.069140 0.332032 0.940731
vn 0.062231 0.425159 0.902977
vn -0.024063 0.994722 0.099748
vn 0.569293 0.815207 -0.106502
vn -0.180149 0.885815 0.427642
vn -0.541007 0.797520 0.266969
vn -0.410546 0.813251 0.412400
vn -0.141754 0.857948 0.493792
vn -0.301355 0.757134 0.579597
vn -0.216049 0.884929 0.412581
vn -0.210966 0.517632 0.829187
vn -0.243947 0.829908 0.501739
vn -0.271661 0.633936 0.724103
vn -0.260631 0.918126 0.298522
vn -0.217888 0.600164 0.769629
vn -0.123719 0.442895 0.887996
vn -0.179958 0.371163 0.910963
vn -0.250182 0.415668 0.874430
vn -0.189051 0.672774 0.715286
vn -0.219111 0.731313 0.645889
vn -0.369606 0.115008 0.922044
vn -0.233328 0.825915 0.513247
vn -0.232473 0.611626 0.756221
vn -0.234710 0.784087 0.574560
vn -0.175022 0.906102 0.385157
vn -0.250069 0.452049 0.856222
vn -0.222855 0.765862 0.603151
vn -0.209314 0.904333 0.371981
vn -0.181334 0.742730 0.644569
vn -0.197847 0.979732 -0.031340
vn -0.177711 0.879185 0.442101
vn -0.201932 0.969370 0.139807
vn -0.200553 0.974638 0.099289
vn -0.217371 0.599944 0.769946
vn -0.341051 0.566975 0.749816
vn -0.399703 0.298772 0.866587
vn -0.213944 0.109468 0.970693
vn -0.229646 0.245386 0.941833
vn -0.207782 0.380235 0.901248
vn -0.082863 0.216163 0.972835
vn -0.262663 0.015638 0.964761
vn -0.233983 0.674918 0.699813
vn -0.133846 0.989459 -0.055277
vn -0.204451 0.975314 0.083444
vn -0.109510 0.953880 0.279501
vn -0.122118 0.983132 0.136158
vn -0.120549 0.983770 -0.132905
vn 0.009962 0.786587 -0.617400
vn -0.211792 0.940129 0.267024
vn -0.163395 0.985146 0.052821
vn 0.109213 0.446059 0.888315
vn -0.163186 0.969021 0.185389
vn -0.147564 0.978701 -0.142718
vn 0.002723 0.262289 0.964986
vn -0.428657 -0.336293 0.838547
vn -0.396636 -0.061463 0.915916
vn -0.231127 0.289945 0.928715
vn -0.348660 -0.411547 0.842060
vn -0.419229 -0.407468 0.811305
vn -0.420008 -0.363147 0.831696
vn -0.191591 0.020987 0.981250
vn 0.104007 0.432801 0.895470
vn 0.087387 0.453804 0.886806
vn -0.243146 -0.260265 0.934421
vn -0.320047 -0.588060 0.742802
vn 0.197148 -0.237210 -0.951243
vn -0.163264 -0.507370 -0.846121
vn -0.207303 -0.445588 -0.870906
vn -0.198709 -0.595034 -0.778749
vn -0.237436 -0.661052 -0.711782
vn -0.112869 -0.321105 -0.940294
vn -0.284301 -0.932866 -0.221213
vn -0.141483 -0.907928 -0.394523
vn -0.284454 -0.884810 -0.369049
vn -0.238377 -0.787566 -0.568258
vn -0.341121 -0.933496 -0.110553
vn -0.339004 -0.912840 -0.227595
vn -0.038710 0.165160 -0.985507
vn 0.032095 -0.205490 -0.978133
vn -0.061779 0.977467 -0.201844
vn -0.079068 0.945340 -0.316355
vn -0.053019 0.704263 -0.707956
vn -0.054764 0.852217 -0.520314
vn -0.043034 0.457429 -0.888204
vn -0.067229 0.642641 -0.763213
vn -0.083972 0.539181 -0.837993
vn -0.078456 0.658871 -0.748153
vn -0.191325 0.829309 -0.525015
vn -0.034513 0.463529 -0.885409
vn -0.056087 0.244446 -0.968040
vn -0.691356 0.606510 -0.392648
vn -0.611190 0.731349 -0.302615
vn -0.122578 0.935984 -0.330012
vn -0.352281 0.877722 -0.324811
vn -0.653332 0.733509 -0.187407
vn -0.682045 0.490259 -0.542642
vn 0.023169 0.817161 -0.575944
vn 0.006958 0.854867 0.518801
vn -0.026515 0.735458 0.677051
vn -0.043251 0.561577 0.826293
vn -0.292067 0.949617 0.113684
vn -0.170496 0.352987 0.919962
vn -0.153629 0.580533 0.799612
vn -0.191443 0.244744 0.950500
vn -0.104140 0.491045 0.864887
vn -0.006807 0.389151 0.921149
vn 0.048170 0.504339 0.862161
vn -0.125887 0.192793 0.973131
vn 0.021033 0.425226 0.904843
vn -0.165365 0.102448 0.980897
vn -0.454497 -0.008870 0.890704
vn -0.070098 0.653483 -0.753689
vn -0.130507 0.451406 -0.882723
vn -0.092053 0.246553 -0.964747
vn -0.109187 0.697077 -0.708634
vn -0.040228 0.377094 -0.925301
vn -0.023648 0.148894 -0.988570
vn -0.013919 0.150832 -0.988461
vn -0.012448 -0.069896 -0.997477
vn -0.147952 0.114621 -0.982330
vn 0.002496 0.323792 -0.946125
vn -0.166139 0.299866 -0.939403
vn -0.261469 -0.367408 -0.892550
vn -0.313448 -0.091338 -0.945202
vn -0.047423 -0.176101 -0.983229
vn -0.037573 0.027694 -0.998910
vn -0.271927 0.937356 0.217759
vn -0.215330 0.967102 -0.135449
vn -0.070563 0.951982 -0.297911
vn 0.076904 0.391294 0.917047
vn -0.309280 0.045277 0.949893
vn -0.430883 -0.336897 0.837162
vn -0.359576 -0.419468 0.833518
vn -0.340602 -0.474067 -0.811943
vn -0.042466 -0.458045 -0.887914
vn -0.098036 -0.612600 -0.784289
vn -0.077278 -0.531050 -0.843809
vn -0.242149 -0.745158 -0.621372
vn -0.251035 -0.868434 -0.427557
vn -0.341289 -0.938551 -0.051422
vn -0.081199 0.996276 -0.028987
vn -0.083647 0.942106 -0.324714
vn -0.046700 0.639109 -0.767697
vn -0.055213 0.802533 -0.594047
vn -0.140280 0.923736 -0.356418
vn -0.222242 0.958108 -0.180658
vn -0.105151 0.817185 -0.566702
vn -0.044886 0.768464 -0.638317
vn -0.050202 0.906780 -0.418604
vn -0.024893 0.908205 -0.417785
vn -0.237689 0.543657 0.804948
vn -0.185857 -0.361822 -0.913533
vn 0.090577 -0.307998 -0.947065
vn 0.069688 -0.252186 -0.965166
vn 0.022379 -0.209385 -0.977577
vn 0.024778 -0.213429 -0.976644
vn -0.003948 -0.296220 -0.955112
vn -0.125903 -0.353938 -0.926756
vn -0.024547 0.825532 -0.563822
vn 0.094671 -0.205062 -0.974160
vn -0.218689 -0.167495 -0.961312
vn -0.375162 -0.353369 -0.856962
vt 0.263620 0.581993
vt 0.281317 0.584462
vt 0.297971 0.590484
vt 0.312103 0.600827
vt 0.323595 0.613809
vt 0.332679 0.628417
vt 0.339816 0.643977
vt 0.345925 0.659932
vt 0.362270 0.654009
vt 0.378616 0.648087
vt 0.394961 0.642165
vt 0.411307 0.636242
vt 0.427652 0.630320
vt 0.443998 0.624398
vt 0.440383 0.607415
vt 0.437150 0.590365
vt 0.434532 0.573219
vt 0.432557 0.555996
vt 0.431268 0.538715
vt 0.430703 0.521399
vt 0.430890 0.504076
vt 0.431851 0.486776
vt 0.433602 0.469532
vt 0.436820 0.452489
vt 0.443260 0.436325
vt 0.454489 0.422768
vt 0.469961 0.413751
vt 0.487625 0.409427
vt 0.487625 0.392170
vt 0.487625 0.374913
vt 0.487625 0.357656
vt 0.487625 0.340399
vt 0.487625 0.323142
vt 0.487625 0.305885
vt 0.487625 0.288628
vt 0.487625 0.271371
vt 0.487625 0.254114
vt 0.487625 0.236857
vt 0.487625 0.219600
vt 0.487625 0.202343
vt 0.487625 0.185086
vt 0.487625 0.167829
vt 0.487625 0.150572
vt 0.487625 0.133315
vt 0.487625 0.116058
vt 0.487625 0.098801
vt 0.487625 0.081544
vt 0.487625 0.064287
vt 0.468958 0.064287
vt 0.450291 0.064287
vt 0.431624 0.064287
vt 0.412957 0.064287
vt 0.394289 0.064287
vt 0.375622 0.064287
vt 0.356955 0.064287
vt 0.338288 0.064287
vt 0.319621 0.064287
vt 0.300954 0.064287
vt 0.282287 0.064287
vt 0.263620 0.064287
vt 0.263620 0.082138
vt 0.263620 0.099990
vt 0.263620 0.117842
vt 0.263620 0.135694
vt 0.263620 0.153546
vt 0.263620 0.171398
vt 0.263620 0.189250
vt 0.263620 0.207102
vt 0.263620 0.224954
vt 0.263620 0.242806
vt 0.263620 0.260658
vt 0.263620 0.278510
vt 0.263620 0.296362
vt 0.263620 0.314214
vt 0.263620 0.332066
vt 0.263620 0.349918
vt 0.263620 0.367770
vt 0.263620 0.385622
vt 0.263620 0.403473
vt 0.263620 0.421326
vt 0.263620 0.439177
vt 0.263620 0.457029
vt 0.263620 0.474881
vt 0.263620 0.492733
vt 0.263620 0.510585
vt 0.263620 0.528437
vt 0.263620 0.546289
vt 0.263620 0.564141
vt 0.274044 0.573067
vt 0.367824 0.567519
vt 0.361606 0.625734
vt 0.350956 0.649169
vt 0.351191 0.635371
vt 0.365898 0.639788
vt 0.408544 0.606131
vt 0.431998 0.617858
vt 0.415966 0.619741
vt 0.424577 0.604248
vt 0.342368 0.587792
vt 0.345525 0.611386
vt 0.348901 0.623263
vt 0.381623 0.627852
vt 0.413819 0.584192
vt 0.329153 0.598315
vt 0.335126 0.617203
vt 0.384122 0.638505
vt 0.397804 0.620025
vt 0.415369 0.596067
vt 0.319170 0.574313
vt 0.296788 0.567793
vt 0.286290 0.573821
vt 0.281555 0.555166
vt 0.341778 0.599850
vt 0.370516 0.595074
vt 0.356936 0.601736
vt 0.406996 0.626306
vt 0.328393 0.584731
vt 0.314129 0.587209
vt 0.306043 0.577032
vt 0.370971 0.611687
vt 0.358158 0.613930
vt 0.388776 0.602936
vt 0.399878 0.591858
vt 0.372152 0.622227
vt 0.377632 0.603211
vt 0.394233 0.567389
vt 0.401188 0.578766
vt 0.384023 0.583826
vt 0.414167 0.564028
vt 0.369681 0.581252
vt 0.353810 0.576203
vt 0.336863 0.569104
vt 0.358235 0.588655
vt 0.272953 0.073212
vt 0.310599 0.108916
vt 0.375447 0.233880
vt 0.375426 0.340992
vt 0.351551 0.430252
vt 0.403623 0.143758
vt 0.440957 0.108336
vt 0.478292 0.072915
vt 0.452419 0.383541
vt 0.475857 0.400798
vt 0.457080 0.400793
vt 0.471196 0.383546
vt 0.372939 0.512174
vt 0.426730 0.583043
vt 0.393375 0.630747
vt 0.270119 0.555215
vt 0.279940 0.537363
vt 0.397797 0.609339
vt 0.385106 0.615370
vt 0.381048 0.571093
vt 0.398786 0.536827
vt 0.381669 0.550119
vt 0.417681 0.548310
vt 0.401883 0.553345
vt 0.415403 0.531957
vt 0.390869 0.556844
vt 0.399639 0.511508
vt 0.403809 0.524307
vt 0.385482 0.524860
vt 0.416153 0.513678
vt 0.410721 0.493256
vt 0.418692 0.502210
vt 0.425972 0.565389
vt 0.301249 0.144620
vt 0.286167 0.108916
vt 0.281746 0.090336
vt 0.310287 0.085724
vt 0.347622 0.099537
vt 0.431237 0.245485
vt 0.325473 0.269584
vt 0.319126 0.340992
vt 0.428421 0.314513
vt 0.390684 0.453449
vt 0.315140 0.465955
vt 0.309096 0.412400
vt 0.444539 0.159200
vt 0.440957 0.085422
vt 0.460460 0.081411
vt 0.465168 0.107429
vt 0.403623 0.099654
vt 0.452391 0.349027
vt 0.458192 0.412036
vt 0.407533 0.403641
vt 0.432716 0.408633
vt 0.466470 0.393887
vt 0.386299 0.512212
vt 0.379713 0.482241
vt 0.392006 0.495448
vt 0.385260 0.537718
vt 0.416744 0.476694
vt 0.285965 0.162472
vt 0.272929 0.108916
vt 0.280785 0.126768
vt 0.270256 0.091064
vt 0.291620 0.077491
vt 0.303851 0.075698
vt 0.296496 0.090699
vt 0.307060 0.097361
vt 0.327473 0.096233
vt 0.347622 0.080800
vt 0.448423 0.210971
vt 0.460165 0.245485
vt 0.293830 0.269584
vt 0.319605 0.216028
vt 0.290575 0.340992
vt 0.458722 0.314513
vt 0.413333 0.434836
vt 0.288520 0.465955
vt 0.302273 0.501659
vt 0.289279 0.430252
vt 0.289279 0.394548
vt 0.463201 0.141943
vt 0.463201 0.176457
vt 0.440957 0.073000
vt 0.422290 0.080416
vt 0.459624 0.070579
vt 0.473995 0.090172
vt 0.475770 0.101648
vt 0.460781 0.094751
vt 0.452910 0.104223
vt 0.470868 0.124686
vt 0.452805 0.121626
vt 0.384956 0.085294
vt 0.471182 0.349027
vt 0.441557 0.395373
vt 0.422915 0.393474
vt 0.438948 0.422150
vt 0.428455 0.432698
vt 0.445286 0.411471
vt 0.422865 0.446309
vt 0.418533 0.418746
vt 0.406599 0.449168
vt 0.420019 0.406617
vt 0.417333 0.461054
vt 0.400499 0.468313
vt 0.375960 0.497133
vt 0.339039 0.498256
vt 0.357632 0.501615
vt 0.402197 0.500752
vt 0.420300 0.487123
vt 0.272810 0.162472
vt 0.280738 0.180324
vt 0.269623 0.126768
vt 0.298383 0.121885
vt 0.279942 0.144620
vt 0.326629 0.079578
vt 0.315745 0.074975
vt 0.336654 0.087468
vt 0.333530 0.119920
vt 0.347622 0.070171
vt 0.366289 0.079662
vt 0.469080 0.210971
vt 0.475402 0.245485
vt 0.467784 0.264260
vt 0.467784 0.228963
vt 0.476210 0.256558
vt 0.277259 0.269584
vt 0.285545 0.249274
vt 0.285545 0.289894
vt 0.285545 0.260949
vt 0.276018 0.281715
vt 0.290821 0.216028
vt 0.275455 0.340992
vt 0.283015 0.322244
vt 0.283015 0.359739
vt 0.474605 0.314513
vt 0.471661 0.331660
vt 0.466664 0.295032
vt 0.475738 0.302901
vt 0.274291 0.465955
vt 0.281406 0.448103
vt 0.281406 0.483808
vt 0.274724 0.430252
vt 0.282001 0.412400
vt 0.274724 0.394548
vt 0.280436 0.377479
vt 0.477107 0.141943
vt 0.470154 0.159200
vt 0.477107 0.176457
vt 0.470968 0.193269
vt 0.422290 0.069922
vt 0.427462 0.096879
vt 0.403623 0.079639
vt 0.475504 0.113833
vt 0.460421 0.130671
vt 0.440038 0.138704
vt 0.384956 0.072925
vt 0.471849 0.366287
vt 0.394814 0.370779
vt 0.428599 0.459888
vt 0.403407 0.481597
vt 0.391412 0.477031
vt 0.344121 0.534494
vt 0.364442 0.538963
vt 0.353142 0.476005
vt 0.364462 0.486655
vt 0.350380 0.489754
vt 0.269592 0.180324
vt 0.318155 0.180565
vt 0.279940 0.198176
vt 0.298383 0.110224
vt 0.292591 0.134072
vt 0.290595 0.151227
vt 0.316233 0.125351
vt 0.305703 0.132861
vt 0.335916 0.106831
vt 0.323594 0.111550
vt 0.369639 0.100316
vt 0.357629 0.090169
vt 0.480584 0.210971
vt 0.445701 0.261543
vt 0.447385 0.230343
vt 0.458751 0.219340
vt 0.479775 0.228228
vt 0.272716 0.251732
vt 0.278570 0.233880
vt 0.277149 0.220295
vt 0.299864 0.234319
vt 0.289112 0.238701
vt 0.278570 0.305288
vt 0.271057 0.323140
vt 0.304851 0.325068
vt 0.300228 0.304998
vt 0.289330 0.300556
vt 0.271057 0.358844
vt 0.304851 0.356915
vt 0.461787 0.340105
vt 0.442319 0.330575
vt 0.472917 0.279832
vt 0.451780 0.280766
vt 0.462064 0.274503
vt 0.270023 0.448103
vt 0.304341 0.446715
vt 0.270023 0.483807
vt 0.301830 0.480928
vt 0.279982 0.501659
vt 0.295549 0.407107
vt 0.297869 0.420009
vt 0.314250 0.430496
vt 0.270401 0.412400
vt 0.269415 0.376696
vt 0.457346 0.164447
vt 0.455392 0.152052
vt 0.481258 0.159200
vt 0.458751 0.201038
vt 0.432250 0.186046
vt 0.444820 0.175269
vt 0.443561 0.196626
vt 0.454740 0.187732
vt 0.439616 0.096879
vt 0.418287 0.119479
vt 0.414671 0.091531
vt 0.396707 0.089647
vt 0.386697 0.103023
vt 0.379393 0.094727
vt 0.398774 0.117672
vt 0.436373 0.123408
vt 0.461811 0.374586
vt 0.443575 0.366291
vt 0.458479 0.361349
vt 0.405723 0.385626
vt 0.355435 0.519740
vt 0.320251 0.547981
vt 0.366847 0.553165
vt 0.370653 0.526129
vt 0.299481 0.175647
vt 0.304485 0.160345
vt 0.327290 0.147961
vt 0.314796 0.142598
vt 0.311001 0.170649
vt 0.318903 0.159148
vt 0.457518 0.257229
vt 0.457966 0.234732
vt 0.445701 0.244044
vt 0.419914 0.219307
vt 0.426105 0.202684
vt 0.275586 0.208900
vt 0.305213 0.220784
vt 0.306158 0.253384
vt 0.293118 0.329324
vt 0.293118 0.352659
vt 0.302543 0.377771
vt 0.308922 0.394557
vt 0.447270 0.299117
vt 0.413612 0.281146
vt 0.293319 0.454034
vt 0.301830 0.463945
vt 0.290771 0.476964
vt 0.322849 0.484928
vt 0.337969 0.480388
vt 0.327021 0.472508
vt 0.333786 0.448507
vt 0.326963 0.459635
vt 0.315488 0.453433
vt 0.344279 0.461740
vt 0.350945 0.446625
vt 0.372891 0.439159
vt 0.360348 0.438741
vt 0.293044 0.491467
vt 0.279920 0.519511
vt 0.301721 0.434442
vt 0.332796 0.416036
vt 0.427394 0.109829
vt 0.414259 0.107368
vt 0.407388 0.129680
vt 0.423513 0.134841
vt 0.427869 0.151801
vt 0.427619 0.169204
vt 0.433837 0.380287
vt 0.419158 0.380013
vt 0.428868 0.348878
vt 0.411985 0.394149
vt 0.361933 0.511266
vt 0.355642 0.531162
vt 0.335346 0.517162
vt 0.324619 0.561328
vt 0.310428 0.563492
vt 0.337776 0.550138
vt 0.351936 0.546325
vt 0.353492 0.561229
vt 0.299492 0.544735
vt 0.300404 0.556503
vt 0.288670 0.172799
vt 0.303173 0.197385
vt 0.308851 0.208719
vt 0.325035 0.198070
vt 0.328708 0.133600
vt 0.366281 0.137910
vt 0.347961 0.132100
vt 0.350503 0.115793
vt 0.374991 0.119678
vt 0.358385 0.106179
vt 0.360464 0.125522
vt 0.376900 0.108857
vt 0.435772 0.220072
vt 0.434049 0.232866
vt 0.436543 0.208575
vt 0.387686 0.199161
vt 0.322892 0.237948
vt 0.312275 0.231012
vt 0.309652 0.268095
vt 0.315458 0.288963
vt 0.303005 0.280919
vt 0.303346 0.293138
vt 0.316656 0.277502
vt 0.291411 0.382959
vt 0.291603 0.369901
vt 0.344334 0.372969
vt 0.455612 0.291287
vt 0.458401 0.303198
vt 0.443571 0.313121
vt 0.432638 0.275735
vt 0.313498 0.477451
vt 0.321841 0.441626
vt 0.328862 0.429426
vt 0.340392 0.425258
vt 0.291127 0.510620
vt 0.311743 0.522972
vt 0.303480 0.513726
vt 0.320532 0.506104
vt 0.320080 0.419294
vt 0.322799 0.403357
vt 0.326600 0.383722
vt 0.320228 0.392761
vt 0.439127 0.149577
vt 0.416617 0.145417
vt 0.440592 0.354264
vt 0.346447 0.509335
vt 0.344658 0.523585
vt 0.342374 0.559840
vt 0.287770 0.545691
vt 0.306591 0.185711
vt 0.292447 0.188273
vt 0.351106 0.214879
vt 0.350167 0.154733
vt 0.335295 0.161781
vt 0.356672 0.184721
vt 0.325383 0.170072
vt 0.341019 0.177413
vt 0.354880 0.169442
vt 0.342103 0.194059
vt 0.370507 0.156905
vt 0.357195 0.200349
vt 0.336765 0.208297
vt 0.372108 0.192079
vt 0.371990 0.214339
vt 0.336597 0.225971
vt 0.390983 0.173686
vt 0.407560 0.162619
vt 0.361426 0.210356
vt 0.376052 0.203228
vt 0.384811 0.185897
vt 0.373501 0.173246
vt 0.367613 0.182317
vt 0.385906 0.135356
vt 0.395489 0.128575
vt 0.406435 0.205443
vt 0.404152 0.187182
vt 0.370818 0.397668
vt 0.354581 0.410447
vt 0.340174 0.400918
vt 0.355023 0.395284
vt 0.342931 0.387034
vt 0.366186 0.377014
vt 0.355080 0.383112
vt 0.443878 0.272538
vt 0.439444 0.287713
vt 0.432028 0.300408
vt 0.409078 0.302596
vt 0.425349 0.288602
vt 0.420958 0.305329
vt 0.417675 0.261204
vt 0.326740 0.531745
vt 0.329954 0.542185
vt 0.313457 0.536254
vt 0.294985 0.528478
vt 0.322899 0.517707
vt 0.313874 0.494747
vt 0.326885 0.496027
vt 0.331958 0.506789
vt 0.325331 0.363308
vt 0.354318 0.142956
vt 0.340751 0.145201
vt 0.330678 0.186106
vt 0.361876 0.225994
vt 0.352733 0.254594
vt 0.361240 0.241425
vt 0.344144 0.240547
vt 0.349233 0.229131
vt 0.334810 0.255066
vt 0.320326 0.256647
vt 0.332873 0.243988
vt 0.324490 0.226550
vt 0.330649 0.217082
vt 0.390298 0.156060
vt 0.382474 0.165159
vt 0.419602 0.160397
vt 0.377392 0.145607
vt 0.375246 0.130775
vt 0.417039 0.208995
vt 0.397496 0.226087
vt 0.399029 0.197017
vt 0.404118 0.174683
vt 0.417944 0.180899
vt 0.416002 0.193821
vt 0.386583 0.387248
vt 0.375131 0.418266
vt 0.364580 0.426452
vt 0.431720 0.258983
vt 0.421146 0.272184
vt 0.331984 0.373178
vt 0.384350 0.265440
vt 0.370194 0.255685
vt 0.387006 0.247856
vt 0.401177 0.154017
vt 0.396681 0.164662
vt 0.391904 0.144982
vt 0.407039 0.217741
vt 0.393080 0.212464
vt 0.383603 0.222682
vt 0.410211 0.242288
vt 0.411975 0.229625
vt 0.395664 0.381246
vt 0.397007 0.395503
vt 0.391758 0.411803
vt 0.379832 0.406675
vt 0.404760 0.416613
vt 0.391326 0.431066
vt 0.386163 0.421326
vt 0.401303 0.438340
vt 0.374109 0.386209
vt 0.380437 0.373636
vt 0.368895 0.358562
vt 0.367089 0.409075
vt 0.401763 0.268631
vt 0.392054 0.288203
vt 0.394917 0.257903
vt 0.391252 0.275893
vt 0.375256 0.245310
vt 0.388594 0.235387
vt 0.419744 0.249687
vt 0.385526 0.442116
vt 0.387050 0.354755
vt 0.357028 0.366399
vt 0.407167 0.254151
vt 0.379411 0.362831
vt 0.403644 0.330850
vt 0.411526 0.317617
vt 0.423179 0.331760
vt 0.408475 0.355121
vt 0.391266 0.340254
vt 0.404039 0.343347
vt 0.432319 0.324919
vt 0.433230 0.338164
vt 0.422790 0.364102
vt 0.432677 0.369515
vt 0.409396 0.369680
vt 0.397670 0.359830
vt 0.417238 0.342945
vt 0.304851 0.338786
vt 0.294946 0.316606
vt 0.456185 0.327747
vt 0.369099 0.460515
vt 0.380211 0.468827
vt 0.367188 0.473650
vt 0.356864 0.464316
vt 0.390228 0.464067
vt 0.291777 0.203595
vt 0.335832 0.313801
vt 0.316413 0.374049
vt 0.317438 0.353348
vt 0.405014 0.290668
vt 0.358709 0.285801
vt 0.374258 0.278711
vt 0.359998 0.269460
vt 0.342763 0.276454
vt 0.330048 0.284549
vt 0.337071 0.266334
vt 0.327269 0.300184
vt 0.348929 0.265296
vt 0.343911 0.294805
vt 0.318334 0.314469
vt 0.313614 0.301911
vt 0.366952 0.313428
vt 0.327650 0.327491
vt 0.348489 0.342767
vt 0.356315 0.353427
vt 0.333565 0.349645
vt 0.361951 0.341791
vt 0.353903 0.325936
vt 0.306701 0.314170
vt 0.358411 0.300800
vt 0.389486 0.313159
vt 0.315818 0.329942
vt 0.336401 0.337176
vt 0.338615 0.361446
vt 0.376885 0.298471
vt 0.346932 0.307004
vt 0.401400 0.311412
vt 0.390003 0.326729
vt 0.378312 0.320335
vt 0.370031 0.289254
vt 0.340748 0.325387
vt 0.389938 0.300604
vt 0.355286 0.314857
vt 0.367705 0.329399
vt 0.238677 0.581993
vt 0.220980 0.584462
vt 0.204326 0.590484
vt 0.190194 0.600827
vt 0.178702 0.613809
vt 0.169618 0.628417
vt 0.162481 0.643977
vt 0.156372 0.659932
vt 0.140027 0.654009
vt 0.123681 0.648087
vt 0.107336 0.642165
vt 0.090990 0.636242
vt 0.074645 0.630320
vt 0.058299 0.624398
vt 0.061914 0.607415
vt 0.065147 0.590365
vt 0.067765 0.573219
vt 0.069740 0.555996
vt 0.071029 0.538715
vt 0.071594 0.521399
vt 0.071407 0.504076
vt 0.070446 0.486776
vt 0.068695 0.469532
vt 0.065477 0.452489
vt 0.059037 0.436325
vt 0.047808 0.422768
vt 0.032336 0.413751
vt 0.014672 0.409427
vt 0.014672 0.392170
vt 0.014672 0.374913
vt 0.014672 0.357656
vt 0.014672 0.340399
vt 0.014672 0.323142
vt 0.014672 0.305885
vt 0.014672 0.288628
vt 0.014672 0.271371
vt 0.014672 0.254114
vt 0.014672 0.236857
vt 0.014672 0.219600
vt 0.014672 0.202343
vt 0.014672 0.185086
vt 0.014672 0.167829
vt 0.014672 0.150572
vt 0.014672 0.133315
vt 0.014672 0.116058
vt 0.014672 0.098801
vt 0.014672 0.081544
vt 0.014672 0.064287
vt 0.033339 0.064287
vt 0.052006 0.064287
vt 0.070673 0.064287
vt 0.089340 0.064287
vt 0.108008 0.064287
vt 0.126675 0.064287
vt 0.145342 0.064287
vt 0.164009 0.064287
vt 0.182676 0.064287
vt 0.201343 0.064287
vt 0.220010 0.064287
vt 0.238677 0.064287
vt 0.238677 0.082138
vt 0.238677 0.099990
vt 0.238677 0.117842
vt 0.238677 0.135694
vt 0.238677 0.153546
vt 0.238677 0.171398
vt 0.238677 0.189250
vt 0.238677 0.207102
vt 0.238677 0.224954
vt 0.238677 0.242806
vt 0.238677 0.260658
vt 0.238677 0.278510
vt 0.238677 0.296362
vt 0.238677 0.314214
vt 0.238677 0.332066
vt 0.238677 0.349918
vt 0.238677 0.367770
vt 0.238677 0.385622
vt 0.238677 0.403473
vt 0.238677 0.421326
vt 0.238677 0.439177
vt 0.238677 0.457029
vt 0.238677 0.474881
vt 0.238677 0.492733
vt 0.238677 0.510585
vt 0.238677 0.528437
vt 0.238677 0.546289
vt 0.238677 0.564141
vt 0.070299 0.617858
vt 0.117680 0.593231
vt 0.198520 0.552318
vt 0.151341 0.649169
vt 0.228253 0.573067
vt 0.208221 0.569351
vt 0.108158 0.616871
vt 0.155430 0.584209
vt 0.209854 0.580511
vt 0.103119 0.629383
vt 0.088487 0.619065
vt 0.122870 0.629370
vt 0.138790 0.637091
vt 0.170746 0.596406
vt 0.118002 0.638934
vt 0.143547 0.609641
vt 0.153685 0.631095
vt 0.179306 0.603223
vt 0.136537 0.622644
vt 0.160867 0.613677
vt 0.125288 0.608987
vt 0.150116 0.619731
vt 0.155319 0.599646
vt 0.137367 0.591860
vt 0.024005 0.072915
vt 0.078142 0.124686
vt 0.126495 0.279999
vt 0.067145 0.376476
vt 0.026440 0.400798
vt 0.052804 0.397686
vt 0.040100 0.402888
vt 0.036777 0.381221
vt 0.026857 0.388753
vt 0.152140 0.446566
vt 0.173342 0.126183
vt 0.229344 0.073212
vt 0.091809 0.585274
vt 0.216606 0.537363
vt 0.130996 0.531811
vt 0.080762 0.601829
vt 0.179686 0.571558
vt 0.194503 0.576844
vt 0.191218 0.563801
vt 0.182306 0.586277
vt 0.169007 0.583622
vt 0.119680 0.618709
vt 0.112641 0.604951
vt 0.102990 0.594384
vt 0.134687 0.602555
vt 0.056187 0.159200
vt 0.045755 0.124686
vt 0.080007 0.093863
vt 0.071694 0.262742
vt 0.162705 0.216028
vt 0.182444 0.269584
vt 0.164549 0.340992
vt 0.048101 0.349027
vt 0.073719 0.414422
vt 0.029463 0.366284
vt 0.030244 0.349361
vt 0.048415 0.367015
vt 0.038723 0.327561
vt 0.039301 0.358215
vt 0.038982 0.340035
vt 0.026724 0.334025
vt 0.109138 0.453869
vt 0.188422 0.412400
vt 0.193506 0.465955
vt 0.173342 0.094601
vt 0.206685 0.126768
vt 0.077521 0.583311
vt 0.087440 0.566115
vt 0.229648 0.537363
vt 0.221622 0.555215
vt 0.221622 0.519511
vt 0.134066 0.561846
vt 0.100456 0.530913
vt 0.079842 0.612375
vt 0.069802 0.599959
vt 0.097012 0.607398
vt 0.050381 0.193714
vt 0.034432 0.159200
vt 0.028882 0.124686
vt 0.037318 0.104068
vt 0.030842 0.088423
vt 0.037318 0.141124
vt 0.037318 0.115930
vt 0.026618 0.099024
vt 0.055791 0.088161
vt 0.026477 0.135963
vt 0.043369 0.092787
vt 0.042257 0.077301
vt 0.080007 0.077750
vt 0.101912 0.085807
vt 0.069262 0.085807
vt 0.060260 0.075316
vt 0.089312 0.085807
vt 0.045360 0.279999
vt 0.045360 0.245485
vt 0.201274 0.216028
vt 0.211348 0.269584
vt 0.199821 0.323140
vt 0.062312 0.422922
vt 0.055198 0.411104
vt 0.084640 0.436385
vt 0.071850 0.432080
vt 0.065640 0.357748
vt 0.052394 0.381338
vt 0.028911 0.314513
vt 0.056623 0.305611
vt 0.044183 0.314026
vt 0.035925 0.296737
vt 0.026328 0.303464
vt 0.087152 0.457603
vt 0.214431 0.412400
vt 0.200332 0.376696
vt 0.213150 0.448103
vt 0.213150 0.483807
vt 0.173342 0.078151
vt 0.195686 0.086376
vt 0.212637 0.080075
vt 0.150999 0.086376
vt 0.182831 0.086376
vt 0.159840 0.076569
vt 0.224065 0.126768
vt 0.215375 0.148009
vt 0.215375 0.105527
vt 0.215375 0.135790
vt 0.225696 0.113948
vt 0.075866 0.565341
vt 0.086605 0.548444
vt 0.110870 0.571336
vt 0.109447 0.583635
vt 0.232746 0.555215
vt 0.219307 0.566023
vt 0.209525 0.557681
vt 0.232746 0.519511
vt 0.222360 0.501659
vt 0.140892 0.576341
vt 0.125060 0.579562
vt 0.158408 0.560228
vt 0.161681 0.572751
vt 0.176560 0.547587
vt 0.179288 0.559436
vt 0.122967 0.567687
vt 0.110385 0.550031
vt 0.146549 0.565252
vt 0.084454 0.530443
vt 0.093114 0.510501
vt 0.092738 0.522017
vt 0.031368 0.193714
vt 0.022458 0.159200
vt 0.057354 0.140207
vt 0.045310 0.151517
vt 0.025963 0.110896
vt 0.098674 0.073445
vt 0.117341 0.078201
vt 0.135030 0.079102
vt 0.146581 0.075698
vt 0.126067 0.116203
vt 0.118336 0.097898
vt 0.113058 0.088267
vt 0.136233 0.096130
vt 0.126317 0.088207
vt 0.155330 0.107206
vt 0.128139 0.104795
vt 0.141066 0.112780
vt 0.148344 0.097693
vt 0.154687 0.124933
vt 0.028667 0.279999
vt 0.037014 0.262742
vt 0.026104 0.290783
vt 0.026513 0.268618
vt 0.028667 0.245485
vt 0.037014 0.225080
vt 0.026513 0.256866
vt 0.037014 0.236818
vt 0.221160 0.216028
vt 0.226633 0.269584
vt 0.218991 0.288502
vt 0.218991 0.250666
vt 0.227220 0.280645
vt 0.227220 0.258523
vt 0.220389 0.323140
vt 0.060128 0.367565
vt 0.054363 0.357925
vt 0.117737 0.363400
vt 0.069597 0.330362
vt 0.054164 0.334841
vt 0.058264 0.320272
vt 0.065486 0.343778
vt 0.095312 0.344725
vt 0.080174 0.350618
vt 0.082988 0.336684
vt 0.109993 0.311967
vt 0.086350 0.314359
vt 0.098777 0.327432
vt 0.080769 0.324993
vt 0.095611 0.365851
vt 0.070965 0.311580
vt 0.091064 0.355344
vt 0.105989 0.354641
vt 0.131528 0.335291
vt 0.121154 0.347810
vt 0.073697 0.287193
vt 0.114741 0.332903
vt 0.107736 0.342820
vt 0.144751 0.355276
vt 0.068246 0.298975
vt 0.055325 0.291091
vt 0.084722 0.298807
vt 0.109480 0.323024
vt 0.130740 0.357832
vt 0.135749 0.346707
vt 0.146132 0.397905
vt 0.148435 0.336078
vt 0.133296 0.379644
vt 0.128292 0.369131
vt 0.098966 0.276131
vt 0.097307 0.305474
vt 0.097704 0.290781
vt 0.153658 0.346897
vt 0.173138 0.367230
vt 0.159220 0.360664
vt 0.141486 0.306624
vt 0.086768 0.282560
vt 0.076226 0.274707
vt 0.060052 0.273464
vt 0.111727 0.284493
vt 0.171793 0.353242
vt 0.185475 0.337913
vt 0.191924 0.358553
vt 0.157359 0.380765
vt 0.140676 0.322260
vt 0.125054 0.321763
vt 0.048485 0.268195
vt 0.124483 0.298127
vt 0.147095 0.369782
vt 0.166566 0.315629
vt 0.160090 0.327919
vt 0.175197 0.327400
vt 0.184996 0.312204
vt 0.187686 0.326192
vt 0.152491 0.314973
vt 0.075108 0.459648
vt 0.087243 0.476539
vt 0.228381 0.412400
vt 0.221075 0.430252
vt 0.221075 0.394548
vt 0.227649 0.448103
vt 0.220400 0.465955
vt 0.227649 0.483807
vt 0.192010 0.073833
vt 0.210677 0.069808
vt 0.224780 0.091064
vt 0.228653 0.144620
vt 0.223937 0.162472
vt 0.180519 0.176083
vt 0.200830 0.165267
vt 0.211787 0.159431
vt 0.208345 0.093349
vt 0.097847 0.574008
vt 0.100757 0.560439
vt 0.190549 0.521217
vt 0.080496 0.512650
vt 0.086418 0.494652
vt 0.081361 0.485372
vt 0.126457 0.488633
vt 0.107160 0.495966
vt 0.096457 0.500034
vt 0.040874 0.177094
vt 0.028212 0.171345
vt 0.047071 0.135460
vt 0.061948 0.125460
vt 0.054676 0.109541
vt 0.066167 0.099994
vt 0.079169 0.109280
vt 0.096088 0.102379
vt 0.083288 0.151170
vt 0.164698 0.116385
vt 0.024237 0.228228
vt 0.028942 0.210971
vt 0.047163 0.210725
vt 0.232446 0.216028
vt 0.211217 0.191634
vt 0.223051 0.179201
vt 0.225122 0.192257
vt 0.217603 0.203312
vt 0.208126 0.177705
vt 0.193606 0.187876
vt 0.223128 0.305288
vt 0.196896 0.285684
vt 0.196896 0.253484
vt 0.211217 0.232848
vt 0.231955 0.323140
vt 0.222269 0.340992
vt 0.079309 0.366178
vt 0.063206 0.283608
vt 0.186930 0.371459
vt 0.185851 0.391989
vt 0.183694 0.349640
vt 0.145059 0.385395
vt 0.139597 0.290472
vt 0.160534 0.295863
vt 0.152176 0.263707
vt 0.148774 0.297682
vt 0.141814 0.275368
vt 0.159032 0.279159
vt 0.167282 0.266772
vt 0.176111 0.286190
vt 0.165107 0.241391
vt 0.162175 0.254391
vt 0.179453 0.251098
vt 0.184351 0.230198
vt 0.187086 0.259448
vt 0.177231 0.239663
vt 0.169225 0.228256
vt 0.128828 0.309856
vt 0.109955 0.298188
vt 0.100275 0.467015
vt 0.120518 0.470032
vt 0.101957 0.481867
vt 0.109558 0.473581
vt 0.114049 0.485766
vt 0.232392 0.430252
vt 0.198432 0.431718
vt 0.232392 0.394548
vt 0.222329 0.376696
vt 0.206953 0.471293
vt 0.204732 0.458420
vt 0.188429 0.447861
vt 0.231961 0.465955
vt 0.161966 0.153069
vt 0.199471 0.501219
vt 0.193420 0.484054
vt 0.206382 0.525219
vt 0.201833 0.538607
vt 0.189187 0.543074
vt 0.201146 0.513680
vt 0.124547 0.510617
vt 0.108870 0.516887
vt 0.113279 0.506040
vt 0.120867 0.523104
vt 0.116825 0.536987
vt 0.129087 0.547145
vt 0.146039 0.549066
vt 0.161160 0.545739
vt 0.149743 0.531635
vt 0.171277 0.528542
vt 0.045310 0.165668
vt 0.060804 0.177595
vt 0.040874 0.187850
vt 0.026745 0.182916
vt 0.066976 0.113940
vt 0.109813 0.111757
vt 0.110125 0.139681
vt 0.094165 0.118634
vt 0.114384 0.125675
vt 0.092145 0.135930
vt 0.134777 0.137084
vt 0.122098 0.135371
vt 0.136108 0.124510
vt 0.068139 0.150332
vt 0.071461 0.136920
vt 0.074749 0.166451
vt 0.037940 0.203327
vt 0.059069 0.228703
vt 0.193540 0.175514
vt 0.199647 0.201411
vt 0.181990 0.210570
vt 0.227486 0.295470
vt 0.210105 0.312605
vt 0.208754 0.281374
vt 0.208754 0.257794
vt 0.211217 0.221794
vt 0.225022 0.229135
vt 0.206935 0.244963
vt 0.193592 0.240402
vt 0.197608 0.228265
vt 0.203796 0.340265
vt 0.203037 0.398547
vt 0.166502 0.398030
vt 0.173320 0.382462
vt 0.173528 0.303007
vt 0.188033 0.297768
vt 0.203625 0.299089
vt 0.197596 0.309845
vt 0.186351 0.280313
vt 0.196896 0.270854
vt 0.130929 0.451753
vt 0.147896 0.472321
vt 0.209263 0.424168
vt 0.201427 0.414167
vt 0.210143 0.436394
vt 0.211330 0.384966
vt 0.211330 0.361286
vt 0.169687 0.462279
vt 0.176107 0.430132
vt 0.163097 0.137891
vt 0.186267 0.146243
vt 0.200623 0.150059
vt 0.196796 0.136808
vt 0.183884 0.133848
vt 0.148713 0.144554
vt 0.173032 0.146183
vt 0.179578 0.160502
vt 0.129571 0.184894
vt 0.146254 0.133252
vt 0.191477 0.157776
vt 0.129861 0.160763
vt 0.120890 0.149466
vt 0.103152 0.170989
vt 0.104972 0.155001
vt 0.136455 0.149696
vt 0.147514 0.162925
vt 0.115791 0.164196
vt 0.125622 0.172784
vt 0.140214 0.175138
vt 0.160308 0.177873
vt 0.092418 0.161802
vt 0.099489 0.144902
vt 0.160372 0.165425
vt 0.171624 0.168751
vt 0.211035 0.495852
vt 0.213388 0.510265
vt 0.121020 0.556075
vt 0.140445 0.538927
vt 0.140225 0.517805
vt 0.139272 0.500701
vt 0.158334 0.516454
vt 0.183840 0.531807
vt 0.161213 0.534492
vt 0.101933 0.128204
vt 0.082023 0.140574
vt 0.063543 0.167258
vt 0.048893 0.222230
vt 0.087095 0.203978
vt 0.175474 0.193548
vt 0.226278 0.240977
vt 0.210105 0.329970
vt 0.213404 0.402018
vt 0.191726 0.401674
vt 0.197489 0.388088
vt 0.156357 0.392052
vt 0.214753 0.298293
vt 0.120624 0.458280
vt 0.133722 0.476393
vt 0.137361 0.463560
vt 0.144796 0.486842
vt 0.150428 0.459504
vt 0.157358 0.499265
vt 0.211330 0.372522
vt 0.200721 0.365710
vt 0.202819 0.352305
vt 0.224715 0.354977
vt 0.214339 0.349424
vt 0.182465 0.459054
vt 0.179738 0.474946
vt 0.176240 0.493473
vt 0.163547 0.476583
vt 0.186859 0.436126
vt 0.156179 0.418152
vt 0.127510 0.499782
vt 0.148589 0.508810
vt 0.175538 0.512160
vt 0.165045 0.507492
vt 0.188472 0.508594
vt 0.066739 0.205278
vt 0.079793 0.185549
vt 0.089372 0.175238
vt 0.102259 0.190608
vt 0.114721 0.182616
vt 0.186924 0.199238
vt 0.169781 0.205141
vt 0.147195 0.199449
vt 0.142599 0.187579
vt 0.171006 0.182999
vt 0.160548 0.193109
vt 0.226819 0.366162
vt 0.188689 0.495096
vt 0.164236 0.488853
vt 0.156264 0.405748
vt 0.055518 0.203368
vt 0.065094 0.191181
vt 0.078112 0.221469
vt 0.072349 0.177169
vt 0.076395 0.197276
vt 0.089931 0.192451
vt 0.118840 0.221947
vt 0.065494 0.217753
vt 0.077318 0.210282
vt 0.075832 0.242236
vt 0.098497 0.220067
vt 0.071207 0.231283
vt 0.102838 0.205620
vt 0.119527 0.199112
vt 0.109269 0.215168
vt 0.105891 0.248045
vt 0.129235 0.255341
vt 0.145362 0.244183
vt 0.151867 0.228905
vt 0.139179 0.263290
vt 0.134055 0.230969
vt 0.146844 0.214560
vt 0.132308 0.243273
vt 0.119305 0.246681
vt 0.111137 0.234448
vt 0.132538 0.217218
vt 0.122247 0.210612
vt 0.133321 0.202216
vt 0.123121 0.235819
vt 0.089245 0.233065
vt 0.100402 0.230748
vt 0.090282 0.247838
vt 0.097893 0.261082
vt 0.114210 0.261387
vt 0.085008 0.264960
vt 0.079404 0.253513
vt 0.125792 0.267463
vt 0.110865 0.272737
vt 0.096286 0.445888
vt 0.114014 0.415172
vt 0.113188 0.434703
vt 0.098181 0.424352
vt 0.134384 0.425728
vt 0.109329 0.424775
vt 0.101159 0.435430
vt 0.084261 0.423131
vt 0.094147 0.401221
vt 0.092229 0.413404
vt 0.085361 0.384220
vt 0.087629 0.373602
vt 0.108426 0.384040
vt 0.077258 0.398530
vt 0.064856 0.402652
vt 0.063768 0.389388
vt 0.096939 0.389380
vt 0.098920 0.543509
vt 0.057494 0.255532
vt 0.059110 0.242161
vt 0.171219 0.445904
vt 0.161955 0.453376
vt 0.161229 0.434552
vt 0.146525 0.433646
vt 0.140059 0.443731
vt 0.126774 0.438815
vt 0.171836 0.412935
vt 0.178703 0.402413
vt 0.125012 0.398071
vt 0.135678 0.410076
vt 0.143978 0.418567
vt 0.126051 0.417234
vt 0.109729 0.400961
vt 0.103477 0.410343
vt 0.121643 0.385819
vt 0.107516 0.371461
vt 0.118511 0.375161
vt 0.098265 0.378317
vt 0.190328 0.110392
vt 0.185347 0.121686
vt 0.189259 0.097632
vt 0.202105 0.104503
vt 0.176119 0.108028
vt 0.766932 0.637268
vt 0.785211 0.637327
vt 0.803489 0.637527
vt 0.821657 0.639180
vt 0.838112 0.646332
vt 0.849237 0.659932
vt 0.865583 0.654009
vt 0.881928 0.648087
vt 0.898273 0.642165
vt 0.914619 0.636243
vt 0.930964 0.630320
vt 0.947310 0.624398
vt 0.943298 0.607556
vt 0.939876 0.590599
vt 0.937221 0.573519
vt 0.935343 0.556346
vt 0.934248 0.539112
vt 0.933934 0.521849
vt 0.934388 0.504590
vt 0.935588 0.487362
vt 0.937542 0.470197
vt 0.940985 0.453253
vt 0.947425 0.437143
vt 0.958327 0.423416
vt 0.973394 0.413878
vt 0.990937 0.409427
vt 0.990937 0.392170
vt 0.990937 0.374913
vt 0.990937 0.357656
vt 0.990937 0.340399
vt 0.990937 0.323142
vt 0.990937 0.305885
vt 0.990937 0.288628
vt 0.990937 0.271371
vt 0.990937 0.254114
vt 0.990937 0.236857
vt 0.990937 0.219600
vt 0.990937 0.202343
vt 0.990937 0.185086
vt 0.990937 0.167829
vt 0.990937 0.150572
vt 0.990937 0.133315
vt 0.990937 0.116058
vt 0.990937 0.098801
vt 0.990937 0.081544
vt 0.990937 0.064287
vt 0.972270 0.064287
vt 0.953603 0.064287
vt 0.934936 0.064287
vt 0.916269 0.064287
vt 0.897601 0.064287
vt 0.878934 0.064287
vt 0.860267 0.064287
vt 0.841600 0.064287
vt 0.822933 0.064287
vt 0.804266 0.064287
vt 0.785599 0.064287
vt 0.766932 0.064287
vt 0.766932 0.082192
vt 0.766932 0.100098
vt 0.766932 0.118004
vt 0.766932 0.135909
vt 0.766932 0.153815
vt 0.766932 0.171721
vt 0.766932 0.189626
vt 0.766932 0.207532
vt 0.766932 0.225438
vt 0.766932 0.243343
vt 0.766932 0.261249
vt 0.766932 0.279155
vt 0.766932 0.297060
vt 0.766932 0.314966
vt 0.766932 0.332872
vt 0.766932 0.350777
vt 0.766932 0.368683
vt 0.766932 0.386589
vt 0.766932 0.404495
vt 0.766932 0.422400
vt 0.766932 0.440306
vt 0.766932 0.458212
vt 0.766932 0.476117
vt 0.766932 0.494023
vt 0.766932 0.511929
vt 0.766932 0.529834
vt 0.766932 0.547740
vt 0.766932 0.565646
vt 0.766932 0.583551
vt 0.766932 0.601457
vt 0.766932 0.619363
vt 0.864043 0.580432
vt 0.912100 0.606738
vt 0.935407 0.618098
vt 0.919745 0.619815
vt 0.927761 0.605021
vt 0.877917 0.614877
vt 0.898883 0.622238
vt 0.866463 0.632944
vt 0.903682 0.632342
vt 0.884741 0.631821
vt 0.870778 0.643656
vt 0.887386 0.621154
vt 0.776265 0.073239
vt 0.814025 0.109051
vt 0.878760 0.216485
vt 0.878737 0.323919
vt 0.855234 0.431353
vt 0.795172 0.610410
vt 0.776103 0.628315
vt 0.781096 0.615012
vt 0.792464 0.624625
vt 0.925602 0.126047
vt 0.981604 0.072915
vt 0.935489 0.375491
vt 0.979104 0.400798
vt 0.951249 0.397521
vt 0.964700 0.402803
vt 0.953317 0.410830
vt 0.966931 0.379644
vt 0.977897 0.387695
vt 0.962020 0.390895
vt 0.948923 0.382932
vt 0.899745 0.568527
vt 0.818254 0.556693
vt 0.917189 0.585046
vt 0.918821 0.596773
vt 0.841407 0.618910
vt 0.875138 0.625592
vt 0.859394 0.617160
vt 0.804669 0.144862
vt 0.789532 0.109051
vt 0.785127 0.090403
vt 0.813600 0.085795
vt 0.850934 0.099481
vt 0.934534 0.228228
vt 0.828822 0.252296
vt 0.931684 0.297256
vt 0.828811 0.359730
vt 0.894897 0.453616
vt 0.906484 0.410578
vt 0.929921 0.407301
vt 0.942203 0.405585
vt 0.940522 0.422003
vt 0.933749 0.391561
vt 0.916193 0.396009
vt 0.828741 0.485070
vt 0.810578 0.431353
vt 0.785784 0.592504
vt 0.784985 0.604048
vt 0.814450 0.619797
vt 0.804414 0.626128
vt 0.925602 0.094532
vt 0.958887 0.124686
vt 0.937285 0.176457
vt 0.958954 0.349027
vt 0.950858 0.365160
vt 0.976525 0.366284
vt 0.979568 0.376854
vt 0.963595 0.367710
vt 0.975891 0.350189
vt 0.966849 0.357123
vt 0.968961 0.329433
vt 0.968070 0.341119
vt 0.919135 0.566619
vt 0.895477 0.531112
vt 0.791725 0.556693
vt 0.805614 0.520881
vt 0.929767 0.583287
vt 0.835029 0.632109
vt 0.823628 0.627624
vt 0.850792 0.630975
vt 0.848153 0.597251
vt 0.789342 0.162768
vt 0.776261 0.109051
vt 0.784146 0.126956
vt 0.773597 0.091145
vt 0.794932 0.077500
vt 0.807194 0.075719
vt 0.799821 0.090646
vt 0.810334 0.097480
vt 0.830750 0.096359
vt 0.850934 0.080770
vt 0.888268 0.098584
vt 0.960535 0.210971
vt 0.960535 0.245485
vt 0.797157 0.252296
vt 0.962009 0.297256
vt 0.797152 0.359730
vt 0.823070 0.306013
vt 0.917980 0.457835
vt 0.924838 0.437422
vt 0.936070 0.432815
vt 0.917940 0.407251
vt 0.923862 0.421828
vt 0.871728 0.379547
vt 0.797116 0.485070
vt 0.787734 0.431353
vt 0.804066 0.395542
vt 0.773995 0.592504
vt 0.783447 0.574598
vt 0.925602 0.078114
vt 0.947904 0.086323
vt 0.965013 0.080204
vt 0.905700 0.086323
vt 0.935074 0.086323
vt 0.917533 0.086323
vt 0.976203 0.124686
vt 0.967545 0.145834
vt 0.967545 0.103538
vt 0.967545 0.133666
vt 0.978021 0.111848
vt 0.964882 0.176457
vt 0.981694 0.331770
vt 0.976202 0.314513
vt 0.956719 0.315048
vt 0.976972 0.300064
vt 0.930098 0.565540
vt 0.910261 0.575082
vt 0.891035 0.591963
vt 0.898446 0.581267
vt 0.904756 0.595261
vt 0.890951 0.606754
vt 0.881315 0.578246
vt 0.868451 0.549288
vt 0.870722 0.565430
vt 0.844023 0.563576
vt 0.886630 0.555202
vt 0.857042 0.568790
vt 0.847595 0.581615
vt 0.855427 0.555187
vt 0.845230 0.519051
vt 0.853874 0.536219
vt 0.883132 0.566550
vt 0.817953 0.590394
vt 0.834049 0.589877
vt 0.834361 0.605161
vt 0.825411 0.573602
vt 0.828703 0.616267
vt 0.818071 0.605296
vt 0.807286 0.610531
vt 0.915856 0.530779
vt 0.896531 0.493566
vt 0.777531 0.556693
vt 0.784719 0.538787
vt 0.853368 0.645276
vt 0.866558 0.600713
vt 0.874121 0.589589
vt 0.879564 0.600793
vt 0.849466 0.609394
vt 0.776149 0.162768
vt 0.807957 0.198579
vt 0.784101 0.180673
vt 0.772951 0.126956
vt 0.801779 0.122047
vt 0.783303 0.144862
vt 0.830015 0.079627
vt 0.819111 0.075015
vt 0.840024 0.087612
vt 0.837034 0.120068
vt 0.850934 0.070151
vt 0.869601 0.079660
vt 0.977097 0.210971
vt 0.968816 0.228228
vt 0.968816 0.194406
vt 0.979168 0.222281
vt 0.979292 0.199839
vt 0.977097 0.245485
vt 0.968816 0.265739
vt 0.979168 0.234175
vt 0.968816 0.254089
vt 0.972773 0.282928
vt 0.780570 0.252296
vt 0.788863 0.231964
vt 0.788863 0.272629
vt 0.788863 0.243651
vt 0.779342 0.264435
vt 0.780567 0.359730
vt 0.788859 0.339400
vt 0.788859 0.379677
vt 0.788859 0.351087
vt 0.788859 0.368153
vt 0.794207 0.306013
vt 0.930496 0.460122
vt 0.918677 0.476947
vt 0.892278 0.391866
vt 0.780548 0.485070
vt 0.788832 0.464758
vt 0.788832 0.505382
vt 0.788832 0.476434
vt 0.779329 0.497193
vt 0.775191 0.431353
vt 0.783758 0.413447
vt 0.772492 0.574598
vt 0.944269 0.073797
vt 0.962936 0.069905
vt 0.977441 0.090172
vt 0.906935 0.073558
vt 0.980651 0.141943
vt 0.976765 0.159200
vt 0.977945 0.172240
vt 0.959142 0.160592
vt 0.951083 0.172082
vt 0.949883 0.190437
vt 0.942985 0.142784
vt 0.954611 0.136640
vt 0.942706 0.158510
vt 0.954288 0.149056
vt 0.941649 0.127544
vt 0.935337 0.110290
vt 0.941489 0.098244
vt 0.955302 0.097418
vt 0.955438 0.111248
vt 0.966605 0.115787
vt 0.965554 0.091550
vt 0.966253 0.307995
vt 0.949390 0.332537
vt 0.946847 0.302805
vt 0.931571 0.318944
vt 0.935974 0.308121
vt 0.901529 0.611449
vt 0.881918 0.540139
vt 0.868298 0.535595
vt 0.829765 0.536597
vt 0.840660 0.548296
vt 0.831763 0.558030
vt 0.801151 0.581610
vt 0.801383 0.596611
vt 0.837954 0.573995
vt 0.927245 0.530593
vt 0.918152 0.548645
vt 0.917489 0.512825
vt 0.773321 0.538787
vt 0.804990 0.541838
vt 0.858966 0.591279
vt 0.772921 0.180673
vt 0.806601 0.176955
vt 0.783301 0.198579
vt 0.801779 0.110358
vt 0.795989 0.134279
vt 0.793986 0.151490
vt 0.808020 0.160779
vt 0.799447 0.168247
vt 0.833764 0.147628
vt 0.818770 0.150468
vt 0.818782 0.131682
vt 0.830943 0.171257
vt 0.817620 0.169681
vt 0.822116 0.186936
vt 0.828365 0.159014
vt 0.828183 0.109575
vt 0.841360 0.108181
vt 0.820682 0.119557
vt 0.860923 0.090125
vt 0.875280 0.092365
vt 0.888282 0.079643
vt 0.951675 0.231245
vt 0.945600 0.216979
vt 0.958762 0.222152
vt 0.916102 0.201396
vt 0.948527 0.203822
vt 0.931919 0.207369
vt 0.917640 0.219557
vt 0.929575 0.191128
vt 0.981521 0.262742
vt 0.983871 0.279999
vt 0.776015 0.234390
vt 0.781938 0.216485
vt 0.802464 0.217357
vt 0.791981 0.221576
vt 0.781938 0.288108
vt 0.803401 0.287612
vt 0.780500 0.301728
vt 0.792551 0.283246
vt 0.776013 0.341825
vt 0.781939 0.323919
vt 0.784305 0.312644
vt 0.803409 0.324418
vt 0.792555 0.328782
vt 0.782244 0.395542
vt 0.778543 0.384980
vt 0.793155 0.390461
vt 0.929910 0.478098
vt 0.903973 0.467862
vt 0.904804 0.481900
vt 0.917874 0.494880
vt 0.875725 0.474327
vt 0.890994 0.475594
vt 0.884441 0.463246
vt 0.860540 0.454958
vt 0.877377 0.446425
vt 0.871185 0.462490
vt 0.903355 0.398508
vt 0.775994 0.467164
vt 0.781945 0.449259
vt 0.802983 0.449975
vt 0.792288 0.454250
vt 0.782906 0.521656
vt 0.772697 0.413447
vt 0.799156 0.419721
vt 0.795978 0.406603
vt 0.821106 0.411192
vt 0.808144 0.410857
vt 0.977600 0.184887
vt 0.960695 0.186645
vt 0.902480 0.157290
vt 0.922848 0.150328
vt 0.914890 0.175028
vt 0.934565 0.150515
vt 0.925773 0.180173
vt 0.916294 0.110290
vt 0.945071 0.116753
vt 0.958253 0.325752
vt 0.927800 0.349752
vt 0.944779 0.320673
vt 0.841728 0.531179
vt 0.790189 0.582897
vt 0.796206 0.569230
vt 0.804990 0.559417
vt 0.813727 0.578820
vt 0.908408 0.558135
vt 0.903202 0.544082
vt 0.891855 0.545538
vt 0.905484 0.520887
vt 0.884637 0.512052
vt 0.903704 0.506432
vt 0.893476 0.519833
vt 0.879495 0.525713
vt 0.862980 0.519527
vt 0.853916 0.525659
vt 0.854850 0.494263
vt 0.853768 0.474100
vt 0.854435 0.508192
vt 0.835514 0.502703
vt 0.870739 0.501658
vt 0.872688 0.512869
vt 0.868365 0.487194
vt 0.884148 0.499085
vt 0.882343 0.485969
vt 0.793949 0.545724
vt 0.796392 0.531121
vt 0.818450 0.543781
vt 0.816848 0.529902
vt 0.821773 0.513582
vt 0.831994 0.522132
vt 0.806901 0.503705
vt 0.821064 0.499531
vt 0.810327 0.490458
vt 0.812079 0.469332
vt 0.795629 0.190106
vt 0.810318 0.187596
vt 0.855148 0.193589
vt 0.894376 0.089117
vt 0.929312 0.218240
vt 0.904526 0.261681
vt 0.898741 0.211857
vt 0.792612 0.208216
vt 0.809359 0.236131
vt 0.778030 0.373439
vt 0.928840 0.495591
vt 0.864015 0.441917
vt 0.894950 0.430707
vt 0.874986 0.425148
vt 0.910812 0.430387
vt 0.911793 0.444722
vt 0.902682 0.421655
vt 0.799156 0.437867
vt 0.778720 0.511177
vt 0.794068 0.516204
vt 0.928254 0.164293
vt 0.914933 0.162227
vt 0.925815 0.104998
vt 0.925815 0.115582
vt 0.897477 0.130641
vt 0.943301 0.346454
vt 0.938141 0.359055
vt 0.932366 0.334644
vt 0.904242 0.335172
vt 0.918390 0.339019
vt 0.915467 0.323362
vt 0.897012 0.318286
vt 0.843743 0.484691
vt 0.797060 0.496725
vt 0.831233 0.449635
vt 0.817118 0.480336
vt 0.833835 0.215500
vt 0.839645 0.185738
vt 0.840825 0.201336
vt 0.857702 0.213620
vt 0.824227 0.202601
vt 0.851985 0.204113
vt 0.818144 0.216345
vt 0.826922 0.231498
vt 0.810896 0.225098
vt 0.915791 0.241937
vt 0.882650 0.190475
vt 0.910334 0.210974
vt 0.812989 0.250822
vt 0.821854 0.242392
vt 0.818819 0.271708
vt 0.806327 0.263670
vt 0.806738 0.275847
vt 0.820007 0.260235
vt 0.889728 0.442151
vt 0.856444 0.403434
vt 0.910683 0.123624
vt 0.915885 0.137336
vt 0.896179 0.113758
vt 0.929501 0.138473
vt 0.910498 0.148108
vt 0.867474 0.124230
vt 0.852797 0.118576
vt 0.874574 0.109002
vt 0.863656 0.102226
vt 0.883501 0.123122
vt 0.852739 0.138676
vt 0.863499 0.113550
vt 0.878057 0.147668
vt 0.845893 0.128608
vt 0.884905 0.136218
vt 0.896366 0.144748
vt 0.859824 0.167587
vt 0.844384 0.162346
vt 0.852921 0.179849
vt 0.869659 0.180446
vt 0.856596 0.153062
vt 0.842741 0.173691
vt 0.877873 0.164982
vt 0.869105 0.193675
vt 0.878805 0.203225
vt 0.866515 0.205247
vt 0.845798 0.148008
vt 0.865350 0.143293
vt 0.891064 0.330413
vt 0.887831 0.357258
vt 0.893063 0.344227
vt 0.908914 0.355569
vt 0.922483 0.365193
vt 0.919871 0.380699
vt 0.905138 0.384201
vt 0.889801 0.374591
vt 0.908103 0.370013
vt 0.898897 0.362305
vt 0.876207 0.287051
vt 0.911515 0.303569
vt 0.920776 0.312157
vt 0.817036 0.444427
vt 0.819739 0.457807
vt 0.836110 0.467162
vt 0.863469 0.246532
vt 0.847121 0.230007
vt 0.921954 0.231136
vt 0.893795 0.233766
vt 0.907562 0.229447
vt 0.899686 0.195080
vt 0.890935 0.203049
vt 0.895836 0.177243
vt 0.912123 0.188351
vt 0.882622 0.177925
vt 0.861394 0.417610
vt 0.840721 0.417388
vt 0.876948 0.404859
vt 0.890823 0.411868
vt 0.830265 0.431999
vt 0.879961 0.415351
vt 0.904130 0.101037
vt 0.868968 0.156239
vt 0.888540 0.156426
vt 0.872982 0.134420
vt 0.882960 0.384271
vt 0.877714 0.367060
vt 0.853161 0.364007
vt 0.864946 0.369088
vt 0.851408 0.384194
vt 0.882419 0.305179
vt 0.908199 0.314416
vt 0.915043 0.281571
vt 0.845239 0.455503
vt 0.850439 0.443503
vt 0.842812 0.433870
vt 0.866089 0.229208
vt 0.836625 0.225927
vt 0.837869 0.241076
vt 0.851094 0.242008
vt 0.890683 0.221677
vt 0.880117 0.230529
vt 0.904421 0.168843
vt 0.836556 0.398221
vt 0.867520 0.393468
vt 0.820718 0.423563
vt 0.838803 0.373047
vt 0.838172 0.385674
vt 0.820938 0.390044
vt 0.824989 0.400590
vt 0.807254 0.378305
vt 0.813634 0.401395
vt 0.822697 0.373888
vt 0.811308 0.364563
vt 0.811187 0.343813
vt 0.885955 0.315499
vt 0.852808 0.309641
vt 0.896140 0.290929
vt 0.919166 0.293420
vt 0.867693 0.218608
vt 0.856347 0.224099
vt 0.844819 0.406596
vt 0.848147 0.395174
vt 0.817607 0.354154
vt 0.868450 0.312406
vt 0.863334 0.297253
vt 0.874555 0.297582
vt 0.840368 0.289916
vt 0.850424 0.297602
vt 0.838185 0.306014
vt 0.838378 0.333638
vt 0.829611 0.345370
vt 0.842194 0.319801
vt 0.859267 0.331428
vt 0.824667 0.322845
vt 0.854207 0.321023
vt 0.873330 0.344561
vt 0.869354 0.356891
vt 0.857362 0.278067
vt 0.850646 0.260597
vt 0.835234 0.267445
vt 0.841393 0.252523
vt 0.847034 0.348269
vt 0.860358 0.347540
vt 0.867146 0.323345
vt 0.813355 0.315326
vt 0.864732 0.286432
vt 0.846795 0.271826
vt 0.830112 0.280261
vt 0.826771 0.293181
vt 0.813438 0.296618
vt 0.817081 0.284348
vt 0.841518 0.359142
vt 0.849394 0.337394
vt 0.897116 0.304592
vt 0.889520 0.273516
vt 0.821276 0.335265
vt 0.869676 0.263913
vt 0.806336 0.305944
vt 0.903271 0.274724
vt 0.887222 0.284140
vt 0.859134 0.267558
vt 0.861188 0.256952
vt 0.883188 0.249884
vt 0.876435 0.274595
vt 0.872354 0.253365
vt 0.874652 0.241206
vt 0.898715 0.247877
vt 0.890892 0.260606
vt 0.937577 0.250352
vt 0.941364 0.238633
vt 0.832837 0.134108
vt 0.951970 0.260285
vt 0.949384 0.249310
vt 0.933184 0.270424
vt 0.929394 0.283687
vt 0.949716 0.281792
vt 0.940162 0.261329
vt 0.951440 0.292686
vt 0.957285 0.271646
vt 0.918346 0.267553
vt 0.916056 0.254836
vt 0.750480 0.637268
vt 0.732200 0.637327
vt 0.713922 0.637527
vt 0.695754 0.639180
vt 0.679300 0.646332
vt 0.668174 0.659932
vt 0.651829 0.654009
vt 0.635483 0.648087
vt 0.619138 0.642165
vt 0.602793 0.636243
vt 0.586447 0.630320
vt 0.570102 0.624398
vt 0.574113 0.607556
vt 0.577535 0.590599
vt 0.580190 0.573519
vt 0.582068 0.556346
vt 0.583163 0.539112
vt 0.583477 0.521849
vt 0.583023 0.504590
vt 0.581824 0.487362
vt 0.579869 0.470197
vt 0.576427 0.453253
vt 0.569986 0.437143
vt 0.559084 0.423416
vt 0.544018 0.413878
vt 0.526474 0.409427
vt 0.526474 0.392170
vt 0.526474 0.374913
vt 0.526474 0.357656
vt 0.526474 0.340399
vt 0.526474 0.323142
vt 0.526474 0.305885
vt 0.526474 0.288628
vt 0.526474 0.271371
vt 0.526474 0.254114
vt 0.526474 0.236857
vt 0.526474 0.219600
vt 0.526474 0.202343
vt 0.526474 0.185086
vt 0.526474 0.167829
vt 0.526474 0.150572
vt 0.526474 0.133315
vt 0.526474 0.116058
vt 0.526474 0.098801
vt 0.526474 0.081544
vt 0.526474 0.064287
vt 0.545141 0.064287
vt 0.563808 0.064287
vt 0.582475 0.064287
vt 0.601143 0.064287
vt 0.619810 0.064287
vt 0.638477 0.064287
vt 0.657144 0.064287
vt 0.675811 0.064287
vt 0.694478 0.064287
vt 0.713145 0.064287
vt 0.731813 0.064287
vt 0.750480 0.064287
vt 0.750480 0.082192
vt 0.750480 0.100098
vt 0.750480 0.118004
vt 0.750480 0.135909
vt 0.750480 0.153815
vt 0.750480 0.171721
vt 0.750480 0.189626
vt 0.750480 0.207532
vt 0.750480 0.225438
vt 0.750480 0.243343
vt 0.750480 0.261249
vt 0.750480 0.279155
vt 0.750480 0.297060
vt 0.750480 0.314966
vt 0.750480 0.332872
vt 0.750480 0.350777
vt 0.750480 0.368683
vt 0.750480 0.386589
vt 0.750480 0.404495
vt 0.750480 0.422400
vt 0.750480 0.440306
vt 0.750480 0.458212
vt 0.750480 0.476117
vt 0.750480 0.494023
vt 0.750480 0.511929
vt 0.750480 0.529834
vt 0.750480 0.547740
vt 0.750480 0.565646
vt 0.750480 0.583551
vt 0.750480 0.601457
vt 0.750480 0.619363
vt 0.582005 0.618098
vt 0.629170 0.594004
vt 0.637217 0.620532
vt 0.631772 0.634051
vt 0.616060 0.620612
vt 0.599031 0.619368
vt 0.652928 0.633970
vt 0.620400 0.631029
vt 0.609063 0.601301
vt 0.591463 0.603800
vt 0.646613 0.643705
vt 0.608163 0.612390
vt 0.535808 0.072915
vt 0.571743 0.107429
vt 0.638295 0.331770
vt 0.638334 0.193714
vt 0.581922 0.375491
vt 0.538308 0.400798
vt 0.566163 0.397521
vt 0.552712 0.402803
vt 0.548705 0.381146
vt 0.564094 0.410830
vt 0.555514 0.391175
vt 0.565276 0.378119
vt 0.538709 0.388689
vt 0.575462 0.387420
vt 0.656328 0.419277
vt 0.617255 0.400242
vt 0.597461 0.390599
vt 0.584981 0.406951
vt 0.552360 0.356827
vt 0.554950 0.369584
vt 0.540184 0.369708
vt 0.571502 0.359945
vt 0.666606 0.511249
vt 0.685145 0.126158
vt 0.741146 0.073239
vt 0.700042 0.590946
vt 0.722744 0.611323
vt 0.741308 0.628315
vt 0.727426 0.624340
vt 0.737058 0.613958
vt 0.612022 0.567971
vt 0.626590 0.609070
vt 0.676571 0.620082
vt 0.663819 0.644554
vt 0.667327 0.630974
vt 0.656814 0.613972
vt 0.643080 0.603879
vt 0.663267 0.564551
vt 0.665489 0.589902
vt 0.656807 0.600529
vt 0.646376 0.584359
vt 0.673390 0.604213
vt 0.640445 0.593468
vt 0.682765 0.590439
vt 0.692982 0.608902
vt 0.674603 0.576420
vt 0.682037 0.610875
vt 0.691164 0.598032
vt 0.703570 0.540729
vt 0.685687 0.556093
vt 0.676143 0.564293
vt 0.597555 0.584673
vt 0.599161 0.595569
vt 0.562821 0.141943
vt 0.548195 0.107429
vt 0.543834 0.089580
vt 0.573142 0.084970
vt 0.610476 0.100590
vt 0.694284 0.341825
vt 0.587936 0.297256
vt 0.676004 0.270202
vt 0.693961 0.180673
vt 0.587953 0.228228
vt 0.700551 0.395542
vt 0.698570 0.449259
vt 0.624415 0.453269
vt 0.585521 0.394862
vt 0.601660 0.405942
vt 0.619155 0.426960
vt 0.613841 0.413880
vt 0.635785 0.411619
vt 0.594605 0.428421
vt 0.625322 0.417195
vt 0.639794 0.432050
vt 0.601744 0.418201
vt 0.577231 0.421934
vt 0.588874 0.418057
vt 0.582522 0.433358
vt 0.539125 0.349027
vt 0.564639 0.324082
vt 0.554743 0.339188
vt 0.606677 0.349650
vt 0.624431 0.512246
vt 0.685145 0.094589
vt 0.718489 0.126956
vt 0.723199 0.574598
vt 0.595249 0.566321
vt 0.605945 0.546028
vt 0.602801 0.574774
vt 0.617030 0.583101
vt 0.604626 0.558085
vt 0.632346 0.570229
vt 0.617648 0.594013
vt 0.629657 0.581984
vt 0.621651 0.573414
vt 0.682698 0.632762
vt 0.695810 0.623922
vt 0.711647 0.622179
vt 0.708025 0.608319
vt 0.649143 0.622970
vt 0.658989 0.577651
vt 0.647763 0.567175
vt 0.634423 0.543136
vt 0.621504 0.554159
vt 0.637469 0.556964
vt 0.655110 0.546253
vt 0.670917 0.549724
vt 0.653943 0.557506
vt 0.667249 0.530639
vt 0.685193 0.538532
vt 0.711086 0.502976
vt 0.727930 0.538787
vt 0.586040 0.583063
vt 0.548063 0.159200
vt 0.535429 0.107429
vt 0.543050 0.124686
vt 0.532781 0.090172
vt 0.554475 0.077398
vt 0.566381 0.075478
vt 0.559207 0.091388
vt 0.570217 0.096075
vt 0.590757 0.095042
vt 0.610476 0.081359
vt 0.647810 0.098628
vt 0.710490 0.306013
vt 0.723174 0.341825
vt 0.559225 0.279999
vt 0.713840 0.270202
vt 0.723009 0.180673
vt 0.556540 0.228228
vt 0.726408 0.395542
vt 0.721950 0.431353
vt 0.721950 0.467164
vt 0.600419 0.457655
vt 0.594339 0.443606
vt 0.607444 0.436218
vt 0.588719 0.454002
vt 0.582877 0.444243
vt 0.620928 0.440269
vt 0.611213 0.449534
vt 0.643853 0.420764
vt 0.666915 0.447618
vt 0.545806 0.314513
vt 0.540227 0.331770
vt 0.575215 0.340784
vt 0.563589 0.349228
vt 0.590574 0.359360
vt 0.602836 0.512756
vt 0.685145 0.078145
vt 0.707481 0.086367
vt 0.724427 0.080066
vt 0.665246 0.086367
vt 0.694631 0.086367
vt 0.677084 0.086367
vt 0.735877 0.126956
vt 0.727183 0.148209
vt 0.727183 0.105704
vt 0.727183 0.135983
vt 0.737492 0.114136
vt 0.738473 0.574598
vt 0.730836 0.593049
vt 0.730836 0.557319
vt 0.592620 0.548300
vt 0.598550 0.530730
vt 0.594817 0.520483
vt 0.618677 0.531234
vt 0.622107 0.542473
vt 0.608483 0.535667
vt 0.647425 0.528827
vt 0.693387 0.547111
vt 0.709474 0.559703
vt 0.673891 0.539351
vt 0.683127 0.520461
vt 0.731914 0.502976
vt 0.741180 0.538787
vt 0.535352 0.159200
vt 0.543019 0.176457
vt 0.559969 0.119905
vt 0.583194 0.128386
vt 0.554473 0.131730
vt 0.547879 0.144753
vt 0.573278 0.119968
vt 0.589510 0.112231
vt 0.570748 0.132111
vt 0.559969 0.103279
vt 0.588870 0.079119
vt 0.578104 0.074638
vt 0.598997 0.086102
vt 0.610476 0.070528
vt 0.629143 0.079708
vt 0.731599 0.306013
vt 0.738459 0.341825
vt 0.730816 0.360751
vt 0.730816 0.324645
vt 0.739022 0.352880
vt 0.541586 0.279999
vt 0.550405 0.258457
vt 0.550405 0.296518
vt 0.550405 0.270852
vt 0.538284 0.264654
vt 0.538745 0.291741
vt 0.733376 0.270202
vt 0.713921 0.234390
vt 0.738366 0.180673
vt 0.730687 0.199676
vt 0.730687 0.165088
vt 0.738968 0.191789
vt 0.540131 0.228228
vt 0.548336 0.208151
vt 0.548336 0.242404
vt 0.548336 0.219697
vt 0.572247 0.245629
vt 0.539387 0.251588
vt 0.559506 0.249255
vt 0.571344 0.264726
vt 0.740294 0.395542
vt 0.732891 0.413447
vt 0.737776 0.431353
vt 0.729863 0.449259
vt 0.739006 0.442367
vt 0.737776 0.467164
vt 0.733735 0.484907
vt 0.739006 0.456150
vt 0.598963 0.476924
vt 0.656286 0.435241
vt 0.646103 0.453402
vt 0.646277 0.441841
vt 0.633387 0.444183
vt 0.534000 0.314513
vt 0.551636 0.325648
vt 0.565411 0.335006
vt 0.589717 0.321160
vt 0.581220 0.365000
vt 0.580765 0.351656
vt 0.610198 0.371770
vt 0.703812 0.073826
vt 0.736545 0.091145
vt 0.666478 0.073583
vt 0.740476 0.144862
vt 0.720176 0.093429
vt 0.715210 0.595013
vt 0.710931 0.581893
vt 0.693688 0.573654
vt 0.691621 0.584033
vt 0.742917 0.592504
vt 0.742915 0.556693
vt 0.608822 0.523487
vt 0.656765 0.535359
vt 0.645588 0.539793
vt 0.633002 0.529507
vt 0.658203 0.521204
vt 0.642675 0.512120
vt 0.716431 0.547442
vt 0.720771 0.563475
vt 0.671802 0.520799
vt 0.686705 0.496756
vt 0.695889 0.528290
vt 0.697628 0.512468
vt 0.714555 0.526275
vt 0.685622 0.508705
vt 0.698710 0.500520
vt 0.700098 0.477429
vt 0.710059 0.514995
vt 0.725268 0.515988
vt 0.736332 0.525436
vt 0.743596 0.502976
vt 0.591707 0.179967
vt 0.535448 0.141943
vt 0.582635 0.103147
vt 0.598623 0.104191
vt 0.620836 0.090975
vt 0.635176 0.092097
vt 0.743399 0.306013
vt 0.721044 0.288855
vt 0.734854 0.377636
vt 0.708729 0.357922
vt 0.709530 0.326246
vt 0.721044 0.314945
vt 0.742899 0.323919
vt 0.569208 0.295171
vt 0.744532 0.270202
vt 0.734113 0.252296
vt 0.734899 0.216485
vt 0.708485 0.164742
vt 0.742683 0.162768
vt 0.535714 0.210971
vt 0.540811 0.193714
vt 0.567292 0.190280
vt 0.554658 0.196204
vt 0.555524 0.182786
vt 0.572683 0.170608
vt 0.744218 0.413447
vt 0.713479 0.409762
vt 0.714217 0.453564
vt 0.707595 0.465729
vt 0.709915 0.439900
vt 0.685467 0.424106
vt 0.707017 0.424333
vt 0.695503 0.435049
vt 0.672343 0.433130
vt 0.696391 0.411518
vt 0.682947 0.444890
vt 0.671424 0.418832
vt 0.662625 0.380904
vt 0.663273 0.400651
vt 0.685491 0.464020
vt 0.682157 0.399709
vt 0.682364 0.412084
vt 0.676654 0.455360
vt 0.744767 0.485070
vt 0.721500 0.492914
vt 0.721156 0.480030
vt 0.587645 0.478083
vt 0.615032 0.468332
vt 0.599053 0.494934
vt 0.577863 0.327912
vt 0.595828 0.372048
vt 0.603280 0.361449
vt 0.696903 0.561916
vt 0.705879 0.571053
vt 0.633603 0.518694
vt 0.647810 0.079365
vt 0.721044 0.300354
vt 0.696535 0.286792
vt 0.723608 0.277386
vt 0.736481 0.285966
vt 0.739260 0.367811
vt 0.713479 0.379311
vt 0.720587 0.353615
vt 0.720611 0.330680
vt 0.708729 0.340041
vt 0.559377 0.290450
vt 0.576459 0.280339
vt 0.614249 0.260641
vt 0.593236 0.266834
vt 0.581817 0.270199
vt 0.576864 0.310010
vt 0.723608 0.260873
vt 0.704646 0.252277
vt 0.720282 0.247133
vt 0.732422 0.233881
vt 0.739250 0.206625
vt 0.712320 0.212695
vt 0.719699 0.158373
vt 0.702527 0.143239
vt 0.715668 0.142096
vt 0.713479 0.397365
vt 0.724320 0.406231
vt 0.721584 0.419192
vt 0.649729 0.406586
vt 0.696916 0.460533
vt 0.682821 0.480497
vt 0.667332 0.492372
vt 0.678155 0.490047
vt 0.672179 0.390505
vt 0.685653 0.369369
vt 0.687610 0.384923
vt 0.675825 0.378165
vt 0.699008 0.375745
vt 0.697124 0.363524
vt 0.603998 0.467582
vt 0.635149 0.469445
vt 0.613344 0.501478
vt 0.594585 0.505059
vt 0.653791 0.088996
vt 0.709301 0.282357
vt 0.706686 0.294330
vt 0.724653 0.384052
vt 0.723533 0.371194
vt 0.583372 0.255670
vt 0.586424 0.242063
vt 0.610635 0.237477
vt 0.599931 0.251899
vt 0.597777 0.236199
vt 0.611936 0.249130
vt 0.651427 0.239271
vt 0.633617 0.251175
vt 0.592715 0.282379
vt 0.607446 0.275043
vt 0.560860 0.309317
vt 0.694922 0.267847
vt 0.722855 0.223799
vt 0.743910 0.234390
vt 0.724474 0.209955
vt 0.674941 0.502086
vt 0.654223 0.501369
vt 0.633757 0.492548
vt 0.642196 0.500703
vt 0.625404 0.500826
vt 0.650492 0.483388
vt 0.625392 0.463977
vt 0.614297 0.484910
vt 0.624591 0.477017
vt 0.682139 0.230673
vt 0.705200 0.263105
vt 0.686706 0.278011
vt 0.666261 0.307937
vt 0.679363 0.294744
vt 0.693196 0.304680
vt 0.700952 0.315743
vt 0.681568 0.319990
vt 0.680147 0.307392
vt 0.637999 0.481189
vt 0.651327 0.467996
vt 0.663524 0.460836
vt 0.673181 0.470659
vt 0.661323 0.476201
vt 0.697349 0.237767
vt 0.681182 0.250732
vt 0.696677 0.220850
vt 0.693128 0.248582
vt 0.708596 0.223843
vt 0.671708 0.202197
vt 0.695224 0.200767
vt 0.681316 0.214988
vt 0.700857 0.210489
vt 0.663275 0.223701
vt 0.683622 0.203788
vt 0.669182 0.213546
vt 0.649352 0.209794
vt 0.654842 0.285286
vt 0.631950 0.276809
vt 0.620033 0.271745
vt 0.630902 0.263882
vt 0.654276 0.261760
vt 0.643261 0.269483
vt 0.693699 0.327883
vt 0.660844 0.328895
vt 0.684473 0.261874
vt 0.668389 0.240133
vt 0.666768 0.254138
vt 0.655291 0.250238
vt 0.708485 0.189935
vt 0.706870 0.177339
vt 0.720766 0.192385
vt 0.656079 0.194212
vt 0.660106 0.204873
vt 0.648524 0.151699
vt 0.672956 0.182248
vt 0.647839 0.173669
vt 0.667447 0.191948
vt 0.647468 0.185561
vt 0.659641 0.179951
vt 0.670332 0.160073
vt 0.659370 0.167295
vt 0.647464 0.224718
vt 0.635272 0.235466
vt 0.623601 0.242293
vt 0.665173 0.294515
vt 0.668377 0.281473
vt 0.658496 0.273438
vt 0.665855 0.265030
vt 0.668924 0.319665
vt 0.684202 0.190384
vt 0.682504 0.170004
vt 0.687260 0.153085
vt 0.695670 0.168154
vt 0.624352 0.213769
vt 0.622357 0.227993
vt 0.634317 0.222264
vt 0.605082 0.218575
vt 0.671492 0.140661
vt 0.688646 0.139449
vt 0.700048 0.155351
vt 0.710742 0.151781
vt 0.635941 0.206625
vt 0.585300 0.205494
vt 0.567038 0.209575
vt 0.609105 0.195933
vt 0.623985 0.197977
vt 0.620343 0.172079
vt 0.633683 0.179223
vt 0.618291 0.185518
vt 0.604787 0.183655
vt 0.676073 0.150644
vt 0.661989 0.149887
vt 0.661160 0.118880
vt 0.655153 0.134538
vt 0.636697 0.119302
vt 0.611415 0.125900
vt 0.602223 0.116528
vt 0.626492 0.106284
vt 0.615405 0.113639
vt 0.649014 0.123553
vt 0.646794 0.111161
vt 0.592063 0.216290
vt 0.577888 0.218506
vt 0.599120 0.205010
vt 0.573827 0.231836
vt 0.566044 0.221056
vt 0.591750 0.193464
vt 0.579080 0.194923
vt 0.612483 0.208116
vt 0.671443 0.127587
vt 0.636084 0.137644
vt 0.578436 0.182161
vt 0.646558 0.141284
vt 0.629066 0.155212
vt 0.636360 0.166355
vt 0.625666 0.128151
vt 0.615736 0.142996
vt 0.637758 0.148291
vt 0.613090 0.158243
vt 0.602266 0.168988
vt 0.593634 0.147375
vt 0.578113 0.145243
vt 0.587246 0.166050
vt 0.605578 0.149240
vt 0.567398 0.156385
vt 0.584561 0.154904
vt 0.596688 0.158635
vt 0.618681 0.307207
vt 0.618414 0.289444
vt 0.603231 0.293547
vt 0.599119 0.308518
vt 0.637610 0.295104
vt 0.651568 0.302258
vt 0.654134 0.316226
vt 0.649038 0.326586
vt 0.629611 0.287395
vt 0.642228 0.283884
vt 0.593178 0.338093
vt 0.594981 0.349069
vt 0.610584 0.326107
vt 0.601262 0.319418
vt 0.606004 0.337487
vt 0.622613 0.336981
vt 0.640247 0.360886
vt 0.664538 0.357484
vt 0.673302 0.366292
vt 0.680503 0.351521
vt 0.634965 0.346588
vt 0.667587 0.342620
vt 0.680089 0.334368
vt 0.692392 0.353064
vt 0.650859 0.349333
vt 0.622212 0.358852
vt 0.618657 0.347855
vt 0.612282 0.386328
vt 0.629403 0.376711
vt 0.636505 0.393521
vt 0.624295 0.390222
vt 0.621167 0.369463
vt 0.646416 0.375943
vt 0.653260 0.364756
vt 0.650768 0.389453
vt 0.628988 0.402314
vt 0.662878 0.370255
vt 0.558172 0.169178
vt 0.707393 0.489407
vt 0.695102 0.488153
vt 0.701794 0.127414
vt 0.703414 0.106738
vt 0.715187 0.103927
vt 0.709849 0.117586
vt 0.694332 0.116493
vt 0.677178 0.110584
vt 0.662866 0.103784
vt 0.688662 0.105947
vt 0.597897 0.133191
vt 0.635668 0.314331
vt 0.624785 0.323398
vt 0.630266 0.304139
vt 0.147755 0.731616
vt 0.141595 0.752951
vt 0.135435 0.774286
vt 0.129275 0.795621
vt 0.123115 0.816956
vt 0.116955 0.838291
vt 0.110795 0.859626
vt 0.126019 0.862510
vt 0.140960 0.867684
vt 0.154722 0.877827
vt 0.166830 0.892080
vt 0.178125 0.907823
vt 0.189434 0.923544
vt 0.201308 0.938266
vt 0.214107 0.951073
vt 0.227830 0.961448
vt 0.242212 0.969528
vt 0.257052 0.975404
vt 0.272200 0.979045
vt 0.287501 0.980729
vt 0.302838 0.981411
vt 0.318178 0.980970
vt 0.333479 0.979318
vt 0.348608 0.975502
vt 0.363421 0.969477
vt 0.377785 0.961325
vt 0.391532 0.951019
vt 0.404411 0.938402
vt 0.416279 0.923673
vt 0.427510 0.907826
vt 0.438763 0.892015
vt 0.450889 0.877799
vt 0.464661 0.867689
vt 0.479602 0.862513
vt 0.494825 0.859626
vt 0.488665 0.838291
vt 0.482505 0.816956
vt 0.476345 0.795621
vt 0.470184 0.774286
vt 0.464024 0.752951
vt 0.457864 0.731616
vt 0.442359 0.731616
vt 0.426853 0.731616
vt 0.411348 0.731616
vt 0.395842 0.731616
vt 0.380337 0.731616
vt 0.364832 0.731616
vt 0.349326 0.731616
vt 0.333821 0.731616
vt 0.318315 0.731616
vt 0.302810 0.731616
vt 0.287304 0.731616
vt 0.271799 0.731616
vt 0.256293 0.731616
vt 0.240788 0.731616
vt 0.225282 0.731616
vt 0.209777 0.731616
vt 0.194272 0.731616
vt 0.178766 0.731616
vt 0.163261 0.731616
vt 0.155508 0.749472
vt 0.153879 0.824660
vt 0.248541 0.847013
vt 0.119118 0.852438
vt 0.135802 0.838087
vt 0.341573 0.852562
vt 0.403595 0.820246
vt 0.434606 0.785423
vt 0.450111 0.749472
vt 0.469815 0.838089
vt 0.486501 0.852438
vt 0.154745 0.851227
vt 0.148880 0.795919
vt 0.202024 0.806024
vt 0.238096 0.904193
vt 0.248541 0.788716
vt 0.126348 0.831813
vt 0.138789 0.814646
vt 0.135134 0.854186
vt 0.341573 0.791518
vt 0.375318 0.891568
vt 0.334244 0.915459
vt 0.403595 0.775151
vt 0.426875 0.849716
vt 0.454762 0.797232
vt 0.479270 0.831814
vt 0.470486 0.854189
vt 0.449116 0.845637
vt 0.460294 0.847084
vt 0.453868 0.861229
vt 0.456047 0.822536
vt 0.438806 0.863906
vt 0.150482 0.864519
vt 0.147137 0.838481
vt 0.171221 0.864560
vt 0.139119 0.789442
vt 0.186519 0.771605
vt 0.217530 0.771605
vt 0.229190 0.931266
vt 0.211530 0.900951
vt 0.283083 0.912366
vt 0.256165 0.934543
vt 0.248541 0.758956
vt 0.279552 0.778310
vt 0.148732 0.811348
vt 0.127476 0.845947
vt 0.341573 0.760414
vt 0.387027 0.919036
vt 0.350365 0.940566
vt 0.324278 0.947124
vt 0.403595 0.751797
vt 0.372584 0.777182
vt 0.420313 0.878943
vt 0.465351 0.790205
vt 0.467061 0.810578
vt 0.454071 0.772986
vt 0.465542 0.825000
vt 0.478143 0.845948
vt 0.435999 0.822653
vt 0.437939 0.846960
vt 0.441287 0.877970
vt 0.144758 0.852696
vt 0.164941 0.876822
vt 0.170432 0.836737
vt 0.182580 0.883291
vt 0.186519 0.749883
vt 0.202024 0.760744
vt 0.170950 0.760744
vt 0.192617 0.760744
vt 0.165816 0.746962
vt 0.180382 0.760744
vt 0.217530 0.749883
vt 0.232230 0.760744
vt 0.211432 0.760744
vt 0.227615 0.746806
vt 0.224367 0.945928
vt 0.214601 0.928835
vt 0.202983 0.917445
vt 0.223181 0.912332
vt 0.196061 0.895866
vt 0.232720 0.917032
vt 0.246047 0.920851
vt 0.194258 0.910536
vt 0.261981 0.890681
vt 0.242149 0.942910
vt 0.259848 0.912848
vt 0.250539 0.899471
vt 0.271389 0.904080
vt 0.271614 0.929005
vt 0.239738 0.874100
vt 0.251431 0.880628
vt 0.248818 0.864051
vt 0.242292 0.889570
vt 0.225558 0.887343
vt 0.295869 0.944976
vt 0.267007 0.954454
vt 0.248541 0.742760
vt 0.264046 0.752865
vt 0.295057 0.759401
vt 0.341573 0.743616
vt 0.357079 0.753210
vt 0.326068 0.753210
vt 0.393290 0.933729
vt 0.378221 0.938078
vt 0.402114 0.914670
vt 0.353540 0.958502
vt 0.338541 0.954989
vt 0.364492 0.944434
vt 0.360855 0.913741
vt 0.368581 0.927479
vt 0.357997 0.929298
vt 0.372959 0.909959
vt 0.346119 0.922383
vt 0.336022 0.935316
vt 0.325149 0.965671
vt 0.309679 0.958021
vt 0.421524 0.763474
vt 0.434845 0.751910
vt 0.387728 0.763474
vt 0.427821 0.866511
vt 0.430652 0.881866
vt 0.446131 0.785652
vt 0.442500 0.805055
vt 0.440514 0.768761
vt 0.430396 0.771255
vt 0.446015 0.819598
vt 0.462369 0.766761
vt 0.159991 0.837519
vt 0.176195 0.893822
vt 0.204532 0.783384
vt 0.202024 0.743809
vt 0.170438 0.793507
vt 0.161815 0.808664
vt 0.176863 0.815124
vt 0.157129 0.774314
vt 0.146280 0.776834
vt 0.149755 0.762270
vt 0.176074 0.746626
vt 0.241052 0.773836
vt 0.228143 0.800538
vt 0.237193 0.790071
vt 0.244346 0.817864
vt 0.226477 0.783002
vt 0.243539 0.802329
vt 0.215589 0.794330
vt 0.204652 0.851800
vt 0.238581 0.929640
vt 0.252440 0.956163
vt 0.237280 0.956246
vt 0.228872 0.900822
vt 0.295483 0.964896
vt 0.281075 0.960742
vt 0.276542 0.944738
vt 0.265514 0.968735
vt 0.265174 0.940009
vt 0.264046 0.738990
vt 0.279552 0.751992
vt 0.259357 0.773836
vt 0.270257 0.767747
vt 0.266871 0.802866
vt 0.255143 0.808759
vt 0.268322 0.785253
vt 0.267163 0.833964
vt 0.258844 0.792402
vt 0.262283 0.855023
vt 0.255123 0.827971
vt 0.262014 0.872850
vt 0.295017 0.865074
vt 0.278057 0.864487
vt 0.263846 0.818483
vt 0.273003 0.848903
vt 0.296300 0.817876
vt 0.282728 0.830071
vt 0.275691 0.815274
vt 0.278646 0.797038
vt 0.296632 0.789622
vt 0.286379 0.809587
vt 0.286778 0.788528
vt 0.283561 0.887705
vt 0.272328 0.881810
vt 0.295057 0.743023
vt 0.357079 0.739215
vt 0.372584 0.752009
vt 0.353198 0.775966
vt 0.326068 0.739215
vt 0.329949 0.775966
vt 0.310562 0.752009
vt 0.391805 0.894886
vt 0.413793 0.902553
vt 0.402972 0.897576
vt 0.422489 0.894199
vt 0.340134 0.969126
vt 0.368631 0.957415
vt 0.310513 0.932667
vt 0.310400 0.972500
vt 0.410905 0.763474
vt 0.416214 0.747708
vt 0.397531 0.763474
vt 0.388529 0.791588
vt 0.388090 0.745382
vt 0.191483 0.791701
vt 0.189525 0.811090
vt 0.180727 0.786350
vt 0.171719 0.777162
vt 0.199454 0.829425
vt 0.181599 0.801603
vt 0.167502 0.821728
vt 0.161312 0.761144
vt 0.159468 0.790789
vt 0.196426 0.872071
vt 0.223504 0.858218
vt 0.285339 0.765151
vt 0.296374 0.841520
vt 0.285269 0.849436
vt 0.286413 0.873043
vt 0.377899 0.764595
vt 0.365236 0.764595
vt 0.342859 0.775966
vt 0.350533 0.762783
vt 0.332614 0.762783
vt 0.320340 0.810235
vt 0.317776 0.768599
vt 0.319362 0.789374
vt 0.330359 0.793022
vt 0.308052 0.801075
vt 0.307956 0.780848
vt 0.298651 0.803808
vt 0.298569 0.774185
vt 0.393563 0.908846
vt 0.382936 0.904015
vt 0.387024 0.853690
vt 0.399984 0.871468
vt 0.323299 0.926978
vt 0.310160 0.894974
vt 0.297500 0.885967
vt 0.313794 0.913746
vt 0.298103 0.908971
vt 0.324597 0.898745
vt 0.291129 0.897872
vt 0.320954 0.865405
vt 0.345329 0.885998
vt 0.318950 0.883036
vt 0.307953 0.871086
vt 0.332482 0.877494
vt 0.336420 0.897817
vt 0.347901 0.904081
vt 0.360176 0.890605
vt 0.310719 0.848602
vt 0.331689 0.860554
vt 0.328697 0.834004
vt 0.337248 0.814232
vt 0.342419 0.869546
vt 0.314745 0.945695
vt 0.425878 0.746263
vt 0.216773 0.821771
vt 0.219656 0.807706
vt 0.186669 0.848826
vt 0.185467 0.829501
vt 0.191663 0.883807
vt 0.211503 0.877465
vt 0.229119 0.872037
vt 0.291765 0.829731
vt 0.385120 0.875433
vt 0.366733 0.860670
vt 0.353719 0.859712
vt 0.377732 0.862883
vt 0.370974 0.876152
vt 0.354471 0.829491
vt 0.359791 0.873793
vt 0.360713 0.844980
vt 0.350316 0.843974
vt 0.376119 0.820078
vt 0.366151 0.829309
vt 0.360128 0.802384
vt 0.377323 0.840051
vt 0.366810 0.813960
vt 0.376368 0.799871
vt 0.389836 0.828247
vt 0.386713 0.810120
vt 0.398268 0.803252
vt 0.398282 0.788047
vt 0.417591 0.799745
vt 0.420441 0.781830
vt 0.408319 0.806426
vt 0.410438 0.787651
vt 0.401806 0.844366
vt 0.429733 0.805774
vt 0.419667 0.825476
vt 0.408973 0.882551
vt 0.298961 0.927255
vt 0.286276 0.931648
vt 0.301609 0.854080
vt 0.306863 0.829622
vt 0.310944 0.815682
vt 0.318043 0.828801
vt 0.322138 0.848181
vt 0.328072 0.819247
vt 0.206899 0.819279
vt 0.210168 0.836280
vt 0.222853 0.838843
vt 0.214808 0.850083
vt 0.230659 0.821430
vt 0.235048 0.847614
vt 0.238923 0.832184
vt 0.196131 0.843774
vt 0.185488 0.866294
vt 0.216454 0.889195
vt 0.205109 0.889225
vt 0.205274 0.866353
vt 0.340908 0.832006
vt 0.348345 0.806786
vt 0.352172 0.791883
vt 0.362734 0.785669
vt 0.346898 0.820935
vt 0.392486 0.841999
vt 0.396675 0.857265
vt 0.428578 0.833969
vt 0.414672 0.843473
vt 0.416127 0.861707
vt 0.176114 0.850304
vt 0.575745 0.731616
vt 0.569585 0.752951
vt 0.563425 0.774286
vt 0.557265 0.795621
vt 0.551105 0.816956
vt 0.544945 0.838291
vt 0.538785 0.859626
vt 0.554009 0.862510
vt 0.568951 0.867684
vt 0.582712 0.877827
vt 0.594820 0.892080
vt 0.606116 0.907823
vt 0.617424 0.923544
vt 0.629298 0.938266
vt 0.642097 0.951073
vt 0.655820 0.961448
vt 0.670202 0.969528
vt 0.685042 0.975404
vt 0.700191 0.979045
vt 0.715491 0.980729
vt 0.730828 0.981411
vt 0.746169 0.980970
vt 0.761469 0.979318
vt 0.776598 0.975502
vt 0.791412 0.969477
vt 0.805775 0.961325
vt 0.819522 0.951019
vt 0.832401 0.938402
vt 0.844270 0.923673
vt 0.855500 0.907826
vt 0.866753 0.892015
vt 0.878879 0.877799
vt 0.892651 0.867689
vt 0.907592 0.862513
vt 0.922815 0.859626
vt 0.916655 0.838291
vt 0.910495 0.816956
vt 0.904335 0.795621
vt 0.898175 0.774286
vt 0.892015 0.752951
vt 0.885854 0.731616
vt 0.870349 0.731616
vt 0.854844 0.731616
vt 0.839338 0.731616
vt 0.823833 0.731616
vt 0.808327 0.731616
vt 0.792822 0.731616
vt 0.777316 0.731616
vt 0.761811 0.731616
vt 0.746305 0.731616
vt 0.730800 0.731616
vt 0.715295 0.731616
vt 0.699789 0.731616
vt 0.684284 0.731616
vt 0.668778 0.731616
vt 0.653273 0.731616
vt 0.637767 0.731616
vt 0.622262 0.731616
vt 0.606756 0.731616
vt 0.591251 0.731616
vt 0.878102 0.749472
vt 0.879727 0.824663
vt 0.897805 0.838089
vt 0.800574 0.838709
vt 0.914491 0.852438
vt 0.707542 0.855302
vt 0.614509 0.812195
vt 0.583498 0.749472
vt 0.581870 0.824660
vt 0.547108 0.852438
vt 0.563792 0.838087
vt 0.878888 0.851216
vt 0.884728 0.795920
vt 0.907260 0.831814
vt 0.894820 0.814646
vt 0.898477 0.854189
vt 0.815707 0.889129
vt 0.831585 0.794837
vt 0.785069 0.787097
vt 0.760057 0.895612
vt 0.692036 0.795134
vt 0.656134 0.870154
vt 0.688071 0.911813
vt 0.614509 0.771049
vt 0.605369 0.852537
vt 0.582735 0.851227
vt 0.576870 0.795919
vt 0.554338 0.831813
vt 0.563124 0.854186
vt 0.566779 0.814646
vt 0.883135 0.864511
vt 0.886477 0.838459
vt 0.862404 0.864494
vt 0.894490 0.789443
vt 0.884876 0.811351
vt 0.906134 0.845948
vt 0.827542 0.911049
vt 0.801613 0.922341
vt 0.831585 0.762134
vt 0.800574 0.763091
vt 0.769564 0.763091
vt 0.764633 0.937315
vt 0.723047 0.779686
vt 0.692036 0.762288
vt 0.661025 0.779686
vt 0.639388 0.901196
vt 0.682667 0.943183
vt 0.724232 0.925740
vt 0.614509 0.749581
vt 0.599000 0.752145
vt 0.632764 0.760314
vt 0.607434 0.760314
vt 0.593157 0.780099
vt 0.625502 0.747657
vt 0.578772 0.771712
vt 0.596402 0.870045
vt 0.616644 0.879842
vt 0.594019 0.853207
vt 0.599057 0.828064
vt 0.587232 0.864536
vt 0.607707 0.869321
vt 0.605931 0.886774
vt 0.575128 0.838481
vt 0.567110 0.789442
vt 0.555466 0.845947
vt 0.576722 0.811348
vt 0.888853 0.852678
vt 0.868666 0.876770
vt 0.863258 0.836775
vt 0.850916 0.883217
vt 0.834032 0.923068
vt 0.841122 0.901477
vt 0.819300 0.929082
vt 0.813730 0.909885
vt 0.808035 0.940316
vt 0.790630 0.942983
vt 0.799827 0.949071
vt 0.831585 0.744612
vt 0.816080 0.753665
vt 0.847091 0.753665
vt 0.862629 0.752116
vt 0.800574 0.745159
vt 0.785069 0.754125
vt 0.769564 0.745159
vt 0.753947 0.754125
vt 0.767014 0.959003
vt 0.780281 0.955937
vt 0.748577 0.952509
vt 0.778040 0.935844
vt 0.756487 0.964296
vt 0.788346 0.923153
vt 0.770281 0.914462
vt 0.794150 0.891584
vt 0.794608 0.908788
vt 0.804413 0.899572
vt 0.781365 0.900983
vt 0.779987 0.915592
vt 0.775879 0.859147
vt 0.770732 0.898102
vt 0.778334 0.880152
vt 0.763801 0.873224
vt 0.723047 0.754214
vt 0.692036 0.744700
vt 0.707003 0.753494
vt 0.676531 0.753708
vt 0.630639 0.917414
vt 0.647870 0.925245
vt 0.625275 0.897230
vt 0.640329 0.915895
vt 0.614397 0.897130
vt 0.679772 0.959985
vt 0.695041 0.957056
vt 0.667408 0.946116
vt 0.723672 0.954627
vt 0.645520 0.750074
vt 0.645706 0.773986
vt 0.661017 0.752063
vt 0.590308 0.763350
vt 0.583689 0.784875
vt 0.593334 0.804865
vt 0.589512 0.837400
vt 0.612951 0.833935
vt 0.622261 0.855508
vt 0.614274 0.848026
vt 0.635360 0.874445
vt 0.626621 0.882078
vt 0.873672 0.837530
vt 0.857353 0.893747
vt 0.832549 0.875742
vt 0.816080 0.739508
vt 0.814632 0.782214
vt 0.847091 0.739508
vt 0.844230 0.778485
vt 0.872218 0.775712
vt 0.885212 0.775650
vt 0.883981 0.761110
vt 0.780336 0.770611
vt 0.791462 0.773075
vt 0.800439 0.792841
vt 0.785069 0.739802
vt 0.754058 0.739803
vt 0.738553 0.751901
vt 0.751003 0.801651
vt 0.738296 0.964974
vt 0.754394 0.918469
vt 0.734347 0.873818
vt 0.723047 0.739859
vt 0.704842 0.778711
vt 0.714769 0.766950
vt 0.707542 0.739413
vt 0.676531 0.739535
vt 0.679297 0.778711
vt 0.639711 0.935450
vt 0.653478 0.942522
vt 0.708693 0.962089
vt 0.717948 0.966500
vt 0.706024 0.933658
vt 0.703614 0.948681
vt 0.694134 0.937231
vt 0.698146 0.920661
vt 0.685546 0.927568
vt 0.703785 0.888293
vt 0.667083 0.912427
vt 0.698048 0.903308
vt 0.677630 0.916311
vt 0.712154 0.911803
vt 0.669979 0.929211
vt 0.659134 0.924545
vt 0.653683 0.904275
vt 0.665514 0.888965
vt 0.679245 0.894825
vt 0.690997 0.887090
vt 0.648096 0.886090
vt 0.698123 0.869824
vt 0.684039 0.834547
vt 0.694046 0.849465
vt 0.706674 0.821141
vt 0.675742 0.862511
vt 0.696173 0.831013
vt 0.706408 0.838262
vt 0.695909 0.812595
vt 0.727218 0.843687
vt 0.707192 0.799784
vt 0.716316 0.845354
vt 0.720189 0.867072
vt 0.683302 0.850856
vt 0.674707 0.879363
vt 0.666510 0.869706
vt 0.660675 0.835397
vt 0.661015 0.853559
vt 0.672461 0.841537
vt 0.641566 0.845309
vt 0.650060 0.856100
vt 0.686299 0.870622
vt 0.726896 0.811575
vt 0.720653 0.827779
vt 0.713757 0.787264
vt 0.717884 0.802453
vt 0.729554 0.859420
vt 0.748899 0.853650
vt 0.709408 0.873100
vt 0.719879 0.890968
vt 0.629668 0.825690
vt 0.715392 0.816090
vt 0.725457 0.879182
vt 0.620087 0.824112
vt 0.629456 0.788428
vt 0.652663 0.761904
vt 0.668175 0.765869
vt 0.603336 0.812416
vt 0.608745 0.791622
vt 0.619555 0.796804
vt 0.629821 0.807055
vt 0.647057 0.816699
vt 0.637310 0.816515
vt 0.603988 0.776417
vt 0.591065 0.819373
vt 0.830424 0.893518
vt 0.840630 0.885704
vt 0.845513 0.858136
vt 0.821283 0.768630
vt 0.830029 0.778485
vt 0.810713 0.767398
vt 0.855545 0.768693
vt 0.864982 0.766194
vt 0.840987 0.764837
vt 0.850904 0.809761
vt 0.867998 0.805290
vt 0.856053 0.789961
vt 0.788545 0.815856
vt 0.815506 0.811994
vt 0.731702 0.766950
vt 0.737533 0.789183
vt 0.756786 0.778502
vt 0.744867 0.769616
vt 0.770373 0.786989
vt 0.760549 0.793898
vt 0.766301 0.827555
vt 0.760728 0.811786
vt 0.746519 0.827331
vt 0.774850 0.810463
vt 0.783544 0.802383
vt 0.752965 0.936070
vt 0.739579 0.924638
vt 0.735933 0.899471
vt 0.735971 0.944589
vt 0.726516 0.940297
vt 0.763100 0.923414
vt 0.749126 0.879498
vt 0.701391 0.765210
vt 0.693857 0.778711
vt 0.682593 0.765020
vt 0.714465 0.926196
vt 0.673746 0.808175
vt 0.684996 0.808440
vt 0.669721 0.824557
vt 0.679510 0.794737
vt 0.660029 0.809756
vt 0.668174 0.793122
vt 0.655782 0.822841
vt 0.649329 0.795128
vt 0.638576 0.797339
vt 0.645586 0.870569
vt 0.762760 0.852222
vt 0.772354 0.842470
vt 0.786702 0.844694
vt 0.755202 0.838933
vt 0.779244 0.827478
vt 0.798077 0.865346
vt 0.791603 0.830860
vt 0.802425 0.818138
vt 0.795419 0.851186
vt 0.786381 0.867158
vt 0.804686 0.880995
vt 0.816952 0.858057
vt 0.808311 0.866444
vt 0.806810 0.804519
vt 0.796241 0.806427
vt 0.711274 0.897344
vt 0.723655 0.907894
vt 0.732786 0.913709
vt 0.630217 0.843027
vt 0.634679 0.858024
vt 0.635385 0.775527
vt 0.598851 0.792390
vt 0.852797 0.868408
vt 0.855789 0.850136
vt 0.849782 0.830939
vt 0.835774 0.818576
vt 0.843287 0.796222
vt 0.860798 0.819361
vt 0.866638 0.789363
vt 0.727371 0.794669
vt 0.739199 0.808005
vt 0.760150 0.765033
vt 0.747823 0.786591
vt 0.739346 0.842229
vt 0.734581 0.825539
vt 0.744839 0.909696
vt 0.754622 0.866461
vt 0.743404 0.866687
vt 0.740186 0.885927
vt 0.679456 0.821067
vt 0.831237 0.853750
vt 0.840256 0.841871
vt 0.821308 0.834659
vt 0.811486 0.827398
vt 0.810990 0.844050
vt 0.826437 0.809643
vt 0.819660 0.796794
vt 0.749539 0.895431
vt 0.831648 0.833039
vt 0.804440 0.853814
vt 0.821226 0.874044
s 1
usemtl FABRIC_1_FRONT_2187
f 130/130/130 131/131/131 90/90/90
f 61/61/61 60/60/60 134/134/134
f 110/110/110 111/111/111 112/112/112
f 195/195/195 169/169/169 168/168/168
f 195/195/195 63/63/63 62/62/62
f 89/89/89 88/88/88 149/149/149
f 134/134/134 169/169/169 197/197/197
f 88/88/88 87/87/87 149/149/149
f 86/86/86 150/150/150 87/87/87
f 248/248/248 65/65/65 64/64/64
f 101/101/101 105/105/105 100/100/100
f 86/86/86 85/85/85 403/403/403
f 105/105/105 113/113/113 100/100/100
f 256/256/256 38/38/38 37/37/37
f 263/263/263 206/206/206 260/260/260
f 108/108/108 123/123/123 103/103/103
f 301/301/301 67/67/67 66/66/66
f 130/130/130 133/133/133 131/131/131
f 64/64/64 63/63/63 246/246/246
f 111/111/111 110/110/110 119/119/119
f 250/250/250 199/199/199 58/58/58
f 419/419/419 109/109/109 420/420/420
f 56/56/56 55/55/55 253/253/253
f 132/132/132 99/99/99 117/117/117
f 153/153/153 130/130/130 90/90/90
f 195/195/195 196/196/196 246/246/246
f 99/99/99 132/132/132 131/131/131
f 249/249/249 203/203/203 251/251/251
f 133/133/133 113/113/113 99/99/99
f 71/71/71 260/260/260 72/72/72
f 260/260/260 264/264/264 72/72/72
f 115/115/115 114/114/114 120/120/120
f 266/266/266 383/383/383 208/208/208
f 318/318/318 319/319/319 261/261/261
f 248/248/248 64/64/64 246/246/246
f 76/76/76 75/75/75 266/266/266
f 244/244/244 66/66/66 65/65/65
f 148/148/148 12/12/12 11/11/11
f 114/114/114 115/115/115 133/133/133
f 198/198/198 200/200/200 169/169/169
f 339/339/339 84/84/84 337/337/337
f 120/120/120 124/124/124 121/121/121
f 118/118/118 104/104/104 4/4/4
f 268/268/268 328/328/328 266/266/266
f 4/4/4 3/3/3 118/118/118
f 336/336/336 457/457/457 397/397/397
f 211/211/211 274/274/274 389/389/389
f 3/3/3 111/111/111 119/119/119
f 384/384/384 268/268/268 266/266/266
f 117/117/117 109/109/109 132/132/132
f 3/3/3 119/119/119 118/118/118
f 81/81/81 80/80/80 276/276/276
f 83/83/83 82/82/82 273/273/273
f 120/120/120 114/114/114 125/125/125
f 100/100/100 115/115/115 121/121/121
f 275/275/275 337/337/337 273/273/273
f 473/473/473 422/422/422 423/423/423
f 120/120/120 121/121/121 115/115/115
f 419/419/419 366/366/366 421/421/421
f 124/124/124 120/120/120 152/152/152
f 278/278/278 277/277/277 343/343/343
f 109/109/109 118/118/118 119/119/119
f 107/107/107 151/151/151 95/95/95
f 89/89/89 2/2/2 1/1/1
f 13/13/13 12/12/12 97/97/97
f 1/1/1 88/88/88 89/89/89
f 111/111/111 2/2/2 89/89/89
f 147/147/147 17/17/17 16/16/16
f 150/150/150 474/474/474 112/112/112
f 122/122/122 125/125/125 128/128/128
f 105/105/105 104/104/104 113/113/113
f 4/4/4 104/104/104 5/5/5
f 6/6/6 105/105/105 101/101/101
f 121/121/121 101/101/101 100/100/100
f 7/7/7 92/92/92 8/8/8
f 94/94/94 92/92/92 93/93/93
f 101/101/101 121/121/121 91/91/91
f 94/94/94 106/106/106 10/10/10
f 18/18/18 166/166/166 156/156/156
f 16/16/16 15/15/15 98/98/98
f 91/91/91 93/93/93 101/101/101
f 128/128/128 127/127/127 123/123/123
f 600/600/600 566/566/566 292/292/292
f 128/128/128 130/130/130 153/153/153
f 313/313/313 40/40/40 39/39/39
f 107/107/107 97/97/97 116/116/116
f 284/284/284 217/217/217 218/218/218
f 157/157/157 156/156/156 129/129/129
f 181/181/181 219/219/219 141/141/141
f 130/130/130 128/128/128 114/114/114
f 129/129/129 127/127/127 126/126/126
f 217/217/217 181/181/181 180/180/180
f 126/126/126 127/127/127 128/128/128
f 217/217/217 51/51/51 50/50/50
f 48/48/48 141/141/141 49/49/49
f 112/112/112 149/149/149 150/150/150
f 104/104/104 105/105/105 5/5/5
f 222/222/222 181/181/181 220/220/220
f 216/216/216 345/345/345 281/281/281
f 115/115/115 100/100/100 113/113/113
f 98/98/98 95/95/95 108/108/108
f 223/223/223 182/182/182 225/225/225
f 6/6/6 101/101/101 93/93/93
f 221/221/221 45/45/45 287/287/287
f 123/123/123 122/122/122 128/128/128
f 225/225/225 289/289/289 360/360/360
f 548/548/548 500/500/500 545/545/545
f 116/116/116 12/12/12 148/148/148
f 258/258/258 317/317/317 256/256/256
f 6/6/6 93/93/93 7/7/7
f 93/93/93 92/92/92 7/7/7
f 204/204/204 348/348/348 316/316/316
f 91/91/91 124/124/124 94/94/94
f 202/202/202 135/135/135 201/201/201
f 272/272/272 34/34/34 269/269/269
f 3/3/3 2/2/2 111/111/111
f 269/269/269 33/33/33 270/270/270
f 34/34/34 33/33/33 269/269/269
f 113/113/113 104/104/104 99/99/99
f 117/117/117 118/118/118 109/109/109
f 108/108/108 103/103/103 147/147/147
f 553/553/553 552/552/552 455/455/455
f 105/105/105 6/6/6 5/5/5
f 227/227/227 32/32/32 31/31/31
f 96/96/96 97/97/97 98/98/98
f 179/179/179 345/345/345 350/350/350
f 127/127/127 129/129/129 103/103/103
f 24/24/24 233/233/233 231/231/231
f 10/10/10 9/9/9 94/94/94
f 156/156/156 19/19/19 18/18/18
f 97/97/97 96/96/96 13/13/13
f 93/93/93 91/91/91 94/94/94
f 158/158/158 161/161/161 163/163/163
f 11/11/11 106/106/106 148/148/148
f 19/19/19 156/156/156 158/158/158
f 147/147/147 103/103/103 166/166/166
f 10/10/10 106/106/106 11/11/11
f 9/9/9 92/92/92 94/94/94
f 97/97/97 107/107/107 95/95/95
f 148/148/148 106/106/106 102/102/102
f 98/98/98 97/97/97 95/95/95
f 94/94/94 102/102/102 106/106/106
f 104/104/104 118/118/118 117/117/117
f 98/98/98 15/15/15 96/96/96
f 147/147/147 98/98/98 108/108/108
f 12/12/12 116/116/116 97/97/97
f 9/9/9 8/8/8 92/92/92
f 163/163/163 165/165/165 21/21/21
f 29/29/29 28/28/28 143/143/143
f 145/145/145 29/29/29 143/143/143
f 95/95/95 151/151/151 123/123/123
f 103/103/103 123/123/123 127/127/127
f 152/152/152 125/125/125 122/122/122
f 28/28/28 27/27/27 143/143/143
f 145/145/145 188/188/188 142/142/142
f 104/104/104 117/117/117 99/99/99
f 131/131/131 133/133/133 99/99/99
f 420/420/420 119/119/119 110/110/110
f 96/96/96 15/15/15 14/14/14
f 107/107/107 148/148/148 152/152/152
f 123/123/123 108/108/108 95/95/95
f 233/233/233 210/210/210 231/231/231
f 151/151/151 152/152/152 122/122/122
f 112/112/112 111/111/111 89/89/89
f 193/193/193 237/237/237 23/23/23
f 14/14/14 13/13/13 96/96/96
f 128/128/128 125/125/125 114/114/114
f 291/291/291 30/30/30 145/145/145
f 243/243/243 21/21/21 165/165/165
f 121/121/121 124/124/124 91/91/91
f 154/154/154 157/157/157 159/159/159
f 52/52/52 51/51/51 284/284/284
f 166/166/166 18/18/18 17/17/17
f 94/94/94 124/124/124 102/102/102
f 114/114/114 133/133/133 130/130/130
f 133/133/133 115/115/115 113/113/113
f 60/60/60 59/59/59 134/134/134
f 59/59/59 58/58/58 198/198/198
f 286/286/286 53/53/53 52/52/52
f 53/53/53 290/290/290 54/54/54
f 319/319/319 320/320/320 265/265/265
f 382/382/382 261/261/261 322/322/322
f 264/264/264 73/73/73 72/72/72
f 361/361/361 291/291/291 145/145/145
f 340/340/340 277/277/277 214/214/214
f 144/144/144 232/232/232 228/228/228
f 215/215/215 280/280/280 281/281/281
f 534/534/534 442/442/442 535/535/535
f 44/44/44 43/43/43 280/280/280
f 284/284/284 286/286/286 52/52/52
f 47/47/47 46/46/46 220/220/220
f 48/48/48 47/47/47 141/141/141
f 185/185/185 232/232/232 144/144/144
f 597/597/597 592/592/592 596/596/596
f 144/144/144 143/143/143 27/27/27
f 143/143/143 188/188/188 145/145/145
f 27/27/27 26/26/26 185/185/185
f 230/230/230 231/231/231 234/234/234
f 227/227/227 291/291/291 363/363/363
f 30/30/30 29/29/29 145/145/145
f 423/423/423 132/132/132 473/473/473
f 400/400/400 585/585/585 606/606/606
f 147/147/147 16/16/16 98/98/98
f 166/166/166 103/103/103 129/129/129
f 152/152/152 148/148/148 102/102/102
f 116/116/116 148/148/148 107/107/107
f 150/150/150 149/149/149 87/87/87
f 89/89/89 149/149/149 112/112/112
f 337/337/337 84/84/84 83/83/83
f 516/516/516 518/518/518 461/461/461
f 152/152/152 151/151/151 107/107/107
f 123/123/123 151/151/151 122/122/122
f 124/124/124 152/152/152 102/102/102
f 125/125/125 152/152/152 120/120/120
f 153/153/153 90/90/90 155/155/155
f 126/126/126 128/128/128 153/153/153
f 153/153/153 155/155/155 159/159/159
f 161/161/161 158/158/158 154/154/154
f 296/296/296 422/422/422 421/421/421
f 162/162/162 146/146/146 189/189/189
f 157/157/157 129/129/129 126/126/126
f 158/158/158 156/156/156 154/154/154
f 159/159/159 157/157/157 126/126/126
f 154/154/154 156/156/156 157/157/157
f 160/160/160 161/161/161 162/162/162
f 20/20/20 19/19/19 158/158/158
f 153/153/153 159/159/159 126/126/126
f 159/159/159 155/155/155 192/192/192
f 193/193/193 22/22/22 243/243/243
f 163/163/163 20/20/20 158/158/158
f 161/161/161 154/154/154 162/162/162
f 161/161/161 160/160/160 163/163/163
f 154/154/154 192/192/192 162/162/162
f 192/192/192 297/297/297 368/368/368
f 165/165/165 163/163/163 242/242/242
f 21/21/21 20/20/20 163/163/163
f 146/146/146 239/239/239 189/189/189
f 176/176/176 235/235/235 238/238/238
f 242/242/242 163/163/163 160/160/160
f 165/165/165 164/164/164 243/243/243
f 147/147/147 166/166/166 17/17/17
f 156/156/156 166/166/166 129/129/129
f 309/309/309 310/310/310 202/202/202
f 429/429/429 207/207/207 428/428/428
f 62/62/62 61/61/61 197/197/197
f 168/168/168 247/247/247 196/196/196
f 198/198/198 134/134/134 59/59/59
f 198/198/198 169/169/169 134/134/134
f 170/170/170 249/249/249 202/202/202
f 200/200/200 201/201/201 304/304/304
f 254/254/254 203/203/203 253/253/253
f 307/307/307 247/247/247 135/135/135
f 272/272/272 35/35/35 34/34/34
f 256/256/256 259/259/259 205/205/205
f 490/490/490 535/535/535 442/442/442
f 625/625/625 628/628/628 637/637/637
f 262/262/262 323/323/323 73/73/73
f 577/577/577 505/505/505 502/502/502
f 623/623/623 529/529/529 618/618/618
f 375/375/375 205/205/205 259/259/259
f 22/22/22 193/193/193 23/23/23
f 189/189/189 191/191/191 160/160/160
f 608/608/608 607/607/607 190/190/190
f 86/86/86 403/403/403 150/150/150
f 78/78/78 278/278/278 79/79/79
f 277/277/277 340/340/340 341/341/341
f 41/41/41 282/282/282 42/42/42
f 41/41/41 283/283/283 282/282/282
f 50/50/50 49/49/49 219/219/219
f 285/285/285 218/218/218 180/180/180
f 220/220/220 141/141/141 47/47/47
f 220/220/220 181/181/181 141/141/141
f 224/224/224 45/45/45 44/44/44
f 222/222/222 223/223/223 353/353/353
f 407/407/407 355/355/355 285/285/285
f 171/171/171 203/203/203 312/312/312
f 229/229/229 412/412/412 228/228/228
f 605/605/605 331/331/331 454/454/454
f 228/228/228 142/142/142 144/144/144
f 144/144/144 27/27/27 185/185/185
f 178/178/178 340/340/340 386/386/386
f 184/184/184 470/470/470 597/597/597
f 230/230/230 232/232/232 26/26/26
f 25/25/25 230/230/230 26/26/26
f 143/143/143 144/144/144 188/188/188
f 142/142/142 188/188/188 144/144/144
f 189/189/189 239/239/239 191/191/191
f 160/160/160 162/162/162 189/189/189
f 239/239/239 190/190/190 191/191/191
f 609/609/609 399/399/399 606/606/606
f 295/295/295 294/294/294 191/191/191
f 164/164/164 242/242/242 191/191/191
f 159/159/159 192/192/192 154/154/154
f 192/192/192 155/155/155 297/297/297
f 294/294/294 238/238/238 193/193/193
f 176/176/176 585/585/585 573/573/573
f 428/428/428 207/207/207 381/381/381
f 245/245/245 301/301/301 244/244/244
f 195/195/195 62/62/62 197/197/197
f 196/196/196 195/195/195 168/168/168
f 247/247/247 168/168/168 304/304/304
f 305/305/305 306/306/306 248/248/248
f 134/134/134 197/197/197 61/61/61
f 195/195/195 197/197/197 169/169/169
f 58/58/58 199/199/199 198/198/198
f 198/198/198 199/199/199 200/200/200
f 250/250/250 58/58/58 57/57/57
f 200/200/200 199/199/199 170/170/170
f 201/201/201 200/200/200 170/170/170
f 168/168/168 169/169/169 200/200/200
f 202/202/202 201/201/201 170/170/170
f 201/201/201 135/135/135 304/304/304
f 250/250/250 170/170/170 199/199/199
f 202/202/202 171/171/171 309/309/309
f 254/254/254 55/55/55 54/54/54
f 251/251/251 171/171/171 202/202/202
f 379/379/379 349/349/349 351/351/351
f 345/345/345 346/346/346 281/281/281
f 37/37/37 259/259/259 256/256/256
f 315/315/315 204/204/204 316/316/316
f 260/260/260 318/318/318 263/263/263
f 625/625/625 634/634/634 626/626/626
f 67/67/67 301/301/301 303/303/303
f 369/369/369 426/426/426 370/370/370
f 324/324/324 266/266/266 75/75/75
f 278/278/278 449/449/449 214/214/214
f 32/32/32 227/227/227 270/270/270
f 377/377/377 314/314/314 552/552/552
f 176/176/176 606/606/606 585/585/585
f 234/234/234 187/187/187 230/230/230
f 335/335/335 273/273/273 82/82/82
f 275/275/275 273/273/273 391/391/391
f 416/416/416 239/239/239 146/146/146
f 471/471/471 240/240/240 241/241/241
f 390/390/390 389/389/389 336/336/336
f 273/273/273 274/274/274 211/211/211
f 344/344/344 328/328/328 279/279/279
f 77/77/77 76/76/76 328/328/328
f 289/289/289 225/225/225 288/288/288
f 287/287/287 224/224/224 182/182/182
f 40/40/40 313/313/313 283/283/283
f 216/216/216 352/352/352 350/350/350
f 217/217/217 50/50/50 219/219/219
f 218/218/218 217/217/217 180/180/180
f 285/285/285 180/180/180 353/353/353
f 356/356/356 286/286/286 355/355/355
f 141/141/141 219/219/219 49/49/49
f 217/217/217 219/219/219 181/181/181
f 46/46/46 221/221/221 220/220/220
f 220/220/220 221/221/221 222/222/222
f 45/45/45 221/221/221 46/46/46
f 222/222/222 221/221/221 182/182/182
f 223/223/223 222/222/222 182/182/182
f 180/180/180 181/181/181 222/222/222
f 225/225/225 182/182/182 224/224/224
f 223/223/223 140/140/140 353/353/353
f 280/280/280 224/224/224 44/44/44
f 223/223/223 225/225/225 140/140/140
f 224/224/224 288/288/288 225/225/225
f 215/215/215 289/289/289 288/288/288
f 357/357/357 358/358/358 356/356/356
f 312/312/312 203/203/203 254/254/254
f 31/31/31 30/30/30 291/291/291
f 227/227/227 330/330/330 270/270/270
f 229/229/229 187/187/187 236/236/236
f 228/228/228 187/187/187 229/229/229
f 229/229/229 236/236/236 415/415/415
f 363/363/363 362/362/362 470/470/470
f 231/231/231 230/230/230 25/25/25
f 232/232/232 230/230/230 187/187/187
f 24/24/24 231/231/231 25/25/25
f 231/231/231 210/210/210 234/234/234
f 232/232/232 187/187/187 228/228/228
f 26/26/26 232/232/232 185/185/185
f 293/293/293 24/24/24 23/23/23
f 238/238/238 235/235/235 237/237/237
f 186/186/186 570/570/570 568/568/568
f 236/236/236 234/234/234 570/570/570
f 210/210/210 233/233/233 235/235/235
f 237/237/237 235/235/235 233/233/233
f 236/236/236 186/186/186 415/415/415
f 187/187/187 234/234/234 236/236/236
f 233/233/233 24/24/24 293/293/293
f 237/237/237 193/193/193 238/238/238
f 243/243/243 294/294/294 193/193/193
f 295/295/295 607/607/607 610/610/610
f 241/241/241 239/239/239 416/416/416
f 298/298/298 609/609/609 608/608/608
f 338/338/338 456/456/456 521/521/521
f 190/190/190 239/239/239 299/299/299
f 146/146/146 162/162/162 368/368/368
f 300/300/300 299/299/299 241/241/241
f 165/165/165 242/242/242 164/164/164
f 160/160/160 191/191/191 242/242/242
f 243/243/243 22/22/22 21/21/21
f 294/294/294 243/243/243 164/164/164
f 248/248/248 244/244/244 65/65/65
f 244/244/244 194/194/194 426/426/426
f 476/476/476 426/426/426 369/369/369
f 303/303/303 245/245/245 476/476/476
f 195/195/195 246/246/246 63/63/63
f 248/248/248 246/246/246 196/196/196
f 135/135/135 310/310/310 307/307/307
f 247/247/247 307/307/307 308/308/308
f 248/248/248 196/196/196 305/305/305
f 244/244/244 248/248/248 194/194/194
f 57/57/57 56/56/56 249/249/249
f 249/249/249 56/56/56 253/253/253
f 57/57/57 249/249/249 250/250/250
f 170/170/170 250/250/250 249/249/249
f 171/171/171 251/251/251 203/203/203
f 202/202/202 249/249/249 251/251/251
f 436/436/436 432/432/432 433/433/433
f 481/481/481 479/479/479 482/482/482
f 254/254/254 253/253/253 55/55/55
f 249/249/249 253/253/253 203/203/203
f 290/290/290 254/254/254 54/54/54
f 226/226/226 358/358/358 254/254/254
f 39/39/39 38/38/38 317/317/317
f 255/255/255 348/348/348 283/283/283
f 259/259/259 36/36/36 257/257/257
f 258/258/258 256/256/256 205/205/205
f 332/332/332 35/35/35 271/271/271
f 455/455/455 552/552/552 509/509/509
f 258/258/258 205/205/205 376/376/376
f 313/313/313 317/317/317 255/255/255
f 36/36/36 259/259/259 37/37/37
f 259/259/259 257/257/257 375/375/375
f 318/318/318 71/71/71 70/70/70
f 206/206/206 262/262/262 264/264/264
f 319/319/319 70/70/70 69/69/69
f 206/206/206 263/263/263 382/382/382
f 444/444/444 446/446/446 206/206/206
f 267/267/267 383/383/383 266/266/266
f 318/318/318 260/260/260 71/71/71
f 382/382/382 263/263/263 261/261/261
f 206/206/206 264/264/264 260/260/260
f 73/73/73 264/264/264 262/262/262
f 303/303/303 68/68/68 67/67/67
f 319/319/319 322/322/322 261/261/261
f 324/324/324 75/75/75 74/74/74
f 208/208/208 384/384/384 266/266/266
f 73/73/73 323/323/323 74/74/74
f 325/325/325 637/637/637 603/603/603
f 603/603/603 329/329/329 384/384/384
f 278/278/278 78/78/78 344/344/344
f 33/33/33 32/32/32 270/270/270
f 272/272/272 269/269/269 453/453/453
f 330/330/330 227/227/227 184/184/184
f 209/209/209 269/269/269 270/270/270
f 387/387/387 510/510/510 452/452/452
f 36/36/36 332/332/332 257/257/257
f 453/453/453 269/269/269 209/209/209
f 35/35/35 272/272/272 271/271/271
f 335/335/335 82/82/82 81/81/81
f 211/211/211 391/391/391 273/273/273
f 274/274/274 335/335/335 276/276/276
f 389/389/389 274/274/274 404/404/404
f 390/390/390 338/338/338 391/391/391
f 84/84/84 339/339/339 85/85/85
f 343/343/343 80/80/80 79/79/79
f 274/274/274 276/276/276 213/213/213
f 213/213/213 276/276/276 277/277/277
f 276/276/276 80/80/80 343/343/343
f 78/78/78 77/77/77 344/344/344
f 277/277/277 278/278/278 214/214/214
f 450/450/450 329/329/329 385/385/385
f 278/278/278 279/279/279 449/449/449
f 347/347/347 43/43/43 42/42/42
f 224/224/224 280/280/280 215/215/215
f 347/347/347 280/280/280 43/43/43
f 281/281/281 347/347/347 282/282/282
f 41/41/41 40/40/40 283/283/283
f 281/281/281 282/282/282 216/216/216
f 255/255/255 316/316/316 348/348/348
f 216/216/216 282/282/282 283/283/283
f 217/217/217 284/284/284 51/51/51
f 286/286/286 284/284/284 218/218/218
f 406/406/406 285/285/285 140/140/140
f 285/285/285 406/406/406 407/407/407
f 286/286/286 218/218/218 355/355/355
f 290/290/290 286/286/286 226/226/226
f 221/221/221 287/287/287 182/182/182
f 45/45/45 224/224/224 287/287/287
f 224/224/224 215/215/215 288/288/288
f 215/215/215 346/346/346 289/289/289
f 409/409/409 289/289/289 410/410/410
f 408/408/408 354/354/354 409/409/409
f 286/286/286 290/290/290 53/53/53
f 254/254/254 290/290/290 226/226/226
f 361/361/361 145/145/145 142/142/142
f 31/31/31 291/291/291 227/227/227
f 574/574/574 505/505/505 508/508/508
f 602/602/602 592/592/592 597/597/597
f 23/23/23 237/237/237 293/293/293
f 233/233/233 293/293/293 237/237/237
f 164/164/164 191/191/191 294/294/294
f 295/295/295 191/191/191 190/190/190
f 295/295/295 190/190/190 607/607/607
f 238/238/238 294/294/294 295/295/295
f 419/419/419 132/132/132 109/109/109
f 471/471/471 365/365/365 472/472/472
f 367/367/367 297/297/297 155/155/155
f 422/422/422 417/417/417 297/297/297
f 240/240/240 393/393/393 300/300/300
f 394/394/394 398/398/398 393/393/393
f 239/239/239 241/241/241 299/299/299
f 300/300/300 241/241/241 240/240/240
f 240/240/240 522/522/522 393/393/393
f 298/298/298 299/299/299 300/300/300
f 244/244/244 301/301/301 66/66/66
f 303/303/303 301/301/301 245/245/245
f 307/307/307 252/252/252 430/430/430
f 481/481/481 373/373/373 374/374/374
f 475/475/475 476/476/476 369/369/369
f 380/380/380 265/265/265 320/320/320
f 304/304/304 168/168/168 200/200/200
f 135/135/135 247/247/247 304/304/304
f 305/305/305 167/167/167 306/306/306
f 196/196/196 247/247/247 305/305/305
f 306/306/306 167/167/167 370/370/370
f 194/194/194 248/248/248 306/306/306
f 167/167/167 372/372/372 370/370/370
f 305/305/305 308/308/308 167/167/167
f 247/247/247 308/308/308 305/305/305
f 307/307/307 430/430/430 372/372/372
f 309/309/309 171/171/171 433/433/433
f 310/310/310 309/309/309 252/252/252
f 307/307/307 310/310/310 252/252/252
f 202/202/202 310/310/310 135/135/135
f 358/358/358 357/357/357 437/437/437
f 311/311/311 358/358/358 437/437/437
f 254/254/254 311/311/311 312/312/312
f 435/435/435 312/312/312 311/311/311
f 313/313/313 39/39/39 317/317/317
f 283/283/283 313/313/313 255/255/255
f 334/334/334 257/257/257 332/332/332
f 314/314/314 375/375/375 334/334/334
f 377/377/377 315/315/315 376/376/376
f 439/439/439 378/378/378 438/438/438
f 255/255/255 258/258/258 316/316/316
f 316/316/316 258/258/258 376/376/376
f 256/256/256 317/317/317 38/38/38
f 317/317/317 258/258/258 255/255/255
f 319/319/319 318/318/318 70/70/70
f 263/263/263 318/318/318 261/261/261
f 320/320/320 319/319/319 69/69/69
f 322/322/322 265/265/265 321/321/321
f 69/69/69 68/68/68 320/320/320
f 303/303/303 380/380/380 68/68/68
f 265/265/265 381/381/381 321/321/321
f 382/382/382 321/321/321 443/443/443
f 265/265/265 322/322/322 319/319/319
f 382/382/382 322/322/322 321/321/321
f 323/323/323 262/262/262 327/327/327
f 324/324/324 323/323/323 267/267/267
f 323/323/323 324/324/324 74/74/74
f 266/266/266 324/324/324 267/267/267
f 323/323/323 327/327/327 604/604/604
f 326/326/326 634/634/634 604/604/604
f 444/444/444 448/448/448 446/446/446
f 327/327/327 262/262/262 447/447/447
f 447/447/447 262/262/262 446/446/446
f 327/327/327 326/326/326 604/604/604
f 266/266/266 328/328/328 76/76/76
f 279/279/279 328/328/328 268/268/268
f 638/638/638 631/631/631 174/174/174
f 450/450/450 279/279/279 268/268/268
f 331/331/331 330/330/330 184/184/184
f 270/270/270 330/330/330 605/605/605
f 363/363/363 470/470/470 184/184/184
f 596/596/596 454/454/454 331/331/331
f 35/35/35 332/332/332 36/36/36
f 334/334/334 332/332/332 452/452/452
f 452/452/452 453/453/453 387/387/387
f 455/455/455 509/509/509 510/510/510
f 452/452/452 332/332/332 271/271/271
f 334/334/334 333/333/333 509/509/509
f 276/276/276 335/335/335 81/81/81
f 273/273/273 335/335/335 274/274/274
f 404/404/404 341/341/341 342/342/342
f 404/404/404 342/342/342 336/336/336
f 273/273/273 337/337/337 83/83/83
f 339/339/339 337/337/337 275/275/275
f 338/338/338 390/390/390 456/456/456
f 402/402/402 338/338/338 521/521/521
f 402/402/402 339/339/339 275/275/275
f 212/212/212 462/462/462 460/460/460
f 214/214/214 449/449/449 386/386/386
f 341/341/341 340/340/340 178/178/178
f 341/341/341 178/178/178 342/342/342
f 277/277/277 341/341/341 213/213/213
f 464/464/464 342/342/342 178/178/178
f 342/342/342 458/458/458 457/457/457
f 278/278/278 343/343/343 79/79/79
f 276/276/276 343/343/343 277/277/277
f 328/328/328 344/344/344 77/77/77
f 278/278/278 344/344/344 279/279/279
f 349/349/349 411/411/411 350/350/350
f 346/346/346 345/345/345 179/179/179
f 346/346/346 179/179/179 468/468/468
f 281/281/281 346/346/346 215/215/215
f 282/282/282 347/347/347 42/42/42
f 280/280/280 347/347/347 281/281/281
f 348/348/348 204/204/204 351/351/351
f 283/283/283 348/348/348 352/352/352
f 315/315/315 438/438/438 204/204/204
f 411/411/411 410/410/410 179/179/179
f 345/345/345 216/216/216 350/350/350
f 216/216/216 283/283/283 352/352/352
f 438/438/438 378/378/378 440/440/440
f 350/350/350 351/351/351 349/349/349
f 348/348/348 351/351/351 352/352/352
f 350/350/350 352/352/352 351/351/351
f 353/353/353 180/180/180 222/222/222
f 140/140/140 285/285/285 353/353/353
f 360/360/360 140/140/140 225/225/225
f 183/183/183 359/359/359 357/357/357
f 355/355/355 183/183/183 356/356/356
f 218/218/218 285/285/285 355/355/355
f 356/356/356 183/183/183 357/357/357
f 226/226/226 286/286/286 356/356/356
f 183/183/183 407/407/407 359/359/359
f 359/359/359 408/408/408 499/499/499
f 254/254/254 358/358/358 311/311/311
f 356/356/356 358/358/358 226/226/226
f 354/354/354 408/408/408 359/359/359
f 560/560/560 498/498/498 499/499/499
f 409/409/409 360/360/360 289/289/289
f 406/406/406 360/360/360 354/354/354
f 362/362/362 361/361/361 142/142/142
f 227/227/227 363/363/363 184/184/184
f 412/412/412 142/142/142 228/228/228
f 413/413/413 412/412/412 229/229/229
f 291/291/291 361/361/361 363/363/363
f 362/362/362 363/363/363 361/361/361
f 566/566/566 567/567/567 549/549/549
f 599/599/599 413/413/413 598/598/598
f 416/416/416 368/368/368 365/365/365
f 417/417/417 472/472/472 365/365/365
f 110/110/110 425/425/425 420/420/420
f 339/339/339 460/460/460 403/403/403
f 155/155/155 90/90/90 367/367/367
f 90/90/90 131/131/131 423/423/423
f 192/192/192 368/368/368 162/162/162
f 368/368/368 297/297/297 417/417/417
f 194/194/194 306/306/306 370/370/370
f 373/373/373 475/475/475 369/369/369
f 167/167/167 308/308/308 372/372/372
f 475/475/475 373/373/373 302/302/302
f 432/432/432 526/526/526 430/430/430
f 371/371/371 479/479/479 374/374/374
f 307/307/307 372/372/372 308/308/308
f 372/372/372 371/371/371 374/374/374
f 369/369/369 370/370/370 373/373/373
f 374/374/374 373/373/373 370/370/370
f 372/372/372 374/374/374 370/370/370
f 526/526/526 479/479/479 371/371/371
f 334/334/334 375/375/375 257/257/257
f 377/377/377 375/375/375 314/314/314
f 377/377/377 376/376/376 205/205/205
f 316/316/316 376/376/376 315/315/315
f 377/377/377 205/205/205 375/375/375
f 439/439/439 377/377/377 172/172/172
f 564/564/564 172/172/172 584/584/584
f 378/378/378 543/543/543 379/379/379
f 440/440/440 351/351/351 204/204/204
f 489/489/489 494/494/494 562/562/562
f 380/380/380 303/303/303 611/611/611
f 320/320/320 68/68/68 380/380/380
f 265/265/265 611/611/611 428/428/428
f 207/207/207 536/536/536 443/443/443
f 321/321/321 381/381/381 443/443/443
f 444/444/444 382/382/382 534/534/534
f 604/604/604 383/383/383 267/267/267
f 603/603/603 383/383/383 325/325/325
f 603/603/603 384/384/384 208/208/208
f 450/450/450 384/384/384 329/329/329
f 506/506/506 554/554/554 451/451/451
f 386/386/386 340/340/340 214/214/214
f 554/554/554 613/613/613 524/524/524
f 395/395/395 457/457/457 458/458/458
f 454/454/454 387/387/387 453/453/453
f 387/387/387 511/511/511 510/510/510
f 512/512/512 615/615/615 513/513/513
f 515/515/515 584/584/584 552/552/552
f 404/404/404 274/274/274 213/213/213
f 336/336/336 397/397/397 390/390/390
f 390/390/390 177/177/177 456/456/456
f 211/211/211 389/389/389 390/390/390
f 390/390/390 391/391/391 211/211/211
f 402/402/402 391/391/391 338/338/338
f 300/300/300 393/393/393 298/298/298
f 393/393/393 522/522/522 392/392/392
f 394/394/394 392/392/392 456/456/456
f 394/394/394 393/393/393 392/392/392
f 396/396/396 394/394/394 177/177/177
f 394/394/394 396/396/396 398/398/398
f 397/397/397 395/395/395 396/396/396
f 398/398/398 298/298/298 393/393/393
f 397/397/397 396/396/396 177/177/177
f 396/396/396 395/395/395 398/398/398
f 390/390/390 397/397/397 177/177/177
f 336/336/336 342/342/342 457/457/457
f 138/138/138 399/399/399 395/395/395
f 398/398/398 395/395/395 399/399/399
f 401/401/401 399/399/399 138/138/138
f 606/606/606 399/399/399 401/401/401
f 577/577/577 551/551/551 503/503/503
f 572/572/572 550/550/550 569/569/569
f 551/551/551 401/401/401 138/138/138
f 606/606/606 401/401/401 400/400/400
f 402/402/402 212/212/212 460/460/460
f 391/391/391 402/402/402 275/275/275
f 85/85/85 339/339/339 403/403/403
f 339/339/339 402/402/402 460/460/460
f 389/389/389 404/404/404 336/336/336
f 341/341/341 404/404/404 213/213/213
f 386/386/386 465/465/465 178/178/178
f 503/503/503 504/504/504 505/505/505
f 360/360/360 406/406/406 140/140/140
f 407/407/407 406/406/406 354/354/354
f 359/359/359 407/407/407 354/354/354
f 355/355/355 407/407/407 183/183/183
f 354/354/354 360/360/360 409/409/409
f 139/139/139 560/560/560 499/499/499
f 410/410/410 289/289/289 468/468/468
f 408/408/408 409/409/409 469/469/469
f 179/179/179 350/350/350 411/411/411
f 408/408/408 469/469/469 139/139/139
f 548/548/548 545/545/545 501/501/501
f 558/558/558 559/559/559 538/538/538
f 229/229/229 415/415/415 413/413/413
f 142/142/142 412/412/412 362/362/362
f 600/600/600 364/364/364 566/566/566
f 598/598/598 600/600/600 593/593/593
f 362/362/362 412/412/412 599/599/599
f 589/589/589 292/292/292 575/575/575
f 567/567/567 415/415/415 186/186/186
f 413/413/413 415/415/415 364/364/364
f 368/368/368 416/416/416 146/146/146
f 471/471/471 416/416/416 365/365/365
f 472/472/472 417/417/417 296/296/296
f 368/368/368 417/417/417 365/365/365
f 516/516/516 461/461/461 520/520/520
f 520/520/520 463/463/463 523/523/523
f 109/109/109 119/119/119 420/420/420
f 366/366/366 517/517/517 421/421/421
f 112/112/112 474/474/474 425/425/425
f 366/366/366 419/419/419 420/420/420
f 417/417/417 422/422/422 296/296/296
f 419/419/419 421/421/421 473/473/473
f 297/297/297 367/367/367 422/422/422
f 367/367/367 90/90/90 423/423/423
f 132/132/132 423/423/423 131/131/131
f 367/367/367 423/423/423 422/422/422
f 460/460/460 519/519/519 403/403/403
f 425/425/425 366/366/366 420/420/420
f 112/112/112 425/425/425 110/110/110
f 366/366/366 425/425/425 424/424/424
f 244/244/244 426/426/426 245/245/245
f 370/370/370 426/426/426 194/194/194
f 429/429/429 428/428/428 427/427/427
f 611/611/611 265/265/265 380/380/380
f 265/265/265 428/428/428 381/381/381
f 427/427/427 475/475/475 429/429/429
f 478/478/478 526/526/526 525/525/525
f 429/429/429 484/484/484 487/487/487
f 432/432/432 430/430/430 252/252/252
f 372/372/372 430/430/430 371/371/371
f 252/252/252 433/433/433 432/432/432
f 495/495/495 496/496/496 491/491/491
f 252/252/252 309/309/309 433/433/433
f 436/436/436 525/525/525 432/432/432
f 171/171/171 435/435/435 433/433/433
f 434/434/434 436/436/436 435/435/435
f 434/434/434 437/437/437 359/359/359
f 431/431/431 525/525/525 436/436/436
f 312/312/312 435/435/435 171/171/171
f 435/435/435 311/311/311 437/437/437
f 435/435/435 436/436/436 433/433/433
f 542/542/542 436/436/436 434/434/434
f 359/359/359 437/437/437 357/357/357
f 435/435/435 437/437/437 434/434/434
f 439/439/439 438/438/438 315/315/315
f 440/440/440 378/378/378 379/379/379
f 377/377/377 439/439/439 315/315/315
f 172/172/172 564/564/564 565/565/565
f 351/351/351 440/440/440 379/379/379
f 204/204/204 438/438/438 440/440/440
f 531/531/531 532/532/532 530/530/530
f 349/349/349 547/547/547 411/411/411
f 429/429/429 537/537/537 207/207/207
f 532/532/532 531/531/531 490/490/490
f 207/207/207 443/443/443 381/381/381
f 382/382/382 443/443/443 442/442/442
f 444/444/444 173/173/173 448/448/448
f 206/206/206 382/382/382 444/444/444
f 617/617/617 555/555/555 581/581/581
f 626/626/626 326/326/326 447/447/447
f 447/447/447 446/446/446 445/445/445
f 262/262/262 206/206/206 446/446/446
f 626/626/626 447/447/447 445/445/445
f 327/327/327 447/447/447 326/326/326
f 620/620/620 173/173/173 619/619/619
f 446/446/446 448/448/448 445/445/445
f 450/450/450 449/449/449 279/279/279
f 386/386/386 449/449/449 385/385/385
f 450/450/450 268/268/268 384/384/384
f 449/449/449 450/450/450 385/385/385
f 566/566/566 575/575/575 292/292/292
f 465/465/465 405/405/405 464/464/464
f 334/334/334 452/452/452 333/333/333
f 453/453/453 452/452/452 271/271/271
f 272/272/272 453/453/453 271/271/271
f 454/454/454 453/453/453 209/209/209
f 454/454/454 209/209/209 605/605/605
f 511/511/511 454/454/454 175/175/175
f 333/333/333 452/452/452 510/510/510
f 513/513/513 553/553/553 455/455/455
f 394/394/394 456/456/456 177/177/177
f 521/521/521 456/456/456 392/392/392
f 342/342/342 464/464/464 458/458/458
f 395/395/395 397/397/397 457/457/457
f 405/405/405 459/459/459 458/458/458
f 458/458/458 459/459/459 395/395/395
f 577/577/577 503/503/503 505/505/505
f 395/395/395 459/459/459 138/138/138
f 520/520/520 462/462/462 463/463/463
f 462/462/462 519/519/519 460/460/460
f 472/472/472 516/516/516 418/418/418
f 474/474/474 519/519/519 424/424/424
f 462/462/462 212/212/212 463/463/463
f 519/519/519 461/461/461 518/518/518
f 521/521/521 463/463/463 212/212/212
f 523/523/523 463/463/463 522/522/522
f 465/465/465 464/464/464 178/178/178
f 458/458/458 464/464/464 405/405/405
f 467/467/467 465/465/465 386/386/386
f 504/504/504 503/503/503 405/405/405
f 467/467/467 386/386/386 613/613/613
f 329/329/329 614/614/614 613/613/613
f 613/613/613 386/386/386 385/385/385
f 504/504/504 467/467/467 466/466/466
f 346/346/346 468/468/468 289/289/289
f 179/179/179 410/410/410 468/468/468
f 409/409/409 410/410/410 469/469/469
f 540/540/540 410/410/410 411/411/411
f 470/470/470 362/362/362 599/599/599
f 470/470/470 414/414/414 597/597/597
f 471/471/471 241/241/241 416/416/416
f 523/523/523 471/471/471 418/418/418
f 516/516/516 472/472/472 296/296/296
f 471/471/471 472/472/472 418/418/418
f 419/419/419 473/473/473 132/132/132
f 422/422/422 473/473/473 421/421/421
f 519/519/519 474/474/474 150/150/150
f 425/425/425 474/474/474 424/424/424
f 429/429/429 475/475/475 302/302/302
f 476/476/476 475/475/475 427/427/427
f 476/476/476 427/427/427 611/611/611
f 476/476/476 245/245/245 426/426/426
f 527/527/527 481/481/481 482/482/482
f 477/477/477 486/486/486 493/493/493
f 485/485/485 538/538/538 539/539/539
f 527/527/527 484/484/484 429/429/429
f 479/479/479 483/483/483 482/482/482
f 373/373/373 481/481/481 302/302/302
f 482/482/482 483/483/483 480/480/480
f 487/487/487 486/486/486 477/477/477
f 374/374/374 479/479/479 481/481/481
f 478/478/478 483/483/483 479/479/479
f 484/484/484 482/482/482 480/480/480
f 302/302/302 527/527/527 429/429/429
f 485/485/485 478/478/478 525/525/525
f 483/483/483 478/478/478 485/485/485
f 486/486/486 484/484/484 480/480/480
f 484/484/484 486/486/486 487/487/487
f 541/541/541 485/485/485 431/431/431
f 488/488/488 495/495/495 441/441/441
f 480/480/480 488/488/488 486/486/486
f 489/489/489 136/136/136 528/528/528
f 490/490/490 487/487/487 477/477/477
f 429/429/429 487/487/487 537/537/537
f 496/496/496 497/497/497 483/483/483
f 494/494/494 488/488/488 441/441/441
f 486/486/486 494/494/494 493/493/493
f 500/500/500 561/561/561 562/562/562
f 477/477/477 493/493/493 528/528/528
f 536/536/536 490/490/490 442/442/442
f 558/558/558 538/538/538 560/560/560
f 469/469/469 492/492/492 558/558/558
f 540/540/540 469/469/469 410/410/410
f 379/379/379 548/548/548 349/349/349
f 494/494/494 486/486/486 488/488/488
f 528/528/528 493/493/493 489/489/489
f 562/562/562 494/494/494 441/441/441
f 493/493/493 494/494/494 489/489/489
f 488/488/488 480/480/480 497/497/497
f 495/495/495 491/491/491 501/501/501
f 495/495/495 488/488/488 497/497/497
f 483/483/483 485/485/485 496/496/496
f 483/483/483 497/497/497 480/480/480
f 495/495/495 497/497/497 496/496/496
f 542/542/542 498/498/498 541/541/541
f 499/499/499 434/434/434 359/359/359
f 139/139/139 499/499/499 408/408/408
f 434/434/434 499/499/499 498/498/498
f 500/500/500 543/543/543 561/561/561
f 495/495/495 501/501/501 545/545/545
f 546/546/546 501/501/501 491/491/491
f 547/547/547 349/349/349 548/548/548
f 401/401/401 551/551/551 400/400/400
f 138/138/138 459/459/459 503/503/503
f 459/459/459 405/405/405 503/503/503
f 405/405/405 465/465/465 504/504/504
f 467/467/467 504/504/504 465/465/465
f 466/466/466 554/554/554 506/506/506
f 504/504/504 506/506/506 505/505/505
f 505/505/505 506/506/506 508/508/508
f 466/466/466 506/506/506 504/504/504
f 451/451/451 587/587/587 508/508/508
f 137/137/137 586/586/586 576/576/576
f 575/575/575 549/549/549 574/574/574
f 451/451/451 508/508/508 506/506/506
f 508/508/508 507/507/507 574/574/574
f 334/334/334 509/509/509 314/314/314
f 510/510/510 509/509/509 333/333/333
f 387/387/387 454/454/454 511/511/511
f 455/455/455 510/510/510 513/513/513
f 514/514/514 511/511/511 175/175/175
f 513/513/513 388/388/388 553/553/553
f 512/512/512 514/514/514 591/591/591
f 618/618/618 556/556/556 617/617/617
f 510/510/510 511/511/511 513/513/513
f 513/513/513 511/511/511 514/514/514
f 175/175/175 592/592/592 591/591/591
f 513/513/513 514/514/514 512/512/512
f 515/515/515 553/553/553 578/578/578
f 555/555/555 580/580/580 578/578/578
f 517/517/517 296/296/296 421/421/421
f 516/516/516 517/517/517 518/518/518
f 518/518/518 517/517/517 366/366/366
f 296/296/296 517/517/517 516/516/516
f 366/366/366 424/424/424 518/518/518
f 519/519/519 518/518/518 424/424/424
f 403/403/403 519/519/519 150/150/150
f 461/461/461 519/519/519 462/462/462
f 516/516/516 520/520/520 418/418/418
f 462/462/462 520/520/520 461/461/461
f 521/521/521 212/212/212 402/402/402
f 522/522/522 521/521/521 392/392/392
f 523/523/523 522/522/522 240/240/240
f 521/521/521 522/522/522 463/463/463
f 471/471/471 523/523/523 240/240/240
f 520/520/520 523/523/523 418/418/418
f 614/614/614 524/524/524 613/613/613
f 639/639/639 451/451/451 554/554/554
f 485/485/485 525/525/525 431/431/431
f 478/478/478 479/479/479 526/526/526
f 430/430/430 526/526/526 371/371/371
f 432/432/432 525/525/525 526/526/526
f 481/481/481 527/527/527 302/302/302
f 484/484/484 527/527/527 482/482/482
f 528/528/528 136/136/136 530/530/530
f 477/477/477 528/528/528 532/532/532
f 557/557/557 555/555/555 556/556/556
f 578/578/578 581/581/581 555/555/555
f 582/582/582 557/557/557 556/556/556
f 530/530/530 529/529/529 531/531/531
f 533/533/533 531/531/531 529/529/529
f 490/490/490 531/531/531 535/535/535
f 477/477/477 532/532/532 490/490/490
f 530/530/530 532/532/532 528/528/528
f 623/623/623 619/619/619 621/621/621
f 533/533/533 173/173/173 534/534/534
f 444/444/444 534/534/534 173/173/173
f 442/442/442 534/534/534 382/382/382
f 531/531/531 533/533/533 535/535/535
f 534/534/534 535/535/535 533/533/533
f 443/443/443 536/536/536 442/442/442
f 537/537/537 536/536/536 207/207/207
f 487/487/487 490/490/490 537/537/537
f 536/536/536 537/537/537 490/490/490
f 496/496/496 539/539/539 491/491/491
f 538/538/538 485/485/485 541/541/541
f 485/485/485 539/539/539 496/496/496
f 559/559/559 539/539/539 538/538/538
f 540/540/540 411/411/411 547/547/547
f 469/469/469 540/540/540 492/492/492
f 542/542/542 541/541/541 431/431/431
f 541/541/541 498/498/498 560/560/560
f 436/436/436 542/542/542 431/431/431
f 434/434/434 498/498/498 542/542/542
f 561/561/561 543/543/543 378/378/378
f 548/548/548 543/543/543 500/500/500
f 565/565/565 439/439/439 172/172/172
f 544/544/544 563/563/563 562/562/562
f 562/562/562 545/545/545 500/500/500
f 495/495/495 545/545/545 441/441/441
f 559/559/559 546/546/546 491/491/491
f 492/492/492 540/540/540 547/547/547
f 501/501/501 546/546/546 547/547/547
f 546/546/546 492/492/492 547/547/547
f 548/548/548 379/379/379 543/543/543
f 501/501/501 547/547/547 548/548/548
f 364/364/364 415/415/415 567/567/567
f 574/574/574 549/549/549 502/502/502
f 569/569/569 549/549/549 567/567/567
f 568/568/568 572/572/572 569/569/569
f 503/503/503 551/551/551 138/138/138
f 400/400/400 551/551/551 550/550/550
f 377/377/377 552/552/552 172/172/172
f 552/552/552 314/314/314 509/509/509
f 578/578/578 553/553/553 388/388/388
f 552/552/552 553/553/553 515/515/515
f 613/613/613 554/554/554 466/466/466
f 639/639/639 554/554/554 524/524/524
f 581/581/581 388/388/388 615/615/615
f 556/556/556 529/529/529 530/530/530
f 582/582/582 530/530/530 136/136/136
f 556/556/556 555/555/555 617/617/617
f 583/583/583 557/557/557 582/582/582
f 583/583/583 564/564/564 557/557/557
f 469/469/469 558/558/558 139/139/139
f 559/559/559 558/558/558 492/492/492
f 546/546/546 559/559/559 492/492/492
f 539/539/539 559/559/559 491/491/491
f 558/558/558 560/560/560 139/139/139
f 541/541/541 560/560/560 538/538/538
f 565/565/565 561/561/561 378/378/378
f 562/562/562 561/561/561 544/544/544
f 583/583/583 563/563/563 544/544/544
f 562/562/562 441/441/441 545/545/545
f 136/136/136 489/489/489 563/563/563
f 489/489/489 562/562/562 563/563/563
f 578/578/578 580/580/580 588/588/588
f 544/544/544 561/561/561 565/565/565
f 439/439/439 565/565/565 378/378/378
f 544/544/544 565/565/565 564/564/564
f 567/567/567 566/566/566 364/364/364
f 575/575/575 566/566/566 549/549/549
f 568/568/568 567/567/567 186/186/186
f 568/568/568 569/569/569 567/567/567
f 186/186/186 236/236/236 570/570/570
f 571/571/571 572/572/572 570/570/570
f 577/577/577 569/569/569 550/550/550
f 569/569/569 502/502/502 549/549/549
f 234/234/234 210/210/210 570/570/570
f 400/400/400 550/550/550 572/572/572
f 210/210/210 573/573/573 570/570/570
f 573/573/573 210/210/210 235/235/235
f 570/570/570 572/572/572 568/568/568
f 400/400/400 572/572/572 571/571/571
f 176/176/176 573/573/573 235/235/235
f 570/570/570 573/573/573 571/571/571
f 574/574/574 502/502/502 505/505/505
f 574/574/574 507/507/507 575/575/575
f 589/589/589 507/507/507 576/576/576
f 507/507/507 589/589/589 575/575/575
f 507/507/507 587/587/587 576/576/576
f 614/614/614 631/631/631 524/524/524
f 569/569/569 577/577/577 502/502/502
f 551/551/551 577/577/577 550/550/550
f 581/581/581 615/615/615 579/579/579
f 580/580/580 555/555/555 557/557/557
f 512/512/512 591/591/591 642/642/642
f 612/612/612 622/622/622 641/641/641
f 564/564/564 588/588/588 557/557/557
f 588/588/588 564/564/564 584/584/584
f 388/388/388 581/581/581 578/578/578
f 645/645/645 635/635/635 616/616/616
f 530/530/530 582/582/582 556/556/556
f 583/583/583 582/582/582 136/136/136
f 563/563/563 583/583/583 136/136/136
f 564/564/564 583/583/583 544/544/544
f 552/552/552 584/584/584 172/172/172
f 588/588/588 584/584/584 515/515/515
f 400/400/400 571/571/571 585/585/585
f 573/573/573 585/585/585 571/571/571
f 594/594/594 586/586/586 137/137/137
f 598/598/598 593/593/593 414/414/414
f 508/508/508 587/587/587 507/507/507
f 587/587/587 639/639/639 630/630/630
f 578/578/578 588/588/588 515/515/515
f 557/557/557 588/588/588 580/580/580
f 576/576/576 586/586/586 589/589/589
f 292/292/292 589/589/589 586/586/586
f 636/636/636 642/642/642 643/643/643
f 591/591/591 592/592/592 590/590/590
f 175/175/175 591/591/591 514/514/514
f 594/594/594 643/643/643 590/590/590
f 596/596/596 592/592/592 175/175/175
f 593/593/593 595/595/595 602/602/602
f 292/292/292 586/586/586 601/601/601
f 586/586/586 594/594/594 595/595/595
f 644/644/644 636/636/636 643/643/643
f 595/595/595 594/594/594 590/590/590
f 602/602/602 590/590/590 592/592/592
f 595/595/595 593/593/593 601/601/601
f 454/454/454 596/596/596 175/175/175
f 597/597/597 596/596/596 331/331/331
f 597/597/597 331/331/331 184/184/184
f 602/602/602 597/597/597 414/414/414
f 598/598/598 414/414/414 470/470/470
f 600/600/600 598/598/598 413/413/413
f 413/413/413 599/599/599 412/412/412
f 470/470/470 599/599/599 598/598/598
f 364/364/364 600/600/600 413/413/413
f 600/600/600 292/292/292 601/601/601
f 595/595/595 601/601/601 586/586/586
f 600/600/600 601/601/601 593/593/593
f 593/593/593 602/602/602 414/414/414
f 590/590/590 602/602/602 595/595/595
f 603/603/603 174/174/174 614/614/614
f 383/383/383 603/603/603 208/208/208
f 383/383/383 604/604/604 325/325/325
f 604/604/604 267/267/267 323/323/323
f 270/270/270 605/605/605 209/209/209
f 330/330/330 331/331/331 605/605/605
f 238/238/238 610/610/610 176/176/176
f 609/609/609 298/298/298 398/398/398
f 608/608/608 190/190/190 299/299/299
f 176/176/176 607/607/607 606/606/606
f 298/298/298 608/608/608 299/299/299
f 606/606/606 607/607/607 608/608/608
f 399/399/399 609/609/609 398/398/398
f 608/608/608 609/609/609 606/606/606
f 295/295/295 610/610/610 238/238/238
f 607/607/607 176/176/176 610/610/610
f 476/476/476 611/611/611 303/303/303
f 428/428/428 611/611/611 427/427/427
f 448/448/448 173/173/173 620/620/620
f 637/637/637 628/628/628 174/174/174
f 467/467/467 613/613/613 466/466/466
f 329/329/329 613/613/613 385/385/385
f 603/603/603 614/614/614 329/329/329
f 628/628/628 638/638/638 174/174/174
f 513/513/513 615/615/615 388/388/388
f 647/647/647 615/615/615 512/512/512
f 512/512/512 642/642/642 647/647/647
f 445/445/445 448/448/448 620/620/620
f 579/579/579 617/617/617 581/581/581
f 617/617/617 616/616/616 618/618/618
f 619/619/619 618/618/618 616/616/616
f 556/556/556 618/618/618 529/529/529
f 622/622/622 620/620/620 624/624/624
f 533/533/533 621/621/621 173/173/173
f 624/624/624 619/619/619 616/616/616
f 619/619/619 624/624/624 620/620/620
f 623/623/623 533/533/533 529/529/529
f 619/619/619 173/173/173 621/621/621
f 622/622/622 612/612/612 625/625/625
f 445/445/445 620/620/620 622/622/622
f 619/619/619 623/623/623 618/618/618
f 533/533/533 623/623/623 621/621/621
f 635/635/635 624/624/624 616/616/616
f 622/622/622 624/624/624 641/641/641
f 625/625/625 612/612/612 628/628/628
f 634/634/634 625/625/625 325/325/325
f 445/445/445 622/622/622 626/626/626
f 625/625/625 626/626/626 622/622/622
f 640/640/640 645/645/645 579/579/579
f 632/632/632 137/137/137 576/576/576
f 649/649/649 627/627/627 644/644/644
f 630/630/630 576/576/576 587/587/587
f 648/648/648 612/612/612 641/641/641
f 630/630/630 632/632/632 576/576/576
f 639/639/639 587/587/587 451/451/451
f 630/630/630 629/629/629 632/632/632
f 174/174/174 631/631/631 614/614/614
f 639/639/639 629/629/629 630/630/630
f 633/633/633 632/632/632 629/629/629
f 632/632/632 633/633/633 649/649/649
f 629/629/629 638/638/638 646/646/646
f 648/648/648 646/646/646 612/612/612
f 604/604/604 634/634/634 325/325/325
f 626/626/626 634/634/634 326/326/326
f 645/645/645 616/616/616 617/617/617
f 627/627/627 633/633/633 648/648/648
f 642/642/642 590/590/590 643/643/643
f 644/644/644 640/640/640 636/636/636
f 603/603/603 637/637/637 174/174/174
f 625/625/625 637/637/637 325/325/325
f 628/628/628 612/612/612 646/646/646
f 629/629/629 631/631/631 638/638/638
f 524/524/524 631/631/631 639/639/639
f 639/639/639 631/631/631 629/629/629
f 647/647/647 640/640/640 579/579/579
f 627/627/627 635/635/635 640/640/640
f 624/624/624 635/635/635 641/641/641
f 635/635/635 627/627/627 648/648/648
f 590/590/590 642/642/642 591/591/591
f 642/642/642 636/636/636 647/647/647
f 594/594/594 137/137/137 643/643/643
f 644/644/644 627/627/627 640/640/640
f 643/643/643 137/137/137 644/644/644
f 137/137/137 632/632/632 649/649/649
f 579/579/579 645/645/645 617/617/617
f 635/635/635 645/645/645 640/640/640
f 629/629/629 646/646/646 633/633/633
f 628/628/628 646/646/646 638/638/638
f 579/579/579 615/615/615 647/647/647
f 636/636/636 640/640/640 647/647/647
f 646/646/646 648/648/648 633/633/633
f 635/635/635 648/648/648 641/641/641
f 627/627/627 649/649/649 633/633/633
f 137/137/137 649/649/649 644/644/644
s 1
usemtl FABRIC_1_FRONT_2187
f 717/747/717 722/752/722 659/660/659
f 695/696/695 696/697/696 732/762/732
f 756/786/756 709/739/709 731/761/731
f 695/696/695 792/822/792 694/695/694
f 786/816/786 785/815/785 663/664/663
f 727/757/727 730/760/730 721/751/721
f 714/744/714 753/783/753 717/747/717
f 720/750/720 722/752/722 719/749/719
f 727/757/727 724/754/724 729/759/729
f 689/690/689 1060/1090/1060 858/888/858
f 979/1009/979 690/691/690 859/889/859
f 727/757/727 725/755/725 653/654/653
f 719/749/719 717/747/717 753/783/753
f 714/744/714 717/747/717 718/748/718
f 878/908/878 805/835/805 877/907/877
f 726/756/726 723/753/723 729/759/729
f 689/690/689 858/888/858 688/689/688
f 751/781/751 725/755/725 721/751/721
f 859/889/859 690/691/690 691/692/691
f 726/756/726 724/754/724 720/750/720
f 794/824/794 758/788/758 790/820/790
f 748/778/748 749/779/749 751/781/751
f 693/694/693 790/820/790 692/693/692
f 851/881/851 848/878/848 850/880/850
f 751/781/751 651/652/651 652/653/652
f 702/703/702 864/894/864 701/702/701
f 750/780/750 710/740/710 843/873/843
f 981/1011/981 758/788/758 982/1012/982
f 766/796/766 768/798/768 739/769/739
f 803/833/803 800/830/800 802/832/802
f 757/787/757 1057/1087/1057 861/891/861
f 727/757/727 723/753/723 730/760/730
f 814/844/814 1004/1034/1004 892/922/892
f 882/912/882 988/1018/988 989/1019/989
f 738/768/738 675/676/675 736/766/736
f 764/794/764 767/797/767 771/801/771
f 800/830/800 699/700/699 700/701/700
f 723/753/723 726/756/726 728/758/728
f 683/684/683 684/685/684 877/907/877
f 695/696/695 732/762/732 792/822/792
f 751/781/751 749/779/749 651/652/651
f 724/754/724 727/757/727 654/655/654
f 728/758/728 753/783/753 754/784/754
f 675/676/675 676/677/676 736/766/736
f 736/766/736 676/677/676 677/678/677
f 737/767/737 738/768/738 739/769/739
f 837/867/837 838/868/838 779/809/779
f 723/753/723 727/757/727 729/759/729
f 678/679/678 766/796/766 739/769/739
f 726/756/726 729/759/729 724/754/724
f 720/750/720 657/658/657 658/659/658
f 767/797/767 772/802/772 771/801/771
f 708/738/708 718/748/718 661/662/661
f 663/664/663 664/665/664 786/816/786
f 749/779/749 713/743/713 716/746/716
f 730/760/730 723/753/723 756/786/756
f 721/751/721 725/755/725 727/757/727
f 755/785/755 787/817/787 747/777/747
f 673/674/673 674/675/674 810/840/810
f 663/664/663 708/738/708 662/663/662
f 810/840/810 811/841/811 765/795/765
f 723/753/723 728/758/728 756/786/756
f 668/669/668 855/885/855 667/668/667
f 851/881/851 750/780/750 748/778/748
f 655/656/655 656/657/656 711/741/711
f 658/659/658 722/752/722 720/750/720
f 784/814/784 855/885/855 857/887/857
f 731/761/731 846/876/846 715/745/715
f 1049/1079/1049 1048/1078/1048 856/886/856
f 781/811/781 745/775/745 780/810/780
f 708/738/708 661/662/661 662/663/662
f 752/782/752 721/751/721 715/745/715
f 659/660/659 660/661/660 717/747/717
f 665/666/665 778/808/778 664/665/664
f 708/738/708 785/815/785 718/748/718
f 717/747/717 719/749/719 722/752/722
f 724/754/724 655/656/655 711/741/711
f 749/779/749 748/778/748 750/780/750
f 779/809/779 744/774/744 778/808/778
f 726/756/726 720/750/720 719/749/719
f 671/672/671 672/673/672 952/982/952
f 652/653/652 725/755/725 751/781/751
f 952/982/952 953/983/953 671/672/671
f 715/745/715 721/751/721 730/760/730
f 759/789/759 800/830/800 804/834/804
f 753/783/753 726/756/726 719/749/719
f 68/717/68 69/718/69 991/1021/991
f 750/780/750 713/743/713 749/779/749
f 707/708/707 961/991/961 706/707/706
f 744/774/744 755/785/755 747/777/747
f 747/777/747 786/816/786 778/808/778
f 63/712/63 832/862/832 836/866/836
f 849/879/849 846/876/846 854/884/854
f 705/706/705 826/856/826 704/705/704
f 826/856/826 831/861/831 704/705/704
f 973/1003/973 669/670/669 670/671/670
f 743/773/743 707/708/707 60/709/60
f 961/991/961 743/773/743 828/858/828
f 776/806/776 826/856/826 830/860/830
f 1132/1162/1132 845/875/845 782/812/782
f 709/739/709 728/758/728 754/784/754
f 968/998/968 1269/1299/1269 1268/1298/1268
f 782/812/782 844/874/844 780/810/780
f 64/713/64 832/862/832 63/712/63
f 1042/1072/1042 775/805/775 1036/1066/1036
f 70/719/70 71/720/71 890/920/890
f 777/807/777 832/862/832 835/865/835
f 60/709/60 61/710/61 743/773/743
f 751/781/751 721/751/721 752/782/752
f 984/1014/984 759/789/759 985/1015/985
f 66/715/66 964/994/964 65/714/65
f 1064/1094/1064 733/763/733 984/1014/984
f 61/710/61 62/711/62 962/992/962
f 1180/1210/1180 997/1027/997 1076/1106/1076
f 71/720/71 72/721/72 886/916/886
f 813/843/813 673/674/673 810/840/810
f 738/768/738 740/770/740 739/769/739
f 1152/1182/1152 1078/1108/1078 998/1028/998
f 74/723/74 75/724/75 1002/1032/1002
f 815/845/815 739/769/739 768/798/768
f 766/796/766 678/679/678 679/680/679
f 1186/1216/1186 1159/1189/1159 1103/1133/1103
f 678/679/678 740/770/740 677/678/677
f 1003/1033/1003 891/921/891 1002/1032/1002
f 955/985/955 1099/1129/1099 822/852/822
f 71/720/71 886/916/886 890/920/890
f 837/867/837 778/808/778 665/666/665
f 1186/1216/1186 77/726/77 1035/1065/1035
f 650/651/650 716/746/716 842/872/842
f 843/873/843 745/775/745 781/811/781
f 80/729/80 954/984/954 79/728/79
f 736/766/736 677/678/677 740/770/740
f 675/676/675 738/768/738 674/675/674
f 957/987/957 81/730/81 82/731/82
f 652/653/652 653/654/653 725/755/725
f 920/950/920 925/955/925 894/924/894
f 657/658/657 711/741/711 656/657/656
f 659/660/659 722/752/722 658/659/658
f 660/661/660 661/662/661 718/748/718
f 716/746/716 713/743/713 842/872/842
f 660/661/660 718/748/718 717/747/717
f 724/754/724 711/741/711 720/750/720
f 720/750/720 711/741/711 657/658/657
f 752/782/752 849/879/849 748/778/748
f 655/656/655 724/754/724 654/655/654
f 727/757/727 653/654/653 654/655/654
f 650/651/650 651/652/651 716/746/716
f 956/986/956 1034/1064/1034 954/984/954
f 1039/1069/1039 959/989/959 958/988/958
f 736/766/736 740/770/740 738/768/738
f 1038/1068/1038 1168/1198/1168 1033/1063/1033
f 763/793/763 947/977/947 948/978/948
f 893/923/893 770/800/770 764/794/764
f 745/775/745 1044/1074/1044 1043/1073/1043
f 740/770/740 678/679/678 739/769/739
f 1036/1066/1036 958/988/958 825/855/825
f 86/735/86 87/736/87 780/810/780
f 886/916/886 889/919/889 808/838/808
f 994/1024/994 68/717/68 995/1025/995
f 841/871/841 87/736/87 88/737/88
f 1/650/1 712/742/712 88/737/88
f 696/697/696 697/698/697 732/762/732
f 799/829/799 798/828/798 792/822/792
f 1/650/1 650/651/650 712/742/712
f 704/705/704 831/861/831 703/704/703
f 842/872/842 781/811/781 841/871/841
f 1246/1276/1246 935/965/935 943/973/943
f 86/735/86 844/874/844 85/734/85
f 1241/1271/1241 1243/1273/1243 1238/1268/1238
f 715/745/715 730/760/730 731/761/731
f 738/768/738 737/767/737 811/841/811
f 692/693/692 797/827/797 691/692/691
f 716/746/716 651/652/651 749/779/749
f 779/809/779 969/999/969 744/774/744
f 849/879/849 752/782/752 715/745/715
f 748/778/748 751/781/751 752/782/752
f 754/784/754 753/783/753 714/744/714
f 726/756/726 753/783/753 728/758/728
f 714/744/714 718/748/718 787/817/787
f 744/774/744 969/999/969 840/870/840
f 709/739/709 754/784/754 755/785/755
f 714/744/714 787/817/787 754/784/754
f 709/739/709 756/786/756 728/758/728
f 730/760/730 756/786/756 731/761/731
f 757/787/757 860/890/860 1070/1100/1070
f 806/836/806 1247/1277/1247 1246/1276/1246
f 862/892/862 795/825/795 791/821/791
f 860/890/860 757/787/757 861/891/861
f 800/830/800 863/893/863 804/834/804
f 1061/1091/1061 981/1011/981 982/1012/982
f 686/687/686 881/911/881 685/686/685
f 881/911/881 884/914/884 806/836/806
f 1221/1251/1221 1199/1229/1199 1219/1249/1219
f 833/863/833 967/997/967 1108/1138/1108
f 1015/1045/1015 1011/1041/1011 1013/1043/1013
f 1085/1115/1085 1001/1031/1001 1084/1114/1084
f 1034/1064/1034 78/727/78 79/728/79
f 898/928/898 764/794/764 896/926/896
f 681/682/681 682/683/682 816/846/816
f 764/794/764 771/801/771 896/926/896
f 1004/1034/1004 900/930/900 908/938/908
f 1234/1264/1234 773/803/773 1228/1258/1228
f 767/797/767 766/796/766 679/680/679
f 766/796/766 767/797/767 770/800/770
f 679/680/679 680/681/680 767/797/767
f 681/682/681 816/846/816 772/802/772
f 768/798/768 770/800/770 893/923/893
f 768/798/768 892/922/892 815/845/815
f 917/947/917 819/849/819 805/835/805
f 816/846/816 818/848/818 769/799/769
f 764/794/764 770/800/770 767/797/767
f 768/798/768 766/796/766 770/800/770
f 772/802/772 767/797/767 680/681/680
f 896/926/896 895/925/895 898/928/898
f 681/682/681 772/802/772 680/681/680
f 769/799/769 771/801/771 772/802/772
f 672/673/672 673/674/673 813/843/813
f 784/814/784 857/887/857 1048/1078/1048
f 1258/1288/1258 1257/1287/1257 1189/1219/1189
f 1034/1064/1034 1035/1065/1035 78/727/78
f 84/733/84 959/989/959 83/732/83
f 844/874/844 845/875/845 85/734/85
f 826/856/826 960/990/960 830/860/830
f 874/904/874 873/903/873 870/900/870
f 832/862/832 963/993/963 835/865/835
f 1267/1297/1267 742/772/742 1270/1300/1270
f 837/867/837 665/666/665 666/667/666
f 747/777/747 778/808/778 744/774/744
f 838/868/838 666/667/666 667/668/667
f 1245/1275/1245 838/868/838 855/885/855
f 780/810/780 87/736/87 841/871/841
f 782/812/782 780/810/780 745/775/745
f 841/871/841 712/742/712 842/872/842
f 781/811/781 842/872/842 843/873/843
f 710/740/710 1045/1075/1045 1044/1074/1044
f 1036/1066/1036 1037/1067/1037 958/988/958
f 709/739/709 840/870/840 847/877/847
f 709/739/709 755/785/755 840/870/840
f 855/885/855 972/1002/972 857/887/857
f 839/869/839 1133/1163/1133 852/882/852
f 663/664/663 785/815/785 708/738/708
f 787/817/787 785/815/785 747/777/747
f 778/808/778 786/816/786 664/665/664
f 785/815/785 786/816/786 747/777/747
f 787/817/787 718/748/718 785/815/785
f 754/784/754 787/817/787 755/785/755
f 1058/1088/1058 788/818/788 1059/1089/1059
f 1246/1276/1246 943/973/943 878/908/878
f 692/693/692 790/820/790 797/827/797
f 1058/1088/1058 978/1008/978 1057/1087/1057
f 694/695/694 795/825/795 862/892/862
f 793/823/793 790/820/790 758/788/758
f 791/821/791 795/825/795 792/822/792
f 792/822/792 798/828/798 791/821/791
f 799/829/799 732/762/732 697/698/697
f 984/1014/984 1061/1091/1061 983/1013/983
f 793/823/793 758/788/758 980/1010/980
f 793/823/793 789/819/789 859/889/859
f 862/892/862 790/820/790 693/694/693
f 982/1012/982 794/824/794 791/821/791
f 791/821/791 794/824/794 862/892/862
f 694/695/694 792/822/792 795/825/795
f 796/826/796 798/828/798 799/829/799
f 699/700/699 800/830/800 803/833/803
f 790/820/790 793/823/793 797/827/797
f 691/692/691 797/827/797 793/823/793
f 732/762/732 799/829/799 792/822/792
f 982/1012/982 798/828/798 796/826/796
f 697/698/697 698/699/698 799/829/799
f 799/829/799 698/699/698 803/833/803
f 863/893/863 700/701/700 701/702/701
f 802/832/802 800/830/800 759/789/759
f 703/704/703 866/896/866 865/895/865
f 869/899/869 801/831/801 864/894/864
f 983/1013/983 802/832/802 759/789/759
f 802/832/802 796/826/796 803/833/803
f 799/829/799 803/833/803 796/826/796
f 699/700/699 803/833/803 698/699/698
f 863/893/863 800/830/800 700/701/700
f 985/1015/985 804/834/804 801/831/801
f 907/937/907 918/948/918 903/933/903
f 769/799/769 772/802/772 816/846/816
f 881/911/881 988/1018/988 884/914/884
f 1074/1104/1074 806/836/806 884/914/884
f 1083/1113/1083 1001/1031/1001 1082/1112/1082
f 833/863/833 964/994/964 967/997/967
f 72/721/72 889/919/889 886/916/886
f 888/918/888 890/920/890 1081/1111/1081
f 951/981/951 947/977/947 941/971/941
f 808/838/808 889/919/889 1080/1110/1080
f 811/841/811 810/840/810 674/675/674
f 765/795/765 1235/1265/1235 813/843/813
f 738/768/738 811/841/811 674/675/674
f 811/841/811 737/767/737 1242/1272/1242
f 1240/1270/1240 1262/1292/1262 1260/1290/1260
f 821/851/821 812/842/812 1228/1258/1228
f 765/795/765 813/843/813 810/840/810
f 672/673/672 813/843/813 812/842/812
f 896/926/896 769/799/769 897/927/897
f 942/972/942 913/943/913 919/949/919
f 1243/1273/1243 815/845/815 735/765/735
f 737/767/737 739/769/739 815/845/815
f 683/684/683 879/909/879 820/850/820
f 819/849/819 817/847/817 818/848/818
f 912/942/912 1005/1035/1005 934/964/934
f 908/938/908 900/930/900 899/929/899
f 816/846/816 820/850/820 818/848/818
f 897/927/897 818/848/818 817/847/817
f 682/683/682 820/850/820 816/846/816
f 877/907/877 819/849/819 879/909/879
f 683/684/683 820/850/820 682/683/682
f 818/848/818 820/850/820 819/849/819
f 821/851/821 952/982/952 812/842/812
f 953/983/953 821/851/821 1027/1057/1027
f 1032/1062/1032 80/729/80 81/730/81
f 1148/1178/1148 1088/1118/1088 1102/1132/1102
f 931/961/931 940/970/940 945/975/945
f 1008/1038/1008 930/960/930 937/967/937
f 1100/1130/1100 1099/1129/1099 1033/1063/1033
f 955/985/955 822/852/822 954/984/954
f 85/734/85 845/875/845 84/733/84
f 745/775/745 1043/1073/1043 782/812/782
f 960/990/960 705/706/705 706/707/706
f 776/806/776 829/859/829 831/861/831
f 960/990/960 828/858/828 827/857/827
f 828/858/828 968/998/968 827/857/827
f 962/992/962 743/773/743 61/710/61
f 63/712/63 836/866/836 62/711/62
f 829/859/829 875/905/875 870/900/870
f 801/831/801 863/893/863 864/894/864
f 960/990/960 826/856/826 705/706/705
f 1268/1298/1268 830/860/830 827/857/827
f 776/806/776 831/861/831 826/856/826
f 831/861/831 829/859/829 866/896/866
f 963/993/963 64/713/64 65/714/65
f 777/807/777 834/864/834 836/866/836
f 963/993/963 964/994/964 833/863/833
f 994/1024/994 992/1022/992 993/1023/993
f 1109/1139/1109 1267/1297/1267 777/807/777
f 962/992/962 828/858/828 743/773/743
f 963/993/963 832/862/832 64/713/64
f 835/865/835 833/863/833 1108/1138/1108
f 777/807/777 836/866/836 832/862/832
f 62/711/62 836/866/836 834/864/834
f 838/868/838 837/867/837 666/667/666
f 778/808/778 837/867/837 779/809/779
f 855/885/855 838/868/838 667/668/667
f 1052/1082/1052 853/883/853 1051/1081/1051
f 838/868/838 1245/1275/1245 970/1000/970
f 846/876/846 847/877/847 852/882/852
f 744/774/744 840/870/840 755/785/755
f 847/877/847 846/876/846 731/761/731
f 712/742/712 841/871/841 88/737/88
f 780/810/780 841/871/841 781/811/781
f 842/872/842 712/742/712 650/651/650
f 843/873/843 842/872/842 713/743/713
f 750/780/750 843/873/843 713/743/713
f 843/873/843 710/740/710 1044/1074/1044
f 780/810/780 844/874/844 86/735/86
f 845/875/845 844/874/844 782/812/782
f 1046/1076/1046 1132/1162/1132 1043/1073/1043
f 845/875/845 1131/1161/1131 959/989/959
f 731/761/731 709/739/709 847/877/847
f 846/876/846 783/813/783 854/884/854
f 840/870/840 839/869/839 847/877/847
f 852/882/852 847/877/847 839/869/839
f 783/813/783 1053/1083/1053 854/884/854
f 851/881/851 710/740/710 750/780/750
f 846/876/846 849/879/849 715/745/715
f 849/879/849 848/878/848 851/881/851
f 1054/1084/1054 848/878/848 1053/1083/1053
f 746/776/746 1135/1165/1135 1055/1085/1055
f 851/881/851 748/778/748 849/879/849
f 851/881/851 850/880/850 1045/1075/1045
f 839/869/839 970/1000/970 1133/1163/1133
f 846/876/846 852/882/852 783/813/783
f 969/999/969 970/1000/970 839/869/839
f 784/814/784 1050/1080/1050 1051/1081/1051
f 1053/1083/1053 783/813/783 1052/1082/1052
f 849/879/849 854/884/854 848/878/848
f 972/1002/972 668/669/668 669/670/669
f 855/885/855 784/814/784 1245/1275/1245
f 974/1004/974 671/672/671 953/983/953
f 973/1003/973 977/1007/977 856/886/856
f 972/1002/972 855/885/855 668/669/668
f 1049/1079/1049 856/886/856 977/1007/977
f 979/1009/979 1060/1090/1060 690/691/690
f 989/1019/989 1073/1103/1073 990/1020/990
f 793/823/793 859/889/859 691/692/691
f 789/819/789 1057/1087/1057 979/1009/979
f 981/1011/981 860/890/860 980/1010/980
f 1141/1171/1141 1070/1100/1070 1071/1101/1071
f 789/819/789 793/823/793 861/891/861
f 861/891/861 793/823/793 980/1010/980
f 790/820/790 862/892/862 794/824/794
f 694/695/694 862/892/862 693/694/693
f 864/894/864 863/893/863 701/702/701
f 804/834/804 863/893/863 801/831/801
f 702/703/702 865/895/865 864/894/864
f 870/900/870 865/895/865 829/859/829
f 703/704/703 865/895/865 702/703/702
f 871/901/871 870/900/870 873/903/873
f 831/861/831 866/896/866 703/704/703
f 829/859/829 865/895/865 866/896/866
f 1115/1145/1115 1069/1099/1069 876/906/876
f 1061/1091/1061 733/763/733 981/1011/981
f 871/901/871 865/895/865 870/900/870
f 1064/1094/1064 984/1014/984 985/1015/985
f 871/901/871 864/894/864 865/895/865
f 985/1015/985 869/899/869 868/898/868
f 776/806/776 872/902/872 875/905/875
f 1062/1092/1062 873/903/873 867/897/867
f 868/898/868 869/899/869 871/901/871
f 864/894/864 871/901/871 869/899/869
f 742/772/742 876/906/876 987/1017/987
f 873/903/873 874/904/874 867/897/867
f 871/901/871 873/903/873 868/898/868
f 870/900/870 875/905/875 874/904/874
f 876/906/876 872/902/872 987/1017/987
f 874/904/874 872/902/872 876/906/876
f 776/806/776 875/905/875 829/859/829
f 874/904/874 875/905/875 872/902/872
f 1040/1070/1040 1106/1136/1106 1112/1142/1112
f 742/772/742 1106/1136/1106 876/906/876
f 685/686/685 883/913/883 880/910/880
f 819/849/819 877/907/877 805/835/805
f 684/685/684 880/910/880 877/907/877
f 881/911/881 878/908/878 883/913/883
f 820/850/820 879/909/879 819/849/819
f 683/684/683 877/907/877 879/909/879
f 685/686/685 880/910/880 684/685/684
f 878/908/878 877/907/877 880/910/880
f 988/1018/988 686/687/686 687/688/687
f 878/908/878 881/911/881 806/836/806
f 687/688/687 688/689/688 989/1019/989
f 990/1020/990 882/912/882 989/1019/989
f 880/910/880 883/913/883 878/908/878
f 685/686/685 881/911/881 883/913/883
f 988/1018/988 881/911/881 686/687/686
f 884/914/884 882/912/882 1143/1173/1143
f 1146/1176/1146 1001/1031/1001 1083/1113/1083
f 1076/1106/1076 995/1025/995 807/837/807
f 73/722/73 1078/1108/1078 889/919/889
f 1081/1111/1081 890/920/890 808/838/808
f 998/1028/998 73/722/73 74/723/74
f 1094/1124/1094 1093/1123/1093 1079/1109/1079
f 1022/1052/1022 1000/1030/1000 1096/1126/1096
f 1082/1112/1082 807/837/807 995/1025/995
f 73/722/73 889/919/889 72/721/72
f 889/919/889 887/917/887 1080/1110/1080
f 808/838/808 890/920/890 886/916/886
f 890/920/890 888/918/888 1146/1176/1146
f 1003/1033/1003 75/724/75 76/725/76
f 1079/1109/1079 998/1028/998 891/921/891
f 815/845/815 892/922/892 735/765/735
f 893/923/893 892/922/892 768/798/768
f 898/928/898 893/923/893 764/794/764
f 892/922/892 893/923/893 814/844/814
f 911/941/911 920/950/920 894/924/894
f 735/765/735 1004/1034/1004 1239/1269/1239
f 1026/1056/1026 936/966/936 944/974/944
f 898/928/898 900/930/900 814/844/814
f 771/801/771 769/799/769 896/926/896
f 897/927/897 769/799/769 818/848/818
f 907/937/907 897/927/897 817/847/817
f 896/926/896 897/927/897 895/925/895
f 900/930/900 898/928/898 901/931/901
f 898/928/898 814/844/814 893/923/893
f 901/931/901 899/929/899 900/930/900
f 911/941/911 894/924/894 909/939/909
f 901/931/901 898/928/898 895/925/895
f 906/936/906 908/938/908 909/939/909
f 904/934/904 899/929/899 901/931/901
f 895/925/895 905/935/905 901/931/901
f 763/793/763 929/959/929 923/953/923
f 904/934/904 901/931/901 905/935/905
f 895/925/895 907/937/907 905/935/905
f 907/937/907 817/847/817 916/946/916
f 927/957/927 904/934/904 903/933/903
f 911/941/911 909/939/909 914/944/914
f 907/937/907 895/925/895 897/927/897
f 904/934/904 905/935/905 903/933/903
f 1238/1268/1238 1244/1274/1244 1236/1266/1236
f 1004/1034/1004 735/765/735 892/922/892
f 916/946/916 917/947/917 1005/1035/1005
f 905/935/905 907/937/907 903/933/903
f 909/939/909 908/938/908 899/929/899
f 908/938/908 906/936/906 1004/1034/1004
f 904/934/904 913/943/913 914/944/914
f 909/939/909 894/924/894 1263/1293/1263
f 936/966/936 734/764/734 944/974/944
f 920/950/920 911/941/911 921/951/921
f 909/939/909 899/929/899 914/944/914
f 929/959/929 921/951/921 923/953/923
f 927/957/927 928/958/928 1026/1056/1026
f 916/946/916 918/948/918 907/937/907
f 919/949/919 913/943/913 904/934/904
f 910/940/910 911/941/911 913/943/913
f 904/934/904 914/944/914 899/929/899
f 911/941/911 914/944/914 913/943/913
f 931/961/931 929/959/929 937/967/937
f 1089/1119/1089 1151/1181/1151 1090/1120/1090
f 917/947/917 916/946/916 817/847/817
f 916/946/916 912/942/912 918/948/918
f 819/849/819 917/947/917 817/847/817
f 935/965/935 1005/1035/1005 805/835/805
f 933/963/933 928/958/928 918/948/918
f 904/934/904 927/957/927 902/932/902
f 904/934/904 902/932/902 919/949/919
f 941/971/941 910/940/910 942/972/942
f 921/951/921 911/941/911 910/940/910
f 929/959/929 931/961/931 915/945/915
f 921/951/921 910/940/910 923/953/923
f 915/945/915 920/950/920 921/951/921
f 1169/1199/1169 1189/1219/1189 1254/1284/1254
f 1253/1283/1253 1252/1282/1252 1097/1127/1097
f 1025/1055/1025 941/971/941 942/972/942
f 923/953/923 910/940/910 941/971/941
f 920/950/920 945/975/945 925/955/925
f 1256/1286/1256 924/954/924 1009/1039/1009
f 945/975/945 920/950/920 915/945/915
f 924/954/924 1262/1292/1262 1264/1294/1264
f 933/963/933 934/964/934 1224/1254/1224
f 1197/1227/1197 1192/1222/1192 1201/1231/1201
f 903/933/903 918/948/918 927/957/927
f 928/958/928 927/957/927 918/948/918
f 933/963/933 918/948/918 912/942/912
f 936/966/936 928/958/928 926/956/926
f 937/967/937 930/960/930 931/961/931
f 921/951/921 929/959/929 915/945/915
f 1150/1180/1150 1006/1036/1006 823/853/823
f 915/945/915 931/961/931 945/975/945
f 937/967/937 929/959/929 763/793/763
f 931/961/931 930/960/930 940/970/940
f 1010/1040/1010 932/962/932 944/974/944
f 809/839/809 950/980/950 949/979/949
f 934/964/934 933/963/933 912/942/912
f 926/956/926 928/958/928 933/963/933
f 916/946/916 1005/1035/1005 912/942/912
f 934/964/934 760/790/760 1224/1254/1224
f 943/973/943 935/965/935 805/835/805
f 760/790/760 934/964/934 935/965/935
f 1227/1257/1227 936/966/936 926/956/926
f 1010/1040/1010 944/974/944 734/764/734
f 938/968/938 1008/1038/1008 763/793/763
f 1160/1190/1160 1006/1036/1006 939/969/939
f 923/953/923 947/977/947 763/793/763
f 1147/1177/1147 1003/1033/1003 1087/1117/1087
f 1008/1038/1008 939/969/939 930/960/930
f 1087/1117/1087 809/839/809 1147/1177/1147
f 1007/1037/1007 1090/1120/1090 1006/1036/1006
f 940/970/940 1151/1181/1151 1009/1039/1009
f 913/943/913 942/972/942 910/940/910
f 941/971/941 932/962/932 951/981/951
f 919/949/919 902/932/902 942/972/942
f 902/932/902 944/974/944 1025/1055/1025
f 805/835/805 878/908/878 943/973/943
f 1246/1276/1246 878/908/878 806/836/806
f 1025/1055/1025 944/974/944 932/962/932
f 1026/1056/1026 944/974/944 902/932/902
f 1009/1039/1009 945/975/945 940/970/940
f 925/955/925 945/975/945 924/954/924
f 951/981/951 932/962/932 1013/1043/1013
f 950/980/950 809/839/809 1087/1117/1087
f 941/971/941 947/977/947 923/953/923
f 948/978/948 947/977/947 946/976/946
f 948/978/948 946/976/946 949/979/949
f 763/793/763 948/978/948 938/968/938
f 1091/1121/1091 946/976/946 1011/1041/1011
f 1096/1126/1096 999/1029/999 1095/1125/1095
f 938/968/938 948/978/948 950/980/950
f 949/979/949 950/980/950 948/978/948
f 1013/1043/1013 932/962/932 1010/1040/1010
f 947/977/947 951/981/951 946/976/946
f 812/842/812 952/982/952 672/673/672
f 953/983/953 952/982/952 821/851/821
f 1027/1057/1027 821/851/821 773/803/773
f 973/1003/973 856/886/856 972/1002/972
f 954/984/954 80/729/80 1032/1062/1032
f 954/984/954 822/852/822 1148/1178/1148
f 955/985/955 1032/1062/1032 957/987/957
f 955/985/955 824/854/824 1101/1131/1101
f 1100/1130/1100 1149/1179/1149 1088/1118/1088
f 78/727/78 1035/1065/1035 77/726/77
f 82/731/82 83/732/83 1039/1069/1039
f 955/985/955 957/987/957 824/854/824
f 824/854/824 957/987/957 958/988/958
f 957/987/957 82/731/82 1039/1069/1039
f 845/875/845 959/989/959 84/733/84
f 958/988/958 959/989/959 825/855/825
f 960/990/960 706/707/706 961/991/961
f 830/860/830 960/990/960 827/857/827
f 743/773/743 961/991/961 707/708/707
f 960/990/960 961/991/961 828/858/828
f 62/711/62 834/864/834 962/992/962
f 968/998/968 962/992/962 834/864/834
f 964/994/964 963/993/963 65/714/65
f 835/865/835 963/993/963 833/863/833
f 993/1023/993 67/716/67 994/1024/994
f 996/1026/996 997/1027/997 1075/1105/1075
f 1067/1097/1067 1111/1141/1111 1121/1151/1121
f 1109/1139/1109 835/865/835 1108/1138/1108
f 964/994/964 66/715/66 993/1023/993
f 1112/1142/1112 1113/1143/1113 1040/1070/1040
f 996/1026/996 964/994/964 993/1023/993
f 966/996/966 1116/1146/1116 1108/1138/1108
f 962/992/962 968/998/968 828/858/828
f 777/807/777 1266/1296/1266 1269/1299/1269
f 970/1000/970 969/999/969 779/809/779
f 840/870/840 969/999/969 839/869/839
f 838/868/838 970/1000/970 779/809/779
f 970/1000/970 853/883/853 1133/1163/1133
f 1054/1084/1054 1139/1169/1139 850/880/850
f 959/989/959 1131/1161/1131 825/855/825
f 973/1003/973 972/1002/972 669/670/669
f 857/887/857 972/1002/972 856/886/856
f 670/671/670 974/1004/974 973/1003/973
f 1031/1061/1031 1030/1060/1030 1028/1058/1028
f 671/672/671 974/1004/974 670/671/670
f 1029/1059/1029 974/1004/974 953/983/953
f 1031/1061/1031 975/1005/975 1170/1200/1170
f 1165/1195/1165 1104/1134/1104 1164/1194/1164
f 973/1003/973 974/1004/974 1029/1059/1029
f 1170/1200/1170 1049/1079/1049 976/1006/976
f 1029/1059/1029 977/1007/977 973/1003/973
f 977/1007/977 976/1006/976 1049/1079/1049
f 978/1008/978 979/1009/979 1057/1087/1057
f 1073/1103/1073 1059/1089/1059 788/818/788
f 789/819/789 979/1009/979 859/889/859
f 1059/1089/1059 1060/1090/1060 978/1008/978
f 981/1011/981 980/1010/980 758/788/758
f 861/891/861 980/1010/980 860/890/860
f 794/824/794 982/1012/982 758/788/758
f 1071/1101/1071 981/1011/981 733/763/733
f 798/828/798 982/1012/982 791/821/791
f 796/826/796 802/832/802 983/1013/983
f 983/1013/983 759/789/759 984/1014/984
f 796/826/796 983/1013/983 982/1012/982
f 759/789/759 804/834/804 985/1015/985
f 868/898/868 1062/1092/1062 985/1015/985
f 869/899/869 985/1015/985 801/831/801
f 868/898/868 873/903/873 1062/1092/1062
f 1068/1098/1068 1063/1093/1063 1065/1095/1065
f 1195/1225/1195 1177/1207/1177 1178/1208/1178
f 776/806/776 1270/1300/1270 872/902/872
f 987/1017/987 872/902/872 1270/1300/1270
f 989/1019/989 988/1018/988 687/688/687
f 884/914/884 988/1018/988 882/912/882
f 688/689/688 858/888/858 989/1019/989
f 788/818/788 1190/1220/1190 1073/1103/1073
f 1175/1205/1175 1190/1220/1190 1191/1221/1191
f 882/912/882 990/1020/990 1143/1173/1143
f 1083/1113/1083 991/1021/991 69/718/69
f 995/1025/995 991/1021/991 885/915/885
f 997/1027/997 965/995/965 1075/1105/1075
f 964/994/964 996/1026/996 967/997/967
f 67/716/67 993/1023/993 66/715/66
f 996/1026/996 993/1023/993 992/1022/992
f 67/716/67 68/717/68 994/1024/994
f 68/717/68 991/1021/991 995/1025/995
f 995/1025/995 885/915/885 1082/1112/1082
f 992/1022/992 994/1024/994 995/1025/995
f 996/1026/996 992/1022/992 997/1027/997
f 967/997/967 996/1026/996 966/996/966
f 992/1022/992 1076/1106/1076 997/1027/997
f 1077/1107/1077 1180/1210/1180 1076/1106/1076
f 1002/1032/1002 998/1028/998 74/723/74
f 891/921/891 1147/1177/1147 1079/1109/1079
f 1152/1182/1152 1079/1109/1079 1093/1123/1093
f 949/979/949 946/976/946 1091/1121/1091
f 1020/1050/1020 1016/1046/1016 1019/1049/1019
f 1085/1115/1085 1020/1050/1020 1023/1053/1023
f 885/915/885 991/1021/991 1083/1113/1083
f 1001/1031/1001 1146/1176/1146 1084/1114/1084
f 1003/1033/1003 1002/1032/1002 75/724/75
f 998/1028/998 1002/1032/1002 891/921/891
f 1186/1216/1186 1103/1133/1103 1162/1192/1162
f 938/968/938 950/980/950 1087/1117/1087
f 1004/1034/1004 814/844/814 900/930/900
f 1265/1295/1265 1244/1274/1244 1238/1268/1238
f 805/835/805 1005/1035/1005 917/947/917
f 934/964/934 1005/1035/1005 935/965/935
f 1102/1132/1102 1088/1118/1088 1150/1180/1150
f 930/960/930 939/969/939 1006/1036/1006
f 1089/1119/1089 1189/1219/1189 1151/1181/1151
f 930/960/930 1090/1120/1090 940/970/940
f 763/793/763 1008/1038/1008 937/967/937
f 1087/1117/1087 1008/1038/1008 938/968/938
f 1256/1286/1256 1009/1039/1009 922/952/922
f 945/975/945 1009/1039/1009 924/954/924
f 1014/1044/1014 1010/1040/1010 734/764/734
f 951/981/951 1011/1041/1011 946/976/946
f 1010/1040/1010 1014/1044/1014 1015/1045/1015
f 1015/1045/1015 1017/1047/1017 1011/1041/1011
f 1222/1252/1222 1205/1235/1205 1223/1253/1223
f 1012/1042/1012 1019/1049/1019 1016/1046/1016
f 1015/1045/1015 1013/1043/1013 1010/1040/1010
f 951/981/951 1013/1043/1013 1011/1041/1011
f 1223/1253/1223 1227/1257/1227 1222/1252/1222
f 1014/1044/1014 1012/1042/1012 1015/1045/1015
f 1012/1042/1012 1016/1046/1016 1015/1045/1015
f 1015/1045/1015 1016/1046/1016 1017/1047/1017
f 1198/1228/1198 1200/1230/1200 1192/1222/1192
f 1017/1047/1017 1016/1046/1016 762/792/762
f 762/792/762 1095/1125/1095 1017/1047/1017
f 1017/1047/1017 1092/1122/1092 1091/1121/1091
f 1077/1107/1077 1021/1051/1021 1024/1054/1024
f 1016/1046/1016 1020/1050/1020 1022/1052/1022
f 1012/1042/1012 1209/1239/1209 1207/1237/1207
f 1019/1049/1019 1018/1048/1018 1020/1050/1020
f 1023/1053/1023 1020/1050/1020 1018/1048/1018
f 1022/1052/1022 1020/1050/1020 1000/1030/1000
f 1023/1053/1023 1024/1054/1024 1021/1051/1021
f 1021/1051/1021 1086/1116/1086 1085/1115/1085
f 1000/1030/1000 1081/1111/1081 1096/1126/1096
f 1016/1046/1016 1022/1052/1022 762/792/762
f 1024/1054/1024 1023/1053/1023 1018/1048/1018
f 1023/1053/1023 1021/1051/1021 1085/1115/1085
f 1208/1238/1208 1018/1048/1018 1207/1237/1207
f 1024/1054/1024 761/791/761 1077/1107/1077
f 941/971/941 1025/1055/1025 932/962/932
f 902/932/902 1025/1055/1025 942/972/942
f 927/957/927 1026/1056/1026 902/932/902
f 936/966/936 1026/1056/1026 928/958/928
f 1153/1183/1153 1030/1060/1030 773/803/773
f 1029/1059/1029 976/1006/976 977/1007/977
f 1153/1183/1153 1028/1058/1028 1030/1060/1030
f 1154/1184/1154 1028/1058/1028 1155/1185/1155
f 953/983/953 1027/1057/1027 1029/1059/1029
f 1030/1060/1030 1029/1059/1029 1027/1057/1027
f 773/803/773 1030/1060/1030 1027/1057/1027
f 1031/1061/1031 1028/1058/1028 975/1005/975
f 976/1006/976 1029/1059/1029 1031/1061/1031
f 1030/1060/1030 1031/1061/1031 1029/1059/1029
f 957/987/957 1032/1062/1032 81/730/81
f 954/984/954 1032/1062/1032 955/985/955
f 1038/1068/1038 824/854/824 1037/1067/1037
f 1038/1068/1038 1033/1063/1033 1101/1131/1101
f 954/984/954 1034/1064/1034 79/728/79
f 1035/1065/1035 1034/1064/1034 956/986/956
f 956/986/956 1102/1132/1102 1035/1065/1035
f 1160/1190/1160 1103/1133/1103 1159/1189/1159
f 825/855/825 1131/1161/1131 1042/1072/1042
f 1037/1067/1037 1036/1066/1036 775/805/775
f 1037/1067/1037 775/805/775 1038/1068/1038
f 958/988/958 1037/1067/1037 824/854/824
f 1164/1194/1164 1038/1068/1038 775/805/775
f 1168/1198/1168 774/804/774 1033/1063/1033
f 959/989/959 1039/1069/1039 83/732/83
f 957/987/957 1039/1069/1039 958/988/958
f 1126/1156/1126 1185/1215/1185 1183/1213/1183
f 1064/1094/1064 1066/1096/1066 733/763/733
f 1172/1202/1172 1173/1203/1173 1166/1196/1166
f 1042/1072/1042 1036/1066/1036 825/855/825
f 1172/1202/1172 1056/1086/1056 1137/1167/1137
f 1154/1184/1154 975/1005/975 1028/1058/1028
f 745/775/745 843/873/843 1044/1074/1044
f 1046/1076/1046 1043/1073/1043 971/1001/971
f 710/740/710 851/881/851 1045/1075/1045
f 971/1001/971 1043/1073/1043 1044/1074/1044
f 1138/1168/1138 850/880/850 1056/1086/1056
f 1044/1074/1044 1045/1075/1045 1138/1168/1138
f 1174/1204/1174 1046/1076/1046 971/1001/971
f 1131/1161/1131 1132/1162/1132 1041/1071/1041
f 1137/1167/1137 1055/1085/1055 1135/1165/1135
f 1050/1080/1050 784/814/784 1048/1078/1048
f 856/886/856 1048/1078/1048 857/887/857
f 1050/1080/1050 1048/1078/1048 1047/1077/1047
f 976/1006/976 1031/1061/1031 1170/1200/1170
f 1047/1077/1047 1048/1078/1048 1049/1079/1049
f 1135/1165/1135 1050/1080/1050 1047/1077/1047
f 1050/1080/1050 746/776/746 1051/1081/1051
f 1052/1082/1052 1051/1081/1051 746/776/746
f 1051/1081/1051 853/883/853 1245/1275/1245
f 854/884/854 1053/1083/1053 848/878/848
f 783/813/783 852/882/852 1133/1163/1133
f 746/776/746 1134/1164/1134 1052/1082/1052
f 848/878/848 1054/1084/1054 850/880/850
f 1134/1164/1134 1055/1085/1055 1053/1083/1053
f 1054/1084/1054 1053/1083/1053 1055/1085/1055
f 746/776/746 1050/1080/1050 1135/1165/1135
f 1056/1086/1056 971/1001/971 1138/1168/1138
f 1054/1084/1054 1055/1085/1055 1139/1169/1139
f 1139/1169/1139 1137/1167/1137 1056/1086/1056
f 861/891/861 1057/1087/1057 789/819/789
f 1057/1087/1057 757/787/757 1142/1172/1142
f 1142/1172/1142 1070/1100/1070 1072/1102/1072
f 1072/1102/1072 1193/1223/1193 1142/1172/1142
f 1060/1090/1060 1059/1089/1059 858/888/858
f 1058/1088/1058 1059/1089/1059 978/1008/978
f 690/691/690 1060/1090/1060 689/690/689
f 978/1008/978 1060/1090/1060 979/1009/979
f 983/1013/983 1061/1091/1061 982/1012/982
f 733/763/733 1061/1091/1061 984/1014/984
f 1062/1092/1062 867/897/867 1065/1095/1065
f 985/1015/985 1062/1092/1062 1064/1094/1064
f 1068/1098/1068 867/897/867 1069/1099/1069
f 1117/1147/1117 1121/1151/1121 1122/1152/1122
f 1140/1170/1140 1062/1092/1062 1065/1095/1065
f 1128/1158/1128 1141/1171/1141 1066/1096/1066
f 867/897/867 874/904/874 1069/1099/1069
f 1128/1158/1128 1140/1170/1140 1063/1093/1063
f 1140/1170/1140 1066/1096/1066 1064/1094/1064
f 1066/1096/1066 1140/1170/1140 1128/1158/1128
f 1115/1145/1115 1106/1136/1106 1111/1141/1111
f 1111/1141/1111 1122/1152/1122 1121/1151/1121
f 867/897/867 1068/1098/1068 1065/1095/1065
f 1067/1097/1067 1121/1151/1121 1118/1148/1118
f 876/906/876 1069/1099/1069 874/904/874
f 1068/1098/1068 1069/1099/1069 1067/1097/1067
f 1071/1101/1071 1070/1100/1070 860/890/860
f 1070/1100/1070 986/1016/986 1072/1102/1072
f 981/1011/981 1071/1101/1071 860/890/860
f 733/763/733 1066/1096/1066 1141/1171/1141
f 1118/1148/1118 1117/1147/1117 1123/1153/1123
f 1058/1088/1058 1142/1172/1142 1193/1223/1193
f 989/1019/989 858/888/858 1073/1103/1073
f 1073/1103/1073 858/888/858 1059/1089/1059
f 1190/1220/1190 990/1020/990 1073/1103/1073
f 1199/1229/1199 1225/1255/1225 1246/1276/1246
f 1113/1143/1113 1075/1105/1075 965/995/965
f 996/1026/996 1075/1105/1075 966/996/966
f 995/1025/995 1076/1106/1076 992/1022/992
f 1077/1107/1077 1076/1106/1076 807/837/807
f 1077/1107/1077 807/837/807 1086/1116/1086
f 1182/1212/1182 1185/1215/1185 1181/1211/1181
f 889/919/889 1078/1108/1078 887/917/887
f 73/722/73 998/1028/998 1078/1108/1078
f 949/979/949 1094/1124/1094 809/839/809
f 1092/1122/1092 1093/1123/1093 1094/1124/1094
f 1080/1110/1080 887/917/887 1152/1182/1152
f 1096/1126/1096 1080/1110/1080 999/1029/999
f 1096/1126/1096 1081/1111/1081 808/838/808
f 1084/1114/1084 1081/1111/1081 1000/1030/1000
f 1083/1113/1083 1082/1112/1082 885/915/885
f 1086/1116/1086 1082/1112/1082 1001/1031/1001
f 69/718/69 70/719/70 1083/1113/1083
f 1146/1176/1146 1083/1113/1083 70/719/70
f 1081/1111/1081 1084/1114/1084 888/918/888
f 1085/1115/1085 1084/1114/1084 1000/1030/1000
f 1085/1115/1085 1000/1030/1000 1020/1050/1020
f 1077/1107/1077 1086/1116/1086 1021/1051/1021
f 1082/1112/1082 1086/1116/1086 807/837/807
f 1001/1031/1001 1085/1115/1085 1086/1116/1086
f 1162/1192/1162 1103/1133/1103 1163/1193/1163
f 1087/1117/1087 1161/1191/1161 1008/1038/1008
f 1148/1178/1148 1100/1130/1100 1088/1118/1088
f 1088/1118/1088 1149/1179/1149 1150/1180/1150
f 1255/1285/1255 1007/1037/1007 1149/1179/1149
f 1105/1135/1105 1169/1199/1169 1254/1284/1254
f 1006/1036/1006 1090/1120/1090 930/960/930
f 1089/1119/1089 1090/1120/1090 1007/1037/1007
f 1011/1041/1011 1017/1047/1017 1091/1121/1091
f 1017/1047/1017 1095/1125/1095 1092/1122/1092
f 1092/1122/1092 999/1029/999 1093/1123/1093
f 949/979/949 1091/1121/1091 1092/1122/1092
f 1080/1110/1080 1093/1123/1093 999/1029/999
f 1152/1182/1152 887/917/887 1078/1108/1078
f 809/839/809 1094/1124/1094 1079/1109/1079
f 1092/1122/1092 1094/1124/1094 949/979/949
f 1096/1126/1096 1095/1125/1095 762/792/762
f 1092/1122/1092 1095/1125/1095 999/1029/999
f 1022/1052/1022 1096/1126/1096 762/792/762
f 1096/1126/1096 808/838/808 1080/1110/1080
f 812/842/812 1231/1261/1231 1234/1264/1234
f 1157/1187/1157 1155/1185/1155 1097/1127/1097
f 1168/1198/1168 1248/1278/1248 1105/1135/1105
f 1171/1201/1171 1135/1165/1135 1136/1166/1136
f 1101/1131/1101 1099/1129/1099 955/985/955
f 1100/1130/1100 1033/1063/1033 774/804/774
f 1100/1130/1100 774/804/774 1149/1179/1149
f 822/852/822 1099/1129/1099 1100/1130/1100
f 1038/1068/1038 1101/1131/1101 824/854/824
f 1099/1129/1099 1101/1131/1101 1033/1063/1033
f 1102/1132/1102 956/986/956 1148/1178/1148
f 1159/1189/1159 1102/1132/1102 823/853/823
f 1103/1133/1103 1160/1190/1160 1161/1191/1161
f 76/725/76 1162/1192/1162 1003/1033/1003
f 1165/1195/1165 775/805/775 1042/1072/1042
f 1155/1185/1155 1157/1187/1157 1098/1128/1098
f 1038/1068/1038 1164/1194/1164 1248/1278/1248
f 922/952/922 1151/1181/1151 1189/1219/1189
f 742/772/742 1110/1140/1110 1112/1142/1112
f 1111/1141/1111 1106/1136/1106 1040/1070/1040
f 1267/1297/1267 1109/1139/1109 1110/1140/1110
f 1113/1143/1113 1116/1146/1116 1075/1105/1075
f 966/996/966 1108/1138/1108 967/997/967
f 1108/1138/1108 1107/1137/1107 1109/1139/1109
f 1110/1140/1110 1109/1139/1109 1107/1137/1107
f 835/865/835 1109/1139/1109 777/807/777
f 1110/1140/1110 1107/1137/1107 1112/1142/1112
f 1110/1140/1110 742/772/742 1267/1297/1267
f 1124/1154/1124 1125/1155/1125 1114/1144/1114
f 1115/1145/1115 1111/1141/1111 1067/1097/1067
f 1112/1142/1112 1106/1136/1106 742/772/742
f 1113/1143/1113 1112/1142/1112 1107/1137/1107
f 1107/1137/1107 1108/1138/1108 1116/1146/1116
f 1126/1156/1126 1129/1159/1129 1130/1160/1130
f 1012/1042/1012 1207/1237/1207 1019/1049/1019
f 1118/1148/1118 1120/1150/1120 1063/1093/1063
f 1069/1099/1069 1115/1145/1115 1067/1097/1067
f 1106/1136/1106 1115/1145/1115 876/906/876
f 1075/1105/1075 1116/1146/1116 966/996/966
f 1107/1137/1107 1116/1146/1116 1113/1143/1113
f 1128/1158/1128 1127/1157/1127 986/1016/986
f 1068/1098/1068 1118/1148/1118 1063/1093/1063
f 1067/1097/1067 1118/1148/1118 1068/1098/1068
f 1120/1150/1120 1118/1148/1118 1123/1153/1123
f 1123/1153/1123 1124/1154/1124 1179/1209/1179
f 1197/1227/1197 1143/1173/1143 990/1020/990
f 1127/1157/1127 1120/1150/1120 1119/1149/1119
f 986/1016/986 1141/1171/1141 1128/1158/1128
f 1122/1152/1122 1111/1141/1111 1040/1070/1040
f 1118/1148/1118 1121/1151/1121 1117/1147/1117
f 965/995/965 1130/1160/1130 1113/1143/1113
f 1125/1155/1125 1124/1154/1124 1117/1147/1117
f 1124/1154/1124 1123/1153/1123 1117/1147/1117
f 1119/1149/1119 1120/1150/1120 1123/1153/1123
f 1125/1155/1125 1117/1147/1117 1122/1152/1122
f 1124/1154/1124 1114/1144/1114 1179/1209/1179
f 1129/1159/1129 1122/1152/1122 1040/1070/1040
f 1125/1155/1125 1122/1152/1122 1126/1156/1126
f 1145/1175/1145 965/995/965 997/1027/997
f 1184/1214/1184 1185/1215/1185 1126/1156/1126
f 1177/1207/1177 1127/1157/1127 1119/1149/1119
f 1072/1102/1072 986/1016/986 1127/1157/1127
f 1063/1093/1063 1120/1150/1120 1128/1158/1128
f 1128/1158/1128 1120/1150/1120 1127/1157/1127
f 1130/1160/1130 1040/1070/1040 1113/1143/1113
f 1126/1156/1126 1122/1152/1122 1129/1159/1129
f 1130/1160/1130 965/995/965 1184/1214/1184
f 1040/1070/1040 1130/1160/1130 1129/1159/1129
f 1131/1161/1131 845/875/845 1132/1162/1132
f 1042/1072/1042 1131/1161/1131 1041/1071/1041
f 1043/1073/1043 1132/1162/1132 782/812/782
f 1132/1162/1132 1046/1076/1046 1041/1071/1041
f 853/883/853 1052/1082/1052 1133/1163/1133
f 783/813/783 1133/1163/1133 1052/1082/1052
f 1052/1082/1052 1134/1164/1134 1053/1083/1053
f 746/776/746 1055/1085/1055 1134/1164/1134
f 1170/1200/1170 1136/1166/1136 1047/1077/1047
f 1135/1165/1135 1047/1077/1047 1136/1166/1136
f 1156/1186/1156 975/1005/975 1154/1184/1154
f 1171/1201/1171 1158/1188/1158 1173/1203/1173
f 1136/1166/1136 975/1005/975 1156/1186/1156
f 1056/1086/1056 1172/1202/1172 971/1001/971
f 1044/1074/1044 1138/1168/1138 971/1001/971
f 850/880/850 1138/1168/1138 1045/1075/1045
f 1137/1167/1137 1139/1169/1139 1055/1085/1055
f 850/880/850 1139/1169/1139 1056/1086/1056
f 1062/1092/1062 1140/1170/1140 1064/1094/1064
f 1063/1093/1063 1140/1170/1140 1065/1095/1065
f 1070/1100/1070 1141/1171/1141 986/1016/986
f 733/763/733 1141/1171/1141 1071/1101/1071
f 1057/1087/1057 1142/1172/1142 1058/1088/1058
f 1070/1100/1070 1142/1172/1142 757/787/757
f 990/1020/990 1190/1220/1190 1197/1227/1197
f 884/914/884 1143/1173/1143 1074/1104/1074
f 1195/1225/1195 1178/1208/1178 1202/1232/1202
f 1202/1232/1202 1178/1208/1178 1203/1233/1203
f 1145/1175/1145 1180/1210/1180 1181/1211/1181
f 1130/1160/1130 1184/1214/1184 1126/1156/1126
f 890/920/890 1146/1176/1146 70/719/70
f 1146/1176/1146 888/918/888 1084/1114/1084
f 1079/1109/1079 1147/1177/1147 809/839/809
f 1003/1033/1003 1147/1177/1147 891/921/891
f 954/984/954 1148/1178/1148 956/986/956
f 1100/1130/1100 1148/1178/1148 822/852/822
f 774/804/774 1254/1284/1254 1255/1285/1255
f 1150/1180/1150 1149/1179/1149 1007/1037/1007
f 1006/1036/1006 1150/1180/1150 1007/1037/1007
f 1102/1132/1102 1150/1180/1150 823/853/823
f 1009/1039/1009 1151/1181/1151 922/952/922
f 1090/1120/1090 1151/1181/1151 940/970/940
f 1079/1109/1079 1152/1182/1152 998/1028/998
f 1080/1110/1080 1152/1182/1152 1093/1123/1093
f 1253/1283/1253 773/803/773 1230/1260/1230
f 1153/1183/1153 1097/1127/1097 1155/1185/1155
f 1028/1058/1028 1153/1183/1153 1155/1185/1155
f 1154/1184/1154 1098/1128/1098 1156/1186/1156
f 1097/1127/1097 1252/1282/1252 1157/1187/1157
f 1098/1128/1098 1154/1184/1154 1155/1185/1155
f 1165/1195/1165 1167/1197/1167 1104/1134/1104
f 1136/1166/1136 1156/1186/1156 1158/1188/1158
f 1249/1279/1249 1157/1187/1157 741/771/741
f 1167/1197/1167 1157/1187/1157 1104/1134/1104
f 1098/1128/1098 1167/1197/1167 1156/1186/1156
f 1156/1186/1156 1167/1197/1167 1188/1218/1188
f 1102/1132/1102 1159/1189/1159 1035/1065/1035
f 1160/1190/1160 1159/1189/1159 823/853/823
f 1006/1036/1006 1160/1190/1160 823/853/823
f 1161/1191/1161 1160/1190/1160 939/969/939
f 1008/1038/1008 1161/1191/1161 939/969/939
f 1163/1193/1163 1087/1117/1087 1003/1033/1003
f 77/726/77 1162/1192/1162 76/725/76
f 1163/1193/1163 1103/1133/1103 1161/1191/1161
f 1087/1117/1087 1163/1193/1163 1161/1191/1161
f 1003/1033/1003 1162/1192/1162 1163/1193/1163
f 1165/1195/1165 1164/1194/1164 775/805/775
f 1248/1278/1248 1164/1194/1164 1104/1134/1104
f 1166/1196/1166 1165/1195/1165 1042/1072/1042
f 1098/1128/1098 1157/1187/1157 1167/1197/1167
f 1042/1072/1042 1041/1071/1041 1187/1217/1187
f 1041/1071/1041 1046/1076/1046 1174/1204/1174
f 1166/1196/1166 1188/1218/1188 1165/1195/1165
f 1188/1218/1188 1166/1196/1166 1158/1188/1158
f 1248/1278/1248 1168/1198/1168 1038/1068/1038
f 774/804/774 1168/1198/1168 1105/1135/1105
f 1248/1278/1248 1250/1280/1250 1105/1135/1105
f 1252/1282/1252 1232/1262/1232 1251/1281/1251
f 1049/1079/1049 1170/1200/1170 1047/1077/1047
f 975/1005/975 1136/1166/1136 1170/1200/1170
f 1158/1188/1158 1171/1201/1171 1136/1166/1136
f 1137/1167/1137 1135/1165/1135 1171/1201/1171
f 1173/1203/1173 1172/1202/1172 1137/1167/1137
f 1166/1196/1166 1187/1217/1187 1174/1204/1174
f 1171/1201/1171 1173/1203/1173 1137/1167/1137
f 1166/1196/1166 1173/1203/1173 1158/1188/1158
f 971/1001/971 1172/1202/1172 1174/1204/1174
f 1166/1196/1166 1174/1204/1174 1172/1202/1172
f 1191/1221/1191 788/818/788 1058/1088/1058
f 1194/1224/1194 1198/1228/1198 1175/1205/1175
f 1072/1102/1072 1127/1157/1127 1177/1207/1177
f 1194/1224/1194 1144/1174/1144 1198/1228/1198
f 1177/1207/1177 1119/1149/1119 1178/1208/1178
f 1177/1207/1177 1176/1206/1176 1193/1223/1193
f 1119/1149/1119 1123/1153/1123 1179/1209/1179
f 1217/1247/1217 1211/1241/1211 1215/1245/1215
f 1179/1209/1179 1114/1144/1114 1203/1233/1203
f 1119/1149/1119 1179/1209/1179 1178/1208/1178
f 1181/1211/1181 1180/1210/1180 1077/1107/1077
f 997/1027/997 1180/1210/1180 1145/1175/1145
f 1077/1107/1077 761/791/761 1181/1211/1181
f 1181/1211/1181 761/791/761 1182/1212/1182
f 1018/1048/1018 1208/1238/1208 1024/1054/1024
f 1183/1213/1183 1114/1144/1114 1125/1155/1125
f 1126/1156/1126 1183/1213/1183 1125/1155/1125
f 1217/1247/1217 1183/1213/1183 1182/1212/1182
f 965/995/965 1145/1175/1145 1184/1214/1184
f 1185/1215/1185 1184/1214/1184 1145/1175/1145
f 1181/1211/1181 1185/1215/1185 1145/1175/1145
f 1185/1215/1185 1182/1212/1182 1183/1213/1183
f 1186/1216/1186 1035/1065/1035 1159/1189/1159
f 1162/1192/1162 77/726/77 1186/1216/1186
f 1174/1204/1174 1187/1217/1187 1041/1071/1041
f 1166/1196/1166 1042/1072/1042 1187/1217/1187
f 1156/1186/1156 1188/1218/1188 1158/1188/1158
f 1165/1195/1165 1188/1218/1188 1167/1197/1167
f 1254/1284/1254 1189/1219/1189 1089/1119/1089
f 1189/1219/1189 1169/1199/1169 1258/1288/1258
f 1191/1221/1191 1190/1220/1190 788/818/788
f 1190/1220/1190 1175/1205/1175 1197/1227/1197
f 1193/1223/1193 1191/1221/1191 1058/1088/1058
f 1194/1224/1194 1191/1221/1191 1176/1206/1176
f 1144/1174/1144 1202/1232/1202 1200/1230/1200
f 1197/1227/1197 1201/1231/1201 1074/1104/1074
f 1177/1207/1177 1193/1223/1193 1072/1102/1072
f 1191/1221/1191 1193/1223/1193 1176/1206/1176
f 1191/1221/1191 1194/1224/1194 1175/1205/1175
f 1195/1225/1195 1194/1224/1194 1176/1206/1176
f 1194/1224/1194 1195/1225/1195 1144/1174/1144
f 1177/1207/1177 1195/1225/1195 1176/1206/1176
f 761/791/761 1208/1238/1208 1211/1241/1211
f 1226/1256/1226 1209/1239/1209 1014/1044/1014
f 1143/1173/1143 1197/1227/1197 1074/1104/1074
f 1198/1228/1198 1197/1227/1197 1175/1205/1175
f 1200/1230/1200 1198/1228/1198 1144/1174/1144
f 1197/1227/1197 1198/1228/1198 1192/1222/1192
f 1219/1249/1219 1192/1222/1192 1200/1230/1200
f 1199/1229/1199 1201/1231/1201 1219/1249/1219
f 1144/1174/1144 1195/1225/1195 1202/1232/1202
f 1218/1248/1218 1196/1226/1196 1210/1240/1210
f 1219/1249/1219 1201/1231/1201 1192/1222/1192
f 1247/1277/1247 1201/1231/1201 1199/1229/1199
f 1178/1208/1178 1179/1209/1179 1203/1233/1203
f 1214/1244/1214 1204/1234/1204 1196/1226/1196
f 1114/1144/1114 1183/1213/1183 1217/1247/1217
f 1203/1233/1203 1216/1246/1216 1204/1234/1204
f 1200/1230/1200 1202/1232/1202 1204/1234/1204
f 1203/1233/1203 1204/1234/1204 1202/1232/1202
f 1209/1239/1209 1012/1042/1012 1014/1044/1014
f 1221/1251/1221 1222/1252/1222 1224/1254/1224
f 1213/1243/1213 1218/1248/1218 1212/1242/1212
f 1019/1049/1019 1207/1237/1207 1018/1048/1018
f 1218/1248/1218 1210/1240/1210 1212/1242/1212
f 1024/1054/1024 1208/1238/1208 761/791/761
f 1207/1237/1207 1210/1240/1210 1208/1238/1208
f 1211/1241/1211 1182/1212/1182 761/791/761
f 1226/1256/1226 1014/1044/1014 734/764/734
f 1207/1237/1207 1209/1239/1209 1206/1236/1206
f 1212/1242/1212 1210/1240/1210 1207/1237/1207
f 1215/1245/1215 1211/1241/1211 1210/1240/1210
f 1208/1238/1208 1210/1240/1210 1211/1241/1211
f 1215/1245/1215 1210/1240/1210 1196/1226/1196
f 1207/1237/1207 1206/1236/1206 1212/1242/1212
f 1213/1243/1213 1212/1242/1212 1206/1236/1206
f 1213/1243/1213 1206/1236/1206 1223/1253/1223
f 1213/1243/1213 1205/1235/1205 1214/1244/1214
f 1205/1235/1205 1221/1251/1221 1220/1250/1220
f 1214/1244/1214 1220/1250/1220 1204/1234/1204
f 1196/1226/1196 1216/1246/1216 1215/1245/1215
f 1216/1246/1216 1217/1247/1217 1215/1245/1215
f 1204/1234/1204 1216/1246/1216 1196/1226/1196
f 1217/1247/1217 1216/1246/1216 1203/1233/1203
f 1114/1144/1114 1217/1247/1217 1203/1233/1203
f 1217/1247/1217 1182/1212/1182 1211/1241/1211
f 1213/1243/1213 1214/1244/1214 1218/1248/1218
f 1196/1226/1196 1218/1248/1218 1214/1244/1214
f 1220/1250/1220 1219/1249/1219 1200/1230/1200
f 1219/1249/1219 1220/1250/1220 1221/1251/1221
f 1204/1234/1204 1220/1250/1220 1200/1230/1200
f 1205/1235/1205 1220/1250/1220 1214/1244/1214
f 1222/1252/1222 1221/1251/1221 1205/1235/1205
f 1246/1276/1246 1225/1255/1225 760/790/760
f 1205/1235/1205 1213/1243/1213 1223/1253/1223
f 933/963/933 1224/1254/1224 926/956/926
f 1206/1236/1206 1226/1256/1226 1223/1253/1223
f 1227/1257/1227 1226/1256/1226 734/764/734
f 1224/1254/1224 760/790/760 1225/1255/1225
f 926/956/926 1224/1254/1224 1222/1252/1222
f 1199/1229/1199 1221/1251/1221 1225/1255/1225
f 1224/1254/1224 1225/1255/1225 1221/1251/1221
f 1209/1239/1209 1226/1256/1226 1206/1236/1206
f 1227/1257/1227 734/764/734 936/966/936
f 1222/1252/1222 1227/1257/1227 926/956/926
f 1226/1256/1226 1227/1257/1227 1223/1253/1223
f 1231/1261/1231 1233/1263/1233 1234/1264/1234
f 773/803/773 821/851/821 1228/1258/1228
f 1261/1291/1261 1233/1263/1233 1231/1261/1231
f 1261/1291/1261 1231/1261/1231 1237/1267/1237
f 1233/1263/1233 1259/1289/1259 1230/1260/1230
f 1253/1283/1253 1153/1183/1153 773/803/773
f 812/842/812 1235/1265/1235 1231/1261/1231
f 1231/1261/1231 1235/1265/1235 1237/1267/1237
f 1256/1286/1256 1257/1287/1257 1259/1289/1259
f 1250/1280/1250 1251/1281/1251 1169/1199/1169
f 1233/1263/1233 1229/1259/1229 1259/1289/1259
f 1234/1264/1234 1233/1263/1233 1230/1260/1230
f 773/803/773 1234/1264/1234 1230/1260/1230
f 812/842/812 1234/1264/1234 1228/1258/1228
f 813/843/813 1235/1265/1235 812/842/812
f 765/795/765 1241/1271/1241 1237/1267/1237
f 1241/1271/1241 1238/1268/1238 1236/1266/1236
f 909/939/909 1263/1293/1263 906/936/906
f 765/795/765 1237/1267/1237 1235/1265/1235
f 1236/1266/1236 1260/1290/1260 1261/1291/1261
f 906/936/906 1239/1269/1239 1004/1034/1004
f 1236/1266/1236 1237/1267/1237 1241/1271/1241
f 906/936/906 1263/1293/1263 1265/1295/1265
f 735/765/735 1239/1269/1239 1238/1268/1238
f 925/955/925 924/954/924 1264/1294/1264
f 1262/1292/1262 1256/1286/1256 1260/1290/1260
f 1242/1272/1242 765/795/765 811/841/811
f 1242/1272/1242 1243/1273/1243 1241/1271/1241
f 1243/1273/1243 1242/1272/1242 737/767/737
f 765/795/765 1242/1272/1242 1241/1271/1241
f 815/845/815 1243/1273/1243 737/767/737
f 1243/1273/1243 735/765/735 1238/1268/1238
f 1265/1295/1265 1238/1268/1238 1239/1269/1239
f 1260/1290/1260 1244/1274/1244 1240/1270/1240
f 1051/1081/1051 1245/1275/1245 784/814/784
f 970/1000/970 1245/1275/1245 853/883/853
f 806/836/806 1074/1104/1074 1247/1277/1247
f 935/965/935 1246/1276/1246 760/790/760
f 1201/1231/1201 1247/1277/1247 1074/1104/1074
f 1199/1229/1199 1246/1276/1246 1247/1277/1247
f 1104/1134/1104 1249/1279/1249 1248/1278/1248
f 1250/1280/1250 1248/1278/1248 741/771/741
f 1157/1187/1157 1249/1279/1249 1104/1134/1104
f 741/771/741 1248/1278/1248 1249/1279/1249
f 1251/1281/1251 1250/1280/1250 741/771/741
f 1169/1199/1169 1105/1135/1105 1250/1280/1250
f 1252/1282/1252 1251/1281/1251 741/771/741
f 1251/1281/1251 1232/1262/1232 1258/1288/1258
f 1157/1187/1157 1252/1282/1252 741/771/741
f 1153/1183/1153 1253/1283/1253 1097/1127/1097
f 1230/1260/1230 1232/1262/1232 1253/1283/1253
f 1232/1262/1232 1252/1282/1252 1253/1283/1253
f 1255/1285/1255 1254/1284/1254 1089/1119/1089
f 1105/1135/1105 1254/1284/1254 774/804/774
f 1007/1037/1007 1255/1285/1255 1089/1119/1089
f 774/804/774 1255/1285/1255 1149/1179/1149
f 1257/1287/1257 1256/1286/1256 922/952/922
f 1256/1286/1256 1229/1259/1229 1260/1290/1260
f 1257/1287/1257 922/952/922 1189/1219/1189
f 1259/1289/1259 1257/1287/1257 1232/1262/1232
f 1251/1281/1251 1258/1288/1258 1169/1199/1169
f 1232/1262/1232 1257/1287/1257 1258/1288/1258
f 1259/1289/1259 1232/1262/1232 1230/1260/1230
f 1256/1286/1256 1259/1289/1259 1229/1259/1229
f 1261/1291/1261 1260/1290/1260 1229/1259/1229
f 1260/1290/1260 1236/1266/1236 1244/1274/1244
f 1261/1291/1261 1229/1259/1229 1233/1263/1233
f 1236/1266/1236 1261/1291/1261 1237/1267/1237
f 1263/1293/1263 1264/1294/1264 1240/1270/1240
f 924/954/924 1256/1286/1256 1262/1292/1262
f 894/924/894 925/955/925 1264/1294/1264
f 1240/1270/1240 1244/1274/1244 1265/1295/1265
f 1240/1270/1240 1264/1294/1264 1262/1292/1262
f 894/924/894 1264/1294/1264 1263/1293/1263
f 906/936/906 1265/1295/1265 1239/1269/1239
f 1240/1270/1240 1265/1295/1265 1263/1293/1263
f 776/806/776 830/860/830 1268/1298/1268
f 834/864/834 1269/1299/1269 968/998/968
f 1270/1300/1270 742/772/742 987/1017/987
f 777/807/777 1267/1297/1267 1266/1296/1266
f 968/998/968 1268/1298/1268 827/857/827
f 1268/1298/1268 1266/1296/1266 1270/1300/1270
f 777/807/777 1269/1299/1269 834/864/834
f 1268/1298/1268 1269/1299/1269 1266/1296/1266
f 1268/1298/1268 1270/1300/1270 776/806/776
f 1267/1297/1267 1270/1300/1270 1266/1296/1266
s 1
usemtl FABRIC_1_FRONT_2187
f 1369/1427/1369 1341/1399/1341 1339/1397/1339
f 1301/1359/1301 1300/1358/1300 1344/1402/1344
f 1341/1399/1341 1342/1400/1342 1339/1397/1339
f 1415/1473/1415 1373/1431/1373 1372/1430/1372
f 1415/1473/1415 1303/1361/1303 1302/1360/1302
f 1489/1547/1489 1337/1395/1337 1487/1545/1487
f 1344/1402/1344 1373/1431/1373 1417/1475/1417
f 1342/1400/1342 657/1307/657 1486/1544/1486
f 1418/1476/1418 1299/1357/1299 1298/1356/1298
f 1304/1362/1304 1496/1554/1496 1305/1363/1305
f 1494/1552/1494 1496/1554/1496 1304/1362/1304
f 1300/1358/1300 1299/1357/1299 1344/1402/1344
f 1447/1505/1447 1442/1500/1442 1393/1451/1393
f 1425/1483/1425 1503/1561/1503 1504/1562/1504
f 1516/1574/1516 1427/1485/1427 1513/1571/1513
f 1307/1365/1307 1306/1364/1306 1576/1634/1576
f 1306/1364/1306 1305/1363/1305 1491/1549/1491
f 1502/1560/1502 1423/1481/1423 1501/1559/1501
f 1304/1362/1304 1303/1361/1303 1494/1552/1494
f 1338/1396/1338 1341/1399/1341 1343/1401/1343
f 1498/1556/1498 1419/1477/1419 1298/1356/1298
f 1650/1708/1650 1395/1453/1395 1604/1662/1604
f 1296/1354/1296 1295/1353/1295 1501/1559/1501
f 1420/1478/1420 1421/1479/1421 1579/1637/1579
f 1374/1432/1374 1497/1555/1497 1422/1480/1422
f 1514/1572/1514 1607/1665/1607 1608/1666/1608
f 1595/1653/1595 1502/1560/1502 1596/1654/1596
f 1497/1555/1497 1423/1481/1423 1499/1557/1499
f 1398/1456/1398 1401/1459/1401 679/1329/679
f 1310/1368/1310 1513/1571/1513 1311/1369/1311
f 1513/1571/1513 1517/1575/1517 1311/1369/1311
f 1313/1371/1313 1611/1669/1611 1613/1671/1613
f 1286/1323/1286 1433/1491/1433 1384/1442/1384
f 1519/1577/1519 1619/1677/1619 1839/1897/1839
f 1521/1579/1521 1429/1487/1429 1518/1576/1518
f 1440/1498/1440 1441/1499/1441 1657/1715/1657
f 1311/1369/1311 1517/1575/1517 1312/1370/1312
f 1620/1678/1620 1318/1376/1318 1621/1679/1621
f 1616/1674/1616 1519/1577/1519 1615/1673/1615
f 1373/1431/1373 1418/1476/1418 1420/1478/1420
f 685/1335/685 1508/1566/1508 686/1336/686
f 1578/1636/1578 1307/1365/1307 1576/1634/1576
f 1331/1389/1331 1351/1409/1351 1350/1408/1350
f 1699/1757/1699 1518/1576/1518 1522/1580/1522
f 1330/1388/1330 1351/1409/1351 1331/1389/1331
f 1321/1379/1321 1320/1378/1320 1532/1590/1532
f 1528/1586/1528 1637/1695/1637 1689/1747/1689
f 1351/1409/1351 1349/1407/1349 1352/1410/1352
f 1518/1576/1518 1429/1487/1429 1522/1580/1522
f 1350/1408/1350 1351/1409/1351 1352/1410/1352
f 1273/1303/1273 1272/1302/1272 1352/1410/1352
f 1530/1588/1530 1437/1495/1437 1527/1585/1527
f 1700/1758/1700 1283/1320/1283 1282/1319/1282
f 1451/1509/1451 1394/1452/1394 1448/1506/1448
f 1537/1595/1537 695/1345/695 694/1344/694
f 1325/1383/1325 1324/1382/1324 1531/1589/1531
f 1487/1545/1487 1337/1395/1337 1370/1428/1370
f 696/1346/696 695/1345/695 1354/1412/1354
f 1323/1381/1323 1527/1585/1527 1324/1382/1324
f 1586/1644/1586 1585/1643/1585 1371/1429/1371
f 1634/1692/1634 1635/1693/1635 1528/1586/1528
f 1349/1407/1349 1481/1539/1481 1392/1450/1392
f 1558/1616/1558 1655/1713/1655 1560/1618/1560
f 1349/1407/1349 1351/1409/1351 1390/1448/1390
f 1362/1420/1362 1361/1419/1361 1356/1414/1356
f 1440/1498/1440 1390/1448/1390 1330/1388/1330
f 1331/1389/1331 1350/1408/1350 1271/1301/1271
f 1358/1416/1358 1288/1325/1288 1359/1417/1359
f 1330/1388/1330 1329/1387/1329 1440/1498/1440
f 1358/1416/1358 1356/1414/1356 1288/1325/1288
f 1337/1395/1337 1463/1521/1463 1343/1401/1343
f 1271/1301/1271 1350/1408/1350 1272/1302/1272
f 1350/1408/1350 1352/1410/1352 1272/1302/1272
f 1464/1522/1464 1461/1519/1461 1460/1518/1460
f 1486/1544/1486 656/1306/656 1275/1305/1275
f 1278/1315/1278 1458/1516/1458 1279/1316/1279
f 1359/1417/1359 1288/1325/1288 1287/1324/1287
f 1277/1314/1277 1276/1313/1276 1336/1394/1336
f 1339/1397/1339 1370/1428/1370 1369/1427/1369
f 1410/1468/1410 1275/1305/1275 1274/1304/1274
f 1343/1401/1343 1341/1399/1341 1369/1427/1369
f 1357/1415/1357 1358/1416/1358 1359/1417/1359
f 1316/1374/1316 1518/1576/1518 1317/1375/1317
f 1357/1415/1357 1359/1417/1359 1383/1441/1383
f 1494/1552/1494 1415/1473/1415 1416/1474/1416
f 1568/1626/1568 1480/1538/1480 1481/1539/1481
f 1442/1500/1442 1447/1505/1447 1538/1596/1538
f 1418/1476/1418 1344/1402/1344 1299/1357/1299
f 1535/1593/1535 1444/1502/1444 1443/1501/1443
f 1302/1360/1302 1301/1359/1301 1417/1475/1417
f 1514/1572/1514 1610/1668/1610 1698/1756/1698
f 1448/1506/1448 1452/1510/1452 693/1343/693
f 1372/1430/1372 1495/1553/1495 1416/1474/1416
f 1291/1349/1291 1442/1500/1442 1292/1350/1292
f 1289/1347/1289 696/1346/696 1354/1412/1354
f 1337/1395/1337 1369/1427/1369 1370/1428/1370
f 1370/1428/1370 1368/1426/1368 1490/1548/1490
f 1555/1613/1555 1444/1502/1444 1537/1595/1537
f 1442/1500/1442 1446/1504/1446 1393/1451/1393
f 1339/1397/1339 1412/1470/1412 1370/1428/1370
f 1370/1428/1370 1490/1548/1490 1487/1545/1487
f 1448/1506/1448 693/1343/693 692/1342/692
f 1343/1401/1343 1369/1427/1369 1337/1395/1337
f 1536/1594/1536 1354/1412/1354 1444/1502/1444
f 1422/1480/1422 1591/1649/1591 1345/1403/1345
f 1539/1597/1539 1540/1598/1540 1449/1507/1449
f 1453/1511/1453 1540/1598/1540 1541/1599/1541
f 1367/1425/1367 1366/1424/1366 1409/1467/1409
f 1422/1480/1422 1345/1403/1345 1421/1479/1421
f 1405/1463/1405 1366/1424/1366 1459/1517/1459
f 1366/1424/1366 1367/1425/1367 1462/1520/1462
f 1426/1484/1426 1597/1655/1597 1504/1562/1504
f 1462/1520/1462 1367/1425/1367 1333/1391/1333
f 688/1338/688 687/1337/687 1503/1561/1503
f 683/1333/683 1457/1515/1457 1512/1570/1512
f 1485/1543/1485 1680/1738/1680 1484/1542/1484
f 1464/1522/1464 1474/1532/1474 1364/1422/1364
f 1457/1515/1457 682/1332/682 1455/1513/1455
f 1401/1459/1401 1404/1462/1404 1454/1512/1454
f 1360/1418/1360 1362/1420/1362 1363/1421/1363
f 1397/1455/1397 1363/1421/1363 1355/1413/1355
f 1694/1752/1694 1792/1850/1792 1603/1661/1603
f 1409/1467/1409 1278/1315/1278 1277/1314/1277
f 1454/1512/1454 1455/1513/1455 681/1331/681
f 1485/1543/1485 1573/1631/1573 1638/1696/1638
f 1692/1750/1692 1727/1785/1727 1764/1822/1764
f 1274/1304/1274 1273/1303/1273 1392/1450/1392
f 678/1328/678 1398/1456/1398 679/1329/679
f 1571/1629/1571 1279/1316/1279 1458/1516/1458
f 1367/1425/1367 1336/1394/1336 1333/1391/1333
f 661/1311/661 660/1310/660 1335/1393/1335
f 1624/1682/1624 1628/1686/1628 1629/1687/1629
f 1570/1628/1570 1281/1318/1281 1280/1317/1280
f 1340/1398/1340 660/1310/660 659/1309/659
f 1405/1463/1405 1661/1719/1661 1571/1629/1571
f 1334/1392/1334 1335/1393/1335 1336/1394/1336
f 1341/1399/1341 1340/1398/1340 659/1309/659
f 1338/1396/1338 1561/1619/1561 1335/1393/1335
f 1338/1396/1338 1340/1398/1340 1341/1399/1341
f 1286/1323/1286 1384/1442/1384 1287/1324/1287
f 1336/1394/1336 1335/1393/1335 1333/1391/1333
f 1275/1305/1275 1410/1468/1410 1412/1470/1412
f 658/1308/658 657/1307/657 1342/1400/1342
f 1336/1394/1336 1276/1313/1276 1334/1392/1334
f 1336/1394/1336 1367/1425/1367 1277/1314/1277
f 1335/1393/1335 1340/1398/1340 1338/1396/1338
f 1335/1393/1335 1334/1392/1334 661/1311/661
f 1572/1630/1572 1281/1318/1281 1570/1628/1570
f 1398/1456/1398 678/1328/678 1399/1457/1399
f 677/1327/677 1361/1419/1361 678/1328/678
f 1385/1443/1385 1357/1415/1357 1383/1441/1383
f 1356/1414/1356 1361/1419/1361 677/1327/677
f 676/1326/676 1356/1414/1356 677/1327/677
f 1362/1420/1362 1356/1414/1356 1358/1416/1358
f 1363/1421/1363 1397/1455/1397 1400/1458/1400
f 676/1326/676 1288/1325/1288 1356/1414/1356
f 1360/1418/1360 1398/1456/1398 1399/1457/1399
f 1484/1542/1484 1328/1386/1328 1327/1385/1327
f 1341/1399/1341 659/1309/659 658/1308/658
f 1364/1422/1364 1459/1517/1459 1461/1519/1461
f 1340/1398/1340 1335/1393/1335 660/1310/660
f 1334/1392/1334 1276/1313/1276 662/1312/662
f 1339/1397/1339 1486/1544/1486 1412/1470/1412
f 1352/1410/1352 1392/1450/1392 1273/1303/1273
f 1774/1832/1774 1347/1405/1347 1840/1898/1840
f 1342/1400/1342 1341/1399/1341 658/1308/658
f 1284/1321/1284 1524/1582/1524 1285/1322/1285
f 662/1312/662 661/1311/661 1334/1392/1334
f 1363/1421/1363 1362/1420/1362 1357/1415/1357
f 1433/1491/1433 1435/1493/1435 1384/1442/1384
f 1363/1421/1363 1357/1415/1357 1385/1443/1385
f 1285/1322/1285 1432/1490/1432 1433/1491/1433
f 1361/1419/1361 1362/1420/1362 1360/1418/1360
f 1451/1509/1451 1546/1604/1546 1394/1452/1394
f 1418/1476/1418 1373/1431/1373 1344/1402/1344
f 1358/1416/1358 1357/1415/1357 1362/1420/1362
f 1599/1657/1599 1425/1483/1425 1504/1562/1504
f 1880/1938/1880 1893/1951/1893 1884/1942/1884
f 1859/1917/1859 1881/1939/1881 1618/1676/1618
f 1696/1754/1696 1737/1795/1737 1794/1852/1794
f 1897/1955/1897 1902/1960/1902 1898/1956/1898
f 1779/1837/1779 1385/1443/1385 1386/1444/1386
f 1643/1701/1643 1388/1446/1388 1640/1698/1640
f 1524/1582/1524 1525/1583/1525 1431/1489/1431
f 1281/1318/1281 1572/1630/1572 1282/1319/1282
f 1706/1764/1706 1435/1493/1435 1704/1762/1704
f 1810/1868/1810 1802/1860/1802 1829/1887/1829
f 1383/1441/1383 1359/1417/1359 1384/1442/1384
f 1386/1444/1386 1385/1443/1385 1382/1440/1382
f 1359/1417/1359 1287/1324/1287 1384/1442/1384
f 1383/1441/1383 1382/1440/1382 1385/1443/1385
f 1524/1582/1524 1432/1490/1432 1285/1322/1285
f 1382/1440/1382 1383/1441/1383 1384/1442/1384
f 1386/1444/1386 1382/1440/1382 1434/1492/1434
f 1363/1421/1363 1385/1443/1385 1355/1413/1355
f 1386/1444/1386 1434/1492/1434 1633/1691/1633
f 1783/1841/1783 1781/1839/1781 1775/1833/1775
f 1380/1438/1380 1624/1682/1624 1629/1687/1629
f 1680/1738/1680 1407/1465/1407 1484/1542/1484
f 1533/1591/1533 1438/1496/1438 1532/1590/1532
f 1819/1877/1819 1348/1406/1348 1701/1759/1701
f 1534/1592/1534 1329/1387/1329 1328/1386/1328
f 1467/1525/1467 1470/1528/1470 1569/1627/1569
f 1330/1388/1330 1390/1448/1390 1351/1409/1351
f 1568/1626/1568 1390/1448/1390 1389/1447/1389
f 1470/1528/1470 1413/1471/1413 1476/1534/1476
f 1479/1537/1479 1410/1468/1410 1411/1469/1411
f 1349/1407/1349 1392/1450/1392 1352/1410/1352
f 1392/1450/1392 1391/1449/1391 1411/1469/1411
f 1442/1500/1442 1535/1593/1535 1446/1504/1446
f 1594/1652/1594 1423/1481/1423 1502/1560/1502
f 1448/1506/1448 1539/1597/1539 1451/1509/1451
f 1713/1771/1713 1549/1607/1549 1353/1411/1353
f 688/1338/688 1507/1565/1507 689/1339/689
f 1544/1602/1544 1601/1659/1601 1604/1662/1604
f 1557/1615/1557 1715/1773/1715 1717/1775/1717
f 1454/1512/1454 681/1331/681 680/1330/680
f 1716/1774/1716 1654/1712/1654 1715/1773/1715
f 1400/1458/1400 1397/1455/1397 1402/1460/1402
f 1400/1458/1400 1398/1456/1398 1360/1418/1360
f 1400/1458/1400 1402/1460/1402 1398/1456/1398
f 678/1328/678 1361/1419/1361 1399/1457/1399
f 1360/1418/1360 1399/1457/1399 1361/1419/1361
f 1363/1421/1363 1400/1458/1400 1360/1418/1360
f 1402/1460/1402 1397/1455/1397 1396/1454/1396
f 1402/1460/1402 1404/1462/1404 1401/1459/1401
f 680/1330/680 679/1329/679 1401/1459/1401
f 1404/1462/1404 1402/1460/1402 1396/1454/1396
f 1398/1456/1398 1402/1460/1402 1401/1459/1401
f 1653/1711/1653 1456/1514/1456 1455/1513/1455
f 1558/1616/1558 1556/1614/1556 1456/1514/1456
f 1557/1615/1557 1404/1462/1404 1396/1454/1396
f 1404/1462/1404 1403/1461/1403 1454/1512/1454
f 1458/1516/1458 1409/1467/1409 1405/1463/1405
f 1406/1464/1406 1482/1540/1482 1662/1720/1662
f 1474/1532/1474 1464/1522/1464 1466/1524/1466
f 1669/1727/1669 1670/1728/1670 1673/1731/1673
f 1573/1631/1573 1327/1385/1327 1326/1384/1326
f 1659/1717/1659 1365/1423/1365 1660/1718/1660
f 1324/1382/1324 1527/1585/1527 1531/1589/1531
f 1406/1464/1406 1662/1720/1662 1663/1721/1663
f 1367/1425/1367 1409/1467/1409 1277/1314/1277
f 1405/1463/1405 1409/1467/1409 1366/1424/1366
f 1411/1469/1411 1410/1468/1410 1274/1304/1274
f 1412/1470/1412 1410/1468/1410 1368/1426/1368
f 1392/1450/1392 1411/1469/1411 1274/1304/1274
f 1479/1537/1479 1477/1535/1477 1368/1426/1368
f 1370/1428/1370 1412/1470/1412 1368/1426/1368
f 1342/1400/1342 1486/1544/1486 1339/1397/1339
f 1477/1535/1477 1475/1533/1475 1476/1534/1476
f 1476/1534/1476 1478/1536/1478 1569/1627/1569
f 1585/1643/1585 1590/1648/1590 1588/1646/1588
f 1493/1551/1493 1576/1634/1576 1491/1549/1491
f 1415/1473/1415 1302/1360/1302 1417/1475/1417
f 1416/1474/1416 1415/1473/1415 1372/1430/1372
f 1495/1553/1495 1372/1430/1372 1579/1637/1579
f 1580/1638/1580 1581/1639/1581 1496/1554/1496
f 1344/1402/1344 1417/1475/1417 1301/1359/1301
f 1415/1473/1415 1417/1475/1417 1373/1431/1373
f 1298/1356/1298 1419/1477/1419 1418/1476/1418
f 1418/1476/1418 1419/1477/1419 1420/1478/1420
f 1498/1556/1498 1298/1356/1298 1297/1355/1297
f 1420/1478/1420 1419/1477/1419 1374/1432/1374
f 1421/1479/1421 1420/1478/1420 1374/1432/1374
f 1372/1430/1372 1373/1431/1373 1420/1478/1420
f 1422/1480/1422 1421/1479/1421 1374/1432/1374
f 1421/1479/1421 1345/1403/1345 1579/1637/1579
f 1498/1556/1498 1374/1432/1374 1419/1477/1419
f 1592/1650/1592 1591/1649/1591 1422/1480/1422
f 1502/1560/1502 1295/1353/1295 1294/1352/1294
f 1499/1557/1499 1375/1433/1375 1422/1480/1422
f 1712/1770/1712 1651/1709/1651 1393/1451/1393
f 1651/1709/1651 1713/1771/1713 1746/1804/1746
f 1601/1659/1601 1602/1660/1602 1604/1662/1604
f 1543/1601/1543 1453/1511/1453 1645/1703/1645
f 1511/1569/1511 1508/1566/1508 1605/1663/1605
f 1508/1566/1508 1511/1569/1511 1426/1484/1426
f 1513/1571/1513 1607/1665/1607 1516/1574/1516
f 1742/1800/1742 1614/1672/1614 1515/1573/1515
f 1455/1513/1455 682/1332/682 681/1331/681
f 1899/1957/1899 1900/1958/1900 1905/1963/1905
f 1518/1576/1518 1615/1673/1615 1521/1579/1521
f 1640/1698/1640 1438/1496/1438 1533/1591/1533
f 1312/1370/1312 1515/1573/1515 1611/1669/1611
f 1871/1929/1871 1851/1909/1851 1850/1908/1850
f 1623/1681/1623 1284/1321/1284 1283/1320/1283
f 1705/1763/1705 1702/1760/1702 1704/1762/1704
f 1432/1490/1432 1705/1763/1705 1704/1762/1704
f 1381/1439/1381 1434/1492/1434 1435/1493/1435
f 1285/1322/1285 1433/1491/1433 1286/1323/1286
f 1435/1493/1435 1433/1491/1433 1432/1490/1432
f 1435/1493/1435 1434/1492/1434 1382/1440/1382
f 1633/1691/1633 1434/1492/1434 1381/1439/1381
f 1384/1442/1384 1435/1493/1435 1382/1440/1382
f 1435/1493/1435 1432/1490/1432 1704/1762/1704
f 1745/1803/1745 1802/1860/1802 1800/1858/1800
f 1867/1925/1867 1868/1926/1868 1812/1870/1812
f 1527/1585/1527 1634/1692/1634 1530/1588/1530
f 1684/1742/1684 1687/1745/1687 1674/1732/1674
f 1639/1697/1639 1320/1378/1320 1319/1377/1319
f 1528/1586/1528 1635/1693/1635 1637/1695/1637
f 1837/1895/1837 1379/1437/1379 1831/1889/1831
f 1814/1872/1814 1812/1870/1812 1813/1871/1813
f 1440/1498/1440 1329/1387/1329 1534/1592/1534
f 1390/1448/1390 1440/1498/1440 1389/1447/1389
f 1441/1499/1441 1534/1592/1534 1484/1542/1484
f 1660/1718/1660 1658/1716/1658 1659/1717/1659
f 1535/1593/1535 1291/1349/1291 1290/1348/1290
f 1393/1451/1393 1806/1864/1806 1447/1505/1447
f 1290/1348/1290 1289/1347/1289 1536/1594/1536
f 1552/1610/1552 1553/1611/1553 1551/1609/1551
f 1537/1595/1537 1354/1412/1354 695/1345/695
f 693/1343/693 1452/1510/1452 694/1344/694
f 1596/1654/1596 1693/1751/1693 1595/1653/1595
f 1292/1350/1292 1538/1596/1538 1293/1351/1293
f 1535/1593/1535 1442/1500/1442 1291/1349/1291
f 1551/1609/1551 1446/1504/1446 1443/1501/1443
f 1806/1864/1806 1393/1451/1393 1651/1709/1651
f 1447/1505/1447 1445/1503/1445 1538/1596/1538
f 1539/1597/1539 692/1342/692 691/1341/691
f 1450/1508/1450 1554/1612/1554 1553/1611/1553
f 1540/1598/1540 691/1341/691 690/1340/690
f 1549/1607/1549 1546/1604/1546 1545/1603/1545
f 1549/1607/1549 1550/1608/1550 1652/1710/1652
f 1537/1595/1537 1444/1502/1444 1354/1412/1354
f 1539/1597/1539 1448/1506/1448 692/1342/692
f 1542/1600/1542 1548/1606/1548 1449/1507/1449
f 1554/1612/1554 1448/1506/1448 1394/1452/1394
f 1452/1510/1452 1450/1508/1450 1537/1595/1537
f 688/1338/688 1503/1561/1503 1507/1565/1507
f 1540/1598/1540 1542/1600/1542 1449/1507/1449
f 1454/1512/1454 680/1330/680 1401/1459/1401
f 1455/1513/1455 1454/1512/1454 1403/1461/1403
f 1455/1513/1455 1403/1461/1403 1653/1711/1653
f 1455/1513/1455 1556/1614/1556 1457/1515/1457
f 1404/1462/1404 1557/1615/1557 1653/1711/1653
f 1900/1958/1900 1901/1959/1901 1903/1961/1903
f 1512/1570/1512 1457/1515/1457 1428/1486/1428
f 683/1333/683 682/1332/682 1457/1515/1457
f 1409/1467/1409 1458/1516/1458 1278/1315/1278
f 1571/1629/1571 1458/1516/1458 1405/1463/1405
f 1461/1519/1461 1366/1424/1366 1462/1520/1462
f 1661/1719/1661 1459/1517/1459 1364/1422/1364
f 1463/1521/1463 1561/1619/1561 1343/1401/1343
f 1488/1546/1488 1460/1518/1460 1489/1547/1489
f 1366/1424/1366 1461/1519/1461 1459/1517/1459
f 1575/1633/1575 1488/1546/1488 1487/1545/1487
f 1333/1391/1333 1335/1393/1335 1561/1619/1561
f 1461/1519/1461 1462/1520/1462 1460/1518/1460
f 1460/1518/1460 1462/1520/1462 1463/1521/1463
f 1462/1520/1462 1333/1391/1333 1561/1619/1561
f 1464/1522/1464 1332/1390/1332 1466/1524/1466
f 1364/1422/1364 1461/1519/1461 1464/1522/1464
f 1469/1527/1469 1471/1529/1471 1466/1524/1466
f 1674/1732/1674 1387/1445/1387 1722/1780/1722
f 1469/1527/1469 1466/1524/1466 1332/1390/1332
f 1466/1524/1466 1465/1523/1465 1468/1526/1468
f 1469/1527/1469 1332/1390/1332 1470/1528/1470
f 1471/1529/1471 1465/1523/1465 1466/1524/1466
f 1562/1620/1562 1468/1526/1468 1465/1523/1465
f 1482/1540/1482 1571/1629/1571 1662/1720/1662
f 1332/1390/1332 1575/1633/1575 1470/1528/1470
f 1469/1527/1469 1467/1525/1467 1471/1529/1471
f 1476/1534/1476 1413/1471/1413 1477/1535/1477
f 1467/1525/1467 1469/1527/1469 1470/1528/1470
f 1566/1624/1566 1564/1622/1564 1565/1623/1565
f 1656/1714/1656 1472/1530/1472 1670/1728/1670
f 1465/1523/1465 1471/1529/1471 1473/1531/1473
f 1471/1529/1471 1565/1623/1565 1473/1531/1473
f 1471/1529/1471 1467/1525/1467 1565/1623/1565
f 1563/1621/1563 1473/1531/1473 1670/1728/1670
f 1466/1524/1466 1468/1526/1468 1474/1532/1474
f 1364/1422/1364 1474/1532/1474 1468/1526/1468
f 1481/1539/1481 1349/1407/1349 1568/1626/1568
f 1440/1498/1440 1657/1715/1657 1389/1447/1389
f 1413/1471/1413 1490/1548/1490 1477/1535/1477
f 1476/1534/1476 1475/1533/1475 1478/1536/1478
f 1368/1426/1368 1410/1468/1410 1479/1537/1479
f 1479/1537/1479 1480/1538/1480 1477/1535/1477
f 1568/1626/1568 1475/1533/1475 1480/1538/1480
f 1478/1536/1478 1365/1423/1365 1566/1624/1566
f 1411/1469/1411 1391/1449/1391 1479/1537/1479
f 1480/1538/1480 1479/1537/1479 1391/1449/1391
f 1481/1539/1481 1480/1538/1480 1391/1449/1391
f 1477/1535/1477 1480/1538/1480 1475/1533/1475
f 1392/1450/1392 1481/1539/1481 1391/1449/1391
f 1657/1715/1657 1568/1626/1568 1389/1447/1389
f 1482/1540/1482 1570/1628/1570 1571/1629/1571
f 1664/1722/1664 1572/1630/1572 1482/1540/1482
f 1678/1736/1678 1666/1724/1666 1665/1723/1665
f 1624/1682/1624 1431/1489/1431 1525/1583/1525
f 1484/1542/1484 1327/1385/1327 1573/1631/1573
f 1441/1499/1441 1484/1542/1484 1407/1465/1407
f 1638/1696/1638 1325/1383/1325 1708/1766/1708
f 1574/1632/1574 1365/1423/1365 1659/1717/1659
f 656/1306/656 1486/1544/1486 657/1307/657
f 1275/1305/1275 1412/1470/1412 1486/1544/1486
f 1413/1471/1413 1575/1633/1575 1487/1545/1487
f 1332/1390/1332 1464/1522/1464 1488/1546/1488
f 1464/1522/1464 1460/1518/1460 1488/1546/1488
f 1489/1547/1489 1460/1518/1460 1463/1521/1463
f 1337/1395/1337 1489/1547/1489 1463/1521/1463
f 1487/1545/1487 1488/1546/1488 1489/1547/1489
f 1477/1535/1477 1490/1548/1490 1368/1426/1368
f 1487/1545/1487 1490/1548/1490 1413/1471/1413
f 1496/1554/1496 1491/1549/1491 1305/1363/1305
f 1493/1551/1493 1491/1549/1491 1414/1472/1414
f 1577/1635/1577 1691/1749/1691 1690/1748/1690
f 1727/1785/1727 1730/1788/1730 1589/1647/1589
f 1493/1551/1493 1414/1472/1414 1583/1641/1583
f 1307/1365/1307 1578/1636/1578 1308/1366/1308
f 1415/1473/1415 1494/1552/1494 1303/1361/1303
f 1496/1554/1496 1494/1552/1494 1416/1474/1416
f 1593/1651/1593 1586/1644/1586 1495/1553/1495
f 1580/1638/1580 1495/1553/1495 1586/1644/1586
f 1496/1554/1496 1416/1474/1416 1580/1638/1580
f 1491/1549/1491 1496/1554/1496 1414/1472/1414
f 1297/1355/1297 1296/1354/1296 1497/1555/1497
f 1497/1555/1497 1296/1354/1296 1501/1559/1501
f 1297/1355/1297 1497/1555/1497 1498/1556/1498
f 1374/1432/1374 1498/1556/1498 1497/1555/1497
f 1375/1433/1375 1499/1557/1499 1423/1481/1423
f 1422/1480/1422 1497/1555/1497 1499/1557/1499
f 1595/1653/1595 1424/1482/1424 1753/1811/1753
f 1582/1640/1582 1588/1646/1588 1577/1635/1577
f 1502/1560/1502 1501/1559/1501 1295/1353/1295
f 1497/1555/1497 1501/1559/1501 1423/1481/1423
f 1294/1352/1294 1293/1351/1293 1596/1654/1596
f 1423/1481/1423 1594/1652/1594 1375/1433/1375
f 686/1336/686 1510/1568/1510 1506/1564/1506
f 1505/1563/1505 1503/1561/1503 1425/1483/1425
f 687/1337/687 1506/1564/1506 1503/1561/1503
f 1508/1566/1508 1504/1562/1504 1510/1568/1510
f 1543/1601/1543 1544/1602/1544 1395/1453/1395
f 1453/1511/1453 1541/1599/1541 1644/1702/1644
f 686/1336/686 1506/1564/1506 687/1337/687
f 1504/1562/1504 1503/1561/1503 1506/1564/1506
f 1503/1561/1503 1505/1563/1505 1507/1565/1507
f 1507/1565/1507 1505/1563/1505 1644/1702/1644
f 1605/1663/1605 685/1335/685 684/1334/684
f 1504/1562/1504 1508/1566/1508 1426/1484/1426
f 1606/1664/1606 684/1334/684 683/1333/683
f 1900/1958/1900 1903/1961/1903 1378/1436/1378
f 1506/1564/1506 1510/1568/1510 1504/1562/1504
f 686/1336/686 1508/1566/1508 1510/1568/1510
f 1605/1663/1605 1508/1566/1508 685/1335/685
f 1897/1955/1897 1511/1569/1511 1509/1567/1509
f 1428/1486/1428 1903/1961/1903 1512/1570/1512
f 1605/1663/1605 1606/1664/1606 1509/1567/1509
f 1607/1665/1607 1310/1368/1310 1309/1367/1309
f 1427/1485/1427 1515/1573/1515 1517/1575/1517
f 1608/1666/1608 1309/1367/1309 1308/1366/1308
f 1514/1572/1514 1608/1666/1608 1610/1668/1610
f 1427/1485/1427 1738/1796/1738 1741/1799/1741
f 1523/1581/1523 1611/1669/1611 1614/1672/1614
f 1607/1665/1607 1513/1571/1513 1310/1368/1310
f 1698/1756/1698 1516/1574/1516 1514/1572/1514
f 1427/1485/1427 1517/1575/1517 1513/1571/1513
f 1312/1370/1312 1517/1575/1517 1515/1573/1515
f 1615/1673/1615 1316/1374/1316 1315/1373/1315
f 1439/1497/1439 1835/1893/1835 1833/1891/1833
f 1616/1674/1616 1315/1373/1315 1314/1372/1314
f 1429/1487/1429 1839/1897/1839 1848/1906/1848
f 1620/1678/1620 1622/1680/1622 1641/1699/1641
f 1318/1376/1318 1699/1757/1699 1621/1679/1621
f 1615/1673/1615 1518/1576/1518 1316/1374/1316
f 1839/1897/1839 1521/1579/1521 1519/1577/1519
f 1835/1893/1835 1522/1580/1522 1429/1487/1429
f 1520/1578/1520 1621/1679/1621 1699/1757/1699
f 1611/1669/1611 1313/1371/1313 1312/1370/1312
f 1616/1674/1616 1619/1677/1619 1519/1577/1519
f 1524/1582/1524 1284/1321/1284 1623/1681/1623
f 1432/1490/1432 1524/1582/1524 1431/1489/1431
f 1700/1758/1700 1572/1630/1572 1626/1684/1626
f 1431/1489/1431 1624/1682/1624 1380/1438/1380
f 1803/1861/1803 1702/1760/1702 1805/1863/1805
f 1776/1834/1776 1783/1841/1783 1775/1833/1775
f 1634/1692/1634 1323/1381/1323 1322/1380/1322
f 1531/1589/1531 1527/1585/1527 1723/1781/1723
f 1635/1693/1635 1322/1380/1322 1321/1379/1321
f 1635/1693/1635 1707/1765/1707 1637/1695/1637
f 1408/1466/1408 1686/1744/1686 1684/1742/1684
f 1681/1739/1681 1638/1696/1638 1709/1767/1709
f 1634/1692/1634 1527/1585/1527 1323/1381/1323
f 1689/1747/1689 1530/1588/1530 1528/1586/1528
f 1723/1781/1723 1527/1585/1527 1437/1495/1437
f 1531/1589/1531 1529/1587/1529 1708/1766/1708
f 1532/1590/1532 1320/1378/1320 1639/1697/1639
f 1635/1693/1635 1532/1590/1532 1438/1496/1438
f 1620/1678/1620 1319/1377/1319 1318/1376/1318
f 1640/1698/1640 1388/1446/1388 1707/1765/1707
f 1484/1542/1484 1534/1592/1534 1328/1386/1328
f 1440/1498/1440 1534/1592/1534 1441/1499/1441
f 1535/1593/1535 1290/1348/1290 1536/1594/1536
f 1446/1504/1446 1535/1593/1535 1443/1501/1443
f 1354/1412/1354 1536/1594/1536 1289/1347/1289
f 1535/1593/1535 1536/1594/1536 1444/1502/1444
f 1452/1510/1452 1537/1595/1537 694/1344/694
f 1555/1613/1555 1450/1508/1450 1552/1610/1552
f 1538/1596/1538 1292/1350/1292 1442/1500/1442
f 1596/1654/1596 1538/1596/1538 1445/1503/1445
f 1540/1598/1540 1539/1597/1539 691/1341/691
f 1451/1509/1451 1539/1597/1539 1449/1507/1449
f 1541/1599/1541 1540/1598/1540 690/1340/690
f 1542/1600/1542 1540/1598/1540 1453/1511/1453
f 690/1340/690 689/1339/689 1541/1599/1541
f 1644/1702/1644 1541/1599/1541 689/1339/689
f 1453/1511/1453 1543/1601/1543 1542/1600/1542
f 1649/1707/1649 1545/1603/1545 1547/1605/1547
f 1453/1511/1453 1644/1702/1644 1645/1703/1645
f 1547/1605/1547 1545/1603/1545 1548/1606/1548
f 1425/1483/1425 1601/1659/1601 1505/1563/1505
f 1425/1483/1425 1599/1657/1599 1598/1656/1598
f 1547/1605/1547 1548/1606/1548 1542/1600/1542
f 1542/1600/1542 1543/1601/1543 1547/1605/1547
f 1449/1507/1449 1546/1604/1546 1451/1509/1451
f 1545/1603/1545 1749/1807/1749 1549/1607/1549
f 1543/1601/1543 1395/1453/1395 1547/1605/1547
f 1649/1707/1649 1710/1768/1710 1647/1705/1647
f 1545/1603/1545 1546/1604/1546 1548/1606/1548
f 1449/1507/1449 1548/1606/1548 1546/1604/1546
f 1651/1709/1651 1712/1770/1712 1713/1771/1713
f 1394/1452/1394 1546/1604/1546 1549/1607/1549
f 1551/1609/1551 1393/1451/1393 1446/1504/1446
f 1553/1611/1553 1552/1610/1552 1450/1508/1450
f 1552/1610/1552 1551/1609/1551 1443/1501/1443
f 1551/1609/1551 1550/1608/1550 1712/1770/1712
f 1555/1613/1555 1443/1501/1443 1444/1502/1444
f 1452/1510/1452 1554/1612/1554 1450/1508/1450
f 1652/1710/1652 1394/1452/1394 1549/1607/1549
f 1553/1611/1553 1652/1710/1652 1551/1609/1551
f 1448/1506/1448 1554/1612/1554 1452/1510/1452
f 1394/1452/1394 1553/1611/1553 1554/1612/1554
f 1450/1508/1450 1555/1613/1555 1537/1595/1537
f 1443/1501/1443 1555/1613/1555 1552/1610/1552
f 1457/1515/1457 1556/1614/1556 1428/1486/1428
f 1455/1513/1455 1456/1514/1456 1556/1614/1556
f 1716/1774/1716 1715/1773/1715 1397/1455/1397
f 1378/1436/1378 1558/1616/1558 1560/1618/1560
f 1556/1614/1556 1558/1616/1558 1428/1486/1428
f 1456/1514/1456 1653/1711/1653 1655/1713/1655
f 1396/1454/1396 1715/1773/1715 1557/1615/1557
f 1717/1775/1717 1720/1778/1720 1559/1617/1559
f 1655/1713/1655 1558/1616/1558 1456/1514/1456
f 1786/1844/1786 1559/1617/1559 1720/1778/1720
f 1343/1401/1343 1561/1619/1561 1338/1396/1338
f 1462/1520/1462 1561/1619/1561 1463/1521/1463
f 1473/1531/1473 1563/1621/1563 1465/1523/1465
f 1562/1620/1562 1465/1523/1465 1563/1621/1563
f 1669/1727/1669 1563/1621/1563 1670/1728/1670
f 1676/1734/1676 1673/1731/1673 1675/1733/1675
f 1564/1622/1564 1566/1624/1566 1682/1740/1682
f 1472/1530/1472 1656/1714/1656 1685/1743/1685
f 1566/1624/1566 1565/1623/1565 1467/1525/1467
f 1565/1623/1565 1564/1622/1564 1656/1714/1656
f 1566/1624/1566 1467/1525/1467 1569/1627/1569
f 1566/1624/1566 1365/1423/1365 1682/1740/1682
f 1567/1625/1567 1657/1715/1657 1658/1716/1658
f 1478/1536/1478 1475/1533/1475 1660/1718/1660
f 1568/1626/1568 1349/1407/1349 1390/1448/1390
f 1475/1533/1475 1568/1626/1568 1567/1625/1567
f 1476/1534/1476 1569/1627/1569 1470/1528/1470
f 1566/1624/1566 1569/1627/1569 1478/1536/1478
f 1571/1629/1571 1570/1628/1570 1280/1317/1280
f 1572/1630/1572 1570/1628/1570 1482/1540/1482
f 1279/1316/1279 1571/1629/1571 1280/1317/1280
f 1405/1463/1405 1459/1517/1459 1661/1719/1661
f 1664/1722/1664 1482/1540/1482 1406/1464/1406
f 1483/1541/1483 1625/1683/1625 1626/1684/1626
f 1638/1696/1638 1573/1631/1573 1326/1384/1326
f 1484/1542/1484 1573/1631/1573 1485/1543/1485
f 1681/1739/1681 1574/1632/1574 1680/1738/1680
f 1574/1632/1574 1683/1741/1683 1682/1740/1682
f 1470/1528/1470 1575/1633/1575 1413/1471/1413
f 1488/1546/1488 1575/1633/1575 1332/1390/1332
f 1491/1549/1491 1576/1634/1576 1306/1364/1306
f 1578/1636/1578 1576/1634/1576 1493/1551/1493
f 1583/1641/1583 1581/1639/1581 1582/1640/1582
f 1583/1641/1583 1582/1640/1582 1577/1635/1577
f 1493/1551/1493 1690/1748/1690 1578/1636/1578
f 1697/1755/1697 1608/1666/1608 1578/1636/1578
f 1579/1637/1579 1372/1430/1372 1420/1478/1420
f 1345/1403/1345 1495/1553/1495 1579/1637/1579
f 1580/1638/1580 1371/1429/1371 1581/1639/1581
f 1416/1474/1416 1495/1553/1495 1580/1638/1580
f 1581/1639/1581 1371/1429/1371 1582/1640/1582
f 1414/1472/1414 1496/1554/1496 1581/1639/1581
f 1586/1644/1586 1896/1954/1896 1585/1643/1585
f 1582/1640/1582 1371/1429/1371 1585/1643/1585
f 1493/1551/1493 1583/1641/1583 1577/1635/1577
f 1581/1639/1581 1583/1641/1583 1414/1472/1414
f 1375/1433/1375 1594/1652/1594 1754/1812/1754
f 1577/1635/1577 1588/1646/1588 1589/1647/1589
f 1580/1638/1580 1586/1644/1586 1371/1429/1371
f 1585/1643/1585 1584/1642/1584 1590/1648/1590
f 1593/1651/1593 1495/1553/1495 1345/1403/1345
f 1500/1558/1500 1759/1817/1759 1896/1954/1896
f 1649/1707/1649 1749/1807/1749 1545/1603/1545
f 1691/1749/1691 1589/1647/1589 1492/1550/1492
f 1585/1643/1585 1588/1646/1588 1582/1640/1582
f 1588/1646/1588 1587/1645/1587 1589/1647/1589
f 1727/1785/1727 1589/1647/1589 1587/1645/1587
f 1734/1792/1734 1698/1756/1698 1610/1668/1610
f 1764/1822/1764 1767/1825/1767 1762/1820/1762
f 1588/1646/1588 1590/1648/1590 1587/1645/1587
f 1592/1650/1592 1422/1480/1422 1375/1433/1375
f 1500/1558/1500 1896/1954/1896 1593/1651/1593
f 1757/1815/1757 1375/1433/1375 1754/1812/1754
f 1500/1558/1500 1591/1649/1591 1592/1650/1592
f 1345/1403/1345 1591/1649/1591 1593/1651/1593
f 1500/1558/1500 1593/1651/1593 1591/1649/1591
f 1502/1560/1502 1595/1653/1595 1594/1652/1594
f 1595/1653/1595 1753/1811/1753 1754/1812/1754
f 1294/1352/1294 1596/1654/1596 1502/1560/1502
f 1755/1813/1755 1753/1811/1753 1748/1806/1748
f 1538/1596/1538 1596/1654/1596 1293/1351/1293
f 1693/1751/1693 1596/1654/1596 1445/1503/1445
f 1898/1956/1898 1895/1953/1895 1597/1655/1597
f 1597/1655/1597 1376/1434/1376 1598/1656/1598
f 1603/1661/1603 1602/1660/1602 1694/1752/1694
f 1505/1563/1505 1601/1659/1601 1544/1602/1544
f 1504/1562/1504 1597/1655/1597 1599/1657/1599
f 1598/1656/1598 1599/1657/1599 1597/1655/1597
f 1603/1661/1603 1600/1658/1600 1602/1660/1602
f 1726/1784/1726 1822/1880/1822 1733/1791/1733
f 1425/1483/1425 1598/1656/1598 1601/1659/1601
f 1602/1660/1602 1601/1659/1601 1598/1656/1598
f 1694/1752/1694 1598/1656/1598 1376/1434/1376
f 1602/1660/1602 1600/1658/1600 1604/1662/1604
f 1792/1850/1792 1894/1952/1894 1735/1793/1735
f 1794/1852/1794 1603/1661/1603 1792/1850/1792
f 1647/1705/1647 1710/1768/1710 1711/1769/1711
f 1544/1602/1544 1604/1662/1604 1395/1453/1395
f 1605/1663/1605 684/1334/684 1606/1664/1606
f 1511/1569/1511 1605/1663/1605 1509/1567/1509
f 683/1333/683 1512/1570/1512 1606/1664/1606
f 1606/1664/1606 1512/1570/1512 1509/1567/1509
f 1608/1666/1608 1607/1665/1607 1309/1367/1309
f 1516/1574/1516 1607/1665/1607 1514/1572/1514
f 1308/1366/1308 1578/1636/1578 1608/1666/1608
f 1697/1755/1697 1492/1550/1492 1609/1667/1609
f 1728/1786/1728 1730/1788/1730 1727/1785/1727
f 1698/1756/1698 1427/1485/1427 1516/1574/1516
f 1697/1755/1697 1610/1668/1610 1608/1666/1608
f 1610/1668/1610 1609/1667/1609 1734/1792/1734
f 1614/1672/1614 1611/1669/1611 1515/1573/1515
f 1613/1671/1613 1611/1669/1611 1523/1581/1523
f 1743/1801/1743 1741/1799/1741 1738/1796/1738
f 1612/1670/1612 1875/1933/1875 1883/1941/1883
f 1617/1675/1617 1613/1671/1613 1523/1581/1523
f 1314/1372/1314 1313/1371/1313 1613/1671/1613
f 1742/1800/1742 1515/1573/1515 1741/1799/1741
f 1523/1581/1523 1614/1672/1614 1612/1670/1612
f 1616/1674/1616 1615/1673/1615 1315/1373/1315
f 1521/1579/1521 1615/1673/1615 1519/1577/1519
f 1617/1675/1617 1314/1372/1314 1613/1671/1613
f 1617/1675/1617 1618/1676/1618 1619/1677/1619
f 1618/1676/1618 1617/1675/1617 1523/1581/1523
f 1314/1372/1314 1617/1675/1617 1616/1674/1616
f 1883/1941/1883 1875/1933/1875 1430/1488/1430
f 1854/1912/1854 1857/1915/1857 1859/1917/1859
f 1617/1675/1617 1619/1677/1619 1616/1674/1616
f 1839/1897/1839 1619/1677/1619 1618/1676/1618
f 1620/1678/1620 1621/1679/1621 1622/1680/1622
f 1639/1697/1639 1620/1678/1620 1533/1591/1533
f 1699/1757/1699 1318/1376/1318 1317/1375/1317
f 1622/1680/1622 1621/1679/1621 1520/1578/1520
f 1835/1893/1835 1622/1680/1622 1520/1578/1520
f 1641/1699/1641 1622/1680/1622 1439/1497/1439
f 1623/1681/1623 1283/1320/1283 1700/1758/1700
f 1524/1582/1524 1623/1681/1623 1525/1583/1525
f 1525/1583/1525 1625/1683/1625 1624/1682/1624
f 1624/1682/1624 1625/1683/1625 1628/1686/1628
f 1626/1684/1626 1625/1683/1625 1525/1583/1525
f 1679/1737/1679 1483/1541/1483 1678/1736/1678
f 1626/1684/1626 1525/1583/1525 1623/1681/1623
f 1626/1684/1626 1572/1630/1572 1666/1724/1666
f 1676/1734/1676 1675/1733/1675 1665/1723/1665
f 1631/1689/1631 1380/1438/1380 1629/1687/1629
f 1483/1541/1483 1628/1686/1628 1625/1683/1625
f 1628/1686/1628 1627/1685/1627 1629/1687/1629
f 1632/1690/1632 1629/1687/1629 1627/1685/1627
f 1632/1690/1632 1631/1689/1631 1629/1687/1629
f 1627/1685/1627 1672/1730/1672 1632/1690/1632
f 1788/1846/1788 1724/1782/1724 1789/1847/1789
f 1630/1688/1630 1701/1759/1701 1631/1689/1631
f 1744/1802/1744 1703/1761/1703 1702/1760/1702
f 1627/1685/1627 1677/1735/1677 1672/1730/1672
f 1631/1689/1631 1632/1690/1632 1630/1688/1630
f 1633/1691/1633 1381/1439/1381 1803/1861/1803
f 1633/1691/1633 1526/1584/1526 1780/1838/1780
f 1635/1693/1635 1634/1692/1634 1322/1380/1322
f 1530/1588/1530 1634/1692/1634 1528/1586/1528
f 1532/1590/1532 1635/1693/1635 1321/1379/1321
f 1438/1496/1438 1640/1698/1640 1707/1765/1707
f 1788/1846/1788 1636/1694/1636 1787/1845/1787
f 1725/1783/1725 1437/1495/1437 1689/1747/1689
f 1707/1765/1707 1635/1693/1635 1438/1496/1438
f 1689/1747/1689 1637/1695/1637 1636/1694/1636
f 1325/1383/1325 1638/1696/1638 1326/1384/1326
f 1638/1696/1638 1708/1766/1708 1709/1767/1709
f 1620/1678/1620 1639/1697/1639 1319/1377/1319
f 1532/1590/1532 1639/1697/1639 1533/1591/1533
f 1533/1591/1533 1641/1699/1641 1640/1698/1640
f 1640/1698/1640 1641/1699/1641 1643/1701/1643
f 1620/1678/1620 1641/1699/1641 1533/1591/1533
f 1439/1497/1439 1836/1894/1836 1643/1701/1643
f 1831/1889/1831 1379/1437/1379 1877/1935/1877
f 1724/1782/1724 1787/1845/1787 1804/1862/1804
f 1439/1497/1439 1643/1701/1643 1641/1699/1641
f 1643/1701/1643 1642/1700/1642 1830/1888/1830
f 1507/1565/1507 1644/1702/1644 689/1339/689
f 1644/1702/1644 1505/1563/1505 1645/1703/1645
f 1505/1563/1505 1544/1602/1544 1645/1703/1645
f 1543/1601/1543 1645/1703/1645 1544/1602/1544
f 1346/1404/1346 1770/1828/1770 1796/1854/1796
f 1759/1817/1759 1500/1558/1500 1752/1810/1752
f 1710/1768/1710 1547/1605/1547 1395/1453/1395
f 1747/1805/1747 1750/1808/1750 1761/1819/1761
f 1650/1708/1650 1604/1662/1604 1798/1856/1798
f 1796/1854/1796 1795/1853/1795 1696/1754/1696
f 1710/1768/1710 1649/1707/1649 1547/1605/1547
f 1647/1705/1647 1747/1805/1747 1749/1807/1749
f 1798/1856/1798 1604/1662/1604 1600/1658/1600
f 1710/1768/1710 1650/1708/1650 1648/1706/1648
f 1747/1805/1747 1746/1804/1746 1353/1411/1353
f 1806/1864/1806 1445/1503/1445 1447/1505/1447
f 1551/1609/1551 1652/1710/1652 1550/1608/1550
f 1394/1452/1394 1652/1710/1652 1553/1611/1553
f 1404/1462/1404 1653/1711/1653 1403/1461/1403
f 1655/1713/1655 1653/1711/1653 1557/1615/1557
f 1782/1840/1782 1779/1837/1779 1780/1838/1780
f 1720/1778/1720 1717/1775/1717 1719/1777/1719
f 1717/1775/1717 1655/1713/1655 1557/1615/1557
f 1560/1618/1560 1655/1713/1655 1559/1617/1559
f 1565/1623/1565 1656/1714/1656 1473/1531/1473
f 1685/1743/1685 1683/1741/1683 1684/1742/1684
f 1658/1716/1658 1657/1715/1657 1441/1499/1441
f 1568/1626/1568 1657/1715/1657 1567/1625/1567
f 1441/1499/1441 1407/1465/1407 1658/1716/1658
f 1659/1717/1659 1658/1716/1658 1407/1465/1407
f 1659/1717/1659 1407/1465/1407 1680/1738/1680
f 1660/1718/1660 1365/1423/1365 1478/1536/1478
f 1475/1533/1475 1567/1625/1567 1660/1718/1660
f 1660/1718/1660 1567/1625/1567 1658/1716/1658
f 1364/1422/1364 1468/1526/1468 1661/1719/1661
f 1468/1526/1468 1562/1620/1562 1663/1721/1663
f 1571/1629/1571 1661/1719/1661 1662/1720/1662
f 1663/1721/1663 1661/1719/1661 1468/1526/1468
f 1406/1464/1406 1663/1721/1663 1562/1620/1562
f 1661/1719/1661 1663/1721/1663 1662/1720/1662
f 1667/1725/1667 1664/1722/1664 1406/1464/1406
f 1626/1684/1626 1666/1724/1666 1483/1541/1483
f 1562/1620/1562 1563/1621/1563 1668/1726/1668
f 1668/1726/1668 1563/1621/1563 1669/1727/1669
f 1572/1630/1572 1664/1722/1664 1666/1724/1666
f 1666/1724/1666 1664/1722/1664 1667/1725/1667
f 1668/1726/1668 1406/1464/1406 1562/1620/1562
f 1666/1724/1666 1667/1725/1667 1665/1723/1665
f 1665/1723/1665 1667/1725/1667 1668/1726/1668
f 1668/1726/1668 1667/1725/1667 1406/1464/1406
f 1671/1729/1671 1673/1731/1673 1674/1732/1674
f 1668/1726/1668 1669/1727/1669 1676/1734/1676
f 1656/1714/1656 1670/1728/1670 1473/1531/1473
f 1673/1731/1673 1670/1728/1670 1472/1530/1472
f 1632/1690/1632 1672/1730/1672 1630/1688/1630
f 1679/1737/1679 1677/1735/1677 1627/1685/1627
f 1671/1729/1671 1722/1780/1722 1672/1730/1672
f 1725/1783/1725 1689/1747/1689 1789/1847/1789
f 1673/1731/1673 1472/1530/1472 1674/1732/1674
f 1673/1731/1673 1671/1729/1671 1675/1733/1675
f 1685/1743/1685 1564/1622/1564 1683/1741/1683
f 1684/1742/1684 1686/1744/1686 1687/1745/1687
f 1677/1735/1677 1675/1733/1675 1671/1729/1671
f 1666/1724/1666 1678/1736/1678 1483/1541/1483
f 1668/1726/1668 1676/1734/1676 1665/1723/1665
f 1673/1731/1673 1676/1734/1676 1669/1727/1669
f 1672/1730/1672 1677/1735/1677 1671/1729/1671
f 1627/1685/1627 1628/1686/1628 1679/1737/1679
f 1665/1723/1665 1675/1733/1675 1678/1736/1678
f 1677/1735/1677 1678/1736/1678 1675/1733/1675
f 1483/1541/1483 1679/1737/1679 1628/1686/1628
f 1677/1735/1677 1679/1737/1679 1678/1736/1678
f 1681/1739/1681 1680/1738/1680 1485/1543/1485
f 1659/1717/1659 1680/1738/1680 1574/1632/1574
f 1638/1696/1638 1681/1739/1681 1485/1543/1485
f 1683/1741/1683 1681/1739/1681 1408/1466/1408
f 1365/1423/1365 1574/1632/1574 1682/1740/1682
f 1574/1632/1574 1681/1739/1681 1683/1741/1683
f 1684/1742/1684 1683/1741/1683 1408/1466/1408
f 1564/1622/1564 1682/1740/1682 1683/1741/1683
f 1686/1744/1686 1408/1466/1408 1709/1767/1709
f 1685/1743/1685 1674/1732/1674 1472/1530/1472
f 1564/1622/1564 1685/1743/1685 1656/1714/1656
f 1674/1732/1674 1685/1743/1685 1684/1742/1684
f 1529/1587/1529 1723/1781/1723 1686/1744/1686
f 1686/1744/1686 1688/1746/1688 1687/1745/1687
f 1686/1744/1686 1723/1781/1723 1688/1746/1688
f 1387/1445/1387 1674/1732/1674 1687/1745/1687
f 1530/1588/1530 1689/1747/1689 1437/1495/1437
f 1387/1445/1387 1687/1745/1687 1688/1746/1688
f 1787/1845/1787 1636/1694/1636 1707/1765/1707
f 1387/1445/1387 1688/1746/1688 1725/1783/1725
f 1577/1635/1577 1690/1748/1690 1493/1551/1493
f 1697/1755/1697 1690/1748/1690 1492/1550/1492
f 1690/1748/1690 1691/1749/1691 1492/1550/1492
f 1577/1635/1577 1589/1647/1589 1691/1749/1691
f 1763/1821/1763 1584/1642/1584 1772/1830/1772
f 1798/1856/1798 1797/1855/1797 1648/1706/1648
f 1693/1751/1693 1445/1503/1445 1806/1864/1806
f 1595/1653/1595 1693/1751/1693 1424/1482/1424
f 1598/1656/1598 1694/1752/1694 1602/1660/1602
f 1792/1850/1792 1694/1752/1694 1376/1434/1376
f 1786/1844/1786 1378/1436/1378 1560/1618/1560
f 1879/1937/1879 1842/1900/1842 1785/1843/1785
f 1346/1404/1346 1771/1829/1771 1770/1828/1770
f 1600/1658/1600 1603/1661/1603 1737/1795/1737
f 1697/1755/1697 1578/1636/1578 1690/1748/1690
f 1610/1668/1610 1697/1755/1697 1609/1667/1609
f 1730/1788/1730 1732/1790/1732 1492/1550/1492
f 1698/1756/1698 1733/1791/1733 1739/1797/1739
f 1518/1576/1518 1699/1757/1699 1317/1375/1317
f 1520/1578/1520 1699/1757/1699 1522/1580/1522
f 1572/1630/1572 1700/1758/1700 1282/1319/1282
f 1623/1681/1623 1700/1758/1700 1626/1684/1626
f 1819/1877/1819 1630/1688/1630 1818/1876/1818
f 1701/1759/1701 1348/1406/1348 1703/1761/1703
f 1380/1438/1380 1631/1689/1631 1744/1802/1744
f 1631/1689/1631 1701/1759/1701 1703/1761/1703
f 1703/1761/1703 1348/1406/1348 1800/1858/1800
f 1803/1861/1803 1381/1439/1381 1706/1764/1706
f 1432/1490/1432 1431/1489/1431 1705/1763/1705
f 1706/1764/1706 1704/1762/1704 1702/1760/1702
f 1431/1489/1431 1380/1438/1380 1705/1763/1705
f 1705/1763/1705 1380/1438/1380 1744/1802/1744
f 1702/1760/1702 1703/1761/1703 1805/1863/1805
f 1435/1493/1435 1706/1764/1706 1381/1439/1381
f 1787/1845/1787 1707/1765/1707 1388/1446/1388
f 1637/1695/1637 1707/1765/1707 1636/1694/1636
f 1531/1589/1531 1708/1766/1708 1325/1383/1325
f 1709/1767/1709 1708/1766/1708 1529/1587/1529
f 1686/1744/1686 1709/1767/1709 1529/1587/1529
f 1681/1739/1681 1709/1767/1709 1408/1466/1408
f 1650/1708/1650 1710/1768/1710 1395/1453/1395
f 1711/1769/1711 1710/1768/1710 1648/1706/1648
f 1827/1885/1827 1711/1769/1711 1648/1706/1648
f 1711/1769/1711 1646/1704/1646 1750/1808/1750
f 1551/1609/1551 1712/1770/1712 1393/1451/1393
f 1713/1771/1713 1712/1770/1712 1550/1608/1550
f 1549/1607/1549 1713/1771/1713 1550/1608/1550
f 1746/1804/1746 1713/1771/1713 1353/1411/1353
f 1585/1643/1585 1896/1954/1896 1584/1642/1584
f 1746/1804/1746 1748/1806/1748 1651/1709/1651
f 1397/1455/1397 1715/1773/1715 1396/1454/1396
f 1717/1775/1717 1715/1773/1715 1654/1712/1654
f 1397/1455/1397 1355/1413/1355 1716/1774/1716
f 1778/1836/1778 1716/1774/1716 1355/1413/1355
f 1719/1777/1719 1717/1775/1717 1654/1712/1654
f 1717/1775/1717 1559/1617/1559 1655/1713/1655
f 1776/1834/1776 1777/1835/1777 1783/1841/1783
f 1721/1779/1721 1720/1778/1720 1718/1776/1718
f 1776/1834/1776 1718/1776/1718 1777/1835/1777
f 1719/1777/1719 1718/1776/1718 1720/1778/1720
f 1718/1776/1718 1774/1832/1774 1721/1779/1721
f 1560/1618/1560 1559/1617/1559 1786/1844/1786
f 1774/1832/1774 1840/1898/1840 1721/1779/1721
f 1720/1778/1720 1721/1779/1721 1816/1874/1816
f 1674/1732/1674 1722/1780/1722 1671/1729/1671
f 1789/1847/1789 1722/1780/1722 1387/1445/1387
f 1531/1589/1531 1723/1781/1723 1529/1587/1529
f 1688/1746/1688 1723/1781/1723 1437/1495/1437
f 1801/1859/1801 1804/1862/1804 1830/1888/1830
f 1818/1876/1818 1672/1730/1672 1789/1847/1789
f 1437/1495/1437 1725/1783/1725 1688/1746/1688
f 1789/1847/1789 1689/1747/1689 1788/1846/1788
f 1728/1786/1728 1692/1750/1692 1731/1789/1731
f 1734/1792/1734 1733/1791/1733 1698/1756/1698
f 1763/1821/1763 1766/1824/1766 1762/1820/1762
f 1728/1786/1728 1727/1785/1727 1692/1750/1692
f 1765/1823/1765 1769/1827/1769 1692/1750/1692
f 1728/1786/1728 1726/1784/1726 1730/1788/1730
f 1844/1902/1844 1821/1879/1821 1845/1903/1845
f 1728/1786/1728 1731/1789/1731 1726/1784/1726
f 1732/1790/1732 1730/1788/1730 1726/1784/1726
f 1492/1550/1492 1589/1647/1589 1730/1788/1730
f 1771/1829/1771 1692/1750/1692 1769/1827/1769
f 1726/1784/1726 1731/1789/1731 1729/1787/1729
f 1732/1790/1732 1726/1784/1726 1733/1791/1733
f 1492/1550/1492 1732/1790/1732 1609/1667/1609
f 1845/1903/1845 1822/1880/1822 1726/1784/1726
f 1733/1791/1733 1823/1881/1823 1739/1797/1739
f 1609/1667/1609 1732/1790/1732 1734/1792/1734
f 1733/1791/1733 1734/1792/1734 1732/1790/1732
f 1376/1434/1376 1597/1655/1597 1895/1953/1895
f 1882/1940/1882 1887/1945/1887 1890/1948/1890
f 1590/1648/1590 1763/1821/1763 1587/1645/1587
f 1795/1853/1795 1600/1658/1600 1737/1795/1737
f 1794/1852/1794 1737/1795/1737 1603/1661/1603
f 1795/1853/1795 1737/1795/1737 1696/1754/1696
f 1738/1796/1738 1377/1435/1377 1743/1801/1743
f 1427/1485/1427 1698/1756/1698 1738/1796/1738
f 1377/1435/1377 1738/1796/1738 1739/1797/1739
f 1698/1756/1698 1739/1797/1739 1738/1796/1738
f 1823/1881/1823 1377/1435/1377 1739/1797/1739
f 1873/1931/1873 1874/1932/1874 1876/1934/1876
f 1742/1800/1742 1741/1799/1741 1740/1798/1740
f 1515/1573/1515 1427/1485/1427 1741/1799/1741
f 1740/1798/1740 1873/1931/1873 1876/1934/1876
f 1614/1672/1614 1742/1800/1742 1612/1670/1612
f 1377/1435/1377 1866/1924/1866 1865/1923/1865
f 1741/1799/1741 1743/1801/1743 1740/1798/1740
f 1703/1761/1703 1744/1802/1744 1631/1689/1631
f 1705/1763/1705 1744/1802/1744 1702/1760/1702
f 1800/1858/1800 1801/1859/1801 1846/1904/1846
f 1837/1895/1837 1833/1891/1833 1835/1893/1835
f 1353/1411/1353 1749/1807/1749 1747/1805/1747
f 1748/1806/1748 1746/1804/1746 1714/1772/1714
f 1750/1808/1750 1747/1805/1747 1647/1705/1647
f 1714/1772/1714 1746/1804/1746 1747/1805/1747
f 1748/1806/1748 1714/1772/1714 1755/1813/1755
f 1693/1751/1693 1806/1864/1806 1424/1482/1424
f 1749/1807/1749 1353/1411/1353 1549/1607/1549
f 1647/1705/1647 1749/1807/1749 1649/1707/1649
f 1711/1769/1711 1750/1808/1750 1647/1705/1647
f 1750/1808/1750 1646/1704/1646 1761/1819/1761
f 1760/1818/1760 1755/1813/1755 1714/1772/1714
f 1752/1810/1752 1500/1558/1500 1592/1650/1592
f 1375/1433/1375 1752/1810/1752 1592/1650/1592
f 1751/1809/1751 1756/1814/1756 1759/1817/1759
f 1748/1806/1748 1753/1811/1753 1424/1482/1424
f 1751/1809/1751 1752/1810/1752 1757/1815/1757
f 1595/1653/1595 1754/1812/1754 1594/1652/1594
f 1753/1811/1753 1751/1809/1751 1757/1815/1757
f 1761/1819/1761 1758/1816/1758 1760/1818/1760
f 1753/1811/1753 1755/1813/1755 1751/1809/1751
f 1755/1813/1755 1760/1818/1760 1809/1867/1809
f 1764/1822/1764 1765/1823/1765 1692/1750/1692
f 1375/1433/1375 1757/1815/1757 1752/1810/1752
f 1753/1811/1753 1757/1815/1757 1754/1812/1754
f 1736/1794/1736 1799/1857/1799 1797/1855/1797
f 1756/1814/1756 1809/1867/1809 1773/1831/1773
f 1751/1809/1751 1759/1817/1759 1752/1810/1752
f 1756/1814/1756 1772/1830/1772 1896/1954/1896
f 1747/1805/1747 1761/1819/1761 1714/1772/1714
f 1758/1816/1758 1773/1831/1773 1809/1867/1809
f 1761/1819/1761 1646/1704/1646 1808/1866/1808
f 1714/1772/1714 1761/1819/1761 1760/1818/1760
f 1767/1825/1767 1587/1645/1587 1763/1821/1763
f 1768/1826/1768 1765/1823/1765 1762/1820/1762
f 1590/1648/1590 1584/1642/1584 1763/1821/1763
f 1896/1954/1896 1772/1830/1772 1584/1642/1584
f 1727/1785/1727 1587/1645/1587 1767/1825/1767
f 1765/1823/1765 1764/1822/1764 1762/1820/1762
f 1766/1824/1766 1807/1865/1807 1762/1820/1762
f 1765/1823/1765 1736/1794/1736 1769/1827/1769
f 1756/1814/1756 1773/1831/1773 1766/1824/1766
f 1766/1824/1766 1773/1831/1773 1807/1865/1807
f 1762/1820/1762 1767/1825/1767 1763/1821/1763
f 1727/1785/1727 1767/1825/1767 1764/1822/1764
f 1758/1816/1758 1808/1866/1808 1768/1826/1768
f 1827/1885/1827 1797/1855/1797 1808/1866/1808
f 1770/1828/1770 1769/1827/1769 1736/1794/1736
f 1771/1829/1771 1731/1789/1731 1692/1750/1692
f 1736/1794/1736 1795/1853/1795 1796/1854/1796
f 1346/1404/1346 1844/1902/1844 1771/1829/1771
f 1731/1789/1731 1771/1829/1771 1729/1787/1729
f 1769/1827/1769 1770/1828/1770 1771/1829/1771
f 1756/1814/1756 1766/1824/1766 1772/1830/1772
f 1763/1821/1763 1772/1830/1772 1766/1824/1766
f 1809/1867/1809 1756/1814/1756 1751/1809/1751
f 1807/1865/1807 1773/1831/1773 1758/1816/1758
f 1718/1776/1718 1776/1834/1776 1774/1832/1774
f 1776/1834/1776 1861/1919/1861 1774/1832/1774
f 1777/1835/1777 1719/1777/1719 1654/1712/1654
f 1781/1839/1781 1811/1869/1811 1775/1833/1775
f 1777/1835/1777 1718/1776/1718 1719/1777/1719
f 1775/1833/1775 1861/1919/1861 1776/1834/1776
f 1778/1836/1778 1654/1712/1654 1716/1774/1716
f 1779/1837/1779 1386/1444/1386 1780/1838/1780
f 1779/1837/1779 1778/1836/1778 1355/1413/1355
f 1654/1712/1654 1778/1836/1778 1777/1835/1777
f 1385/1443/1385 1779/1837/1779 1355/1413/1355
f 1386/1444/1386 1633/1691/1633 1780/1838/1780
f 1780/1838/1780 1526/1584/1526 1781/1839/1781
f 1778/1836/1778 1782/1840/1782 1777/1835/1777
f 1526/1584/1526 1810/1868/1810 1781/1839/1781
f 1781/1839/1781 1810/1868/1810 1811/1869/1811
f 1779/1837/1779 1782/1840/1782 1778/1836/1778
f 1781/1839/1781 1782/1840/1782 1780/1838/1780
f 1777/1835/1777 1782/1840/1782 1783/1841/1783
f 1781/1839/1781 1783/1841/1783 1782/1840/1782
f 1851/1909/1851 1849/1907/1849 1850/1908/1850
f 1851/1909/1851 1871/1929/1871 1784/1842/1784
f 1879/1937/1879 1815/1873/1815 1842/1900/1842
f 1842/1900/1842 1885/1943/1885 1884/1942/1884
f 1816/1874/1816 1786/1844/1786 1720/1778/1720
f 1785/1843/1785 1843/1901/1843 1786/1844/1786
f 1388/1446/1388 1830/1888/1830 1804/1862/1804
f 1788/1846/1788 1787/1845/1787 1724/1782/1724
f 1818/1876/1818 1789/1847/1789 1724/1782/1724
f 1636/1694/1636 1788/1846/1788 1689/1747/1689
f 1722/1780/1722 1789/1847/1789 1672/1730/1672
f 1725/1783/1725 1789/1847/1789 1387/1445/1387
f 1796/1854/1796 1825/1883/1825 1346/1404/1346
f 1853/1911/1853 1863/1921/1863 1871/1929/1871
f 1824/1882/1824 1845/1903/1845 1821/1879/1821
f 1866/1924/1866 1824/1882/1824 1864/1922/1864
f 1792/1850/1792 1376/1434/1376 1895/1953/1895
f 1735/1793/1735 1892/1950/1892 1794/1852/1794
f 1735/1793/1735 1906/1964/1906 1892/1950/1892
f 1891/1949/1891 1821/1879/1821 1826/1884/1826
f 1735/1793/1735 1794/1852/1794 1792/1850/1792
f 1794/1852/1794 1793/1851/1793 1825/1883/1825
f 1797/1855/1797 1795/1853/1795 1736/1794/1736
f 1798/1856/1798 1795/1853/1795 1797/1855/1797
f 1796/1854/1796 1696/1754/1696 1825/1883/1825
f 1736/1794/1736 1796/1854/1796 1770/1828/1770
f 1799/1857/1799 1736/1794/1736 1765/1823/1765
f 1797/1855/1797 1768/1826/1768 1808/1866/1808
f 1650/1708/1650 1798/1856/1798 1648/1706/1648
f 1600/1658/1600 1795/1853/1795 1798/1856/1798
f 1765/1823/1765 1768/1826/1768 1799/1857/1799
f 1768/1826/1768 1797/1855/1797 1799/1857/1799
f 1801/1859/1801 1800/1858/1800 1348/1406/1348
f 1745/1803/1745 1829/1887/1829 1802/1860/1802
f 1819/1877/1819 1724/1782/1724 1820/1878/1820
f 1642/1700/1642 1834/1892/1834 1801/1859/1801
f 1526/1584/1526 1633/1691/1633 1803/1861/1803
f 1800/1858/1800 1802/1860/1802 1805/1863/1805
f 1803/1861/1803 1706/1764/1706 1702/1760/1702
f 1803/1861/1803 1802/1860/1802 1526/1584/1526
f 1388/1446/1388 1804/1862/1804 1787/1845/1787
f 1820/1878/1820 1801/1859/1801 1348/1406/1348
f 1800/1858/1800 1805/1863/1805 1703/1761/1703
f 1802/1860/1802 1803/1861/1803 1805/1863/1805
f 1651/1709/1651 1748/1806/1748 1806/1864/1806
f 1806/1864/1806 1748/1806/1748 1424/1482/1424
f 1758/1816/1758 1768/1826/1768 1807/1865/1807
f 1762/1820/1762 1807/1865/1807 1768/1826/1768
f 1761/1819/1761 1808/1866/1808 1758/1816/1758
f 1808/1866/1808 1646/1704/1646 1827/1885/1827
f 1755/1813/1755 1809/1867/1809 1751/1809/1751
f 1758/1816/1758 1809/1867/1809 1760/1818/1760
f 1802/1860/1802 1810/1868/1810 1526/1584/1526
f 1811/1869/1811 1810/1868/1810 1436/1494/1436
f 1436/1494/1436 1813/1871/1813 1811/1869/1811
f 1861/1919/1861 1858/1916/1858 1869/1927/1869
f 1436/1494/1436 1814/1872/1814 1813/1871/1813
f 1877/1935/1877 1856/1914/1856 1867/1925/1867
f 1436/1494/1436 1829/1887/1829 1814/1872/1814
f 1861/1919/1861 1862/1920/1862 1868/1926/1868
f 1847/1905/1847 1846/1904/1846 1828/1886/1828
f 1812/1870/1812 1814/1872/1814 1831/1889/1831
f 1815/1873/1815 1840/1898/1840 1849/1907/1849
f 1851/1909/1851 1842/1900/1842 1815/1873/1815
f 1879/1937/1879 1816/1874/1816 1721/1779/1721
f 1786/1844/1786 1816/1874/1816 1785/1843/1785
f 1906/1964/1906 1902/1960/1902 1905/1963/1905
f 1786/1844/1786 1843/1901/1843 1378/1436/1378
f 1804/1862/1804 1820/1878/1820 1724/1782/1724
f 1672/1730/1672 1818/1876/1818 1630/1688/1630
f 1630/1688/1630 1819/1877/1819 1701/1759/1701
f 1724/1782/1724 1819/1877/1819 1818/1876/1818
f 1801/1859/1801 1820/1878/1820 1804/1862/1804
f 1348/1406/1348 1819/1877/1819 1820/1878/1820
f 1346/1404/1346 1825/1883/1825 1826/1884/1826
f 1821/1879/1821 1790/1848/1790 1824/1882/1824
f 1845/1903/1845 1726/1784/1726 1729/1787/1729
f 1823/1881/1823 1822/1880/1822 1791/1849/1791
f 1822/1880/1822 1823/1881/1823 1733/1791/1733
f 1824/1882/1824 1823/1881/1823 1791/1849/1791
f 1824/1882/1824 1791/1849/1791 1845/1903/1845
f 1886/1944/1886 1887/1945/1887 1882/1940/1882
f 1794/1852/1794 1825/1883/1825 1696/1754/1696
f 1826/1884/1826 1825/1883/1825 1793/1851/1793
f 1793/1851/1793 1888/1946/1888 1891/1949/1891
f 1826/1884/1826 1821/1879/1821 1844/1902/1844
f 1711/1769/1711 1827/1885/1827 1646/1704/1646
f 1648/1706/1648 1797/1855/1797 1827/1885/1827
f 1836/1894/1836 1833/1891/1833 1834/1892/1834
f 1829/1887/1829 1847/1905/1847 1814/1872/1814
f 1829/1887/1829 1745/1803/1745 1847/1905/1847
f 1810/1868/1810 1829/1887/1829 1436/1494/1436
f 1643/1701/1643 1830/1888/1830 1388/1446/1388
f 1801/1859/1801 1830/1888/1830 1642/1700/1642
f 1814/1872/1814 1832/1890/1832 1831/1889/1831
f 1832/1890/1832 1828/1886/1828 1833/1891/1833
f 1847/1905/1847 1832/1890/1832 1814/1872/1814
f 1828/1886/1828 1834/1892/1834 1833/1891/1833
f 1835/1893/1835 1439/1497/1439 1622/1680/1622
f 1832/1890/1832 1833/1891/1833 1837/1895/1837
f 1801/1859/1801 1834/1892/1834 1828/1886/1828
f 1642/1700/1642 1643/1701/1643 1836/1894/1836
f 1522/1580/1522 1835/1893/1835 1520/1578/1520
f 1835/1893/1835 1838/1896/1838 1837/1895/1837
f 1833/1891/1833 1836/1894/1836 1439/1497/1439
f 1642/1700/1642 1836/1894/1836 1834/1892/1834
f 1837/1895/1837 1831/1889/1831 1832/1890/1832
f 1838/1896/1838 1835/1893/1835 1429/1487/1429
f 1521/1579/1521 1839/1897/1839 1429/1487/1429
f 1379/1437/1379 1837/1895/1837 1838/1896/1838
f 1430/1488/1430 1854/1912/1854 1859/1917/1859
f 1379/1437/1379 1838/1896/1838 1848/1906/1848
f 1849/1907/1849 1840/1898/1840 1347/1405/1347
f 1879/1937/1879 1840/1898/1840 1815/1873/1815
f 1857/1915/1857 1860/1918/1860 1878/1936/1878
f 1853/1911/1853 1850/1908/1850 1841/1899/1841
f 1885/1943/1885 1880/1938/1880 1884/1942/1884
f 1843/1901/1843 1842/1900/1842 1817/1875/1817
f 1842/1900/1842 1843/1901/1843 1785/1843/1785
f 1817/1875/1817 1905/1963/1905 1900/1958/1900
f 1771/1829/1771 1844/1902/1844 1729/1787/1729
f 1826/1884/1826 1844/1902/1844 1346/1404/1346
f 1822/1880/1822 1845/1903/1845 1791/1849/1791
f 1844/1902/1844 1845/1903/1845 1729/1787/1729
f 1800/1858/1800 1846/1904/1846 1745/1803/1745
f 1801/1859/1801 1828/1886/1828 1846/1904/1846
f 1846/1904/1846 1847/1905/1847 1745/1803/1745
f 1832/1890/1832 1847/1905/1847 1828/1886/1828
f 1429/1487/1429 1848/1906/1848 1838/1896/1838
f 1839/1897/1839 1881/1939/1881 1856/1914/1856
f 1857/1915/1857 1841/1899/1841 1860/1918/1860
f 1849/1907/1849 1841/1899/1841 1850/1908/1850
f 1854/1912/1854 1852/1910/1852 1853/1911/1853
f 1887/1945/1887 1824/1882/1824 1790/1848/1790
f 1851/1909/1851 1784/1842/1784 1885/1943/1885
f 1849/1907/1849 1851/1909/1851 1815/1873/1815
f 1742/1800/1742 1740/1798/1740 1876/1934/1876
f 1865/1923/1865 1743/1801/1743 1377/1435/1377
f 1854/1912/1854 1853/1911/1853 1841/1899/1841
f 1863/1921/1863 1853/1911/1853 1852/1910/1852
f 1854/1912/1854 1841/1899/1841 1857/1915/1857
f 1854/1912/1854 1430/1488/1430 1874/1932/1874
f 1869/1927/1869 1849/1907/1849 1347/1405/1347
f 1856/1914/1856 1379/1437/1379 1848/1906/1848
f 1839/1897/1839 1856/1914/1856 1848/1906/1848
f 1856/1914/1856 1855/1913/1855 1867/1925/1867
f 1849/1907/1849 1869/1927/1869 1860/1918/1860
f 1857/1915/1857 1855/1913/1855 1859/1917/1859
f 1774/1832/1774 1861/1919/1861 1347/1405/1347
f 1867/1925/1867 1812/1870/1812 1877/1935/1877
f 1855/1913/1855 1856/1914/1856 1881/1939/1881
f 1618/1676/1618 1870/1928/1870 1859/1917/1859
f 1849/1907/1849 1860/1918/1860 1841/1899/1841
f 1860/1918/1860 1858/1916/1858 1878/1936/1878
f 1811/1869/1811 1862/1920/1862 1775/1833/1775
f 1813/1871/1813 1862/1920/1862 1811/1869/1811
f 1812/1870/1812 1862/1920/1862 1813/1871/1813
f 1775/1833/1775 1862/1920/1862 1861/1919/1861
f 1740/1798/1740 1743/1801/1743 1865/1923/1865
f 1886/1944/1886 1882/1940/1882 1889/1947/1889
f 1873/1931/1873 1872/1930/1872 1852/1910/1852
f 1823/1881/1823 1866/1924/1866 1377/1435/1377
f 1872/1930/1872 1865/1923/1865 1864/1922/1864
f 1873/1931/1873 1865/1923/1865 1872/1930/1872
f 1824/1882/1824 1866/1924/1866 1823/1881/1823
f 1865/1923/1865 1866/1924/1866 1864/1922/1864
f 1855/1913/1855 1878/1936/1878 1867/1925/1867
f 1858/1916/1858 1861/1919/1861 1868/1926/1868
f 1812/1870/1812 1868/1926/1868 1862/1920/1862
f 1868/1926/1868 1867/1925/1867 1878/1936/1878
f 1861/1919/1861 1869/1927/1869 1347/1405/1347
f 1860/1918/1860 1869/1927/1869 1858/1916/1858
f 1883/1941/1883 1618/1676/1618 1523/1581/1523
f 1430/1488/1430 1859/1917/1859 1870/1928/1870
f 1853/1911/1853 1871/1929/1871 1850/1908/1850
f 1863/1921/1863 1886/1944/1886 1889/1947/1889
f 1886/1944/1886 1872/1930/1872 1864/1922/1864
f 1852/1910/1852 1872/1930/1872 1863/1921/1863
f 1874/1932/1874 1873/1931/1873 1852/1910/1852
f 1740/1798/1740 1865/1923/1865 1873/1931/1873
f 1854/1912/1854 1874/1932/1874 1852/1910/1852
f 1875/1933/1875 1874/1932/1874 1430/1488/1430
f 1430/1488/1430 1870/1928/1870 1883/1941/1883
f 1876/1934/1876 1612/1670/1612 1742/1800/1742
f 1874/1932/1874 1875/1933/1875 1876/1934/1876
f 1876/1934/1876 1875/1933/1875 1612/1670/1612
f 1831/1889/1831 1877/1935/1877 1812/1870/1812
f 1856/1914/1856 1877/1935/1877 1379/1437/1379
f 1878/1936/1878 1855/1913/1855 1857/1915/1857
f 1868/1926/1868 1878/1936/1878 1858/1916/1858
f 1816/1874/1816 1879/1937/1879 1785/1843/1785
f 1879/1937/1879 1721/1779/1721 1840/1898/1840
f 1863/1921/1863 1889/1947/1889 1871/1929/1871
f 1890/1948/1890 1893/1951/1893 1882/1940/1882
f 1618/1676/1618 1881/1939/1881 1839/1897/1839
f 1855/1913/1855 1881/1939/1881 1859/1917/1859
f 1888/1946/1888 1890/1948/1890 1891/1949/1891
f 1889/1947/1889 1880/1938/1880 1885/1943/1885
f 1618/1676/1618 1883/1941/1883 1870/1928/1870
f 1612/1670/1612 1883/1941/1883 1523/1581/1523
f 1905/1963/1905 1884/1942/1884 1695/1753/1695
f 1842/1900/1842 1884/1942/1884 1817/1875/1817
f 1851/1909/1851 1885/1943/1885 1842/1900/1842
f 1889/1947/1889 1885/1943/1885 1784/1842/1784
f 1872/1930/1872 1886/1944/1886 1863/1921/1863
f 1887/1945/1887 1886/1944/1886 1864/1922/1864
f 1824/1882/1824 1887/1945/1887 1864/1922/1864
f 1890/1948/1890 1887/1945/1887 1790/1848/1790
f 1793/1851/1793 1892/1950/1892 1888/1946/1888
f 1893/1951/1893 1695/1753/1695 1884/1942/1884
f 1871/1929/1871 1889/1947/1889 1784/1842/1784
f 1893/1951/1893 1889/1947/1889 1882/1940/1882
f 1891/1949/1891 1890/1948/1890 1790/1848/1790
f 1893/1951/1893 1890/1948/1890 1888/1946/1888
f 1821/1879/1821 1891/1949/1891 1790/1848/1790
f 1793/1851/1793 1891/1949/1891 1826/1884/1826
f 1892/1950/1892 1793/1851/1793 1794/1852/1794
f 1893/1951/1893 1892/1950/1892 1695/1753/1695
f 1893/1951/1893 1880/1938/1880 1889/1947/1889
f 1892/1950/1892 1893/1951/1893 1888/1946/1888
f 1426/1484/1426 1511/1569/1511 1897/1955/1897
f 1902/1960/1902 1906/1964/1906 1894/1952/1894
f 1898/1956/1898 1597/1655/1597 1426/1484/1426
f 1792/1850/1792 1895/1953/1895 1894/1952/1894
f 1896/1954/1896 1586/1644/1586 1593/1651/1593
f 1896/1954/1896 1759/1817/1759 1756/1814/1756
f 1512/1570/1512 1901/1959/1901 1904/1962/1904
f 1378/1436/1378 1843/1901/1843 1900/1958/1900
f 1895/1953/1895 1898/1956/1898 1894/1952/1894
f 1426/1484/1426 1897/1955/1897 1898/1956/1898
f 1898/1956/1898 1902/1960/1902 1894/1952/1894
f 1428/1486/1428 1558/1616/1558 1903/1961/1903
f 1817/1875/1817 1900/1958/1900 1843/1901/1843
f 1899/1957/1899 1901/1959/1901 1900/1958/1900
f 1902/1960/1902 1901/1959/1901 1899/1957/1899
f 1904/1962/1904 1897/1955/1897 1509/1567/1509
f 1902/1960/1902 1897/1955/1897 1904/1962/1904
f 1905/1963/1905 1902/1960/1902 1899/1957/1899
f 1378/1436/1378 1903/1961/1903 1558/1616/1558
f 1512/1570/1512 1903/1961/1903 1901/1959/1901
f 1512/1570/1512 1904/1962/1904 1509/1567/1509
f 1902/1960/1902 1904/1962/1904 1901/1959/1901
f 1884/1942/1884 1905/1963/1905 1817/1875/1817
f 1906/1964/1906 1905/1963/1905 1695/1753/1695
f 1892/1950/1892 1906/1964/1906 1695/1753/1695
f 1894/1952/1894 1906/1964/1906 1735/1793/1735
s 1
usemtl FABRIC_1_FRONT_2187
f 1953/2072/1953 1960/2079/1960 2013/2132/2013
f 47/2009/47 48/2010/48 1947/2066/1947
f 48/2010/48 1924/2011/1924 1947/2066/1947
f 2001/2120/2001 2061/2180/2061 2002/2121/2002
f 2061/2180/2061 45/2007/45 46/2008/46
f 1980/2099/1980 1945/2064/1945 1941/2060/1941
f 2063/2182/2063 1947/2066/1947 2002/2121/2002
f 2235/2354/2235 2234/2353/2234 2414/2533/2414
f 2138/2257/2138 1315/2037/1315 1316/2038/1316
f 2059/2178/2059 1912/1978/1912 1913/1979/1913
f 1937/2056/1937 1942/2061/1942 1939/2058/1939
f 1954/2073/1954 1956/2075/1956 1923/1989/1923
f 8/1970/8 1980/2099/1980 1910/1969/1910
f 2062/2181/2062 2126/2245/2126 2127/2246/2127
f 43/2005/43 2122/2241/2122 42/2004/42
f 12/1974/12 1940/2059/1940 1939/2058/1939
f 2214/2333/2214 2062/2181/2062 2127/2246/2127
f 1978/2097/1978 1936/2055/1936 1983/2102/1983
f 44/2006/44 45/2007/45 2062/2181/2062
f 2046/2165/2046 1981/2100/1981 1941/2060/1941
f 2133/2252/2133 2065/2184/2065 1925/2012/1925
f 1937/2056/1937 1939/2058/1939 1978/2097/1978
f 45/2007/45 2061/2180/2061 2062/2181/2062
f 2034/2153/2034 2109/2228/2109 2110/2229/2110
f 1330/2052/1330 1331/2053/1331 1976/2095/1976
f 2123/2242/2123 41/2003/41 42/2004/42
f 2051/2170/2051 2048/2167/2048 2038/2157/2038
f 1927/2014/1927 2134/2253/2134 2132/2251/2132
f 1937/2056/1937 2046/2165/2046 1938/2057/1938
f 2279/2398/2279 2282/2401/2282 2324/2443/2324
f 2155/2274/2155 2232/2351/2232 2233/2352/2233
f 1945/2064/1945 9/1971/9 10/1972/10
f 13/1975/13 1935/2054/1935 1940/2059/1940
f 2091/2210/2091 2177/2296/2177 2262/2381/2262
f 1952/2071/1952 1954/2073/1954 1923/1989/1923
f 2027/2146/2027 2090/2209/2090 2176/2295/2176
f 39/2001/39 2154/2273/2154 38/2000/38
f 2033/2152/2033 2109/2228/2109 2037/2156/2037
f 36/1998/36 2142/2261/2142 35/1997/35
f 2002/2121/2002 2064/2183/2064 2066/2185/2066
f 1978/2097/1978 1939/2058/1939 1946/2065/1946
f 1911/1977/1911 1912/1978/1912 1944/2063/1944
f 1944/2063/1944 1946/2065/1946 1940/2059/1940
f 1923/1989/1923 28/1990/28 1952/2071/1952
f 1952/2071/1952 28/1990/28 29/1991/29
f 1953/2072/1953 1954/2073/1954 1957/2076/1957
f 1914/1980/1914 2033/2152/2033 1913/1979/1913
f 1951/2070/1951 1960/2079/1960 1958/2077/1958
f 1966/2085/1966 1958/2077/1958 1955/2074/1955
f 1928/2015/1928 2135/2254/2135 1927/2014/1927
f 2010/2129/2010 2247/2366/2247 2253/2372/2253
f 34/1996/34 35/1997/35 2147/2266/2147
f 1982/2101/1982 1979/2098/1979 1981/2100/1981
f 1946/2065/1946 1944/2063/1944 1943/2062/1943
f 2136/2255/2136 2268/2387/2268 2218/2337/2218
f 1978/2097/1978 1946/2065/1946 1943/2062/1943
f 1942/2061/1942 12/1974/12 1939/2058/1939
f 1946/2065/1946 1939/2058/1939 1940/2059/1940
f 1956/2075/1956 1953/2072/1953 1964/2083/1964
f 1911/1977/1911 1935/2054/1935 14/1976/14
f 1956/2075/1956 1922/1988/1922 1923/1989/1923
f 1954/2073/1954 1953/2072/1953 1956/2075/1956
f 1911/1977/1911 1944/2063/1944 1935/2054/1935
f 2259/2378/2259 1919/1985/1919 2307/2426/2307
f 12/1974/12 1942/2061/1942 11/1973/11
f 1998/2117/1998 2035/2154/2035 2036/2155/2036
f 1977/2096/1977 2033/2152/2033 2037/2156/2037
f 1986/2105/1986 1988/2107/1988 1982/2101/1982
f 2310/2429/2310 2111/2230/2111 1917/1983/1917
f 1940/2059/1940 1935/2054/1935 1944/2063/1944
f 1935/2054/1935 13/1975/13 14/1976/14
f 1912/1978/1912 2059/2178/2059 1999/2118/1999
f 1942/2061/1942 1938/2057/1938 11/1973/11
f 1999/2118/1999 1943/2062/1943 1944/2063/1944
f 1965/2084/1965 2027/2146/2027 2092/2211/2092
f 2039/2158/2039 1978/2097/1978 1943/2062/1943
f 1942/2061/1942 1937/2056/1937 1938/2057/1938
f 30/1992/30 1967/2086/1967 1959/2078/1959
f 1981/2100/1981 1910/1969/1910 1980/2099/1980
f 1968/2087/1968 2179/2298/2179 1958/2077/1958
f 1921/1987/1921 2022/2141/2022 2024/2143/2024
f 12/1974/12 13/1975/13 1940/2059/1940
f 1919/1985/1919 1920/1986/1920 2083/2202/2083
f 1967/2086/1967 1965/2084/1965 1966/2085/1966
f 2095/2214/2095 2030/2149/2030 2100/2219/2100
f 1952/2071/1952 29/1991/29 1959/2078/1959
f 2095/2214/2095 2100/2219/2100 2184/2303/2184
f 2044/2163/2044 1908/1967/1908 2043/2162/2043
f 1934/2021/1934 2097/2216/2097 1933/2020/1933
f 1974/2093/1974 1975/2094/1975 1976/2095/1976
f 1975/2094/1975 1974/2093/1974 1907/1966/1907
f 1303/2025/1303 2101/2220/2101 2105/2224/2105
f 1907/1966/1907 1908/1967/1908 1975/2094/1975
f 2095/2214/2095 1931/2018/1931 1932/2019/1932
f 1934/2021/1934 1300/2022/1300 1971/2090/1971
f 2043/2162/2043 1909/1968/1909 2042/2161/2042
f 1986/2105/1986 1982/2101/1982 1983/2102/1983
f 2099/2218/2099 2030/2149/2030 2095/2214/2095
f 2186/2305/2186 2103/2222/2103 2500/2619/2500
f 1300/2022/1300 1301/2023/1301 1971/2090/1971
f 1301/2023/1301 1302/2024/1302 2183/2302/2183
f 2101/2220/2101 1303/2025/1303 1304/2026/1304
f 2042/2161/2042 1909/1968/1909 1910/1969/1910
f 2097/2216/2097 1934/2021/1934 1971/2090/1971
f 2107/2226/2107 2187/2306/2187 2188/2307/2188
f 2152/2271/2152 2231/2350/2231 2150/2269/2150
f 1306/2028/1306 1307/2029/1307 2150/2269/2150
f 2104/2223/2104 2031/2150/2031 2101/2220/2101
f 2287/2406/2287 2329/2448/2329 2228/2347/2228
f 2310/2429/2310 2309/2428/2309 2094/2213/2094
f 1949/2068/1949 2478/2597/2478 2473/2592/2473
f 1311/2033/1311 2228/2347/2228 1310/2032/1310
f 2210/2329/2210 2205/2324/2205 2209/2328/2209
f 2068/2187/2068 2215/2334/2215 2067/2186/2067
f 1311/2033/1311 1312/2034/1312 2227/2346/2227
f 1967/2086/1967 31/1993/31 2025/2144/2025
f 30/1992/30 31/1993/31 1967/2086/1967
f 2272/2391/2272 2271/2390/2271 2148/2267/2148
f 2140/2259/2140 2225/2344/2225 2138/2257/2138
f 1955/2074/1955 1959/2078/1959 1967/2086/1967
f 1966/2085/1966 1968/2087/1968 1958/2077/1958
f 2071/2190/2071 2269/2388/2269 2224/2343/2224
f 1966/2085/1966 1965/2084/1965 1968/2087/1968
f 1314/2036/1314 2219/2338/2219 1313/2035/1313
f 2178/2297/2178 2471/2590/2471 2468/2587/2468
f 2227/2346/2227 2228/2347/2228 1311/2033/1311
f 2126/2245/2126 2124/2243/2124 2130/2249/2130
f 2342/2461/2342 2344/2463/2344 2396/2515/2396
f 1321/2043/1321 2164/2283/2164 1320/2042/1320
f 1922/1988/1922 2022/2141/2022 1921/1987/1921
f 2021/2140/2021 2014/2133/2014 2016/2135/2016
f 2014/2133/2014 1964/2083/1964 2013/2132/2013
f 2263/2382/2263 1951/2070/1951 2179/2298/2179
f 2240/2359/2240 2165/2284/2165 2079/2198/2079
f 2014/2133/2014 1963/2082/1963 1962/2081/1962
f 2167/2286/2167 2079/2198/2079 2169/2288/2169
f 1980/2099/1980 8/1970/8 9/1971/9
f 1945/2064/1945 1938/2057/1938 1941/2060/1941
f 1938/2057/1938 1945/2064/1945 10/1972/10
f 1960/2079/1960 1953/2072/1953 1958/2077/1958
f 2153/2272/2153 2075/2194/2075 2150/2269/2150
f 1979/2098/1979 2043/2162/2043 2042/2161/2042
f 1976/2095/1976 1975/2094/1975 1973/2092/1973
f 1924/2011/1924 1925/2012/1925 2064/2183/2064
f 10/1972/10 11/1973/11 1938/2057/1938
f 1959/2078/1959 1957/2076/1957 1952/2071/1952
f 2167/2286/2167 1323/2045/1323 2256/2375/2256
f 1318/2040/1318 1319/2041/1319 2162/2281/2162
f 2240/2359/2240 2242/2361/2242 2165/2284/2165
f 1963/2082/1963 1951/2070/1951 2263/2382/2263
f 2239/2358/2239 2293/2412/2293 2294/2413/2294
f 2239/2358/2239 2244/2363/2244 2247/2366/2247
f 1327/2049/1327 2121/2240/2121 1326/2048/1326
f 1951/2070/1951 2013/2132/2013 1960/2079/1960
f 1963/2082/1963 2013/2132/2013 1951/2070/1951
f 2106/2225/2106 1328/2050/1328 1329/2051/1329
f 2476/2595/2476 2304/2423/2304 2494/2613/2494
f 2121/2240/2121 2211/2330/2211 1326/2048/1326
f 1973/2092/1973 2045/2164/2045 2187/2306/2187
f 30/1992/30 1959/2078/1959 29/1991/29
f 2025/2144/2025 31/1993/31 32/1994/32
f 2032/2151/2032 2106/2225/2106 2107/2226/2107
f 1974/2093/1974 1331/2053/1331 1271/1965/1271
f 1957/2076/1957 1955/2074/1955 1958/2077/1958
f 1952/2071/1952 1957/2076/1957 1954/2073/1954
f 1271/1965/1271 1907/1966/1907 1974/2093/1974
f 1967/2086/1967 1966/2085/1966 1955/2074/1955
f 1976/2095/1976 1331/2053/1331 1974/2093/1974
f 1957/2076/1957 1959/2078/1959 1955/2074/1955
f 2188/2307/2188 1972/2091/1972 2190/2309/2190
f 2015/2134/2015 2019/2138/2019 2020/2139/2020
f 1922/1988/1922 1956/2075/1956 2022/2141/2022
f 2175/2294/2175 33/1995/33 34/1996/34
f 2330/2449/2330 2288/2407/2288 2229/2348/2229
f 2107/2226/2107 1976/2095/1976 1973/2092/1973
f 1957/2076/1957 1958/2077/1958 1953/2072/1953
f 1979/2098/1979 1988/2107/1988 1993/2112/1993
f 1945/2064/1945 1980/2099/1980 9/1971/9
f 1981/2100/1981 1980/2099/1980 1941/2060/1941
f 1941/2060/1941 1938/2057/1938 2046/2165/2046
f 1981/2100/1981 1979/2098/1979 2042/2161/2042
f 1983/2102/1983 1937/2056/1937 1978/2097/1978
f 1983/2102/1983 1982/2101/1982 2046/2165/2046
f 1986/2105/1986 1987/2106/1987 1985/2104/1985
f 1989/2108/1989 1986/2105/1986 1983/2102/1983
f 1987/2106/1987 1989/2108/1989 2040/2159/2040
f 2192/2311/2192 1327/2049/1327 1328/2050/1328
f 1990/2109/1990 1985/2104/1985 1992/2111/1992
f 1988/2107/1988 1979/2098/1979 1982/2101/1982
f 1989/2108/1989 1983/2102/1983 1936/2055/1936
f 1986/2105/1986 1985/2104/1985 1988/2107/1988
f 1936/2055/1936 2036/2155/2036 2040/2159/2040
f 1992/2111/1992 2047/2166/2047 1984/2103/1984
f 1985/2104/1985 1990/2109/1990 1988/2107/1988
f 1993/2112/1993 1988/2107/1988 1994/2113/1994
f 2040/2159/2040 1989/2108/1989 1936/2055/1936
f 1986/2105/1986 1989/2108/1989 1987/2106/1987
f 1985/2104/1985 2047/2166/2047 1992/2111/1992
f 1990/2109/1990 2190/2309/2190 1994/2113/1994
f 1973/2092/1973 2044/2163/2044 2045/2164/2045
f 1975/2094/1975 2044/2163/2044 1973/2092/1973
f 1992/2111/1992 1984/2103/1984 1997/2116/1997
f 1992/2111/1992 2189/2308/2189 2190/2309/2190
f 1994/2113/1994 1988/2107/1988 1990/2109/1990
f 2043/2162/2043 1993/2112/1993 1991/2110/1991
f 2045/2164/2045 1994/2113/1994 1972/2091/1972
f 1993/2112/1993 1994/2113/1994 1991/2110/1991
f 1996/2115/1996 2053/2172/2053 2056/2175/2056
f 1324/2046/1324 1325/2047/1325 2212/2331/2212
f 2053/2172/2053 1997/2116/1997 1984/2103/1984
f 2265/2384/2265 2116/2235/2116 2117/2236/2117
f 1984/2103/1984 2054/2173/2054 2053/2172/2053
f 2189/2308/2189 1997/2116/1997 1996/2115/1996
f 2059/2178/2059 2033/2152/2033 2035/2154/2035
f 2036/2155/2036 2039/2158/2039 1999/2118/1999
f 1912/1978/1912 1999/2118/1999 1944/2063/1944
f 2036/2155/2036 1999/2118/1999 1998/2117/1998
f 2128/2247/2128 1948/2067/1948 2129/2248/2129
f 2414/2533/2414 2155/2274/2155 2235/2354/2235
f 46/2008/46 47/2009/47 2063/2182/2063
f 2001/2120/2001 2124/2243/2124 2062/2181/2062
f 2064/2183/2064 1947/2066/1947 1924/2011/1924
f 2064/2183/2064 2002/2121/2002 1947/2066/1947
f 2003/2122/2003 2132/2251/2132 2068/2187/2068
f 2131/2250/2131 2066/2185/2066 2067/2186/2067
f 2136/2255/2136 2069/2188/2069 2135/2254/2135
f 2430/2549/2430 2423/2542/2423 2424/2543/2424
f 2141/2260/2141 2072/2191/2072 2138/2257/2138
f 2273/2392/2273 2221/2340/2221 2315/2434/2315
f 2283/2402/2283 2326/2445/2326 2226/2345/2226
f 38/2000/38 2154/2273/2154 2156/2275/2156
f 2459/2578/2459 2460/2579/2460 2325/2444/2325
f 2362/2481/2362 2358/2477/2358 2356/2475/2356
f 2385/2504/2385 2008/2127/2008 2400/2519/2400
f 2102/2221/2102 2411/2530/2411 2292/2411/2292
f 2323/2442/2323 2394/2513/2394 2393/2512/2393
f 2145/2264/2145 2161/2280/2161 2073/2192/2073
f 2296/2415/2296 2487/2606/2487 2492/2611/2492
f 2141/2260/2141 2275/2394/2275 2072/2191/2072
f 2167/2286/2167 1322/2044/1322 1323/2045/1323
f 2174/2293/2174 2012/2131/2012 2085/2204/2085
f 2087/2206/2087 2171/2290/2171 2020/2139/2020
f 2260/2379/2260 2012/2131/2012 2337/2456/2337
f 2014/2133/2014 2013/2132/2013 1963/2082/1963
f 1953/2072/1953 2013/2132/2013 1964/2083/1964
f 1962/2081/1962 2016/2135/2016 2014/2133/2014
f 2021/2140/2021 2023/2142/2023 2014/2133/2014
f 2016/2135/2016 2019/2138/2019 2015/2134/2015
f 2081/2200/2081 2018/2137/2018 2082/2201/2082
f 2493/2612/2493 2019/2138/2019 2016/2135/2016
f 2082/2201/2082 2021/2140/2021 2015/2134/2015
f 2181/2300/2181 2489/2608/2489 2485/2604/2485
f 2019/2138/2019 2017/2136/2017 2087/2206/2087
f 2081/2200/2081 2082/2201/2082 2086/2205/2086
f 2024/2143/2024 2022/2141/2022 2023/2142/2023
f 2493/2612/2493 2016/2135/2016 1962/2081/1962
f 2019/2138/2019 2087/2206/2087 2020/2139/2020
f 2246/2365/2246 2088/2207/2088 2171/2290/2171
f 2173/2292/2173 2174/2293/2174 2020/2139/2020
f 2015/2134/2015 2021/2140/2021 2016/2135/2016
f 2021/2140/2021 2018/2137/2018 2023/2142/2023
f 1956/2075/1956 1964/2083/1964 2022/2141/2022
f 2023/2142/2023 2022/2141/2022 1964/2083/1964
f 2023/2142/2023 1964/2083/1964 2014/2133/2014
f 2024/2143/2024 2023/2142/2023 2018/2137/2018
f 2081/2200/2081 2024/2143/2024 2018/2137/2018
f 1921/1987/1921 2024/2143/2024 2084/2203/2084
f 2090/2209/2090 32/1994/32 33/1995/33
f 1967/2086/1967 2025/2144/2025 1965/2084/1965
f 1965/2084/1965 2025/2144/2025 2027/2146/2027
f 2089/2208/2089 2176/2295/2176 2090/2209/2090
f 2025/2144/2025 32/1994/32 2090/2209/2090
f 2176/2295/2176 2177/2296/2177 2027/2146/2027
f 2179/2298/2179 2093/2212/2093 2263/2382/2263
f 1968/2087/1968 1965/2084/1965 2092/2211/2092
f 1919/1985/1919 2259/2378/2259 1918/1984/1918
f 2052/2171/2052 2054/2173/2054 2051/2170/2051
f 2095/2214/2095 2182/2301/2182 2099/2218/2099
f 2217/2336/2217 2069/2188/2069 2136/2255/2136
f 2101/2220/2101 2185/2304/2185 2104/2223/2104
f 2186/2305/2186 2500/2619/2500 2096/2215/2096
f 2265/2384/2265 2266/2385/2266 2189/2308/2189
f 2200/2319/2200 2199/2318/2199 2108/2227/2108
f 2109/2228/2109 1914/1980/1914 1915/1981/1915
f 2035/2154/2035 2033/2152/2033 1977/2096/1977
f 2110/2229/2110 1915/1981/1915 1916/1982/1916
f 2048/2167/2048 1984/2103/1984 2047/2166/2047
f 2036/2155/2036 2035/2154/2035 1977/2096/1977
f 2059/2178/2059 2035/2154/2035 1998/2117/1998
f 2036/2155/2036 1977/2096/1977 2041/2160/2041
f 2039/2158/2039 2036/2155/2036 1936/2055/1936
f 2109/2228/2109 2033/2152/2033 1914/1980/1914
f 2113/2232/2113 2034/2153/2034 2114/2233/2114
f 1977/2096/1977 2037/2156/2037 2050/2169/2050
f 2048/2167/2048 2047/2166/2047 1987/2106/1987
f 1978/2097/1978 2039/2158/2039 1936/2055/1936
f 1999/2118/1999 2039/2158/2039 1943/2062/1943
f 2041/2160/2041 2040/2159/2040 2036/2155/2036
f 1987/2106/1987 2040/2159/2040 2038/2157/2038
f 2050/2169/2050 2041/2160/2041 1977/2096/1977
f 2040/2159/2040 2041/2160/2041 2038/2157/2038
f 1981/2100/1981 2042/2161/2042 1910/1969/1910
f 1979/2098/1979 1993/2112/1993 2043/2162/2043
f 2045/2164/2045 2044/2163/2044 2043/2162/2043
f 1908/1967/1908 1909/1968/1909 2043/2162/2043
f 1908/1967/1908 2044/2163/2044 1975/2094/1975
f 2045/2164/2045 2043/2162/2043 1991/2110/1991
f 1994/2113/1994 2045/2164/2045 1991/2110/1991
f 2187/2306/2187 2045/2164/2045 1972/2091/1972
f 1983/2102/1983 2046/2165/2046 1937/2056/1937
f 1981/2100/1981 2046/2165/2046 1982/2101/1982
f 1985/2104/1985 1987/2106/1987 2047/2166/2047
f 2048/2167/2048 1987/2106/1987 2038/2157/2038
f 2050/2169/2050 2038/2157/2038 2041/2160/2041
f 1984/2103/1984 2048/2167/2048 2054/2173/2054
f 2114/2233/2114 2034/2153/2034 2110/2229/2110
f 1969/2088/1969 2201/2320/2201 2197/2316/2197
f 2034/2153/2034 2050/2169/2050 2037/2156/2037
f 2050/2169/2050 2049/2168/2049 2051/2170/2051
f 2050/2169/2050 2051/2170/2051 2038/2157/2038
f 2049/2168/2049 2195/2314/2195 2051/2170/2051
f 2115/2234/2115 2197/2316/2197 2194/2313/2194
f 1997/2116/1997 2053/2172/2053 1996/2115/1996
f 2118/2237/2118 2052/2171/2052 2194/2313/2194
f 2056/2175/2056 1995/2114/1995 2116/2235/2116
f 2051/2170/2051 2054/2173/2054 2048/2167/2048
f 2053/2172/2053 2054/2173/2054 2052/2171/2052
f 2194/2313/2194 2195/2314/2195 2115/2234/2115
f 2056/2175/2056 2118/2237/2118 2119/2238/2119
f 2053/2172/2053 2118/2237/2118 2056/2175/2056
f 2119/2238/2119 2055/2174/2055 2201/2320/2201
f 2203/2322/2203 2056/2175/2056 2119/2238/2119
f 2206/2325/2206 2207/2326/2207 2204/2323/2204
f 2106/2225/2106 2108/2227/2108 2192/2311/2192
f 1995/2114/1995 2203/2322/2203 2205/2324/2205
f 2033/2152/2033 2059/2178/2059 1913/1979/1913
f 1999/2118/1999 2059/2178/2059 1998/2117/1998
f 2447/2566/2447 2449/2568/2449 2454/2573/2454
f 2122/2241/2122 2123/2242/2123 42/2004/42
f 2061/2180/2061 46/2008/46 2063/2182/2063
f 2062/2181/2062 2061/2180/2061 2001/2120/2001
f 2001/2120/2001 2131/2250/2131 2124/2243/2124
f 2000/2119/2000 2127/2246/2127 2126/2245/2126
f 1947/2066/1947 2063/2182/2063 47/2009/47
f 2061/2180/2061 2063/2182/2063 2002/2121/2002
f 1925/2012/1925 2065/2184/2065 2064/2183/2064
f 2064/2183/2064 2065/2184/2065 2066/2185/2066
f 2133/2252/2133 1925/2012/1925 1926/2013/1926
f 2066/2185/2066 2065/2184/2065 2003/2122/2003
f 2067/2186/2067 2066/2185/2066 2003/2122/2003
f 2001/2120/2001 2002/2121/2002 2066/2185/2066
f 2068/2187/2068 2067/2186/2067 2003/2122/2003
f 2131/2250/2131 2067/2186/2067 1948/2067/1948
f 2133/2252/2133 2003/2122/2003 2065/2184/2065
f 2129/2248/2129 2125/2244/2125 2128/2247/2128
f 2136/2255/2136 1928/2015/1928 1929/2016/1929
f 2004/2123/2004 2216/2335/2216 2134/2253/2134
f 2503/2622/2503 2502/2621/2502 1970/2089/1970
f 2498/2617/2498 2409/2528/2409 1970/2089/1970
f 2348/2467/2348 2399/2518/2399 2343/2462/2343
f 2074/2193/2074 2271/2390/2271 2312/2431/2312
f 1316/2038/1316 2141/2260/2141 2138/2257/2138
f 2346/2465/2346 2224/2343/2224 2223/2342/2223
f 2145/2264/2145 2142/2261/2142 2146/2265/2146
f 2142/2261/2142 2145/2264/2145 2073/2192/2073
f 2272/2391/2272 2137/2256/2137 2269/2388/2269
f 2285/2404/2285 2354/2473/2354 2149/2268/2149
f 1307/2029/1307 2153/2272/2153 2150/2269/2150
f 2102/2221/2102 2152/2271/2152 2290/2409/2290
f 2154/2273/2154 2232/2351/2232 2157/2276/2157
f 2160/2279/2160 2143/2262/2143 2156/2275/2156
f 2238/2357/2238 1319/2041/1319 1320/2042/1320
f 2481/2600/2481 2277/2396/2277 2222/2341/2222
f 2245/2364/2245 2242/2361/2242 2011/2130/2011
f 2294/2413/2294 2162/2281/2162 2163/2282/2163
f 2212/2331/2212 2168/2287/2168 2256/2375/2256
f 2496/2615/2496 2257/2376/2257 2057/2176/2057
f 2084/2203/2084 2081/2200/2081 2083/2202/2083
f 2260/2379/2260 2170/2289/2170 2307/2426/2307
f 2018/2137/2018 2021/2140/2021 2082/2201/2082
f 2083/2202/2083 2081/2200/2081 2080/2199/2080
f 2015/2134/2015 2085/2204/2085 2082/2201/2082
f 2085/2204/2085 2086/2205/2086 2082/2201/2082
f 1919/1985/1919 2083/2202/2083 2080/2199/2080
f 2084/2203/2084 2083/2202/2083 1920/1986/1920
f 1921/1987/1921 2084/2203/2084 1920/1986/1920
f 2024/2143/2024 2081/2200/2081 2084/2203/2084
f 2020/2139/2020 2085/2204/2085 2015/2134/2015
f 2086/2205/2086 2085/2204/2085 2012/2131/2012
f 2260/2379/2260 2086/2205/2086 2012/2131/2012
f 2086/2205/2086 2080/2199/2080 2081/2200/2081
f 2296/2415/2296 2087/2206/2087 2017/2136/2017
f 2171/2290/2171 2087/2206/2087 1961/2080/1961
f 2248/2367/2248 2011/2130/2011 2297/2416/2297
f 2171/2290/2171 2173/2292/2173 2020/2139/2020
f 2147/2266/2147 35/1997/35 2142/2261/2142
f 2283/2402/2283 2026/2145/2026 2326/2445/2326
f 2090/2209/2090 33/1995/33 2175/2294/2175
f 2025/2144/2025 2090/2209/2090 2027/2146/2027
f 2226/2345/2226 2006/2125/2006 2283/2402/2283
f 2469/2588/2469 2180/2299/2180 2468/2587/2468
f 2177/2296/2177 2092/2211/2092 2027/2146/2027
f 2180/2299/2180 2092/2211/2092 2091/2210/2091
f 2093/2212/2093 2179/2298/2179 2180/2299/2180
f 2469/2588/2469 2264/2383/2264 2093/2212/2093
f 1918/1984/1918 2259/2378/2259 2261/2380/2261
f 2050/2169/2050 2113/2232/2113 2049/2168/2049
f 2182/2301/2182 1932/2019/1932 1933/2020/1933
f 2504/2623/2504 2100/2219/2100 2030/2149/2030
f 2182/2301/2182 2097/2216/2097 2096/2215/2096
f 2097/2216/2097 2186/2305/2186 2096/2215/2096
f 2183/2302/2183 1971/2090/1971 1301/2023/1301
f 1303/2025/1303 2105/2224/2105 1302/2024/1302
f 2268/2387/2268 2311/2430/2311 2218/2337/2218
f 1931/2018/1931 2184/2303/2184 1930/2017/1930
f 2182/2301/2182 2095/2214/2095 1932/2019/1932
f 2499/2618/2499 2099/2218/2099 2096/2215/2096
f 2504/2623/2504 2030/2149/2030 2503/2622/2503
f 2100/2219/2100 2098/2217/2098 2184/2303/2184
f 2185/2304/2185 1304/2026/1304 1305/2027/1305
f 2031/2150/2031 2103/2222/2103 2105/2224/2105
f 2231/2350/2231 1305/2027/1305 1306/2028/1306
f 2230/2349/2230 2290/2409/2290 2075/2194/2075
f 2103/2222/2103 2501/2620/2501 2500/2619/2500
f 2183/2302/2183 2097/2216/2097 1971/2090/1971
f 2185/2304/2185 2101/2220/2101 1304/2026/1304
f 2292/2411/2292 2104/2223/2104 2102/2221/2102
f 2031/2150/2031 2105/2224/2105 2101/2220/2101
f 1302/2024/1302 2105/2224/2105 2103/2222/2103
f 2191/2310/2191 1329/2051/1329 1330/2052/1330
f 2108/2227/2108 2106/2225/2106 2032/2151/2032
f 2191/2310/2191 2106/2225/2106 1329/2051/1329
f 2107/2226/2107 2191/2310/2191 1976/2095/1976
f 2108/2227/2108 2032/2151/2032 2200/2319/2200
f 2108/2227/2108 2058/2177/2058 2121/2240/2121
f 2110/2229/2110 2109/2228/2109 1915/1981/1915
f 2037/2156/2037 2109/2228/2109 2034/2153/2034
f 1916/1982/1916 2111/2230/2111 2110/2229/2110
f 2193/2312/2193 2029/2148/2029 2112/2231/2112
f 1917/1983/1917 2111/2230/2111 1916/1982/1916
f 2193/2312/2193 2111/2230/2111 2094/2213/2094
f 2193/2312/2193 2110/2229/2110 2111/2230/2111
f 2196/2315/2196 2115/2234/2115 2195/2314/2195
f 2034/2153/2034 2113/2232/2113 2050/2169/2050
f 2196/2315/2196 2113/2232/2113 2112/2231/2112
f 2193/2312/2193 2114/2233/2114 2110/2229/2110
f 2113/2232/2113 2114/2233/2114 2112/2231/2112
f 2049/2168/2049 2113/2232/2113 2196/2315/2196
f 2115/2234/2115 2198/2317/2198 2197/2316/2197
f 2117/2236/2117 2116/2235/2116 1995/2114/1995
f 1996/2115/1996 2056/2175/2056 2116/2235/2116
f 2117/2236/2117 1995/2114/1995 2199/2318/2199
f 2107/2226/2107 2188/2307/2188 2032/2151/2032
f 2052/2171/2052 2118/2237/2118 2053/2172/2053
f 2119/2238/2119 2118/2237/2118 2055/2174/2055
f 1969/2088/1969 2331/2450/2331 2206/2325/2206
f 2056/2175/2056 2203/2322/2203 1995/2114/1995
f 1326/2048/1326 2211/2330/2211 1325/2047/1325
f 2257/2376/2257 2168/2287/2168 2120/2239/2120
f 2121/2240/2121 1327/2049/1327 2192/2311/2192
f 2058/2177/2058 2205/2324/2205 2211/2330/2211
f 2122/2241/2122 43/2005/43 2214/2333/2214
f 2123/2242/2123 2122/2241/2122 2060/2179/2060
f 2234/2353/2234 2236/2355/2236 2237/2356/2237
f 2157/2276/2157 2076/2195/2076 2154/2273/2154
f 2128/2247/2128 2124/2243/2124 1948/2067/1948
f 2124/2243/2124 2128/2247/2128 2130/2249/2130
f 2427/2546/2427 2129/2248/2129 2216/2335/2216
f 2129/2248/2129 2427/2546/2427 2125/2244/2125
f 2000/2119/2000 2455/2574/2455 2127/2246/2127
f 2062/2181/2062 2124/2243/2124 2126/2245/2126
f 2122/2241/2122 2127/2246/2127 2060/2179/2060
f 44/2006/44 2214/2333/2214 43/2005/43
f 2129/2248/2129 1948/2067/1948 2215/2334/2215
f 2130/2249/2130 2128/2247/2128 2125/2244/2125
f 2216/2335/2216 2129/2248/2129 2215/2334/2215
f 2004/2123/2004 2428/2547/2428 2429/2548/2429
f 2452/2571/2452 2125/2244/2125 2451/2570/2451
f 2126/2245/2126 2130/2249/2130 2000/2119/2000
f 2124/2243/2124 2131/2250/2131 1948/2067/1948
f 2001/2120/2001 2066/2185/2066 2131/2250/2131
f 1926/2013/1926 1927/2014/1927 2132/2251/2132
f 1927/2014/1927 2135/2254/2135 2134/2253/2134
f 1926/2013/1926 2132/2251/2132 2133/2252/2133
f 2003/2122/2003 2133/2252/2133 2132/2251/2132
f 2004/2123/2004 2134/2253/2134 2069/2188/2069
f 2068/2187/2068 2132/2251/2132 2134/2253/2134
f 2136/2255/2136 2135/2254/2135 1928/2015/1928
f 2134/2253/2134 2135/2254/2135 2069/2188/2069
f 1930/2017/1930 2268/2387/2268 1929/2016/1929
f 2069/2188/2069 2217/2336/2217 2004/2123/2004
f 1314/2036/1314 1315/2037/1315 2225/2344/2225
f 2272/2391/2272 2269/2388/2269 2220/2339/2220
f 1317/2039/1317 2273/2392/2273 2141/2260/2141
f 2140/2259/2140 2138/2257/2138 2072/2191/2072
f 2221/2340/2221 1317/2039/1317 1318/2040/1318
f 2314/2433/2314 2221/2340/2221 2162/2281/2162
f 2140/2259/2140 2072/2191/2072 2276/2395/2276
f 2219/2338/2219 2225/2344/2225 2137/2256/2137
f 1317/2039/1317 2141/2260/2141 1316/2038/1316
f 2141/2260/2141 2139/2258/2139 2275/2394/2275
f 2145/2264/2145 2146/2265/2146 2143/2262/2143
f 2142/2261/2142 2073/2192/2073 2278/2397/2278
f 2159/2278/2159 38/2000/38 2156/2275/2156
f 2158/2277/2158 2160/2279/2160 2076/2195/2076
f 2326/2445/2326 2278/2397/2278 2226/2345/2226
f 2089/2208/2089 2175/2294/2175 2147/2266/2147
f 2146/2265/2146 2142/2261/2142 36/1998/36
f 2161/2280/2161 2143/2262/2143 2160/2279/2160
f 36/1998/36 37/1999/37 2146/2265/2146
f 2159/2278/2159 2146/2265/2146 37/1999/37
f 2142/2261/2142 2144/2263/2144 2147/2266/2147
f 2147/2266/2147 2144/2263/2144 2089/2208/2089
f 2272/2391/2272 2220/2339/2220 2271/2390/2271
f 2284/2403/2284 2228/2347/2228 2148/2267/2148
f 2286/2405/2286 2285/2404/2285 2149/2268/2149
f 2289/2408/2289 2381/2500/2381 2330/2449/2330
f 1308/2030/1308 2288/2407/2288 2153/2272/2153
f 2152/2271/2152 2150/2269/2150 2075/2194/2075
f 2229/2348/2229 1308/2030/1308 1309/2031/1309
f 2288/2407/2288 2330/2449/2330 2151/2270/2151
f 2379/2498/2379 2380/2499/2380 2075/2194/2075
f 2185/2304/2185 2231/2350/2231 2102/2221/2102
f 1308/2030/1308 2153/2272/2153 1307/2029/1307
f 2153/2272/2153 2151/2270/2151 2381/2500/2381
f 2232/2351/2232 39/2001/39 40/2002/40
f 2156/2275/2156 2154/2273/2154 2076/2195/2076
f 2233/2352/2233 40/2002/40 41/2003/41
f 2420/2539/2420 2415/2534/2415 2437/2556/2437
f 2433/2552/2433 2009/2128/2009 2435/2554/2435
f 2156/2275/2156 2143/2262/2143 2159/2278/2159
f 2232/2351/2232 2154/2273/2154 39/2001/39
f 2414/2533/2414 2157/2276/2157 2155/2274/2155
f 2279/2398/2279 2161/2280/2161 2282/2401/2282
f 2145/2264/2145 2143/2262/2143 2161/2280/2161
f 2146/2265/2146 2159/2278/2159 2143/2262/2143
f 38/2000/38 2159/2278/2159 37/1999/37
f 2076/2195/2076 2160/2279/2160 2156/2275/2156
f 2160/2279/2160 2158/2277/2158 2161/2280/2161
f 2319/2438/2319 2281/2400/2281 2316/2435/2316
f 2279/2398/2279 2226/2345/2226 2278/2397/2278
f 2162/2281/2162 1319/2041/1319 2238/2357/2238
f 2162/2281/2162 2077/2196/2077 2314/2433/2314
f 2163/2282/2163 2238/2357/2238 2164/2283/2164
f 2293/2412/2293 2239/2358/2239 2010/2129/2010
f 2166/2285/2166 1321/2043/1321 2169/2288/2169
f 2164/2283/2164 2078/2197/2078 2295/2414/2295
f 2164/2283/2164 2166/2285/2166 2078/2197/2078
f 2166/2285/2166 2164/2283/2164 1321/2043/1321
f 2169/2288/2169 1321/2043/1321 1322/2044/1322
f 2078/2197/2078 2166/2285/2166 2165/2284/2165
f 1323/2045/1323 1324/2046/1324 2256/2375/2256
f 2169/2288/2169 2079/2198/2079 2165/2284/2165
f 2257/2376/2257 2120/2239/2120 2057/2176/2057
f 2167/2286/2167 2168/2287/2168 2258/2377/2258
f 2166/2285/2166 2169/2288/2169 2165/2284/2165
f 1322/2044/1322 2167/2286/2167 2169/2288/2169
f 2086/2205/2086 2260/2379/2260 2080/2199/2080
f 1918/1984/1918 2261/2380/2261 1917/1983/1917
f 1961/2080/1961 2249/2368/2249 2246/2365/2246
f 2088/2207/2088 2172/2291/2172 2173/2292/2173
f 2255/2374/2255 2351/2470/2351 2088/2207/2088
f 2298/2417/2298 2497/2616/2497 2300/2419/2300
f 2088/2207/2088 2173/2292/2173 2171/2290/2171
f 2174/2293/2174 2172/2291/2172 2012/2131/2012
f 2020/2139/2020 2174/2293/2174 2085/2204/2085
f 2172/2291/2172 2174/2293/2174 2173/2292/2173
f 2147/2266/2147 2175/2294/2175 34/1996/34
f 2090/2209/2090 2175/2294/2175 2089/2208/2089
f 2326/2445/2326 2176/2295/2176 2089/2208/2089
f 2176/2295/2176 2026/2145/2026 2177/2296/2177
f 2262/2381/2262 2177/2296/2177 2026/2145/2026
f 2092/2211/2092 2177/2296/2177 2091/2210/2091
f 2460/2579/2460 2461/2580/2461 2006/2125/2006
f 2472/2591/2472 2469/2588/2469 2468/2587/2468
f 1958/2077/1958 2179/2298/2179 1951/2070/1951
f 2180/2299/2180 2179/2298/2179 1968/2087/1968
f 2092/2211/2092 2180/2299/2180 1968/2087/1968
f 2180/2299/2180 2091/2210/2091 2468/2587/2468
f 2483/2602/2483 2484/2603/2484 2478/2597/2478
f 1962/2081/1962 1963/2082/1963 2485/2604/2485
f 2097/2216/2097 2182/2301/2182 1933/2020/1933
f 2099/2218/2099 2182/2301/2182 2096/2215/2096
f 1302/2024/1302 2103/2222/2103 2183/2302/2183
f 2186/2305/2186 2183/2302/2183 2103/2222/2103
f 2184/2303/2184 1931/2018/1931 2095/2214/2095
f 2268/2387/2268 2184/2303/2184 2098/2217/2098
f 2185/2304/2185 1305/2027/1305 2231/2350/2231
f 2104/2223/2104 2185/2304/2185 2102/2221/2102
f 2183/2302/2183 2186/2305/2186 2097/2216/2097
f 2031/2150/2031 2498/2617/2498 2501/2620/2501
f 2187/2306/2187 1972/2091/1972 2188/2307/2188
f 1973/2092/1973 2187/2306/2187 2107/2226/2107
f 2190/2309/2190 1972/2091/1972 1994/2113/1994
f 2266/2385/2266 2200/2319/2200 2032/2151/2032
f 1997/2116/1997 2189/2308/2189 1992/2111/1992
f 2265/2384/2265 2189/2308/2189 1996/2115/1996
f 1992/2111/1992 2190/2309/2190 1990/2109/1990
f 2188/2307/2188 2190/2309/2190 2189/2308/2189
f 1976/2095/1976 2191/2310/2191 1330/2052/1330
f 2106/2225/2106 2191/2310/2191 2107/2226/2107
f 2106/2225/2106 2192/2311/2192 1328/2050/1328
f 2121/2240/2121 2192/2311/2192 2108/2227/2108
f 2029/2148/2029 2193/2312/2193 2094/2213/2094
f 2114/2233/2114 2193/2312/2193 2112/2231/2112
f 2118/2237/2118 2194/2313/2194 2055/2174/2055
f 2195/2314/2195 2194/2313/2194 2052/2171/2052
f 2051/2170/2051 2195/2314/2195 2052/2171/2052
f 2196/2315/2196 2195/2314/2195 2049/2168/2049
f 2029/2148/2029 2267/2386/2267 2112/2231/2112
f 2196/2315/2196 2112/2231/2112 2267/2386/2267
f 2194/2313/2194 2197/2316/2197 2055/2174/2055
f 2196/2315/2196 2267/2386/2267 2115/2234/2115
f 2334/2453/2334 2332/2451/2332 2198/2317/2198
f 2197/2316/2197 2198/2317/2198 2332/2451/2332
f 2205/2324/2205 2199/2318/2199 1995/2114/1995
f 2108/2227/2108 2199/2318/2199 2058/2177/2058
f 2266/2385/2266 2032/2151/2032 2188/2307/2188
f 2199/2318/2199 2200/2319/2200 2117/2236/2117
f 2197/2316/2197 2201/2320/2201 2055/2174/2055
f 2206/2325/2206 2201/2320/2201 1969/2088/1969
f 2197/2316/2197 2332/2451/2332 1969/2088/1969
f 2257/2376/2257 2258/2377/2258 2168/2287/2168
f 2119/2238/2119 2204/2323/2204 2203/2322/2203
f 2205/2324/2205 2058/2177/2058 2199/2318/2199
f 2206/2325/2206 2204/2323/2204 2119/2238/2119
f 2209/2328/2209 2204/2323/2204 2057/2176/2057
f 2209/2328/2209 2203/2322/2203 2204/2323/2204
f 2057/2176/2057 2210/2329/2210 2209/2328/2209
f 2206/2325/2206 2119/2238/2119 2201/2320/2201
f 2207/2326/2207 2206/2325/2206 2202/2321/2202
f 2497/2616/2497 2496/2615/2496 2207/2326/2207
f 2057/2176/2057 2204/2323/2204 2207/2326/2207
f 2298/2417/2298 2252/2371/2252 2208/2327/2208
f 2297/2416/2297 2240/2359/2240 2241/2360/2241
f 2210/2329/2210 2057/2176/2057 2120/2239/2120
f 2203/2322/2203 2209/2328/2209 2205/2324/2205
f 2212/2331/2212 2211/2330/2211 2120/2239/2120
f 2205/2324/2205 2210/2329/2210 2211/2330/2211
f 2058/2177/2058 2211/2330/2211 2121/2240/2121
f 2211/2330/2211 2210/2329/2210 2120/2239/2120
f 2211/2330/2211 2212/2331/2212 1325/2047/1325
f 2168/2287/2168 2212/2331/2212 2120/2239/2120
f 2453/2572/2453 2442/2561/2442 2237/2356/2237
f 2439/2558/2439 2404/2523/2404 2407/2526/2407
f 2062/2181/2062 2214/2333/2214 44/2006/44
f 2122/2241/2122 2214/2333/2214 2127/2246/2127
f 2067/2186/2067 2215/2334/2215 1948/2067/1948
f 2216/2335/2216 2215/2334/2215 2068/2187/2068
f 2134/2253/2134 2216/2335/2216 2068/2187/2068
f 2429/2548/2429 2426/2545/2426 2427/2546/2427
f 2136/2255/2136 2218/2337/2218 2217/2336/2217
f 2070/2189/2070 2428/2547/2428 2218/2337/2218
f 1929/2016/1929 2268/2387/2268 2136/2255/2136
f 2431/2550/2431 2428/2547/2428 2070/2189/2070
f 2219/2338/2219 1314/2036/1314 2225/2344/2225
f 2272/2391/2272 2219/2338/2219 2137/2256/2137
f 2345/2464/2345 2313/2432/2313 2071/2190/2071
f 2271/2390/2271 2074/2193/2074 2284/2403/2284
f 2162/2281/2162 2221/2340/2221 1318/2040/1318
f 2293/2412/2293 2274/2393/2274 2314/2433/2314
f 2139/2258/2139 2273/2392/2273 2315/2434/2315
f 2010/2129/2010 2303/2422/2303 2305/2424/2305
f 2277/2396/2277 2223/2342/2223 2276/2395/2276
f 2347/2466/2347 2345/2464/2345 2346/2465/2346
f 2137/2256/2137 2140/2259/2140 2224/2343/2224
f 2224/2343/2224 2140/2259/2140 2276/2395/2276
f 2138/2257/2138 2225/2344/2225 1315/2037/1315
f 2225/2344/2225 2140/2259/2140 2137/2256/2137
f 2279/2398/2279 2073/2192/2073 2161/2280/2161
f 2461/2580/2461 2283/2402/2283 2006/2125/2006
f 2272/2391/2272 2227/2346/2227 1312/2034/1312
f 2228/2347/2228 2227/2346/2227 2148/2267/2148
f 2148/2267/2148 2271/2390/2271 2284/2403/2284
f 2149/2268/2149 2287/2406/2287 2286/2405/2286
f 1309/2031/1309 1310/2032/1310 2329/2448/2329
f 2229/2348/2229 2287/2406/2287 2328/2447/2328
f 2390/2509/2390 2401/2520/2401 2385/2504/2385
f 2104/2223/2104 2292/2411/2292 2031/2150/2031
f 2150/2269/2150 2231/2350/2231 1306/2028/1306
f 2231/2350/2231 2152/2271/2152 2102/2221/2102
f 2233/2352/2233 2232/2351/2232 40/2002/40
f 2157/2276/2157 2232/2351/2232 2155/2274/2155
f 41/2003/41 2123/2242/2123 2233/2352/2233
f 2236/2355/2236 2234/2353/2234 2235/2354/2235
f 2155/2274/2155 2233/2352/2233 2235/2354/2235
f 2233/2352/2233 2236/2355/2236 2235/2354/2235
f 2236/2355/2236 2233/2352/2233 2123/2242/2123
f 2234/2353/2234 2438/2557/2438 2414/2533/2414
f 2060/2179/2060 2495/2614/2495 2123/2242/2123
f 2236/2355/2236 2495/2614/2495 2237/2356/2237
f 2000/2119/2000 2452/2571/2452 2455/2574/2455
f 2125/2244/2125 2452/2571/2452 2130/2249/2130
f 2164/2283/2164 2238/2357/2238 1320/2042/1320
f 2162/2281/2162 2238/2357/2238 2163/2282/2163
f 2295/2414/2295 2239/2358/2239 2294/2413/2294
f 2078/2197/2078 2165/2284/2165 2242/2361/2242
f 2241/2360/2241 2240/2359/2240 2079/2198/2079
f 2240/2359/2240 2011/2130/2011 2242/2361/2242
f 2258/2377/2258 2241/2360/2241 2079/2198/2079
f 2208/2327/2208 2252/2371/2252 2297/2416/2297
f 2248/2367/2248 2246/2365/2246 2243/2362/2243
f 2078/2197/2078 2242/2361/2242 2244/2363/2244
f 2254/2373/2254 2251/2370/2251 2253/2372/2253
f 2244/2363/2244 2239/2358/2239 2295/2414/2295
f 2245/2364/2245 2244/2363/2244 2242/2361/2242
f 2247/2366/2247 2244/2363/2244 2243/2362/2243
f 2248/2367/2248 2245/2364/2245 2011/2130/2011
f 2244/2363/2244 2245/2364/2245 2243/2362/2243
f 1961/2080/1961 2246/2365/2246 2171/2290/2171
f 2248/2367/2248 2243/2362/2243 2245/2364/2245
f 2249/2368/2249 2243/2362/2243 2246/2365/2246
f 2010/2129/2010 2239/2358/2239 2247/2366/2247
f 2240/2359/2240 2297/2416/2297 2011/2130/2011
f 2246/2365/2246 2248/2367/2248 2088/2207/2088
f 2249/2368/2249 1961/2080/1961 2251/2370/2251
f 2243/2362/2243 2249/2368/2249 2254/2373/2254
f 2488/2607/2488 2486/2605/2486 2487/2606/2487
f 2222/2341/2222 2274/2393/2274 2305/2424/2305
f 2296/2415/2296 2251/2370/2251 1961/2080/1961
f 2301/2420/2301 2304/2423/2304 2303/2422/2303
f 2208/2327/2208 2497/2616/2497 2298/2417/2298
f 2088/2207/2088 2248/2367/2248 2255/2374/2255
f 2247/2366/2247 2243/2362/2243 2254/2373/2254
f 2301/2420/2301 2253/2372/2253 2251/2370/2251
f 2251/2370/2251 2254/2373/2254 2249/2368/2249
f 2247/2366/2247 2254/2373/2254 2253/2372/2253
f 2248/2367/2248 2252/2371/2252 2255/2374/2255
f 2252/2371/2252 2298/2417/2298 2352/2471/2352
f 2212/2331/2212 2256/2375/2256 1324/2046/1324
f 2167/2286/2167 2256/2375/2256 2168/2287/2168
f 2496/2615/2496 2057/2176/2057 2207/2326/2207
f 2258/2377/2258 2079/2198/2079 2167/2286/2167
f 2496/2615/2496 2258/2377/2258 2257/2376/2257
f 2241/2360/2241 2258/2377/2258 2208/2327/2208
f 2307/2426/2307 1919/1985/1919 2080/2199/2080
f 2261/2380/2261 2259/2378/2259 2170/2289/2170
f 2172/2291/2172 2308/2427/2308 2337/2456/2337
f 2309/2428/2309 2029/2148/2029 2094/2213/2094
f 2260/2379/2260 2338/2457/2338 2170/2289/2170
f 2310/2429/2310 2261/2380/2261 2309/2428/2309
f 2283/2402/2283 2262/2381/2262 2026/2145/2026
f 2468/2587/2468 2262/2381/2262 2178/2297/2178
f 2264/2383/2264 2263/2382/2263 2093/2212/2093
f 2263/2382/2263 2181/2300/2181 2485/2604/2485
f 2483/2602/2483 2264/2383/2264 2028/2147/2028
f 2263/2382/2263 2264/2383/2264 2181/2300/2181
f 2116/2235/2116 2265/2384/2265 1996/2115/1996
f 2266/2385/2266 2265/2384/2265 2117/2236/2117
f 2200/2319/2200 2266/2385/2266 2117/2236/2117
f 2188/2307/2188 2189/2308/2189 2266/2385/2266
f 2029/2148/2029 2198/2317/2198 2267/2386/2267
f 2115/2234/2115 2267/2386/2267 2198/2317/2198
f 2184/2303/2184 2268/2387/2268 1930/2017/1930
f 2311/2430/2311 2268/2387/2268 2098/2217/2098
f 2224/2343/2224 2269/2388/2269 2137/2256/2137
f 2313/2432/2313 2269/2388/2269 2071/2190/2071
f 2347/2466/2347 2348/2467/2348 2345/2464/2345
f 2327/2446/2327 2270/2389/2270 2342/2461/2342
f 2148/2267/2148 2227/2346/2227 2272/2391/2272
f 2312/2431/2312 2271/2390/2271 2220/2339/2220
f 1312/2034/1312 1313/2035/1313 2272/2391/2272
f 2272/2391/2272 1313/2035/1313 2219/2338/2219
f 2141/2260/2141 2273/2392/2273 2139/2258/2139
f 1317/2039/1317 2221/2340/2221 2273/2392/2273
f 2301/2420/2301 2303/2422/2303 2253/2372/2253
f 2222/2341/2222 2275/2394/2275 2315/2434/2315
f 2315/2434/2315 2275/2394/2275 2139/2258/2139
f 2277/2396/2277 2275/2394/2275 2222/2341/2222
f 2277/2396/2277 2276/2395/2276 2072/2191/2072
f 2224/2343/2224 2276/2395/2276 2223/2342/2223
f 2277/2396/2277 2072/2191/2072 2275/2394/2275
f 2373/2492/2373 2277/2396/2277 2005/2124/2005
f 2142/2261/2142 2278/2397/2278 2144/2263/2144
f 2279/2398/2279 2278/2397/2278 2073/2192/2073
f 2282/2401/2282 2316/2435/2316 2281/2400/2281
f 2006/2125/2006 2226/2345/2226 2279/2398/2279
f 2319/2438/2319 2318/2437/2318 2321/2440/2321
f 2369/2488/2369 2325/2444/2325 2280/2399/2280
f 2316/2435/2316 2161/2280/2161 2158/2277/2158
f 2279/2398/2279 2324/2443/2324 2006/2125/2006
f 2316/2435/2316 2282/2401/2282 2161/2280/2161
f 2324/2443/2324 2282/2401/2282 2281/2400/2281
f 2262/2381/2262 2283/2402/2283 2178/2297/2178
f 2026/2145/2026 2176/2295/2176 2326/2445/2326
f 2284/2403/2284 2074/2193/2074 2341/2460/2341
f 2149/2268/2149 2328/2447/2328 2287/2406/2287
f 2341/2460/2341 2327/2446/2327 2285/2404/2285
f 2363/2482/2363 2376/2495/2376 2322/2441/2322
f 2228/2347/2228 2284/2403/2284 2286/2405/2286
f 2285/2404/2285 2286/2405/2286 2284/2403/2284
f 2329/2448/2329 2229/2348/2229 1309/2031/1309
f 2228/2347/2228 2286/2405/2286 2287/2406/2287
f 2153/2272/2153 2288/2407/2288 2151/2270/2151
f 1308/2030/1308 2229/2348/2229 2288/2407/2288
f 2375/2494/2375 2327/2446/2327 2342/2461/2342
f 2379/2498/2379 2289/2408/2289 2362/2481/2362
f 2075/2194/2075 2290/2409/2290 2152/2271/2152
f 2410/2529/2410 2411/2530/2411 2230/2349/2230
f 2401/2520/2401 2008/2127/2008 2385/2504/2385
f 2498/2617/2498 2291/2410/2291 2409/2528/2409
f 2411/2530/2411 2102/2221/2102 2290/2409/2290
f 2292/2411/2292 2291/2410/2291 2498/2617/2498
f 2274/2393/2274 2293/2412/2293 2010/2129/2010
f 2294/2413/2294 2293/2412/2293 2077/2196/2077
f 2162/2281/2162 2294/2413/2294 2077/2196/2077
f 2295/2414/2295 2294/2413/2294 2163/2282/2163
f 2164/2283/2164 2295/2414/2295 2163/2282/2163
f 2244/2363/2244 2295/2414/2295 2078/2197/2078
f 2087/2206/2087 2296/2415/2296 1961/2080/1961
f 2485/2604/2485 2488/2607/2488 1962/2081/1962
f 2208/2327/2208 2297/2416/2297 2241/2360/2241
f 2248/2367/2248 2297/2416/2297 2252/2371/2252
f 2206/2325/2206 2331/2450/2331 2202/2321/2202
f 2352/2471/2352 2353/2472/2353 2351/2470/2351
f 2309/2428/2309 2335/2454/2335 2029/2148/2029
f 2353/2472/2353 2336/2455/2336 2350/2469/2350
f 2331/2450/2331 2300/2419/2300 2202/2321/2202
f 2300/2419/2300 2299/2418/2299 2353/2472/2353
f 2251/2370/2251 2250/2369/2250 2301/2420/2301
f 2304/2423/2304 2301/2420/2301 2250/2369/2250
f 2476/2595/2476 2302/2421/2302 2304/2423/2304
f 2222/2341/2222 2305/2424/2305 2306/2425/2306
f 2305/2424/2305 2303/2422/2303 2302/2421/2302
f 2010/2129/2010 2253/2372/2253 2303/2422/2303
f 2491/2610/2491 2494/2613/2494 2490/2609/2490
f 2303/2422/2303 2304/2423/2304 2302/2421/2302
f 2305/2424/2305 2302/2421/2302 2306/2425/2306
f 2010/2129/2010 2305/2424/2305 2274/2393/2274
f 2481/2600/2481 2302/2421/2302 2477/2596/2477
f 2222/2341/2222 2306/2425/2306 2481/2600/2481
f 2259/2378/2259 2307/2426/2307 2170/2289/2170
f 2080/2199/2080 2260/2379/2260 2307/2426/2307
f 2350/2469/2350 2336/2455/2336 2349/2468/2349
f 2332/2451/2332 2299/2418/2299 1969/2088/1969
f 2338/2457/2338 2261/2380/2261 2170/2289/2170
f 2339/2458/2339 2333/2452/2333 2338/2457/2338
f 2111/2230/2111 2310/2429/2310 2094/2213/2094
f 1917/1983/1917 2261/2380/2261 2310/2429/2310
f 2504/2623/2504 2311/2430/2311 2098/2217/2098
f 2218/2337/2218 2311/2430/2311 2070/2189/2070
f 2220/2339/2220 2269/2388/2269 2313/2432/2313
f 2327/2446/2327 2312/2431/2312 2270/2389/2270
f 2270/2389/2270 2312/2431/2312 2313/2432/2313
f 2220/2339/2220 2313/2432/2313 2312/2431/2312
f 2293/2412/2293 2314/2433/2314 2077/2196/2077
f 2315/2434/2315 2314/2433/2314 2274/2393/2274
f 2314/2433/2314 2315/2434/2315 2221/2340/2221
f 2222/2341/2222 2315/2434/2315 2274/2393/2274
f 2317/2436/2317 2158/2277/2158 2435/2554/2435
f 2316/2435/2316 2158/2277/2158 2317/2436/2317
f 2320/2439/2320 2317/2436/2317 2009/2128/2009
f 2281/2400/2281 2319/2438/2319 2280/2399/2280
f 2366/2485/2366 2412/2531/2412 1950/2069/1950
f 2323/2442/2323 2280/2399/2280 2321/2440/2321
f 2316/2435/2316 2317/2436/2317 2319/2438/2319
f 2319/2438/2319 2317/2436/2317 2320/2439/2320
f 2405/2524/2405 2318/2437/2318 2407/2526/2407
f 2319/2438/2319 2320/2439/2320 2318/2437/2318
f 2322/2441/2322 2393/2512/2393 2392/2511/2392
f 2280/2399/2280 2319/2438/2319 2321/2440/2321
f 2406/2525/2406 2393/2512/2393 2405/2524/2405
f 2008/2127/2008 2379/2498/2379 2360/2479/2360
f 2377/2496/2377 2378/2497/2378 2376/2495/2376
f 2395/2514/2395 2396/2515/2396 2344/2463/2344
f 2280/2399/2280 2325/2444/2325 2281/2400/2281
f 2324/2443/2324 2281/2400/2281 2325/2444/2325
f 2323/2442/2323 2372/2491/2372 2370/2489/2370
f 2459/2578/2459 2325/2444/2325 2369/2488/2369
f 2089/2208/2089 2144/2263/2144 2326/2445/2326
f 2326/2445/2326 2144/2263/2144 2278/2397/2278
f 2327/2446/2327 2074/2193/2074 2312/2431/2312
f 2357/2476/2357 2354/2473/2354 2285/2404/2285
f 2358/2477/2358 2328/2447/2328 2149/2268/2149
f 2330/2449/2330 2328/2447/2328 2289/2408/2289
f 2228/2347/2228 2329/2448/2329 1310/2032/1310
f 2229/2348/2229 2329/2448/2329 2287/2406/2287
f 2328/2447/2328 2330/2449/2330 2229/2348/2229
f 2381/2500/2381 2289/2408/2289 2379/2498/2379
f 1969/2088/1969 2299/2418/2299 2331/2450/2331
f 2331/2450/2331 2299/2418/2299 2300/2419/2300
f 2334/2453/2334 2198/2317/2198 2335/2454/2335
f 2334/2453/2334 2336/2455/2336 2332/2451/2332
f 2309/2428/2309 2261/2380/2261 2338/2457/2338
f 2332/2451/2332 2336/2455/2336 2299/2418/2299
f 2335/2454/2335 2198/2317/2198 2029/2148/2029
f 2336/2455/2336 2334/2453/2334 2333/2452/2333
f 2338/2457/2338 2335/2454/2335 2309/2428/2309
f 2334/2453/2334 2335/2454/2335 2333/2452/2333
f 2333/2452/2333 2349/2468/2349 2336/2455/2336
f 2350/2469/2350 2308/2427/2308 2172/2291/2172
f 2172/2291/2172 2337/2456/2337 2012/2131/2012
f 2339/2458/2339 2337/2456/2337 2308/2427/2308
f 2339/2458/2339 2338/2457/2338 2260/2379/2260
f 2335/2454/2335 2338/2457/2338 2333/2452/2333
f 2337/2456/2337 2339/2458/2339 2260/2379/2260
f 2339/2458/2339 2308/2427/2308 2349/2468/2349
f 2383/2502/2383 2365/2484/2365 2363/2482/2363
f 2356/2475/2356 2358/2477/2358 2354/2473/2354
f 2284/2403/2284 2341/2460/2341 2285/2404/2285
f 2074/2193/2074 2327/2446/2327 2341/2460/2341
f 2344/2463/2344 2342/2461/2342 2270/2389/2270
f 2375/2494/2375 2342/2461/2342 2007/2126/2007
f 2344/2463/2344 2270/2389/2270 2345/2464/2345
f 2473/2592/2473 2472/2591/2472 2470/2589/2470
f 2270/2389/2270 2313/2432/2313 2345/2464/2345
f 2344/2463/2344 2343/2462/2343 2395/2514/2395
f 2346/2465/2346 2071/2190/2071 2224/2343/2224
f 2071/2190/2071 2346/2465/2346 2345/2464/2345
f 2373/2492/2373 2223/2342/2223 2277/2396/2277
f 2348/2467/2348 2344/2463/2344 2345/2464/2345
f 2346/2465/2346 2373/2492/2373 2347/2466/2347
f 2464/2583/2464 2463/2582/2463 2343/2462/2343
f 2399/2518/2399 2348/2467/2348 2347/2466/2347
f 2343/2462/2343 2344/2463/2344 2348/2467/2348
f 2339/2458/2339 2349/2468/2349 2333/2452/2333
f 2350/2469/2350 2349/2468/2349 2308/2427/2308
f 2351/2470/2351 2172/2291/2172 2088/2207/2088
f 2336/2455/2336 2353/2472/2353 2299/2418/2299
f 2255/2374/2255 2252/2371/2252 2352/2471/2352
f 2172/2291/2172 2351/2470/2351 2350/2469/2350
f 2352/2471/2352 2298/2417/2298 2300/2419/2300
f 2255/2374/2255 2352/2471/2352 2351/2470/2351
f 2351/2470/2351 2353/2472/2353 2350/2469/2350
f 2353/2472/2353 2352/2471/2352 2300/2419/2300
f 2327/2446/2327 2375/2494/2375 2357/2476/2357
f 2354/2473/2354 2340/2459/2340 2356/2475/2356
f 2377/2496/2377 2375/2494/2375 2398/2517/2398
f 2354/2473/2354 2357/2476/2357 2340/2459/2340
f 2361/2480/2361 2356/2475/2356 2340/2459/2340
f 2358/2477/2358 2362/2481/2362 2289/2408/2289
f 2327/2446/2327 2357/2476/2357 2285/2404/2285
f 2340/2459/2340 2357/2476/2357 2355/2474/2355
f 2328/2447/2328 2358/2477/2358 2289/2408/2289
f 2354/2473/2354 2358/2477/2358 2149/2268/2149
f 2361/2480/2361 2340/2459/2340 2363/2482/2363
f 2387/2506/2387 2383/2502/2383 2382/2501/2382
f 2362/2481/2362 2361/2480/2361 2364/2483/2364
f 2360/2479/2360 2364/2483/2364 2400/2519/2400
f 2340/2459/2340 2376/2495/2376 2363/2482/2363
f 2364/2483/2364 2361/2480/2361 2359/2478/2359
f 2361/2480/2361 2362/2481/2362 2356/2475/2356
f 2379/2498/2379 2362/2481/2362 2360/2479/2360
f 1950/2069/1950 2382/2501/2382 2366/2485/2366
f 2359/2478/2359 2361/2480/2361 2365/2484/2365
f 2387/2506/2387 2400/2519/2400 2359/2478/2359
f 2362/2481/2362 2364/2483/2364 2360/2479/2360
f 2361/2480/2361 2363/2482/2363 2365/2484/2365
f 2363/2482/2363 2366/2485/2366 2383/2502/2383
f 2322/2441/2322 2392/2511/2392 2363/2482/2363
f 2366/2485/2366 2363/2482/2363 2392/2511/2392
f 2463/2582/2463 2464/2583/2464 2507/2626/2507
f 2370/2489/2370 2372/2491/2372 2368/2487/2368
f 2369/2488/2369 2280/2399/2280 2370/2489/2370
f 2367/2486/2367 2463/2582/2463 2462/2581/2462
f 2370/2489/2370 2280/2399/2280 2323/2442/2323
f 2462/2581/2462 2466/2585/2466 2467/2586/2467
f 2323/2442/2323 2371/2490/2371 2372/2491/2372
f 2368/2487/2368 2369/2488/2369 2370/2489/2370
f 2378/2497/2378 2323/2442/2323 2322/2441/2322
f 2396/2515/2396 2397/2516/2397 2398/2517/2398
f 2397/2516/2397 2372/2491/2372 2371/2490/2371
f 2372/2491/2372 2397/2516/2397 2467/2586/2467
f 2223/2342/2223 2373/2492/2373 2346/2465/2346
f 2005/2124/2005 2477/2596/2477 2480/2599/2480
f 2479/2598/2479 2480/2599/2480 2477/2596/2477
f 2302/2421/2302 2476/2595/2476 2477/2596/2477
f 2375/2494/2375 2007/2126/2007 2398/2517/2398
f 2357/2476/2357 2375/2494/2375 2355/2474/2355
f 2340/2459/2340 2355/2474/2355 2376/2495/2376
f 2377/2496/2377 2376/2495/2376 2355/2474/2355
f 2377/2496/2377 2355/2474/2355 2375/2494/2375
f 2378/2497/2378 2377/2496/2377 2371/2490/2371
f 2323/2442/2323 2378/2497/2378 2371/2490/2371
f 2376/2495/2376 2378/2497/2378 2322/2441/2322
f 2380/2499/2380 2379/2498/2379 2008/2127/2008
f 2379/2498/2379 2075/2194/2075 2381/2500/2381
f 2403/2522/2403 2380/2499/2380 2008/2127/2008
f 2075/2194/2075 2380/2499/2380 2230/2349/2230
f 2153/2272/2153 2381/2500/2381 2075/2194/2075
f 2330/2449/2330 2381/2500/2381 2151/2270/2151
f 2382/2501/2382 1950/2069/1950 2388/2507/2388
f 2383/2502/2383 2387/2506/2387 2359/2478/2359
f 2365/2484/2365 2383/2502/2383 2359/2478/2359
f 2366/2485/2366 2382/2501/2382 2383/2502/2383
f 2386/2505/2386 2388/2507/2388 2418/2537/2418
f 2503/2622/2503 2423/2542/2423 2504/2623/2504
f 2389/2508/2389 2387/2506/2387 2382/2501/2382
f 2389/2508/2389 2391/2510/2391 2385/2504/2385
f 1950/2069/1950 2419/2538/2419 2418/2537/2418
f 2391/2510/2391 2389/2508/2389 2386/2505/2386
f 2389/2508/2389 2382/2501/2382 2388/2507/2388
f 2387/2506/2387 2385/2504/2385 2400/2519/2400
f 2417/2536/2417 2444/2563/2444 2445/2564/2445
f 2389/2508/2389 2388/2507/2388 2386/2505/2386
f 2384/2503/2384 2422/2541/2422 2391/2510/2391
f 2387/2506/2387 2389/2508/2389 2385/2504/2385
f 2408/2527/2408 1970/2089/1970 2409/2528/2409
f 2402/2521/2402 2410/2529/2410 2403/2522/2403
f 2384/2503/2384 2391/2510/2391 2386/2505/2386
f 2385/2504/2385 2391/2510/2391 2390/2509/2390
f 2393/2512/2393 2322/2441/2322 2323/2442/2323
f 2392/2511/2392 2406/2525/2406 2366/2485/2366
f 2394/2513/2394 2323/2442/2323 2321/2440/2321
f 2405/2524/2405 2393/2512/2393 2394/2513/2394
f 2321/2440/2321 2318/2437/2318 2394/2513/2394
f 2405/2524/2405 2404/2523/2404 2406/2525/2406
f 2395/2514/2395 2343/2462/2343 2463/2582/2463
f 2396/2515/2396 2395/2514/2395 2367/2486/2367
f 2397/2516/2397 2396/2515/2396 2367/2486/2367
f 2396/2515/2396 2007/2126/2007 2342/2461/2342
f 2397/2516/2397 2367/2486/2367 2467/2586/2467
f 2371/2490/2371 2377/2496/2377 2398/2517/2398
f 2396/2515/2396 2398/2517/2398 2007/2126/2007
f 2371/2490/2371 2398/2517/2398 2397/2516/2397
f 2399/2518/2399 2347/2466/2347 2480/2599/2480
f 2464/2583/2464 2399/2518/2399 2374/2493/2374
f 2360/2479/2360 2400/2519/2400 2008/2127/2008
f 2400/2519/2400 2364/2483/2364 2359/2478/2359
f 2402/2521/2402 2401/2520/2401 2390/2509/2390
f 2380/2499/2380 2403/2522/2403 2230/2349/2230
f 2402/2521/2402 2390/2509/2390 2421/2540/2421
f 2410/2529/2410 2402/2521/2402 2291/2410/2291
f 2008/2127/2008 2401/2520/2401 2403/2522/2403
f 2402/2521/2402 2403/2522/2403 2401/2520/2401
f 2320/2439/2320 2009/2128/2009 2407/2526/2407
f 2404/2523/2404 2405/2524/2405 2407/2526/2407
f 2394/2513/2394 2318/2437/2318 2405/2524/2405
f 2407/2526/2407 2318/2437/2318 2320/2439/2320
f 2406/2525/2406 2404/2523/2404 2412/2531/2412
f 2393/2512/2393 2406/2525/2406 2392/2511/2392
f 2432/2551/2432 2407/2526/2407 2009/2128/2009
f 2434/2553/2434 2407/2526/2407 2432/2551/2432
f 2422/2541/2422 2408/2527/2408 2421/2540/2421
f 2431/2550/2431 2423/2542/2423 2430/2549/2430
f 2291/2410/2291 2402/2521/2402 2409/2528/2409
f 2409/2528/2409 2402/2521/2402 2421/2540/2421
f 2291/2410/2291 2292/2411/2292 2411/2530/2411
f 2403/2522/2403 2410/2529/2410 2230/2349/2230
f 2230/2349/2230 2411/2530/2411 2290/2409/2290
f 2291/2410/2291 2411/2530/2411 2410/2529/2410
f 2406/2525/2406 2412/2531/2412 2366/2485/2366
f 2404/2523/2404 2439/2558/2439 2416/2535/2416
f 2076/2195/2076 2157/2276/2157 2436/2555/2436
f 2442/2561/2442 2437/2556/2437 2438/2557/2438
f 2413/2532/2413 2432/2551/2432 2433/2552/2433
f 2414/2533/2414 2436/2555/2436 2157/2276/2157
f 2417/2536/2417 2419/2538/2419 2420/2539/2420
f 2412/2531/2412 2416/2535/2416 1950/2069/1950
f 2404/2523/2404 2416/2535/2416 2412/2531/2412
f 2416/2535/2416 2415/2534/2415 2419/2538/2419
f 2125/2244/2125 2506/2625/2506 2451/2570/2451
f 2418/2537/2418 2445/2564/2445 2386/2505/2386
f 2388/2507/2388 1950/2069/1950 2418/2537/2418
f 2419/2538/2419 1950/2069/1950 2416/2535/2416
f 2420/2539/2420 2419/2538/2419 2415/2534/2415
f 2418/2537/2418 2419/2538/2419 2417/2536/2417
f 2437/2556/2437 2415/2534/2415 2434/2553/2434
f 2213/2332/2213 2450/2569/2450 2420/2539/2420
f 2422/2541/2422 2421/2540/2421 2390/2509/2390
f 2409/2528/2409 2421/2540/2421 2408/2527/2408
f 2391/2510/2391 2422/2541/2422 2390/2509/2390
f 2424/2543/2424 2423/2542/2423 2440/2559/2440
f 1970/2089/1970 2408/2527/2408 2440/2559/2440
f 2408/2527/2408 2422/2541/2422 2424/2543/2424
f 2384/2503/2384 2443/2562/2443 2422/2541/2422
f 2441/2560/2441 2447/2566/2447 2446/2565/2446
f 2424/2543/2424 2422/2541/2422 2443/2562/2443
f 2428/2547/2428 2004/2123/2004 2217/2336/2217
f 2425/2544/2425 2430/2549/2430 2441/2560/2441
f 2426/2545/2426 2446/2565/2446 2447/2566/2447
f 2004/2123/2004 2427/2546/2427 2216/2335/2216
f 2427/2546/2427 2426/2545/2426 2506/2625/2506
f 2218/2337/2218 2428/2547/2428 2217/2336/2217
f 2425/2544/2425 2446/2565/2446 2429/2548/2429
f 2004/2123/2004 2429/2548/2429 2427/2546/2427
f 2425/2544/2425 2429/2548/2429 2428/2547/2428
f 2430/2549/2430 2424/2543/2424 2443/2562/2443
f 2431/2550/2431 2430/2549/2430 2425/2544/2425
f 2428/2547/2428 2431/2550/2431 2425/2544/2425
f 2431/2550/2431 2070/2189/2070 2504/2623/2504
f 2433/2552/2433 2432/2551/2432 2009/2128/2009
f 2434/2553/2434 2432/2551/2432 2413/2532/2413
f 2317/2436/2317 2435/2554/2435 2009/2128/2009
f 2413/2532/2413 2433/2552/2433 2414/2533/2414
f 2437/2556/2437 2434/2553/2434 2413/2532/2413
f 2434/2553/2434 2415/2534/2415 2439/2558/2439
f 2158/2277/2158 2076/2195/2076 2435/2554/2435
f 2436/2555/2436 2435/2554/2435 2076/2195/2076
f 2414/2533/2414 2433/2552/2433 2436/2555/2436
f 2435/2554/2435 2436/2555/2436 2433/2552/2433
f 2438/2557/2438 2437/2556/2437 2413/2532/2413
f 2420/2539/2420 2437/2556/2437 2213/2332/2213
f 2414/2533/2414 2438/2557/2438 2413/2532/2413
f 2234/2353/2234 2237/2356/2237 2442/2561/2442
f 2434/2553/2434 2439/2558/2439 2407/2526/2407
f 2416/2535/2416 2439/2558/2439 2415/2534/2415
f 2424/2543/2424 2440/2559/2440 2408/2527/2408
f 2503/2622/2503 2440/2559/2440 2423/2542/2423
f 2441/2560/2441 2443/2562/2443 2448/2567/2448
f 2429/2548/2429 2446/2565/2446 2426/2545/2426
f 2437/2556/2437 2442/2561/2442 2213/2332/2213
f 2234/2353/2234 2442/2561/2442 2438/2557/2438
f 2448/2567/2448 2443/2562/2443 2384/2503/2384
f 2430/2549/2430 2443/2562/2443 2441/2560/2441
f 2445/2564/2445 2384/2503/2384 2386/2505/2386
f 2447/2566/2447 2444/2563/2444 2449/2568/2449
f 2417/2536/2417 2445/2564/2445 2418/2537/2418
f 2445/2564/2445 2444/2563/2444 2448/2567/2448
f 2425/2544/2425 2441/2560/2441 2446/2565/2446
f 2441/2560/2441 2448/2567/2448 2447/2566/2447
f 2449/2568/2449 2444/2563/2444 2417/2536/2417
f 2454/2573/2454 2506/2625/2506 2447/2566/2447
f 2445/2564/2445 2448/2567/2448 2384/2503/2384
f 2447/2566/2447 2448/2567/2448 2444/2563/2444
f 2450/2569/2450 2417/2536/2417 2420/2539/2420
f 2417/2536/2417 2450/2569/2450 2449/2568/2449
f 2453/2572/2453 2213/2332/2213 2442/2561/2442
f 2000/2119/2000 2130/2249/2130 2452/2571/2452
f 2454/2573/2454 2449/2568/2449 2457/2576/2457
f 2453/2572/2453 2450/2569/2450 2213/2332/2213
f 2456/2575/2456 2452/2571/2452 2451/2570/2451
f 2456/2575/2456 2455/2574/2455 2452/2571/2452
f 2237/2356/2237 2455/2574/2455 2456/2575/2456
f 2457/2576/2457 2453/2572/2453 2456/2575/2456
f 2457/2576/2457 2449/2568/2449 2450/2569/2450
f 2454/2573/2454 2451/2570/2451 2506/2625/2506
f 2495/2614/2495 2455/2574/2455 2237/2356/2237
f 2127/2246/2127 2455/2574/2455 2060/2179/2060
f 2457/2576/2457 2456/2575/2456 2451/2570/2451
f 2456/2575/2456 2453/2572/2453 2237/2356/2237
f 2454/2573/2454 2457/2576/2457 2451/2570/2451
f 2450/2569/2450 2453/2572/2453 2457/2576/2457
f 2325/2444/2325 2460/2579/2460 2324/2443/2324
f 2369/2488/2369 2466/2585/2466 2459/2578/2459
f 2466/2585/2466 2369/2488/2369 2368/2487/2368
f 2460/2579/2460 2006/2125/2006 2324/2443/2324
f 2459/2578/2459 2458/2577/2458 2460/2579/2460
f 2461/2580/2461 2178/2297/2178 2283/2402/2283
f 2460/2579/2460 2458/2577/2458 2461/2580/2461
f 2471/2590/2471 2458/2577/2458 2470/2589/2470
f 2367/2486/2367 2395/2514/2395 2463/2582/2463
f 2466/2585/2466 2509/2628/2509 2459/2578/2459
f 2343/2462/2343 2399/2518/2399 2464/2583/2464
f 2463/2582/2463 2507/2626/2507 2509/2628/2509
f 2374/2493/2374 2465/2584/2465 2464/2583/2464
f 2464/2583/2464 2465/2584/2465 2507/2626/2507
f 2374/2493/2374 2479/2598/2479 2482/2601/2482
f 2507/2626/2507 2465/2584/2465 1949/2068/1949
f 2467/2586/2467 2466/2585/2466 2368/2487/2368
f 2466/2585/2466 2462/2581/2462 2509/2628/2509
f 2372/2491/2372 2467/2586/2467 2368/2487/2368
f 2367/2486/2367 2462/2581/2462 2467/2586/2467
f 2262/2381/2262 2468/2587/2468 2091/2210/2091
f 2178/2297/2178 2461/2580/2461 2471/2590/2471
f 2264/2383/2264 2469/2588/2469 2028/2147/2028
f 2180/2299/2180 2469/2588/2469 2093/2212/2093
f 2458/2577/2458 2507/2626/2507 2508/2627/2508
f 2469/2588/2469 2472/2591/2472 2028/2147/2028
f 2458/2577/2458 2471/2590/2471 2461/2580/2461
f 2471/2590/2471 2470/2589/2470 2472/2591/2472
f 2471/2590/2471 2472/2591/2472 2468/2587/2468
f 2470/2589/2470 2508/2627/2508 2473/2592/2473
f 2465/2584/2465 2374/2493/2374 2482/2601/2482
f 2472/2591/2472 2473/2592/2473 2484/2603/2484
f 2487/2606/2487 2296/2415/2296 2017/2136/2017
f 2474/2593/2474 2483/2602/2483 2478/2597/2478
f 2474/2593/2474 2478/2597/2478 2482/2601/2482
f 2480/2599/2480 2347/2466/2347 2373/2492/2373
f 2494/2613/2494 2304/2423/2304 2250/2369/2250
f 2477/2596/2477 2476/2595/2476 2475/2594/2475
f 2479/2598/2479 2477/2596/2477 2475/2594/2475
f 2477/2596/2477 2005/2124/2005 2481/2600/2481
f 2465/2584/2465 2482/2601/2482 1949/2068/1949
f 2489/2608/2489 2474/2593/2474 2486/2605/2486
f 2475/2594/2475 2491/2610/2491 2482/2601/2482
f 2374/2493/2374 2399/2518/2399 2480/2599/2480
f 2005/2124/2005 2480/2599/2480 2373/2492/2373
f 2480/2599/2480 2479/2598/2479 2374/2493/2374
f 2481/2600/2481 2005/2124/2005 2277/2396/2277
f 2302/2421/2302 2481/2600/2481 2306/2425/2306
f 2482/2601/2482 2478/2597/2478 1949/2068/1949
f 2479/2598/2479 2475/2594/2475 2482/2601/2482
f 2264/2383/2264 2483/2602/2483 2181/2300/2181
f 2484/2603/2484 2483/2602/2483 2028/2147/2028
f 2472/2591/2472 2484/2603/2484 2028/2147/2028
f 2478/2597/2478 2484/2603/2484 2473/2592/2473
f 2263/2382/2263 2485/2604/2485 1963/2082/1963
f 2181/2300/2181 2483/2602/2483 2489/2608/2489
f 2474/2593/2474 2490/2609/2490 2486/2605/2486
f 2492/2611/2492 2487/2606/2487 2490/2609/2490
f 2493/2612/2493 2487/2606/2487 2017/2136/2017
f 2487/2606/2487 2486/2605/2486 2490/2609/2490
f 2486/2605/2486 2488/2607/2488 2485/2604/2485
f 2493/2612/2493 2488/2607/2488 2487/2606/2487
f 2474/2593/2474 2489/2608/2489 2483/2602/2483
f 2485/2604/2485 2489/2608/2489 2486/2605/2486
f 2491/2610/2491 2490/2609/2490 2474/2593/2474
f 2490/2609/2490 2250/2369/2250 2492/2611/2492
f 2482/2601/2482 2491/2610/2491 2474/2593/2474
f 2475/2594/2475 2476/2595/2476 2494/2613/2494
f 2250/2369/2250 2251/2370/2251 2492/2611/2492
f 2296/2415/2296 2492/2611/2492 2251/2370/2251
f 2019/2138/2019 2493/2612/2493 2017/2136/2017
f 2488/2607/2488 2493/2612/2493 1962/2081/1962
f 2490/2609/2490 2494/2613/2494 2250/2369/2250
f 2475/2594/2475 2494/2613/2494 2491/2610/2491
f 2123/2242/2123 2495/2614/2495 2236/2355/2236
f 2455/2574/2455 2495/2614/2495 2060/2179/2060
f 2497/2616/2497 2207/2326/2207 2202/2321/2202
f 2258/2377/2258 2496/2615/2496 2208/2327/2208
f 2497/2616/2497 2202/2321/2202 2300/2419/2300
f 2208/2327/2208 2496/2615/2496 2497/2616/2497
f 2505/2624/2505 2499/2618/2499 2502/2621/2502
f 2292/2411/2292 2498/2617/2498 2031/2150/2031
f 1970/2089/1970 2502/2621/2502 2498/2617/2498
f 2099/2218/2099 2499/2618/2499 2030/2149/2030
f 2501/2620/2501 2103/2222/2103 2031/2150/2031
f 2096/2215/2096 2500/2619/2500 2499/2618/2499
f 2502/2621/2502 2501/2620/2501 2498/2617/2498
f 2500/2619/2500 2501/2620/2501 2499/2618/2499
f 2440/2559/2440 2503/2622/2503 1970/2089/1970
f 2501/2620/2501 2502/2621/2502 2499/2618/2499
f 2431/2550/2431 2504/2623/2504 2423/2542/2423
f 2030/2149/2030 2505/2624/2505 2503/2622/2503
f 2311/2430/2311 2504/2623/2504 2070/2189/2070
f 2100/2219/2100 2504/2623/2504 2098/2217/2098
f 2499/2618/2499 2505/2624/2505 2030/2149/2030
f 2502/2621/2502 2503/2622/2503 2505/2624/2505
f 2427/2546/2427 2506/2625/2506 2125/2244/2125
f 2506/2625/2506 2426/2545/2426 2447/2566/2447
f 1949/2068/1949 2473/2592/2473 2508/2627/2508
f 2509/2628/2509 2507/2626/2507 2458/2577/2458
f 2458/2577/2458 2508/2627/2508 2470/2589/2470
f 1949/2068/1949 2508/2627/2508 2507/2626/2507
f 2509/2628/2509 2458/2577/2458 2459/2578/2459
f 2463/2582/2463 2509/2628/2509 2462/2581/2462
s 1
usemtl FABRIC_1_FRONT_2187
f 2534/2688/2534 2535/2689/2535 2510/2629/2510
f 2562/2716/2562 2564/2718/2564 2566/2720/2566
f 2544/2698/2544 2560/2714/2560 2592/2746/2592
f 2671/2825/2671 2669/2823/2669 2670/2824/2670
f 2539/2693/2539 2551/2705/2551 2552/2706/2552
f 2566/2720/2566 2564/2718/2564 1921/2660/1921
f 2535/2689/2535 2511/2630/2511 2510/2629/2510
f 1922/2661/1922 2563/2717/2563 2561/2715/2561
f 2565/2719/2565 2563/2717/2563 2562/2716/2562
f 2536/2690/2536 2568/2722/2568 2552/2706/2552
f 26/2637/26 2596/2750/2596 2567/2721/2567
f 2562/2716/2562 2594/2748/2594 2660/2814/2660
f 2605/2759/2605 2603/2757/2603 2571/2725/2571
f 2560/2714/2560 2544/2698/2544 2591/2745/2591
f 2738/2892/2738 2743/2897/2743 2669/2823/2669
f 2565/2719/2565 2591/2745/2591 2563/2717/2563
f 2592/2746/2592 2515/2664/2515 2545/2699/2545
f 2606/2760/2606 2530/2684/2530 2609/2763/2609
f 2529/2683/2529 2528/2682/2528 2631/2785/2631
f 2818/2972/2818 2816/2970/2816 2822/2976/2822
f 2692/2846/2692 2577/2731/2577 2632/2786/2632
f 2804/2958/2804 2798/2952/2798 2799/2953/2799
f 2725/2879/2725 2655/2809/2655 1920/2659/1920
f 2691/2845/2691 2746/2900/2746 2693/2847/2693
f 2589/2743/2589 2565/2719/2565 2559/2713/2559
f 2603/2757/2603 2664/2818/2664 2571/2725/2571
f 1921/2660/1921 2564/2718/2564 1922/2661/1922
f 2711/2865/2711 2712/2866/2712 2761/2915/2761
f 28/2635/28 2538/2692/2538 27/2636/27
f 1922/2661/1922 2564/2718/2564 2563/2717/2563
f 2514/2633/2514 2551/2705/2551 2515/2634/2515
f 2690/2844/2690 2691/2845/2691 2632/2786/2632
f 2570/2724/2570 2513/2632/2513 2512/2631/2512
f 2580/2734/2580 2538/2692/2538 2515/2634/2515
f 28/2635/28 2515/2634/2515 2538/2692/2538
f 2597/2751/2597 24/2639/24 25/2638/25
f 25/2638/25 26/2637/26 2567/2721/2567
f 2672/2826/2672 2604/2758/2604 2534/2688/2534
f 26/2637/26 27/2636/27 2553/2707/2553
f 2552/2706/2552 2514/2633/2514 2513/2632/2513
f 2640/2794/2640 2641/2795/2641 2583/2737/2583
f 2611/2765/2611 2612/2766/2612 2574/2728/2574
f 1923/2662/1923 2561/2715/2561 2592/2746/2592
f 2663/2817/2663 2614/2768/2614 23/2640/23
f 2573/2727/2573 2611/2765/2611 2613/2767/2613
f 2814/2968/2814 2819/2973/2819 2818/2972/2818
f 2569/2723/2569 2546/2700/2546 2662/2816/2662
f 19/2644/19 20/2643/20 2610/2764/2610
f 2511/2630/2511 2535/2689/2535 2671/2825/2671
f 2619/2773/2619 2573/2727/2573 2681/2835/2681
f 2682/2836/2682 18/2645/18 2683/2837/2683
f 2597/2751/2597 2567/2721/2567 2546/2700/2546
f 2597/2751/2597 2599/2753/2599 2663/2817/2663
f 2515/2664/2515 28/2663/28 2545/2699/2545
f 17/2646/17 18/2645/18 2682/2836/2682
f 2542/2696/2542 2658/2812/2658 2656/2810/2656
f 2713/2867/2713 2749/2903/2749 2769/2923/2769
f 2562/2716/2562 2563/2717/2563 2564/2718/2564
f 2676/2830/2676 2678/2832/2678 2695/2849/2695
f 2583/2737/2583 2648/2802/2648 2647/2801/2647
f 1911/2650/1911 2649/2803/2649 1912/2651/1912
f 2732/2886/2732 2585/2739/2585 2730/2884/2730
f 2734/2888/2734 2585/2739/2585 2732/2886/2732
f 2852/3006/2852 2558/2712/2558 2853/3007/2853
f 2557/2711/2557 2732/2886/2732 2730/2884/2730
f 2753/2907/2753 2634/2788/2634 2635/2789/2635
f 2699/2853/2699 2626/2780/2626 2537/2691/2537
f 2518/2672/2518 2585/2739/2585 2519/2673/2519
f 2853/3007/2853 2820/2974/2820 2852/3006/2852
f 2717/2871/2717 2635/2789/2635 2716/2870/2716
f 2510/2669/2510 2543/2697/2543 2516/2670/2516
f 2580/2734/2580 27/2636/27 2538/2692/2538
f 2511/2668/2511 2543/2697/2543 2510/2669/2510
f 2570/2724/2570 2552/2706/2552 2513/2632/2513
f 2579/2733/2579 2552/2706/2552 2547/2701/2547
f 2661/2815/2661 2588/2742/2588 2590/2744/2590
f 2591/2745/2591 2544/2698/2544 2563/2717/2563
f 2638/2792/2638 2644/2798/2644 2582/2736/2582
f 2560/2714/2560 2514/2665/2514 2515/2664/2515
f 2588/2742/2588 2512/2667/2512 2513/2666/2513
f 2802/2956/2802 2807/2961/2807 2804/2958/2804
f 2544/2698/2544 2561/2715/2561 2563/2717/2563
f 2652/2806/2652 2658/2812/2658 2659/2813/2659
f 2652/2806/2652 2516/2670/2516 2543/2697/2543
f 2539/2693/2539 2568/2722/2568 2596/2750/2596
f 2515/2664/2515 2592/2746/2592 2560/2714/2560
f 1914/2653/1914 1913/2652/1913 2640/2794/2640
f 2648/2802/2648 2556/2710/2556 2647/2801/2647
f 2664/2818/2664 2572/2726/2572 2679/2833/2679
f 2632/2786/2632 2577/2731/2577 2631/2785/2631
f 2606/2760/2606 2531/2685/2531 2530/2684/2530
f 16/2647/16 2688/2842/2688 2686/2840/2686
f 2611/2765/2611 2573/2727/2573 2610/2764/2610
f 2780/2934/2780 2781/2935/2781 2643/2797/2643
f 2634/2788/2634 2523/2677/2523 2522/2676/2522
f 2621/2775/2621 2625/2779/2625 2618/2772/2618
f 2618/2772/2618 2714/2868/2714 2622/2776/2622
f 2629/2783/2629 2685/2839/2685 2686/2840/2686
f 2535/2689/2535 2534/2688/2534 2604/2758/2604
f 2558/2712/2558 2594/2748/2594 2566/2720/2566
f 2601/2755/2601 2608/2762/2608 2664/2818/2664
f 28/2663/28 1923/2662/1923 2545/2699/2545
f 2561/2715/2561 1923/2662/1923 1922/2661/1922
f 2610/2764/2610 2619/2773/2619 2683/2837/2683
f 2654/2808/2654 2558/2712/2558 2566/2720/2566
f 2727/2881/2727 2640/2794/2640 2642/2796/2642
f 2515/2634/2515 2551/2705/2551 2580/2734/2580
f 2637/2791/2637 1917/2656/1917 1916/2655/1916
f 1917/2656/1917 2637/2791/2637 2639/2793/2639
f 2552/2706/2552 2568/2722/2568 2539/2693/2539
f 2661/2815/2661 2511/2668/2511 2512/2667/2512
f 1917/2656/1917 2639/2793/2639 1918/2657/1918
f 2660/2814/2660 2657/2811/2657 2559/2713/2559
f 2552/2706/2552 2551/2705/2551 2514/2633/2514
f 2539/2693/2539 2553/2707/2553 2580/2734/2580
f 2719/2873/2719 2634/2788/2634 2636/2790/2636
f 2651/2805/2651 2659/2813/2659 2817/2971/2817
f 2600/2754/2600 2533/2687/2533 2532/2686/2532
f 2566/2720/2566 2594/2748/2594 2562/2716/2562
f 2588/2742/2588 2589/2743/2589 2559/2713/2559
f 1921/2660/1921 2595/2749/2595 2566/2720/2566
f 2655/2809/2655 2595/2749/2595 1920/2659/1920
f 2596/2750/2596 26/2637/26 2553/2707/2553
f 2597/2751/2597 2546/2700/2546 2569/2723/2569
f 2662/2816/2662 2568/2722/2568 2536/2690/2536
f 2546/2700/2546 2567/2721/2567 2596/2750/2596
f 2546/2700/2546 2568/2722/2568 2662/2816/2662
f 2835/2989/2835 2834/2988/2834 2745/2899/2745
f 2670/2824/2670 2570/2724/2570 2512/2631/2512
f 2552/2706/2552 2570/2724/2570 2547/2701/2547
f 2741/2895/2741 2668/2822/2668 2598/2752/2598
f 2672/2826/2672 2600/2754/2600 2605/2759/2605
f 2607/2761/2607 2609/2763/2609 2631/2785/2631
f 2607/2761/2607 2673/2827/2673 2677/2831/2677
f 2611/2765/2611 20/2643/20 21/2642/21
f 2681/2835/2681 2615/2769/2615 2616/2770/2616
f 24/2639/24 2663/2817/2663 23/2640/23
f 2842/2996/2842 2793/2947/2793 2744/2898/2744
f 2616/2770/2616 2620/2774/2620 2576/2730/2576
f 2787/2941/2787 2584/2738/2584 2649/2803/2649
f 2621/2775/2621 2616/2770/2616 2549/2703/2549
f 2576/2730/2576 2620/2774/2620 2623/2777/2623
f 2690/2844/2690 2528/2682/2528 2527/2681/2527
f 2677/2831/2677 2673/2827/2673 2675/2829/2675
f 2715/2869/2715 2526/2680/2526 2525/2679/2525
f 2702/2856/2702 2749/2903/2749 2748/2902/2748
f 2547/2701/2547 2743/2897/2743 2667/2821/2667
f 2536/2690/2536 2552/2706/2552 2579/2733/2579
f 2539/2693/2539 2580/2734/2580 2551/2705/2551
f 27/2636/27 2580/2734/2580 2553/2707/2553
f 2716/2870/2716 2522/2676/2522 2521/2675/2521
f 2757/2911/2757 2759/2913/2759 2760/2914/2760
f 1916/2655/1916 2638/2792/2638 2637/2791/2637
f 2639/2793/2639 2582/2736/2582 2763/2917/2763
f 2644/2798/2644 2643/2797/2643 2646/2800/2646
f 2638/2792/2638 2582/2736/2582 2637/2791/2637
f 2629/2783/2629 2728/2882/2728 2787/2941/2787
f 2685/2839/2685 14/2649/14 15/2648/15
f 2517/2671/2517 2788/2942/2788 2731/2885/2731
f 2732/2886/2732 2815/2969/2815 2653/2807/2653
f 2750/2904/2750 2733/2887/2733 2586/2740/2586
f 2752/2906/2752 2753/2907/2753 2718/2872/2718
f 1918/2657/1918 2639/2793/2639 2723/2877/2723
f 2766/2920/2766 2724/2878/2724 2722/2876/2722
f 2588/2742/2588 2513/2666/2513 2589/2743/2589
f 2590/2744/2590 2588/2742/2588 2559/2713/2559
f 2513/2666/2513 2514/2665/2514 2589/2743/2589
f 2514/2665/2514 2560/2714/2560 2591/2745/2591
f 2656/2810/2656 2590/2744/2590 2559/2713/2559
f 2543/2697/2543 2511/2668/2511 2661/2815/2661
f 2565/2719/2565 2589/2743/2589 2591/2745/2591
f 2591/2745/2591 2589/2743/2589 2514/2665/2514
f 1923/2662/1923 2592/2746/2592 2545/2699/2545
f 2544/2698/2544 2592/2746/2592 2561/2715/2561
f 2822/2976/2822 2541/2695/2541 2818/2972/2818
f 2542/2696/2542 2656/2810/2656 2657/2811/2657
f 2851/3005/2851 2594/2748/2594 2558/2712/2558
f 2660/2814/2660 2594/2748/2594 2593/2747/2593
f 1921/2660/1921 1920/2659/1920 2595/2749/2595
f 2655/2809/2655 2654/2808/2654 2566/2720/2566
f 2539/2693/2539 2596/2750/2596 2553/2707/2553
f 2546/2700/2546 2596/2750/2596 2568/2722/2568
f 2567/2721/2567 2597/2751/2597 25/2638/25
f 2599/2753/2599 2597/2751/2597 2569/2723/2569
f 2579/2733/2579 2667/2821/2667 2536/2690/2536
f 2739/2893/2739 2839/2993/2839 2792/2946/2792
f 2598/2752/2598 2668/2822/2668 2792/2946/2792
f 2612/2766/2612 22/2641/22 2617/2771/2617
f 2665/2819/2665 2532/2686/2532 2531/2685/2531
f 2603/2757/2603 2605/2759/2605 2600/2754/2600
f 2600/2754/2600 2665/2819/2665 2603/2757/2603
f 2665/2819/2665 2606/2760/2606 2608/2762/2608
f 2738/2892/2738 2605/2759/2605 2571/2725/2571
f 2547/2701/2547 2570/2724/2570 2670/2824/2670
f 2665/2819/2665 2600/2754/2600 2532/2686/2532
f 2664/2818/2664 2603/2757/2603 2601/2755/2601
f 2672/2826/2672 2534/2688/2534 2533/2687/2533
f 2742/2896/2742 2604/2758/2604 2602/2756/2602
f 2738/2892/2738 2571/2725/2571 2737/2891/2737
f 2672/2826/2672 2602/2756/2602 2604/2758/2604
f 2631/2785/2631 2609/2763/2609 2529/2683/2529
f 2608/2762/2608 2606/2760/2606 2572/2726/2572
f 2673/2827/2673 2607/2761/2607 2577/2731/2577
f 2572/2726/2572 2606/2760/2606 2607/2761/2607
f 2664/2818/2664 2608/2762/2608 2572/2726/2572
f 2608/2762/2608 2601/2755/2601 2665/2819/2665
f 2529/2683/2529 2609/2763/2609 2530/2684/2530
f 2607/2761/2607 2606/2760/2606 2609/2763/2609
f 2611/2765/2611 2610/2764/2610 20/2643/20
f 2619/2773/2619 2610/2764/2610 2573/2727/2573
f 2612/2766/2612 2611/2765/2611 21/2642/21
f 2613/2767/2613 2611/2765/2611 2574/2728/2574
f 21/2642/21 22/2641/22 2612/2766/2612
f 23/2640/23 2614/2768/2614 2617/2771/2617
f 2684/2838/2684 2613/2767/2613 2841/2995/2841
f 2615/2769/2615 2613/2767/2613 2684/2838/2684
f 2662/2816/2662 2854/3008/2854 2569/2723/2569
f 2574/2728/2574 2612/2766/2612 2614/2768/2614
f 2616/2770/2616 2615/2769/2615 2549/2703/2549
f 2573/2727/2573 2613/2767/2613 2615/2769/2615
f 2621/2775/2621 2620/2774/2620 2616/2770/2616
f 2616/2770/2616 2576/2730/2576 2619/2773/2619
f 23/2640/23 2617/2771/2617 22/2641/22
f 2614/2768/2614 2612/2766/2612 2617/2771/2617
f 2627/2781/2627 2625/2779/2625 2621/2775/2621
f 2700/2854/2700 2676/2830/2676 2695/2849/2695
f 2689/2843/2689 2682/2836/2682 2576/2730/2576
f 19/2644/19 2683/2837/2683 18/2645/18
f 2618/2772/2618 2622/2776/2622 2620/2774/2620
f 2620/2774/2620 2622/2776/2622 2623/2777/2623
f 2621/2775/2621 2549/2703/2549 2627/2781/2627
f 2618/2772/2618 2620/2774/2620 2621/2775/2621
f 2714/2868/2714 2703/2857/2703 2749/2903/2749
f 2623/2777/2623 2622/2776/2622 2575/2729/2575
f 2629/2783/2629 2825/2979/2825 2824/2978/2824
f 17/2646/17 2688/2842/2688 16/2647/16
f 2549/2703/2549 2615/2769/2615 2684/2838/2684
f 2628/2782/2628 2624/2778/2624 2627/2781/2627
f 2624/2778/2624 2626/2780/2626 2625/2779/2625
f 2626/2780/2626 2699/2853/2699 2701/2855/2701
f 2837/2991/2837 2626/2780/2626 2624/2778/2624
f 2700/2854/2700 2699/2853/2699 2537/2691/2537
f 2627/2781/2627 2549/2703/2549 2684/2838/2684
f 2625/2779/2625 2627/2781/2627 2624/2778/2624
f 2843/2997/2843 2842/2996/2842 2744/2898/2744
f 2794/2948/2794 2628/2782/2628 2841/2995/2841
f 2767/2921/2767 2556/2710/2556 2648/2802/2648
f 2787/2941/2787 2649/2803/2649 2650/2804/2650
f 2576/2730/2576 2623/2777/2623 2689/2843/2689
f 2630/2784/2630 2687/2841/2687 2686/2840/2686
f 2631/2785/2631 2528/2682/2528 2690/2844/2690
f 2607/2761/2607 2631/2785/2631 2577/2731/2577
f 2691/2845/2691 2527/2681/2527 2526/2680/2526
f 2692/2846/2692 2550/2704/2550 2673/2827/2673
f 2721/2875/2721 2524/2678/2524 2719/2873/2719
f 2524/2678/2524 2523/2677/2523 2719/2873/2719
f 2634/2788/2634 2522/2676/2522 2716/2870/2716
f 2634/2788/2634 2581/2735/2581 2754/2908/2754
f 2717/2871/2717 2521/2675/2521 2520/2674/2520
f 2718/2872/2718 2846/3000/2846 2752/2906/2752
f 2752/2906/2752 2720/2874/2720 2754/2908/2754
f 2524/2678/2524 2721/2875/2721 2525/2679/2525
f 2638/2792/2638 1916/2655/1916 1915/2654/1915
f 2637/2791/2637 2582/2736/2582 2639/2793/2639
f 2727/2881/2727 1915/2654/1915 1914/2653/1914
f 2642/2796/2642 2644/2798/2644 2638/2792/2638
f 2582/2736/2582 2646/2800/2646 2764/2918/2764
f 1918/2657/1918 2723/2877/2723 1919/2658/1919
f 2726/2880/2726 1913/2652/1913 1912/2651/1912
f 2642/2796/2642 2640/2794/2640 2583/2737/2583
f 2726/2880/2726 2640/2794/2640 1913/2652/1913
f 2641/2795/2641 2726/2880/2726 2649/2803/2649
f 2645/2799/2645 2644/2798/2644 2642/2796/2642
f 2638/2792/2638 1915/2654/1915 2727/2881/2727
f 2643/2797/2643 2645/2799/2645 2647/2801/2647
f 2779/2933/2779 2556/2710/2556 2772/2926/2772
f 2645/2799/2645 2642/2796/2642 2583/2737/2583
f 2781/2935/2781 2646/2800/2646 2643/2797/2643
f 2647/2801/2647 2645/2799/2645 2583/2737/2583
f 2643/2797/2643 2644/2798/2644 2645/2799/2645
f 2764/2918/2764 2555/2709/2555 2722/2876/2722
f 2582/2736/2582 2644/2798/2644 2646/2800/2646
f 2648/2802/2648 2583/2737/2583 2641/2795/2641
f 2779/2933/2779 2780/2934/2780 2556/2710/2556
f 2641/2795/2641 2584/2738/2584 2648/2802/2648
f 2767/2921/2767 2648/2802/2648 2584/2738/2584
f 2729/2883/2729 1911/2650/1911 14/2649/14
f 2641/2795/2641 2649/2803/2649 2584/2738/2584
f 2729/2883/2729 2649/2803/2649 1911/2650/1911
f 2650/2804/2650 2729/2883/2729 2685/2839/2685
f 2730/2884/2730 2585/2739/2585 2731/2885/2731
f 2517/2671/2517 2516/2670/2516 2652/2806/2652
f 2543/2697/2543 2590/2744/2590 2658/2812/2658
f 2651/2805/2651 2731/2885/2731 2788/2942/2788
f 2734/2888/2734 2750/2904/2750 2717/2871/2717
f 2519/2673/2519 2734/2888/2734 2520/2674/2520
f 2655/2809/2655 2566/2720/2566 2595/2749/2595
f 2654/2808/2654 2587/2741/2587 2853/3007/2853
f 2725/2879/2725 1920/2659/1920 1919/2658/1919
f 2587/2741/2587 2654/2808/2654 2655/2809/2655
f 2657/2811/2657 2656/2810/2656 2559/2713/2559
f 2542/2696/2542 2659/2813/2659 2658/2812/2658
f 2660/2814/2660 2559/2713/2559 2565/2719/2565
f 2657/2811/2657 2593/2747/2593 2821/2975/2821
f 2543/2697/2543 2658/2812/2658 2652/2806/2652
f 2590/2744/2590 2656/2810/2656 2658/2812/2658
f 2542/2696/2542 2821/2975/2821 2817/2971/2817
f 2652/2806/2652 2659/2813/2659 2651/2805/2651
f 2562/2716/2562 2660/2814/2660 2565/2719/2565
f 2593/2747/2593 2657/2811/2657 2660/2814/2660
f 2588/2742/2588 2661/2815/2661 2512/2667/2512
f 2543/2697/2543 2661/2815/2661 2590/2744/2590
f 2741/2895/2741 2536/2690/2536 2667/2821/2667
f 2662/2816/2662 2598/2752/2598 2854/3008/2854
f 2597/2751/2597 2663/2817/2663 24/2639/24
f 2614/2768/2614 2663/2817/2663 2599/2753/2599
f 2572/2726/2572 2677/2831/2677 2679/2833/2679
f 2664/2818/2664 2548/2702/2548 2735/2889/2735
f 2665/2819/2665 2531/2685/2531 2606/2760/2606
f 2603/2757/2603 2665/2819/2665 2601/2755/2601
f 2571/2725/2571 2664/2818/2664 2735/2889/2735
f 2536/2690/2536 2741/2895/2741 2662/2816/2662
f 2547/2701/2547 2667/2821/2667 2579/2733/2579
f 2667/2821/2667 2666/2820/2666 2668/2822/2668
f 2735/2889/2735 2736/2890/2736 2740/2894/2740
f 2740/2894/2740 2736/2890/2736 2668/2822/2668
f 2742/2896/2742 2669/2823/2669 2671/2825/2671
f 2742/2896/2742 2738/2892/2738 2669/2823/2669
f 2671/2825/2671 2512/2631/2512 2511/2630/2511
f 2670/2824/2670 2669/2823/2669 2743/2897/2743
f 2671/2825/2671 2535/2689/2535 2742/2896/2742
f 2512/2631/2512 2671/2825/2671 2670/2824/2670
f 2600/2754/2600 2672/2826/2672 2533/2687/2533
f 2602/2756/2602 2672/2826/2672 2605/2759/2605
f 2692/2846/2692 2673/2827/2673 2577/2731/2577
f 2673/2827/2673 2550/2704/2550 2675/2829/2675
f 2675/2829/2675 2678/2832/2678 2674/2828/2674
f 2795/2949/2795 2624/2778/2624 2628/2782/2628
f 2678/2832/2678 2675/2829/2675 2550/2704/2550
f 2677/2831/2677 2675/2829/2675 2674/2828/2674
f 2696/2850/2696 2698/2852/2698 2692/2846/2692
f 2537/2691/2537 2626/2780/2626 2837/2991/2837
f 2677/2831/2677 2674/2828/2674 2679/2833/2679
f 2607/2761/2607 2677/2831/2677 2572/2726/2572
f 2550/2704/2550 2698/2852/2698 2695/2849/2695
f 2678/2832/2678 2676/2830/2676 2836/2990/2836
f 2790/2944/2790 2679/2833/2679 2674/2828/2674
f 2548/2702/2548 2664/2818/2664 2679/2833/2679
f 2832/2986/2832 2739/2893/2739 2548/2702/2548
f 2842/2996/2842 2794/2948/2794 2841/2995/2841
f 2615/2769/2615 2681/2835/2681 2573/2727/2573
f 2616/2770/2616 2619/2773/2619 2681/2835/2681
f 2576/2730/2576 2682/2836/2682 2619/2773/2619
f 2688/2842/2688 2682/2836/2682 2630/2784/2630
f 2610/2764/2610 2683/2837/2683 19/2644/19
f 2682/2836/2682 2683/2837/2683 2619/2773/2619
f 2841/2995/2841 2613/2767/2613 2574/2728/2574
f 2627/2781/2627 2684/2838/2684 2628/2782/2628
f 2686/2840/2686 2685/2839/2685 15/2648/15
f 2650/2804/2650 2685/2839/2685 2629/2783/2629
f 16/2647/16 2686/2840/2686 15/2648/15
f 2689/2843/2689 2687/2841/2687 2630/2784/2630
f 2825/2979/2825 2623/2777/2623 2575/2729/2575
f 2629/2783/2629 2686/2840/2686 2687/2841/2687
f 2682/2836/2682 2688/2842/2688 17/2646/17
f 2686/2840/2686 2688/2842/2688 2630/2784/2630
f 2687/2841/2687 2689/2843/2689 2623/2777/2623
f 2682/2836/2682 2689/2843/2689 2630/2784/2630
f 2691/2845/2691 2690/2844/2690 2527/2681/2527
f 2631/2785/2631 2690/2844/2690 2632/2786/2632
f 2715/2869/2715 2691/2845/2691 2526/2680/2526
f 2746/2900/2746 2691/2845/2691 2633/2787/2633
f 2632/2786/2632 2693/2847/2693 2692/2846/2692
f 2692/2846/2692 2693/2847/2693 2696/2850/2696
f 2691/2845/2691 2693/2847/2693 2632/2786/2632
f 2578/2732/2578 2709/2863/2709 2696/2850/2696
f 2705/2859/2705 2748/2902/2748 2703/2857/2703
f 2695/2849/2695 2694/2848/2694 2704/2858/2704
f 2550/2704/2550 2695/2849/2695 2678/2832/2678
f 2704/2858/2704 2700/2854/2700 2695/2849/2695
f 2578/2732/2578 2696/2850/2696 2693/2847/2693
f 2698/2852/2698 2696/2850/2696 2694/2848/2694
f 2709/2863/2709 2708/2862/2708 2694/2848/2694
f 2618/2772/2618 2701/2855/2701 2714/2868/2714
f 2695/2849/2695 2698/2852/2698 2694/2848/2694
f 2692/2846/2692 2698/2852/2698 2550/2704/2550
f 2703/2857/2703 2699/2853/2699 2705/2859/2705
f 2625/2779/2625 2701/2855/2701 2618/2772/2618
f 2699/2853/2699 2700/2854/2700 2697/2851/2697
f 2838/2992/2838 2700/2854/2700 2537/2691/2537
f 2626/2780/2626 2701/2855/2701 2625/2779/2625
f 2699/2853/2699 2703/2857/2703 2701/2855/2701
f 2697/2851/2697 2707/2861/2707 2705/2859/2705
f 2556/2710/2556 2767/2921/2767 2772/2926/2772
f 2705/2859/2705 2699/2853/2699 2697/2851/2697
f 2713/2867/2713 2575/2729/2575 2622/2776/2622
f 2708/2862/2708 2707/2861/2707 2697/2851/2697
f 2697/2851/2697 2700/2854/2700 2704/2858/2704
f 2704/2858/2704 2694/2848/2694 2708/2862/2708
f 2796/2950/2796 2748/2902/2748 2707/2861/2707
f 2762/2916/2762 2712/2866/2712 2746/2900/2746
f 2759/2913/2759 2710/2864/2710 2760/2914/2760
f 2708/2862/2708 2697/2851/2697 2704/2858/2704
f 2796/2950/2796 2747/2901/2747 2748/2902/2748
f 2694/2848/2694 2696/2850/2696 2709/2863/2709
f 2707/2861/2707 2708/2862/2708 2711/2865/2711
f 2712/2866/2712 2709/2863/2709 2578/2732/2578
f 2711/2865/2711 2706/2860/2706 2796/2950/2796
f 2721/2875/2721 2636/2790/2636 2756/2910/2756
f 2756/2910/2756 2754/2908/2754 2720/2874/2720
f 2708/2862/2708 2709/2863/2709 2711/2865/2711
f 2711/2865/2711 2709/2863/2709 2712/2866/2712
f 2712/2866/2712 2578/2732/2578 2746/2900/2746
f 2712/2866/2712 2710/2864/2710 2761/2915/2761
f 2749/2903/2749 2713/2867/2713 2714/2868/2714
f 2770/2924/2770 2767/2921/2767 2728/2882/2728
f 2703/2857/2703 2714/2868/2714 2701/2855/2701
f 2622/2776/2622 2714/2868/2714 2713/2867/2713
f 2721/2875/2721 2715/2869/2715 2525/2679/2525
f 2691/2845/2691 2715/2869/2715 2633/2787/2633
f 2717/2871/2717 2716/2870/2716 2521/2675/2521
f 2634/2788/2634 2716/2870/2716 2635/2789/2635
f 2717/2871/2717 2520/2674/2520 2734/2888/2734
f 2751/2905/2751 2717/2871/2717 2750/2904/2750
f 2718/2872/2718 2753/2907/2753 2751/2905/2751
f 2733/2887/2733 2813/2967/2813 2811/2965/2811
f 2634/2788/2634 2719/2873/2719 2523/2677/2523
f 2721/2875/2721 2719/2873/2719 2636/2790/2636
f 2758/2912/2758 2757/2911/2757 2720/2874/2720
f 2760/2914/2760 2721/2875/2721 2756/2910/2756
f 2636/2790/2636 2754/2908/2754 2756/2910/2756
f 2715/2869/2715 2721/2875/2721 2633/2787/2633
f 2722/2876/2722 2555/2709/2555 2797/2951/2797
f 2639/2793/2639 2724/2878/2724 2723/2877/2723
f 2639/2793/2639 2763/2917/2763 2724/2878/2724
f 2725/2879/2725 2723/2877/2723 2823/2977/2823
f 2722/2876/2722 2797/2951/2797 2766/2920/2766
f 2723/2877/2723 2724/2878/2724 2823/2977/2823
f 2655/2809/2655 2725/2879/2725 2587/2741/2587
f 1919/2658/1919 2723/2877/2723 2725/2879/2725
f 2649/2803/2649 2726/2880/2726 1912/2651/1912
f 2640/2794/2640 2726/2880/2726 2641/2795/2641
f 2640/2794/2640 2727/2881/2727 1914/2653/1914
f 2638/2792/2638 2727/2881/2727 2642/2796/2642
f 2771/2925/2771 2824/2978/2824 2575/2729/2575
f 2713/2867/2713 2769/2923/2769 2773/2927/2773
f 2685/2839/2685 2729/2883/2729 14/2649/14
f 2649/2803/2649 2729/2883/2729 2650/2804/2650
f 2731/2885/2731 2585/2739/2585 2518/2672/2518
f 2730/2884/2730 2651/2805/2651 2817/2971/2817
f 2517/2671/2517 2731/2885/2731 2518/2672/2518
f 2651/2805/2651 2730/2884/2730 2731/2885/2731
f 2732/2886/2732 2557/2711/2557 2815/2969/2815
f 2734/2888/2734 2732/2886/2732 2653/2807/2653
f 2541/2695/2541 2813/2967/2813 2814/2968/2814
f 2812/2966/2812 2849/3003/2849 2809/2963/2809
f 2585/2739/2585 2734/2888/2734 2519/2673/2519
f 2734/2888/2734 2653/2807/2653 2750/2904/2750
f 2736/2890/2736 2735/2889/2735 2548/2702/2548
f 2740/2894/2740 2666/2820/2666 2737/2891/2737
f 2548/2702/2548 2739/2893/2739 2736/2890/2736
f 2668/2822/2668 2736/2890/2736 2792/2946/2792
f 2738/2892/2738 2737/2891/2737 2666/2820/2666
f 2571/2725/2571 2735/2889/2735 2737/2891/2737
f 2738/2892/2738 2666/2820/2666 2743/2897/2743
f 2605/2759/2605 2738/2892/2738 2602/2756/2602
f 2679/2833/2679 2790/2944/2790 2548/2702/2548
f 2833/2987/2833 2839/2993/2839 2739/2893/2739
f 2666/2820/2666 2740/2894/2740 2668/2822/2668
f 2735/2889/2735 2740/2894/2740 2737/2891/2737
f 2662/2816/2662 2741/2895/2741 2598/2752/2598
f 2667/2821/2667 2668/2822/2668 2741/2895/2741
f 2604/2758/2604 2742/2896/2742 2535/2689/2535
f 2738/2892/2738 2742/2896/2742 2602/2756/2602
f 2667/2821/2667 2743/2897/2743 2666/2820/2666
f 2670/2824/2670 2743/2897/2743 2547/2701/2547
f 2569/2723/2569 2854/3008/2854 2840/2994/2840
f 2843/2997/2843 2835/2989/2835 2794/2948/2794
f 2833/2987/2833 2680/2834/2680 2839/2993/2839
f 2795/2949/2795 2837/2991/2837 2624/2778/2624
f 2633/2787/2633 2762/2916/2762 2746/2900/2746
f 2693/2847/2693 2746/2900/2746 2578/2732/2578
f 2747/2901/2747 2827/2981/2827 2782/2936/2782
f 2782/2936/2782 2774/2928/2774 2777/2931/2777
f 2707/2861/2707 2748/2902/2748 2705/2859/2705
f 2702/2856/2702 2748/2902/2748 2747/2901/2747
f 2748/2902/2748 2749/2903/2749 2703/2857/2703
f 2702/2856/2702 2747/2901/2747 2826/2980/2826
f 2733/2887/2733 2750/2904/2750 2653/2807/2653
f 2751/2905/2751 2750/2904/2750 2586/2740/2586
f 2751/2905/2751 2586/2740/2586 2847/3001/2847
f 2635/2789/2635 2717/2871/2717 2751/2905/2751
f 2720/2874/2720 2752/2906/2752 2554/2708/2554
f 2753/2907/2753 2752/2906/2752 2581/2735/2581
f 2634/2788/2634 2753/2907/2753 2581/2735/2581
f 2751/2905/2751 2753/2907/2753 2635/2789/2635
f 2634/2788/2634 2754/2908/2754 2636/2790/2636
f 2752/2906/2752 2754/2908/2754 2581/2735/2581
f 2785/2939/2785 2844/2998/2844 2831/2985/2831
f 2782/2936/2782 2827/2981/2827 2829/2983/2829
f 2757/2911/2757 2756/2910/2756 2720/2874/2720
f 2762/2916/2762 2721/2875/2721 2760/2914/2760
f 2758/2912/2758 2720/2874/2720 2554/2708/2554
f 2757/2911/2757 2755/2909/2755 2759/2913/2759
f 2758/2912/2758 2554/2708/2554 2785/2939/2785
f 2755/2909/2755 2757/2911/2757 2758/2912/2758
f 2828/2982/2828 2759/2913/2759 2755/2909/2755
f 2761/2915/2761 2759/2913/2759 2828/2982/2828
f 2762/2916/2762 2760/2914/2760 2710/2864/2710
f 2756/2910/2756 2757/2911/2757 2760/2914/2760
f 2711/2865/2711 2761/2915/2761 2706/2860/2706
f 2710/2864/2710 2759/2913/2759 2761/2915/2761
f 2762/2916/2762 2710/2864/2710 2712/2866/2712
f 2721/2875/2721 2762/2916/2762 2633/2787/2633
f 2764/2918/2764 2763/2917/2763 2582/2736/2582
f 2724/2878/2724 2763/2917/2763 2722/2876/2722
f 2555/2709/2555 2764/2918/2764 2646/2800/2646
f 2763/2917/2763 2764/2918/2764 2722/2876/2722
f 2797/2951/2797 2801/2955/2801 2800/2954/2800
f 2540/2694/2540 2805/2959/2805 2799/2953/2799
f 2849/3003/2849 2820/2974/2820 2850/3004/2850
f 2853/3007/2853 2766/2920/2766 2850/3004/2850
f 2787/2941/2787 2767/2921/2767 2584/2738/2584
f 2713/2867/2713 2773/2927/2773 2575/2729/2575
f 2786/2940/2786 2778/2932/2778 2783/2937/2783
f 2770/2924/2770 2772/2926/2772 2767/2921/2767
f 2702/2856/2702 2769/2923/2769 2749/2903/2749
f 2769/2923/2769 2768/2922/2768 2771/2925/2771
f 2728/2882/2728 2629/2783/2629 2824/2978/2824
f 2770/2924/2770 2768/2922/2768 2772/2926/2772
f 2768/2922/2768 2770/2924/2770 2771/2925/2771
f 2824/2978/2824 2770/2924/2770 2728/2882/2728
f 2776/2930/2776 2772/2926/2772 2768/2922/2768
f 2778/2932/2778 2772/2926/2772 2776/2930/2776
f 2769/2923/2769 2771/2925/2771 2773/2927/2773
f 2575/2729/2575 2773/2927/2773 2771/2925/2771
f 2769/2923/2769 2702/2856/2702 2777/2931/2777
f 2826/2980/2826 2777/2931/2777 2702/2856/2702
f 2765/2919/2765 2797/2951/2797 2800/2954/2800
f 2780/2934/2780 2647/2801/2647 2556/2710/2556
f 2777/2931/2777 2768/2922/2768 2769/2923/2769
f 2778/2932/2778 2776/2930/2776 2774/2928/2774
f 2774/2928/2774 2776/2930/2776 2777/2931/2777
f 2777/2931/2777 2776/2930/2776 2768/2922/2768
f 2783/2937/2783 2778/2932/2778 2774/2928/2774
f 2778/2932/2778 2775/2929/2775 2779/2933/2779
f 2778/2932/2778 2779/2933/2779 2772/2926/2772
f 2779/2933/2779 2775/2929/2775 2780/2934/2780
f 2781/2935/2781 2780/2934/2780 2775/2929/2775
f 2643/2797/2643 2647/2801/2647 2780/2934/2780
f 2786/2940/2786 2799/2953/2799 2803/2957/2803
f 2781/2935/2781 2555/2709/2555 2646/2800/2646
f 2747/2901/2747 2796/2950/2796 2827/2981/2827
f 2831/2985/2831 2758/2912/2758 2785/2939/2785
f 2830/2984/2830 2774/2928/2774 2782/2936/2782
f 2786/2940/2786 2783/2937/2783 2540/2694/2540
f 2540/2694/2540 2783/2937/2783 2784/2938/2784
f 2783/2937/2783 2774/2928/2774 2830/2984/2830
f 2847/3001/2847 2718/2872/2718 2751/2905/2751
f 2802/2956/2802 2805/2959/2805 2844/2998/2844
f 2786/2940/2786 2540/2694/2540 2799/2953/2799
f 2775/2929/2775 2778/2932/2778 2786/2940/2786
f 2629/2783/2629 2787/2941/2787 2650/2804/2650
f 2767/2921/2767 2787/2941/2787 2728/2882/2728
f 2517/2671/2517 2652/2806/2652 2788/2942/2788
f 2651/2805/2651 2788/2942/2788 2652/2806/2652
f 2674/2828/2674 2678/2832/2678 2836/2990/2836
f 2745/2899/2745 2794/2948/2794 2835/2989/2835
f 2836/2990/2836 2790/2944/2790 2674/2828/2674
f 2790/2944/2790 2789/2943/2789 2832/2986/2832
f 2744/2898/2744 2791/2945/2791 2839/2993/2839
f 2744/2898/2744 2793/2947/2793 2840/2994/2840
f 2739/2893/2739 2792/2946/2792 2736/2890/2736
f 2792/2946/2792 2791/2945/2791 2854/3008/2854
f 2614/2768/2614 2599/2753/2599 2793/2947/2793
f 2840/2994/2840 2793/2947/2793 2599/2753/2599
f 2794/2948/2794 2842/2996/2842 2843/2997/2843
f 2795/2949/2795 2794/2948/2794 2745/2899/2745
f 2794/2948/2794 2795/2949/2795 2628/2782/2628
f 2837/2991/2837 2795/2949/2795 2745/2899/2745
f 2711/2865/2711 2796/2950/2796 2707/2861/2707
f 2827/2981/2827 2796/2950/2796 2706/2860/2706
f 2800/2954/2800 2801/2955/2801 2798/2952/2798
f 2797/2951/2797 2765/2919/2765 2850/3004/2850
f 2786/2940/2786 2803/2957/2803 2775/2929/2775
f 2804/2958/2804 2799/2953/2799 2805/2959/2805
f 2844/2998/2844 2784/2938/2784 2831/2985/2831
f 2803/2957/2803 2799/2953/2799 2798/2952/2798
f 2801/2955/2801 2797/2951/2797 2555/2709/2555
f 2809/2963/2809 2804/2958/2804 2807/2961/2807
f 2555/2709/2555 2781/2935/2781 2801/2955/2801
f 2803/2957/2803 2801/2955/2801 2781/2935/2781
f 2845/2999/2845 2785/2939/2785 2554/2708/2554
f 2811/2965/2811 2806/2960/2806 2810/2964/2810
f 2801/2955/2801 2803/2957/2803 2798/2952/2798
f 2775/2929/2775 2803/2957/2803 2781/2935/2781
f 2802/2956/2802 2808/2962/2808 2810/2964/2810
f 2804/2958/2804 2809/2963/2809 2798/2952/2798
f 2844/2998/2844 2540/2694/2540 2784/2938/2784
f 2802/2956/2802 2804/2958/2804 2805/2959/2805
f 2813/2967/2813 2541/2695/2541 2812/2966/2812
f 2800/2954/2800 2798/2952/2798 2809/2963/2809
f 2802/2956/2802 2844/2998/2844 2848/3002/2848
f 2807/2961/2807 2806/2960/2806 2809/2963/2809
f 2847/3001/2847 2586/2740/2586 2811/2965/2811
f 2806/2960/2806 2807/2961/2807 2810/2964/2810
f 2812/2966/2812 2809/2963/2809 2806/2960/2806
f 2800/2954/2800 2809/2963/2809 2765/2919/2765
f 2802/2956/2802 2810/2964/2810 2807/2961/2807
f 2808/2962/2808 2847/3001/2847 2811/2965/2811
f 2808/2962/2808 2811/2965/2811 2810/2964/2810
f 2586/2740/2586 2733/2887/2733 2811/2965/2811
f 2806/2960/2806 2811/2965/2811 2813/2967/2813
f 2812/2966/2812 2541/2695/2541 2820/2974/2820
f 2813/2967/2813 2733/2887/2733 2814/2968/2814
f 2806/2960/2806 2813/2967/2813 2812/2966/2812
f 2733/2887/2733 2815/2969/2815 2814/2968/2814
f 2819/2973/2819 2730/2884/2730 2817/2971/2817
f 2815/2969/2815 2733/2887/2733 2653/2807/2653
f 2557/2711/2557 2730/2884/2730 2819/2973/2819
f 2542/2696/2542 2657/2811/2657 2821/2975/2821
f 2541/2695/2541 2814/2968/2814 2818/2972/2818
f 2542/2696/2542 2817/2971/2817 2659/2813/2659
f 2816/2970/2816 2819/2973/2819 2817/2971/2817
f 2819/2973/2819 2814/2968/2814 2815/2969/2815
f 2822/2976/2822 2816/2970/2816 2821/2975/2821
f 2818/2972/2818 2819/2973/2819 2816/2970/2816
f 2815/2969/2815 2557/2711/2557 2819/2973/2819
f 2541/2695/2541 2822/2976/2822 2852/3006/2852
f 2797/2951/2797 2850/3004/2850 2766/2920/2766
f 2821/2975/2821 2593/2747/2593 2822/2976/2822
f 2821/2975/2821 2816/2970/2816 2817/2971/2817
f 2593/2747/2593 2851/3005/2851 2822/2976/2822
f 2822/2976/2822 2851/3005/2851 2852/3006/2852
f 2823/2977/2823 2587/2741/2587 2725/2879/2725
f 2724/2878/2724 2766/2920/2766 2823/2977/2823
f 2629/2783/2629 2687/2841/2687 2825/2979/2825
f 2770/2924/2770 2824/2978/2824 2771/2925/2771
f 2623/2777/2623 2825/2979/2825 2687/2841/2687
f 2575/2729/2575 2824/2978/2824 2825/2979/2825
f 2747/2901/2747 2782/2936/2782 2826/2980/2826
f 2777/2931/2777 2826/2980/2826 2782/2936/2782
f 2706/2860/2706 2761/2915/2761 2828/2982/2828
f 2828/2982/2828 2755/2909/2755 2829/2983/2829
f 2755/2909/2755 2831/2985/2831 2829/2983/2829
f 2706/2860/2706 2828/2982/2828 2827/2981/2827
f 2829/2983/2829 2784/2938/2784 2830/2984/2830
f 2827/2981/2827 2828/2982/2828 2829/2983/2829
f 2829/2983/2829 2830/2984/2830 2782/2936/2782
f 2783/2937/2783 2830/2984/2830 2784/2938/2784
f 2829/2983/2829 2831/2985/2831 2784/2938/2784
f 2758/2912/2758 2831/2985/2831 2755/2909/2755
f 2790/2944/2790 2832/2986/2832 2548/2702/2548
f 2833/2987/2833 2832/2986/2832 2789/2943/2789
f 2832/2986/2832 2833/2987/2833 2739/2893/2739
f 2833/2987/2833 2789/2943/2789 2834/2988/2834
f 2789/2943/2789 2836/2990/2836 2834/2988/2834
f 2676/2830/2676 2838/2992/2838 2836/2990/2836
f 2680/2834/2680 2833/2987/2833 2835/2989/2835
f 2834/2988/2834 2835/2989/2835 2833/2987/2833
f 2836/2990/2836 2789/2943/2789 2790/2944/2790
f 2838/2992/2838 2537/2691/2537 2837/2991/2837
f 2745/2899/2745 2834/2988/2834 2837/2991/2837
f 2838/2992/2838 2834/2988/2834 2836/2990/2836
f 2838/2992/2838 2676/2830/2676 2700/2854/2700
f 2834/2988/2834 2838/2992/2838 2837/2991/2837
f 2744/2898/2744 2839/2993/2839 2680/2834/2680
f 2792/2946/2792 2839/2993/2839 2791/2945/2791
f 2569/2723/2569 2840/2994/2840 2599/2753/2599
f 2791/2945/2791 2744/2898/2744 2840/2994/2840
f 2684/2838/2684 2841/2995/2841 2628/2782/2628
f 2842/2996/2842 2841/2995/2841 2574/2728/2574
f 2574/2728/2574 2614/2768/2614 2842/2996/2842
f 2842/2996/2842 2614/2768/2614 2793/2947/2793
f 2744/2898/2744 2680/2834/2680 2843/2997/2843
f 2835/2989/2835 2843/2997/2843 2680/2834/2680
f 2785/2939/2785 2845/2999/2845 2848/3002/2848
f 2540/2694/2540 2844/2998/2844 2805/2959/2805
f 2554/2708/2554 2752/2906/2752 2846/3000/2846
f 2802/2956/2802 2845/2999/2845 2808/2962/2808
f 2808/2962/2808 2845/2999/2845 2846/3000/2846
f 2554/2708/2554 2846/3000/2846 2845/2999/2845
f 2808/2962/2808 2846/3000/2846 2847/3001/2847
f 2718/2872/2718 2847/3001/2847 2846/3000/2846
f 2785/2939/2785 2848/3002/2848 2844/2998/2844
f 2845/2999/2845 2802/2956/2802 2848/3002/2848
f 2809/2963/2809 2849/3003/2849 2765/2919/2765
f 2812/2966/2812 2820/2974/2820 2849/3003/2849
f 2849/3003/2849 2850/3004/2850 2765/2919/2765
f 2853/3007/2853 2850/3004/2850 2820/2974/2820
f 2594/2748/2594 2851/3005/2851 2593/2747/2593
f 2852/3006/2852 2851/3005/2851 2558/2712/2558
f 2558/2712/2558 2654/2808/2654 2853/3007/2853
f 2541/2695/2541 2852/3006/2852 2820/2974/2820
f 2587/2741/2587 2823/2977/2823 2853/3007/2853
f 2766/2920/2766 2853/3007/2853 2823/2977/2823
f 2792/2946/2792 2854/3008/2854 2598/2752/2598
f 2840/2994/2840 2854/3008/2854 2791/2945/2791
s 1
usemtl FABRIC_1_FRONT_2187
f 2855/3049/2855 2861/3050/2861 2880/3069/2880
f 2909/3098/2909 2890/3079/2890 2942/3131/2942
f 2890/3079/2890 2907/3096/2907 2944/3133/2944
f 2880/3069/2880 2856/3048/2856 2855/3049/2855
f 2882/3071/2882 2893/3082/2893 2894/3083/2894
f 2933/3122/2933 2877/3066/2877 2928/3117/2928
f 2911/3100/2911 2894/3083/2894 2881/3070/2881
f 2993/3182/2993 3035/3224/3035 662/3029/662
f 2998/3187/2998 2997/3186/2997 2934/3123/2934
f 2860/3044/2860 2859/3045/2859 2893/3082/2893
f 3015/3204/3015 3013/3202/3013 3014/3203/3014
f 676/3015/676 675/3016/675 2889/3078/2889
f 2946/3135/2946 2910/3099/2910 1287/3041/1287
f 2909/3098/2909 2907/3096/2907 2890/3079/2890
f 2962/3151/2962 3019/3208/3019 2963/3152/2963
f 2906/3095/2906 2998/3187/2998 2934/3123/2934
f 2944/3133/2944 2860/3014/2860 2889/3078/2889
f 2961/3150/2961 2865/3054/2865 2866/3055/2866
f 2918/3107/2918 2958/3147/2958 3100/3289/3100
f 2905/3094/2905 2937/3126/2937 3000/3189/3000
f 3113/3302/3113 3115/3304/3115 3174/3363/3174
f 3089/3278/3089 3001/3190/3001 2886/3075/2886
f 2905/3094/2905 674/3017/674 2939/3128/2939
f 2920/3109/2920 3016/3205/3016 2962/3151/2962
f 3089/3278/3089 2999/3188/2999 3096/3285/3096
f 2863/3052/2863 2864/3053/2864 2957/3146/2957
f 2905/3094/2905 2908/3097/2908 674/3017/674
f 2871/3060/2871 3026/3215/3026 2870/3059/2870
f 2894/3083/2894 2859/3045/2859 2858/3046/2858
f 1288/3042/1288 676/3043/676 2884/3073/2884
f 2860/3044/2860 2915/3104/2915 2884/3073/2884
f 2960/3149/2960 2862/3051/2862 3011/3200/3011
f 3156/3345/3156 3010/3199/3010 3018/3207/3018
f 2910/3099/2910 1286/3040/1286 1287/3041/1287
f 676/3043/676 2860/3044/2860 2884/3073/2884
f 2947/3136/2947 1285/3039/1285 1286/3040/1286
f 2916/3105/2916 3097/3286/3097 2896/3085/2896
f 2913/3102/2913 2858/3046/2858 2857/3047/2857
f 2895/3084/2895 1287/3041/1287 1288/3042/1288
f 2981/3170/2981 2983/3172/2983 3028/3217/3028
f 2929/3118/2929 2997/3186/2997 3095/3284/3095
f 3007/3196/3007 1284/3038/1284 1285/3039/1285
f 2888/3077/2888 2945/3134/2945 2909/3098/2909
f 3007/3196/3007 2947/3136/2947 2949/3138/2949
f 1281/3035/1281 1282/3036/1282 2952/3141/2952
f 674/3017/674 2908/3097/2908 675/3016/675
f 2947/3136/2947 2910/3099/2910 2891/3080/2891
f 1281/3035/1281 2952/3141/2952 2954/3143/2954
f 2862/3051/2862 2863/3052/2863 3011/3200/3011
f 2956/3145/2956 1280/3034/1280 2954/3143/2954
f 2956/3145/2956 1279/3033/1279 1280/3034/1280
f 2856/3048/2856 2880/3069/2880 3015/3204/3015
f 1277/3031/1277 1278/3032/1278 2965/3154/2965
f 2912/3101/2912 2891/3080/2891 3006/3195/3006
f 1277/3031/1277 2965/3154/2965 2969/3158/2969
f 675/3016/675 2908/3097/2908 2944/3133/2944
f 3029/3218/3029 2982/3171/2982 2983/3172/2983
f 2943/3132/2943 2909/3098/2909 2906/3095/2906
f 3059/3248/3059 3063/3252/3063 3075/3264/3075
f 3088/3277/3088 3087/3276/3087 2924/3113/2924
f 2878/3067/2878 2929/3118/2929 2928/3117/2928
f 2982/3171/2982 2872/3061/2872 2873/3062/2873
f 2982/3171/2982 3131/3320/3131 2923/3112/2923
f 3065/3254/3065 3073/3262/3073 3055/3244/3055
f 3069/3258/3069 2901/3090/2901 3067/3256/3067
f 3053/3242/3053 2885/3074/2885 3055/3244/3055
f 2938/3127/2938 3096/3285/3096 3000/3189/3000
f 2876/3065/2876 2877/3066/2877 2933/3122/2933
f 3048/3237/3048 2986/3175/2986 3047/3236/3047
f 2980/3169/2980 2899/3088/2899 2978/3167/2978
f 2879/3068/2879 2887/3076/2887 2929/3118/2929
f 2984/3173/2984 3131/3320/3131 2982/3171/2982
f 2855/3009/2855 2856/3010/2856 2887/3076/2887
f 2971/3160/2971 2978/3167/2978 2899/3088/2899
f 2902/3091/2902 3039/3228/3039 3043/3232/3043
f 2887/3076/2887 2879/3068/2879 2855/3009/2855
f 2859/3013/2859 2909/3098/2909 2858/3012/2858
f 2868/3057/2868 2963/3152/2963 2867/3056/2867
f 2909/3098/2909 2859/3013/2859 2907/3096/2907
f 2886/3075/2886 3090/3279/3090 3089/3278/3089
f 3107/3296/3107 2881/3070/2881 2914/3103/2914
f 2858/3012/2858 2943/3132/2943 2857/3011/2857
f 3017/3206/3017 2962/3151/2962 3016/3205/3016
f 2878/3067/2878 2928/3117/2928 2877/3066/2877
f 2996/3185/2996 2875/3064/2875 2994/3183/2994
f 2859/3013/2859 2860/3014/2860 2907/3096/2907
f 2990/3179/2990 2992/3181/2992 666/3025/666
f 2990/3179/2990 666/3025/666 665/3026/665
f 674/3017/674 673/3018/673 2939/3128/2939
f 2882/3071/2882 2911/3100/2911 2946/3135/2946
f 2882/3071/2882 2895/3084/2895 2915/3104/2915
f 2990/3179/2990 2991/3180/2991 2926/3115/2926
f 2914/3103/2914 2894/3083/2894 2892/3081/2892
f 664/3027/664 3034/3223/3034 2991/3180/2991
f 2985/3174/2985 2988/3177/2988 2925/3114/2925
f 2913/3102/2913 2894/3083/2894 2858/3046/2858
f 2915/3104/2915 1288/3042/1288 2884/3073/2884
f 3038/3227/3038 2991/3180/2991 3037/3226/3037
f 2960/3149/2960 2880/3069/2880 2861/3050/2861
f 2942/3131/2942 2908/3097/2908 2905/3094/2905
f 2860/3014/2860 676/3015/676 2889/3078/2889
f 2952/3141/2952 1282/3036/1282 2950/3139/2950
f 2942/3131/2942 2905/3094/2905 3000/3189/3000
f 2894/3083/2894 2911/3100/2911 2882/3071/2882
f 1282/3036/1282 1283/3037/1283 2950/3139/2950
f 3033/3222/3033 668/3023/668 667/3024/667
f 2957/3146/2957 2959/3148/2959 3011/3200/3011
f 670/3021/670 2987/3176/2987 2989/3178/2989
f 2985/3174/2985 670/3021/670 669/3022/669
f 2860/3044/2860 2893/3082/2893 2915/3104/2915
f 2940/3129/2940 2904/3093/2904 2935/3124/2935
f 673/3018/673 672/3019/672 2935/3124/2935
f 2907/3096/2907 2860/3014/2860 2944/3133/2944
f 2971/3160/2971 2976/3165/2976 2975/3164/2975
f 3008/3197/3008 3098/3287/3098 3099/3288/3099
f 1276/3030/1276 1277/3031/1277 2969/3158/2969
f 2935/3124/2935 2941/3130/2941 2940/3129/2940
f 2894/3083/2894 2893/3082/2893 2859/3045/2859
f 2946/3135/2946 1287/3041/1287 2895/3084/2895
f 2947/3136/2947 2891/3080/2891 2912/3101/2912
f 3006/3195/3006 2911/3100/2911 2881/3070/2881
f 2891/3080/2891 2910/3099/2910 2946/3135/2946
f 2911/3100/2911 3006/3195/3006 2891/3080/2891
f 2951/3140/2951 3097/3286/3097 2916/3105/2916
f 3014/3203/3014 2913/3102/2913 2857/3047/2857
f 2894/3083/2894 2913/3102/2913 2892/3081/2892
f 3107/3296/3107 3106/3295/3106 3170/3359/3170
f 2881/3070/2881 2894/3083/2894 2914/3103/2914
f 2882/3071/2882 2915/3104/2915 2893/3082/2893
f 1288/3042/1288 2915/3104/2915 2895/3084/2895
f 2951/3140/2951 1283/3037/1283 1284/3038/1284
f 2953/3142/2953 2952/3141/2952 2916/3105/2916
f 2973/3162/2973 2975/3164/2975 2976/3165/2976
f 2971/3160/2971 3127/3316/3127 2968/3157/2968
f 3009/3198/3009 2864/3053/2864 2865/3054/2865
f 3103/3292/3103 2959/3148/2959 3105/3294/3105
f 3101/3290/3101 3100/3289/3100 3010/3199/3010
f 2958/3147/2958 2918/3107/2918 2957/3146/2957
f 2868/3057/2868 3020/3209/3020 2963/3152/2963
f 3021/3210/3021 2964/3153/2964 3020/3209/3020
f 1279/3033/1279 2955/3144/2955 2966/3155/2966
f 2967/3156/2967 2921/3110/2921 3122/3311/3122
f 3060/3249/3060 3182/3371/3182 3058/3247/3058
f 3174/3363/3174 2963/3152/2963 2964/3153/2964
f 3030/3219/3030 2873/3062/2873 2874/3063/2874
f 3129/3318/3129 2983/3172/2983 2982/3171/2982
f 2876/3065/2876 2930/3119/2930 2994/3183/2994
f 2886/3075/2886 3001/3190/3001 3085/3274/3085
f 2985/3174/2985 3032/3221/3032 2988/3177/2988
f 2904/3093/2904 3003/3192/3003 3001/3190/3001
f 665/3026/665 2991/3180/2991 2990/3179/2990
f 2992/3181/2992 3047/3236/3047 3033/3222/3033
f 2969/3158/2969 3023/3212/3023 1276/3030/1276
f 3181/3370/3181 3084/3273/3084 3124/3313/3124
f 2878/3067/2878 2879/3068/2879 2929/3118/2929
f 2903/3092/2903 2930/3119/2930 2933/3122/2933
f 2934/3123/2934 2887/3076/2887 2856/3010/2856
f 2903/3092/2903 2928/3117/2928 2931/3120/2931
f 2930/3119/2930 3163/3352/3163 2995/3184/2995
f 2876/3065/2876 2994/3183/2994 2875/3064/2875
f 2928/3117/2928 2929/3118/2929 2931/3120/2931
f 2929/3118/2929 2887/3076/2887 2997/3186/2997
f 2888/3077/2888 3096/3285/3096 2945/3134/2945
f 3095/3284/3095 2931/3120/2931 2929/3118/2929
f 2903/3092/2903 2933/3122/2933 2928/3117/2928
f 2876/3065/2876 2933/3122/2933 2930/3119/2930
f 2856/3010/2856 2857/3011/2857 2934/3123/2934
f 2934/3123/2934 2857/3011/2857 2943/3132/2943
f 2940/3129/2940 2941/3130/2941 2936/3125/2936
f 2937/3126/2937 2935/3124/2935 2904/3093/2904
f 2987/3176/2987 670/3021/670 2985/3174/2985
f 3002/3191/3002 2936/3125/2936 3005/3194/3005
f 2937/3126/2937 2904/3093/2904 2938/3127/2938
f 2939/3128/2939 2937/3126/2937 2905/3094/2905
f 3001/3190/3001 2938/3127/2938 2904/3093/2904
f 3164/3353/3164 3089/3278/3089 3090/3279/3090
f 673/3018/673 2935/3124/2935 2939/3128/2939
f 2937/3126/2937 2939/3128/2939 2935/3124/2935
f 2941/3130/2941 2935/3124/2935 672/3019/672
f 3002/3191/3002 2940/3129/2940 2936/3125/2936
f 672/3019/672 671/3020/671 2941/3130/2941
f 2989/3178/2989 2941/3130/2941 671/3020/671
f 2909/3098/2909 2942/3131/2942 2888/3077/2888
f 2908/3097/2908 2942/3131/2942 2890/3079/2890
f 2909/3098/2909 2943/3132/2943 2858/3012/2858
f 2934/3123/2934 2943/3132/2943 2906/3095/2906
f 675/3016/675 2944/3133/2944 2889/3078/2889
f 2890/3079/2890 2944/3133/2944 2908/3097/2908
f 3000/3189/3000 3096/3285/3096 2888/3077/2888
f 2906/3095/2906 2909/3098/2909 2945/3134/2945
f 2882/3071/2882 2946/3135/2946 2895/3084/2895
f 2891/3080/2891 2946/3135/2946 2911/3100/2911
f 2910/3099/2910 2947/3136/2947 1286/3040/1286
f 2947/3136/2947 2912/3101/2912 3165/3354/3165
f 3104/3293/3104 3103/3292/3103 3171/3360/3171
f 3183/3372/3183 3099/3288/3099 3184/3373/3184
f 3099/3288/3099 3165/3354/3165 3166/3355/3166
f 2951/3140/2951 2916/3105/2916 2950/3139/2950
f 2951/3140/2951 2950/3139/2950 1283/3037/1283
f 2952/3141/2952 2950/3139/2950 2916/3105/2916
f 3007/3196/3007 2951/3140/2951 1284/3038/1284
f 2951/3140/2951 2949/3138/2949 3098/3287/3098
f 2953/3142/2953 2916/3105/2916 2896/3085/2896
f 2954/3143/2954 2952/3141/2952 2917/3106/2917
f 2973/3162/2973 2974/3163/2974 2972/3161/2972
f 2917/3106/2917 2952/3141/2952 2953/3142/2953
f 2917/3106/2917 2955/3144/2955 2956/3145/2956
f 1280/3034/1280 1281/3035/1281 2954/3143/2954
f 2965/3154/2965 2968/3157/2968 2921/3110/2921
f 2965/3154/2965 2966/3155/2966 2968/3157/2968
f 2917/3106/2917 2956/3145/2956 2954/3143/2954
f 1279/3033/1279 2956/3145/2956 2955/3144/2955
f 2957/3146/2957 2864/3053/2864 3009/3198/3009
f 2957/3146/2957 2918/3107/2918 3105/3294/3105
f 2958/3147/2958 3009/3198/3009 2961/3150/2961
f 2958/3147/2958 2919/3108/2919 3102/3291/3102
f 3101/3290/3101 3012/3201/3012 3105/3294/3105
f 2960/3149/2960 2861/3050/2861 2862/3051/2862
f 2957/3146/2957 3105/3294/3105 2959/3148/2959
f 2960/3149/2960 3104/3293/3104 2880/3069/2880
f 3019/3208/3019 2866/3055/2866 2867/3056/2867
f 2958/3147/2958 2961/3150/2961 2919/3108/2919
f 2919/3108/2919 2961/3150/2961 2962/3151/2962
f 2961/3150/2961 2866/3055/2866 3019/3208/3019
f 3020/3209/3020 2868/3057/2868 2869/3058/2869
f 2962/3151/2962 2963/3152/2963 2920/3109/2920
f 3021/3210/3021 2869/3058/2869 2870/3059/2870
f 3111/3300/3111 3114/3303/3114 3021/3210/3021
f 2966/3155/2966 2965/3154/2965 1278/3032/1278
f 2921/3110/2921 2967/3156/2967 2969/3158/2969
f 1279/3033/1279 2966/3155/2966 1278/3032/1278
f 2966/3155/2966 2955/3144/2955 2968/3157/2968
f 2968/3157/2968 3127/3316/3127 2921/3110/2921
f 3023/3212/3023 2967/3156/2967 3125/3314/3125
f 2917/3106/2917 2970/3159/2970 2955/3144/2955
f 2968/3157/2968 2955/3144/2955 2970/3159/2970
f 2921/3110/2921 2969/3158/2969 2965/3154/2965
f 2969/3158/2969 2967/3156/2967 3023/3212/3023
f 2973/3162/2973 2917/3106/2917 2974/3163/2974
f 2899/3088/2899 3024/3213/3024 3127/3316/3127
f 2970/3159/2970 2976/3165/2976 2968/3157/2968
f 2970/3159/2970 2917/3106/2917 2973/3162/2973
f 3149/3338/3149 3151/3340/3151 2883/3072/2883
f 3152/3341/3152 2972/3161/2972 3148/3337/3148
f 2974/3163/2974 2917/3106/2917 2953/3142/2953
f 2973/3162/2973 2972/3161/2972 2975/3164/2975
f 2953/3142/2953 2896/3085/2896 2974/3163/2974
f 3153/3342/3153 2974/3163/2974 2896/3085/2896
f 3145/3334/3145 3152/3341/3152 3151/3340/3151
f 2971/3160/2971 2975/3164/2975 2978/3167/2978
f 2968/3157/2968 2976/3165/2976 2971/3160/2971
f 2973/3162/2973 2976/3165/2976 2970/3159/2970
f 2883/3072/2883 3150/3339/3150 3149/3338/3149
f 3115/3304/3115 3016/3205/3016 2920/3109/2920
f 2975/3164/2975 2979/3168/2979 2978/3167/2978
f 2978/3167/2978 2979/3168/2979 2980/3169/2980
f 2972/3161/2972 2979/3168/2979 2975/3164/2975
f 2979/3168/2979 2977/3166/2977 2980/3169/2980
f 3179/3368/3179 3143/3332/3143 3079/3268/3079
f 3078/3267/3078 3180/3369/3180 3176/3365/3176
f 2871/3060/2871 2872/3061/2872 3029/3218/3029
f 3111/3300/3111 3021/3210/3021 2981/3170/2981
f 2982/3171/2982 2873/3062/2873 3030/3219/3030
f 2982/3171/2982 2923/3112/2923 3129/3318/3129
f 3130/3319/3130 3027/3216/3027 3129/3318/3129
f 3026/3215/3026 3029/3218/3029 2981/3170/2981
f 2996/3185/2996 2874/3063/2874 2875/3064/2875
f 3031/3220/3031 2900/3089/2900 3130/3319/3130
f 3032/3221/3032 669/3022/669 668/3023/668
f 2987/3176/2987 2985/3174/2985 2925/3114/2925
f 2992/3181/2992 667/3024/667 666/3025/666
f 3040/3229/3040 3046/3235/3046 2926/3115/2926
f 2925/3114/2925 3004/3193/3004 3005/3194/3005
f 2936/3125/2936 2941/3130/2941 2989/3178/2989
f 3032/3221/3032 2985/3174/2985 669/3022/669
f 3048/3237/3048 2988/3177/2988 2986/3175/2986
f 670/3021/670 2989/3178/2989 671/3020/671
f 2936/3125/2936 2989/3178/2989 2987/3176/2987
f 2991/3180/2991 665/3026/665 664/3027/664
f 2990/3179/2990 2926/3115/2926 2992/3181/2992
f 3034/3223/3034 664/3027/664 663/3028/663
f 2991/3180/2991 3034/3223/3034 3037/3226/3037
f 3040/3229/3040 3044/3233/3044 3046/3235/3046
f 3033/3222/3033 2986/3175/2986 3032/3221/3032
f 3023/3212/3023 662/3029/662 1276/3030/1276
f 3037/3226/3037 2993/3182/2993 3036/3225/3036
f 2995/3184/2995 2994/3183/2994 2930/3119/2930
f 2984/3173/2984 3030/3219/3030 2996/3185/2996
f 3163/3352/3163 2903/3092/2903 3086/3275/3086
f 3004/3193/3004 3142/3331/3142 3162/3351/3162
f 3087/3276/3087 2996/3185/2996 2994/3183/2994
f 3088/3277/3088 2996/3185/2996 3087/3276/3087
f 2934/3123/2934 2997/3186/2997 2887/3076/2887
f 2997/3186/2997 2932/3121/2932 3095/3284/3095
f 2999/3188/2999 2906/3095/2906 2945/3134/2945
f 2997/3186/2997 2998/3187/2998 2932/3121/2932
f 2998/3187/2998 2999/3188/2999 3164/3353/3164
f 2999/3188/2999 2998/3187/2998 2906/3095/2906
f 3000/3189/3000 2888/3077/2888 2942/3131/2942
f 2937/3126/2937 2938/3127/2938 3000/3189/3000
f 2940/3129/2940 3002/3191/3002 3003/3192/3003
f 3162/3351/3162 3002/3191/3002 3004/3193/3004
f 2936/3125/2936 2987/3176/2987 3005/3194/3005
f 3004/3193/3004 3052/3241/3052 3142/3331/3142
f 2940/3129/2940 3003/3192/3003 2904/3093/2904
f 3085/3274/3085 3001/3190/3001 3161/3350/3161
f 3052/3241/3052 3004/3193/3004 2925/3114/2925
f 2901/3090/2901 3069/3258/3069 3072/3261/3072
f 2925/3114/2925 3005/3194/3005 2987/3176/2987
f 3002/3191/3002 3005/3194/3005 3004/3193/3004
f 3170/3359/3170 3006/3195/3006 2881/3070/2881
f 2912/3101/2912 3006/3195/3006 2948/3137/2948
f 2947/3136/2947 3007/3196/3007 1285/3039/1285
f 2951/3140/2951 3007/3196/3007 2949/3138/2949
f 2947/3136/2947 3165/3354/3165 2949/3138/2949
f 3153/3342/3153 3155/3344/3155 3148/3337/3148
f 2961/3150/2961 3009/3198/3009 2865/3054/2865
f 2957/3146/2957 3009/3198/3009 2958/3147/2958
f 3018/3207/3018 2919/3108/2919 3017/3206/3017
f 3018/3207/3018 3010/3199/3010 3102/3291/3102
f 2957/3146/2957 3011/3200/3011 2863/3052/2863
f 2960/3149/2960 3011/3200/3011 2959/3148/2959
f 3169/3358/3169 3012/3201/3012 2897/3086/2897
f 2913/3102/2913 3014/3203/3014 2892/3081/2892
f 2959/3148/2959 3103/3292/3103 2960/3149/2960
f 3108/3297/3108 3103/3292/3103 3012/3201/3012
f 3015/3204/3015 2857/3047/2857 2856/3048/2856
f 2892/3081/2892 3014/3203/3014 3013/3202/3013
f 3013/3202/3013 3015/3204/3015 2880/3069/2880
f 2857/3047/2857 3015/3204/3015 3014/3203/3014
f 2920/3109/2920 3174/3363/3174 3115/3304/3115
f 3017/3206/3017 3016/3205/3016 2898/3087/2898
f 3017/3206/3017 2898/3087/2898 3018/3207/3018
f 2962/3151/2962 3017/3206/3017 2919/3108/2919
f 2898/3087/2898 3121/3310/3121 3157/3346/3157
f 3189/3378/3189 3010/3199/3010 3156/3345/3156
f 2963/3152/2963 3019/3208/3019 2867/3056/2867
f 2961/3150/2961 3019/3208/3019 2962/3151/2962
f 3021/3210/3021 3020/3209/3020 2869/3058/2869
f 2963/3152/2963 3020/3209/3020 2964/3153/2964
f 3026/3215/3026 3021/3210/3021 2870/3059/2870
f 3111/3300/3111 2981/3170/2981 2922/3111/2922
f 3075/3264/3075 3083/3272/3083 3056/3245/3056
f 3118/3307/3118 3117/3306/3117 3120/3309/3120
f 2967/3156/2967 3122/3311/3122 3125/3314/3125
f 2993/3182/2993 662/3029/662 3023/3212/3023
f 3181/3370/3181 3124/3313/3124 3190/3379/3190
f 3123/3312/3123 3125/3314/3125 3122/3311/3122
f 3051/3240/3051 3053/3242/3053 3073/3262/3073
f 2899/3088/2899 2980/3169/2980 3128/3317/3128
f 3026/3215/3026 2871/3060/2871 3029/3218/3029
f 3021/3210/3021 3026/3215/3026 2981/3170/2981
f 2900/3089/2900 3060/3249/3060 3062/3251/3062
f 2981/3170/2981 3028/3217/3028 2922/3111/2922
f 3129/3318/3129 3028/3217/3028 2983/3172/2983
f 3076/3265/3076 3028/3217/3028 3027/3216/3027
f 2982/3171/2982 3029/3218/3029 2872/3061/2872
f 3029/3218/3029 2983/3172/2983 2981/3170/2981
f 2996/3185/2996 3030/3219/3030 2874/3063/2874
f 2982/3171/2982 3030/3219/3030 2984/3173/2984
f 3031/3220/3031 3131/3320/3131 3088/3277/3088
f 3137/3326/3137 3093/3282/3093 3139/3328/3139
f 3033/3222/3033 3032/3221/3032 668/3023/668
f 2988/3177/2988 3032/3221/3032 2986/3175/2986
f 667/3024/667 2992/3181/2992 3033/3222/3033
f 2992/3181/2992 3046/3235/3046 3047/3236/3047
f 663/3028/663 3035/3224/3035 3034/3223/3034
f 3126/3315/3126 3132/3321/3132 2993/3182/2993
f 662/3029/662 3035/3224/3035 663/3028/663
f 2993/3182/2993 3034/3223/3034 3035/3224/3035
f 3040/3229/3040 3039/3228/3039 2902/3091/2902
f 3038/3227/3038 2926/3115/2926 2991/3180/2991
f 2993/3182/2993 3037/3226/3037 3034/3223/3034
f 3037/3226/3037 3036/3225/3036 3038/3227/3038
f 3039/3228/3039 3038/3227/3038 3036/3225/3036
f 3040/3229/3040 3038/3227/3038 3039/3228/3039
f 3132/3321/3132 3045/3234/3045 3036/3225/3036
f 3080/3269/3080 3081/3270/3081 3064/3253/3064
f 2902/3091/2902 3044/3233/3044 3040/3229/3040
f 2926/3115/2926 3038/3227/3038 3040/3229/3040
f 3043/3232/3043 3039/3228/3039 3045/3234/3045
f 3084/3273/3084 3078/3267/3078 3064/3253/3064
f 3052/3241/3052 3049/3238/3049 2901/3090/2901
f 2925/3114/2925 2988/3177/2988 3048/3237/3048
f 3039/3228/3039 3036/3225/3036 3045/3234/3045
f 3049/3238/3049 3042/3231/3042 3050/3239/3050
f 3044/3233/3044 2902/3091/2902 3050/3239/3050
f 3046/3235/3046 3044/3233/3044 3042/3231/3042
f 3123/3312/3123 3178/3367/3178 3160/3349/3160
f 3043/3232/3043 3045/3234/3045 3158/3347/3158
f 3046/3235/3046 3042/3231/3042 3047/3236/3047
f 2926/3115/2926 3046/3235/3046 2992/3181/2992
f 3047/3236/3047 3042/3231/3042 3048/3237/3048
f 3033/3222/3033 3047/3236/3047 2986/3175/2986
f 3049/3238/3049 3048/3237/3048 3042/3231/3042
f 3052/3241/3052 3048/3237/3048 3049/3238/3049
f 3050/3239/3050 3042/3231/3042 3044/3233/3044
f 3043/3232/3043 3051/3240/3051 2902/3091/2902
f 3041/3230/3041 3051/3240/3051 3043/3232/3043
f 2902/3091/2902 3051/3240/3051 3050/3239/3050
f 3053/3242/3053 3041/3230/3041 3080/3269/3080
f 3051/3240/3051 3041/3230/3041 3053/3242/3053
f 2901/3090/2901 3072/3261/3072 3142/3331/3142
f 2925/3114/2925 3048/3237/3048 3052/3241/3052
f 3058/3247/3058 3054/3243/3054 3055/3244/3055
f 3051/3240/3051 3073/3262/3073 3066/3255/3066
f 3138/3327/3138 3031/3220/3031 2924/3113/2924
f 3049/3238/3049 3066/3255/3066 3067/3256/3067
f 3059/3248/3059 3058/3247/3058 3055/3244/3055
f 3055/3244/3055 3054/3243/3054 3065/3254/3065
f 3063/3252/3063 3059/3248/3059 2885/3074/2885
f 3062/3251/3062 3027/3216/3027 2900/3089/2900
f 3065/3254/3065 3070/3259/3070 3057/3246/3057
f 3050/3239/3050 3066/3255/3066 3049/3238/3049
f 3059/3248/3059 3055/3244/3055 2885/3074/2885
f 3060/3249/3060 3058/3247/3058 3056/3245/3056
f 3078/3267/3078 3063/3252/3063 3064/3253/3064
f 3056/3245/3056 3058/3247/3058 3059/3248/3059
f 3060/3249/3060 3056/3245/3056 3062/3251/3062
f 3060/3249/3060 2900/3089/2900 3134/3323/3134
f 3180/3369/3180 3078/3267/3078 3025/3214/3025
f 3077/3266/3077 3172/3361/3172 3076/3265/3076
f 3063/3252/3063 3061/3250/3061 3075/3264/3075
f 3028/3217/3028 3076/3265/3076 2922/3111/2922
f 3063/3252/3063 2885/3074/2885 3064/3253/3064
f 3177/3366/3177 3061/3250/3061 3176/3365/3176
f 3080/3269/3080 2885/3074/2885 3053/3242/3053
f 3158/3347/3158 3080/3269/3080 3041/3230/3041
f 3070/3259/3070 3065/3254/3065 3054/3243/3054
f 3065/3254/3065 3057/3246/3057 3073/3262/3073
f 3051/3240/3051 3066/3255/3066 3050/3239/3050
f 3067/3256/3067 3066/3255/3066 3057/3246/3057
f 3069/3258/3069 3057/3246/3057 3070/3259/3070
f 3049/3238/3049 3067/3256/3067 2901/3090/2901
f 3134/3323/3134 3182/3371/3182 3060/3249/3060
f 3086/3275/3086 3092/3281/3092 3141/3330/3141
f 3057/3246/3057 3069/3258/3069 3067/3256/3067
f 3068/3257/3068 3071/3260/3071 3072/3261/3072
f 3182/3371/3182 3135/3324/3135 3070/3259/3070
f 3069/3258/3069 3070/3259/3070 3068/3257/3068
f 3092/3281/3092 3082/3271/3082 3094/3283/3094
f 3161/3350/3161 3003/3192/3003 3002/3191/3002
f 3068/3257/3068 3072/3261/3072 3069/3258/3069
f 3162/3351/3162 3142/3331/3142 3072/3261/3072
f 3073/3262/3073 3053/3242/3053 3055/3244/3055
f 3066/3255/3066 3073/3262/3073 3057/3246/3057
f 3177/3366/3177 3176/3365/3176 3119/3308/3119
f 3173/3362/3173 3112/3301/3112 3172/3361/3172
f 3083/3272/3083 3074/3263/3074 3077/3266/3077
f 3059/3248/3059 3075/3264/3075 3056/3245/3056
f 3027/3216/3027 3062/3251/3062 3076/3265/3076
f 3077/3266/3077 3076/3265/3076 3062/3251/3062
f 3083/3272/3083 3062/3251/3062 3056/3245/3056
f 3173/3362/3173 3172/3361/3172 3074/3263/3074
f 3128/3317/3128 3179/3368/3179 3180/3369/3180
f 3063/3252/3063 3078/3267/3078 3061/3250/3061
f 3143/3332/3143 2980/3169/2980 2977/3166/2977
f 3079/3268/3079 3143/3332/3143 3146/3335/3146
f 3080/3269/3080 3158/3347/3158 3081/3270/3081
f 2885/3074/2885 3080/3269/3080 3064/3253/3064
f 3045/3234/3045 3132/3321/3132 3159/3348/3159
f 3078/3267/3078 3084/3273/3084 3025/3214/3025
f 3071/3260/3071 3068/3257/3068 3139/3328/3139
f 3091/3280/3091 3092/3281/3092 3086/3275/3086
f 3074/3263/3074 3083/3272/3083 3075/3264/3075
f 3062/3251/3062 3083/3272/3083 3077/3266/3077
f 3064/3253/3064 3081/3270/3081 3084/3273/3084
f 3159/3348/3159 3081/3270/3081 3158/3347/3158
f 3161/3350/3161 3001/3190/3001 3003/3192/3003
f 3085/3274/3085 3082/3271/3082 3092/3281/3092
f 3091/3280/3091 2903/3092/2903 3090/3279/3090
f 3092/3281/3092 3091/3280/3091 2886/3075/2886
f 2994/3183/2994 2995/3184/2995 3087/3276/3087
f 2924/3113/2924 3087/3276/3087 2995/3184/2995
f 3031/3220/3031 3088/3277/3088 2924/3113/2924
f 2984/3173/2984 2996/3185/2996 3088/3277/3088
f 3001/3190/3001 3089/3278/3089 2938/3127/2938
f 3091/3280/3091 3090/3279/3090 2886/3075/2886
f 2903/3092/2903 3095/3284/3095 3090/3279/3090
f 3164/3353/3164 2932/3121/2932 2998/3187/2998
f 2886/3075/2886 3085/3274/3085 3092/3281/3092
f 2903/3092/2903 3091/3280/3091 3086/3275/3086
f 3071/3260/3071 3093/3282/3093 3094/3283/3094
f 3141/3330/3141 3094/3283/3094 3093/3282/3093
f 3135/3324/3135 3137/3326/3137 3139/3328/3139
f 3138/3327/3138 3140/3329/3140 3137/3326/3137
f 3071/3260/3071 3094/3283/3094 3082/3271/3082
f 3093/3282/3093 3140/3329/3140 3141/3330/3141
f 2931/3120/2931 3095/3284/3095 2903/3092/2903
f 3164/3353/3164 3095/3284/3095 2932/3121/2932
f 3089/3278/3089 3096/3285/3096 2938/3127/2938
f 2945/3134/2945 3096/3285/3096 2999/3188/2999
f 3098/3287/3098 3097/3286/3097 2951/3140/2951
f 3097/3286/3097 3008/3197/3008 3193/3382/3193
f 3098/3287/3098 2949/3138/2949 3165/3354/3165
f 3097/3286/3097 3098/3287/3098 3008/3197/3008
f 3166/3355/3166 2948/3137/2948 3167/3356/3167
f 3193/3382/3193 3183/3372/3183 3154/3343/3154
f 3102/3291/3102 3100/3289/3100 2958/3147/2958
f 3010/3199/3010 3189/3378/3189 3101/3290/3101
f 3012/3201/3012 3101/3290/3101 2897/3086/2897
f 2918/3107/2918 3100/3289/3100 3101/3290/3101
f 3018/3207/3018 3102/3291/3102 2919/3108/2919
f 3100/3289/3100 3102/3291/3102 3010/3199/3010
f 3012/3201/3012 3169/3358/3169 3108/3297/3108
f 3103/3292/3103 3108/3297/3108 3171/3360/3171
f 2880/3069/2880 3104/3293/3104 3013/3202/3013
f 2960/3149/2960 3103/3292/3103 3104/3293/3104
f 3101/3290/3101 3105/3294/3105 2918/3107/2918
f 3103/3292/3103 3105/3294/3105 3012/3201/3012
f 3168/3357/3168 3167/3356/3167 3106/3295/3106
f 2881/3070/2881 3107/3296/3107 3170/3359/3170
f 2914/3103/2914 2892/3081/2892 3107/3296/3107
f 3171/3360/3171 2892/3081/2892 3013/3202/3013
f 3106/3295/3106 3107/3296/3107 3108/3297/3108
f 3171/3360/3171 3108/3297/3108 3107/3296/3107
f 3115/3304/3115 3120/3309/3120 3121/3310/3121
f 3145/3334/3145 3149/3338/3149 3147/3336/3147
f 3156/3345/3156 3157/3346/3157 3150/3339/3150
f 3186/3375/3186 3187/3376/3187 3185/3374/3185
f 2922/3111/2922 3112/3301/3112 3111/3300/3111
f 3114/3303/3114 3112/3301/3112 3175/3364/3175
f 3112/3301/3112 2922/3111/2922 3172/3361/3172
f 3112/3301/3112 3022/3211/3022 3175/3364/3175
f 3021/3210/3021 3114/3303/3114 2964/3153/2964
f 3016/3205/3016 3115/3304/3115 2898/3087/2898
f 3112/3301/3112 3114/3303/3114 3111/3300/3111
f 3114/3303/3114 3113/3302/3113 3174/3363/3174
f 3113/3302/3113 3116/3305/3116 3115/3304/3115
f 3120/3309/3120 3116/3305/3116 3118/3307/3118
f 3175/3364/3175 3116/3305/3116 3113/3302/3113
f 3116/3305/3116 3022/3211/3022 3118/3307/3118
f 3119/3308/3119 3146/3335/3146 3118/3307/3118
f 3117/3306/3117 3143/3332/3143 3144/3333/3144
f 3118/3307/3118 3022/3211/3022 3119/3308/3119
f 3147/3336/3147 3117/3306/3117 3144/3333/3144
f 3112/3301/3112 3173/3362/3173 3022/3211/3022
f 3061/3250/3061 3177/3366/3177 3075/3264/3075
f 3121/3310/3121 3120/3309/3120 3109/3298/3109
f 3116/3305/3116 3120/3309/3120 3115/3304/3115
f 3121/3310/3121 3109/3298/3109 3157/3346/3157
f 3115/3304/3115 3121/3310/3121 2898/3087/2898
f 3127/3316/3127 3122/3311/3122 2921/3110/2921
f 3123/3312/3123 3122/3311/3122 3024/3213/3024
f 3190/3379/3190 2899/3088/2899 3128/3317/3128
f 3126/3315/3126 3125/3314/3125 3123/3312/3123
f 3081/3270/3081 3124/3313/3124 3084/3273/3084
f 3178/3367/3178 3123/3312/3123 3024/3213/3024
f 3126/3315/3126 3123/3312/3123 2927/3116/2927
f 2993/3182/2993 3023/3212/3023 3125/3314/3125
f 3126/3315/3126 2927/3116/2927 3132/3321/3132
f 2993/3182/2993 3125/3314/3125 3126/3315/3126
f 2899/3088/2899 3127/3316/3127 2971/3160/2971
f 3122/3311/3122 3127/3316/3127 3024/3213/3024
f 3179/3368/3179 3128/3317/3128 2980/3169/2980
f 3128/3317/3128 3180/3369/3180 3181/3370/3181
f 3130/3319/3130 3129/3318/3129 2923/3112/2923
f 3028/3217/3028 3129/3318/3129 3027/3216/3027
f 3130/3319/3130 2923/3112/2923 3131/3320/3131
f 2900/3089/2900 3027/3216/3027 3130/3319/3130
f 3088/3277/3088 3131/3320/3131 2984/3173/2984
f 3130/3319/3130 3131/3320/3131 3031/3220/3031
f 3132/3321/3132 3036/3225/3036 2993/3182/2993
f 3159/3348/3159 3132/3321/3132 2927/3116/2927
f 3136/3325/3136 3031/3220/3031 3138/3327/3138
f 3070/3259/3070 3135/3324/3135 3068/3257/3068
f 3136/3325/3136 2900/3089/2900 3031/3220/3031
f 3133/3322/3133 3135/3324/3135 3182/3371/3182
f 3182/3371/3182 3070/3259/3070 3054/3243/3054
f 3135/3324/3135 3133/3322/3133 3137/3326/3137
f 3133/3322/3133 3134/3323/3134 3136/3325/3136
f 2900/3089/2900 3136/3325/3136 3134/3323/3134
f 3138/3327/3138 3137/3326/3137 3133/3322/3133
f 3140/3329/3140 2924/3113/2924 2995/3184/2995
f 3138/3327/3138 2924/3113/2924 3140/3329/3140
f 3133/3322/3133 3136/3325/3136 3138/3327/3138
f 3071/3260/3071 3139/3328/3139 3093/3282/3093
f 3135/3324/3135 3139/3328/3139 3068/3257/3068
f 2995/3184/2995 3163/3352/3163 3141/3330/3141
f 3093/3282/3093 3137/3326/3137 3140/3329/3140
f 3094/3283/3094 3141/3330/3141 3092/3281/3092
f 2995/3184/2995 3141/3330/3141 3140/3329/3140
f 2901/3090/2901 3142/3331/3142 3052/3241/3052
f 3162/3351/3162 3072/3261/3072 3071/3260/3071
f 3144/3333/3144 3143/3332/3143 2977/3166/2977
f 3146/3335/3146 3119/3308/3119 3176/3365/3176
f 3145/3334/3145 3144/3333/3144 2977/3166/2977
f 3120/3309/3120 3147/3336/3147 3109/3298/3109
f 2977/3166/2977 2979/3168/2979 3152/3341/3152
f 3145/3334/3145 3151/3340/3151 3149/3338/3149
f 3143/3332/3143 3117/3306/3117 3146/3335/3146
f 3118/3307/3118 3146/3335/3146 3117/3306/3117
f 3117/3306/3117 3147/3336/3147 3120/3309/3120
f 3145/3334/3145 3147/3336/3147 3144/3333/3144
f 3153/3342/3153 2972/3161/2972 2974/3163/2974
f 3155/3344/3155 2896/3085/2896 3193/3382/3193
f 3185/3374/3185 3110/3299/3110 3186/3375/3186
f 3147/3336/3147 3149/3338/3149 3109/3298/3109
f 3156/3345/3156 3150/3339/3150 3110/3299/3110
f 3109/3298/3109 3149/3338/3149 3150/3339/3150
f 3152/3341/3152 3145/3334/3145 2977/3166/2977
f 3148/3337/3148 3155/3344/3155 3192/3381/3192
f 2972/3161/2972 3152/3341/3152 2979/3168/2979
f 3151/3340/3151 3152/3341/3152 3148/3337/3148
f 2896/3085/2896 3097/3286/3097 3193/3382/3193
f 2972/3161/2972 3153/3342/3153 3148/3337/3148
f 3008/3197/3008 3099/3288/3099 3183/3372/3183
f 2883/3072/2883 3192/3381/3192 3187/3376/3187
f 2896/3085/2896 3155/3344/3155 3153/3342/3153
f 3187/3376/3187 3192/3381/3192 3154/3343/3154
f 3156/3345/3156 3110/3299/3110 3189/3378/3189
f 3157/3346/3157 3156/3345/3156 3018/3207/3018
f 3157/3346/3157 3018/3207/3018 2898/3087/2898
f 3109/3298/3109 3150/3339/3150 3157/3346/3157
f 3043/3232/3043 3158/3347/3158 3041/3230/3041
f 3159/3348/3159 3158/3347/3158 3045/3234/3045
f 3160/3349/3160 2927/3116/2927 3123/3312/3123
f 3124/3313/3124 3081/3270/3081 3159/3348/3159
f 3124/3313/3124 3159/3348/3159 3160/3349/3160
f 2927/3116/2927 3160/3349/3160 3159/3348/3159
f 3071/3260/3071 3082/3271/3082 3161/3350/3161
f 3085/3274/3085 3161/3350/3161 3082/3271/3082
f 3071/3260/3071 3161/3350/3161 3162/3351/3162
f 3002/3191/3002 3162/3351/3162 3161/3350/3161
f 2903/3092/2903 3163/3352/3163 2930/3119/2930
f 3141/3330/3141 3163/3352/3163 3086/3275/3086
f 3089/3278/3089 3164/3353/3164 2999/3188/2999
f 3095/3284/3095 3164/3353/3164 3090/3279/3090
f 3166/3355/3166 3165/3354/3165 2912/3101/2912
f 3098/3287/3098 3165/3354/3165 3099/3288/3099
f 2912/3101/2912 2948/3137/2948 3166/3355/3166
f 2948/3137/2948 3170/3359/3170 3167/3356/3167
f 3169/3358/3169 3168/3357/3168 3106/3295/3106
f 3166/3355/3166 3167/3356/3167 3184/3373/3184
f 2897/3086/2897 3188/3377/3188 3168/3357/3168
f 3186/3375/3186 3110/3299/3110 3150/3339/3150
f 3168/3357/3168 3169/3358/3169 2897/3086/2897
f 3108/3297/3108 3169/3358/3169 3106/3295/3106
f 3167/3356/3167 3170/3359/3170 3106/3295/3106
f 3170/3359/3170 2948/3137/2948 3006/3195/3006
f 2892/3081/2892 3171/3360/3171 3107/3296/3107
f 3104/3293/3104 3171/3360/3171 3013/3202/3013
f 3076/3265/3076 3172/3361/3172 2922/3111/2922
f 3074/3263/3074 3172/3361/3172 3077/3266/3077
f 3177/3366/3177 3173/3362/3173 3074/3263/3074
f 3119/3308/3119 3022/3211/3022 3173/3362/3173
f 2963/3152/2963 3174/3363/3174 2920/3109/2920
f 3114/3303/3114 3174/3363/3174 2964/3153/2964
f 3116/3305/3116 3175/3364/3175 3022/3211/3022
f 3114/3303/3114 3175/3364/3175 3113/3302/3113
f 3078/3267/3078 3176/3365/3176 3061/3250/3061
f 3146/3335/3146 3176/3365/3176 3079/3268/3079
f 3173/3362/3173 3177/3366/3177 3119/3308/3119
f 3075/3264/3075 3177/3366/3177 3074/3263/3074
f 3190/3379/3190 3024/3213/3024 2899/3088/2899
f 3160/3349/3160 3178/3367/3178 3124/3313/3124
f 3143/3332/3143 3179/3368/3179 2980/3169/2980
f 3180/3369/3180 3179/3368/3179 3079/3268/3079
f 3180/3369/3180 3079/3268/3079 3176/3365/3176
f 3181/3370/3181 3180/3369/3180 3025/3214/3025
f 3084/3273/3084 3181/3370/3181 3025/3214/3025
f 3190/3379/3190 3124/3313/3124 3178/3367/3178
f 3182/3371/3182 3054/3243/3054 3058/3247/3058
f 3133/3322/3133 3182/3371/3182 3134/3323/3134
f 3099/3288/3099 3166/3355/3166 3184/3373/3184
f 3188/3377/3188 3185/3374/3185 3191/3380/3191
f 3167/3356/3167 3168/3357/3168 3184/3373/3184
f 3191/3380/3191 3184/3373/3184 3168/3357/3168
f 3154/3343/3154 3183/3372/3183 3185/3374/3185
f 3183/3372/3183 3184/3373/3184 3191/3380/3191
f 3150/3339/3150 2883/3072/2883 3186/3375/3186
f 3187/3376/3187 3186/3375/3186 2883/3072/2883
f 2883/3072/2883 3151/3340/3151 3192/3381/3192
f 3185/3374/3185 3187/3376/3187 3154/3343/3154
f 2897/3086/2897 3101/3290/3101 3189/3378/3189
f 3185/3374/3185 3188/3377/3188 3110/3299/3110
f 3110/3299/3110 3188/3377/3188 3189/3378/3189
f 2897/3086/2897 3189/3378/3189 3188/3377/3188
f 3181/3370/3181 3190/3379/3190 3128/3317/3128
f 3024/3213/3024 3190/3379/3190 3178/3367/3178
f 3188/3377/3188 3191/3380/3191 3168/3357/3168
f 3183/3372/3183 3191/3380/3191 3185/3374/3185
f 3148/3337/3148 3192/3381/3192 3151/3340/3151
f 3154/3343/3154 3192/3381/3192 3155/3344/3155
f 3183/3372/3183 3193/3382/3193 3008/3197/3008
f 3155/3344/3155 3193/3382/3193 3154/3343/3154
